질문,지문,답,제목,분할
고려가 대장경을 새기려고 세운 관청은 어디에 있었어?,"합천 해인사 대장경판은 고려 시대에 불교 경전을 나무판에 새긴 것으로, 흔히 팔만대장경이라 부른다. 몽골군이 고려를 거듭 침략하자 조정은 부처의 힘에 기대어 나라를 지키려는 뜻으로 이 사업을 벌였다. 1236년 강화도에 대장도감을 설치해 새기기 시작했고, 1251년까지 16년 동안 작업이 이어졌다. 현재 남은 판은 일제강점기에 새로 만든 36판을 포함해 모두 81,352장이다.
경판 한 장의 길이는 68~78센티미터, 폭은 약 24센티미터, 두께는 2.7~3.5센티미터 정도이고, 무게는 보통 3~3.5킬로그램이며 무거운 것은 4.4킬로그램에 이른다. 재료로는 주로 산벚나무와 돌배나무를 썼다. 경판은 경상남도 합천군 가야면에 있는 해인사의 장경판전에 보관되어 있다. 1962년 12월 20일 국보 제32호로 지정되었고, 2007년 유네스코 세계기록유산으로 등재되었다.",강화도,합천 해인사 대장경판,test
국립중앙박물관 건물은 길이가 몇 미터나 돼?,"국립중앙박물관은 서울 용산구에 있는 대한민국의 대표 국립 박물관이다. 광복 뒤인 1945년 12월 3일 조선총독부박물관을 넘겨받아 국립박물관으로 문을 열었고, 1972년 7월 19일 지금의 이름으로 새로 출발했다. 그동안 자리를 여러 번 옮겨, 1955년부터 1968년까지는 덕수궁 석조전에, 1972년부터 1986년까지는 경복궁 안 건물에, 1986년부터 1995년까지는 옛 조선총독부 청사에 있었다. 청사 철거가 결정된 뒤 경복궁의 다른 건물로 임시로 옮겼다가, 2005년 10월 28일 용산의 옛 미군기지 반환 부지에 새로 지은 건물에서 개관했다. 이 건물은 길이 404미터, 가장 높은 곳이 43.08미터이며, 전시 공간은 3개 층에 6개 관, 50개 실로 나뉜다. 2024년 기준 소장품은 약 43만 8천 점이고, 2023년 한 해 동안 418만 명이 다녀갔다. 반가사유상, 경천사지 십층석탑, 인왕제색도, 월인석보 등이 대표 소장품으로 꼽힌다.",404미터,국립중앙박물관,train
쇼트트랙 트랙 한 바퀴 길이는 몇 미터야?,"쇼트트랙 스피드스케이팅은 짧은 타원형 트랙에서 여러 선수가 한꺼번에 출발해 들어오는 순서로 순위를 가리는 빙상 종목이다. 한 바퀴의 길이는 111.12미터이며, 가로 60미터, 세로 30미터 규격의 링크 안에 트랙을 그린다. 기록을 겨루는 400미터 트랙의 스피드스케이팅과 달리 순위를 다투기 때문에 자리싸움과 추월 작전이 승부를 가르고, 몸싸움이 잦은 만큼 반칙에 따른 실격도 흔하다. 곡선 구간이 많아 키가 큰 선수가 특별히 유리하지 않다는 평을 듣는다. 올림픽에는 1988년 캘거리 대회에서 시범 종목으로 처음 등장했고, 1992년 알베르빌 대회에서 정식 종목이 되었다. 현재 올림픽에서는 남녀 개인 500미터, 1000미터, 1500미터와 여자 3000미터 계주, 남자 5000미터 계주, 그리고 남녀가 함께 뛰는 2000미터 혼성 계주가 치러진다. 한국 선수들은 곡선에서 안쪽으로, 직선에서 바깥쪽으로 크게 도는 호리병 모양의 주법으로 잘 알려져 있다.",111.12미터,쇼트트랙 스피드스케이팅,train
장 담그기는 한국의 몇 번째 유네스코 인류무형유산인가요?,"장 담그기는 콩을 발효시켜 된장, 간장, 고추장 같은 짠맛의 양념을 만들고 보관하는 한국의 음식 문화이다. 먼저 콩을 삶아 찧은 뒤 네모나게 뭉쳐 말리고 띄워 메주를 만든다. 잘 뜬 메주를 소금물에 담가 두면 발효가 진행되고, 일정 기간이 지나 메주를 건져 내는 장 가르기를 하면 건더기는 된장으로, 남은 물은 간장으로 따로 숙성시킨다. 한 번의 과정으로 된장과 간장 두 가지를 함께 얻는다는 점, 그리고 몇 해 묵은 간장에 새로 담근 장을 더해 맛을 이어 가는 방식이 다른 나라의 콩 발효 양념과 구별되는 특징으로 꼽힌다. 장은 흔히 집 뒤뜰이나 마당의 장독대에 항아리째 두고 볕과 바람을 쐬어 익힌다. 기술과 지식은 주로 집안의 여성들 사이에서 말과 손으로 전해져 왔다. 장 담그기는 2018년 12월 27일 국가무형문화재 제137호로 지정되었는데, 특정 보유자나 단체 없이 종목만 지정되었다. 2024년 12월에는 파라과이 아순시온에서 열린 제19차 무형유산 정부간위원회에서 한국의 23번째 유네스코 인류무형유산으로 등재되었다.",23번째,장 담그기,train
나일강 범람을 멈추게 한 댐이 완공된 해,"나일강은 아프리카 북동부를 흘러 지중해로 들어가는 강으로, 길이가 약 6,650킬로미터에 이르러 흔히 세계에서 가장 긴 강으로 꼽힌다. 크게 두 줄기로 이루어져 있는데, 백나일은 우간다·케냐·탄자니아에 걸친 빅토리아호에서, 청나일은 에티오피아의 타나호에서 시작한다. 두 줄기는 수단의 수도 하르툼에서 만나 하나의 강이 된다.
강은 이집트, 수단, 남수단, 에티오피아, 우간다, 케냐, 탄자니아, 르완다, 콩고 민주 공화국 등 여러 나라를 적시며, 유역 면적은 약 340만 제곱킬로미터이다. 하류의 이집트에서는 강이 부채꼴로 갈라지며 기름진 삼각주를 이룬다. 해마다 여름이면 에티오피아 고원에 내린 비로 강물이 불어나 넘쳤는데, 이 범람이 실어 온 흙 덕분에 고대 이집트 문명이 꽃필 수 있었다. 1970년 이집트 남부에 아스완 하이 댐이 완공되면서 범람은 거의 사라졌고, 댐 뒤로는 거대한 인공 호수인 나세르호가 생겼다.",1970년,나일강,train
인슐린을 분비하는 세포 이름,"인슐린은 이자(췌장)의 랑게르한스섬에 있는 베타 세포에서 만들어지는 호르몬으로, 혈액 속 포도당의 양을 낮추는 일을 한다. 이 호르몬이 모자라거나 제대로 작용하지 못하면 당뇨병이 생긴다. 1921년 캐나다 토론토 대학교의 프레더릭 밴팅과 찰스 베스트가 개의 이자에서 인슐린을 뽑아내는 데 성공했다. 이듬해인 1922년에는 14세 소년 레너드 톰프슨이 인슐린 주사를 맞은 첫 환자가 되었고, 그의 병세는 눈에 띄게 나아졌다.
1923년 노벨 생리의학상은 밴팅과 연구실 책임자였던 존 매클라우드에게 돌아갔다. 소의 인슐린은 아미노산 21개로 된 A 사슬과 30개로 된 B 사슬로 이루어져 있다. 1955년 영국의 프레더릭 생어는 인슐린을 이루는 아미노산의 순서를 밝혀, 단백질의 아미노산 서열을 처음으로 모두 알아냈다. 오늘날에는 유전자 재조합 기술로 사람 인슐린을 대량으로 만들어 당뇨병 치료에 쓰고 있다.",베타 세포,인슐린,train
별똥별이 불타 사라지는 대기층은 어디야?,"지구를 감싸고 있는 공기층을 대기라고 한다. 대기는 생물이 숨 쉬는 데 필요한 기체를 품고, 우주에서 오는 해로운 빛을 걸러 내며, 낮과 밤의 기온 차를 줄여 준다. 대기는 높이에 따라 기온이 달라지는 방식을 기준으로 여러 층으로 나뉜다.
## 대기의 성분과 무게
마른 공기를 이루는 기체는 부피로 따져 질소가 78.084퍼센트, 산소가 20.946퍼센트, 아르곤이 0.934퍼센트이다. 나머지 아주 적은 부분을 이산화탄소와 네온, 헬륨 같은 기체가 채운다. 공기에도 무게가 있어서, 해수면에서 대기가 누르는 평균 압력은 1013.25헥토파스칼이며 이를 1기압이라 한다. 공기는 아래쪽에 몰려 있어 대기 전체 질량의 절반은 높이 5.6킬로미터 아래에, 90퍼센트는 16킬로미터 아래에 있다.
## 대기가 하는 일
대기 속의 수증기, 이산화탄소, 메테인, 오존 같은 기체는 땅에서 빠져나가는 열의 일부를 붙잡아 지표를 따뜻하게 유지하는데, 이를 온실 효과라 한다. 온실 기체 가운데 온실 효과에 가장 크게 기여하는 것은 수증기이고 그다음이 이산화탄소이다. 만약 대기가 없다면 지표는 낮에 햇빛을 받아 크게 달아오르고, 해가 진 밤에는 열이 모두 빠져나가 영하 100도 아래로 떨어질 것으로 여겨진다.
## 대기의 역사
지구의 대기가 처음부터 지금과 같았던 것은 아니다. 산소가 늘어나기 전의 옛 대기는 주로 질소와 이산화탄소로 이루어져 있었고, 산소는 오늘날의 10만분의 1 수준에 불과했다. 약 24억 6천만 년 전부터 20억 6천만 년 전 사이에 광합성으로 산소를 내놓는 남세균이 번성하면서 대기 속 산소가 크게 늘었는데, 이를 대산화 사건이라 한다. 이때 바닷물에 녹아 있던 철이 산소와 만나 가라앉으면서 줄무늬 모양의 호상 철광층이 두껍게 쌓였다.
## 대류권
땅에 가장 가까운 층은 대류권이다. 두께는 위도에 따라 달라서 중위도에서는 약 11킬로미터, 열대 지방에서는 16~18킬로미터, 극지방에서는 10킬로미터가 채 안 된다. 대기 질량의 대부분이 이 층에 담겨 있다. 이 층에서는 높이 올라갈수록 기온이 떨어지는데, 1킬로미터마다 평균 6.4도 정도 낮아진다. 따뜻한 공기가 위로 오르고 찬 공기가 내려오는 대류가 활발하며, 수증기도 대부분 이 층에 있어 구름, 비, 눈 같은 날씨 변화가 거의 모두 여기서 일어난다. 대류권이라는 이름도 돌고 섞인다는 뜻의 그리스어에서 나왔다. 대류권의 맨 윗부분인 대류권계면의 기온은 중위도에서 영하 52도 안팎이고, 열대 지방에서는 영하 75도까지 내려간다.
## 성층권
대류권 위로 약 50킬로미터 높이까지는 성층권이 이어지며, 극지방에서는 8킬로미터 부근부터 시작되기도 한다. 높이 올라가도 기온이 더 내려가지 않는 이 층의 존재는 1902년 프랑스의 레옹 테스랑 드 보르와 독일의 리하르트 아스만이 기구 관측 결과를 발표하면서 처음 알려졌다. 성층권에서는 대류권과 반대로 높이 올라갈수록 기온이 오른다. 이 층에 모인 오존이 태양의 자외선을 흡수하면서 열을 내기 때문이다. 오존의 농도는 약 20~25킬로미터 높이에서 가장 높고, 성층권의 꼭대기에 이르면 기온이 약 270켈빈으로 지표와 비슷해진다. 위쪽이 따뜻하고 아래쪽이 찬 구조여서 공기가 위아래로 잘 섞이지 않고 안정되어 있다. 여객기는 흔히 대류권 윗부분에서 성층권 아래쪽에 걸친 9~12킬로미터 높이를 날아 날씨의 영향을 덜 받는다.
## 중간권
약 50킬로미터에서 80킬로미터 사이는 중간권이다. 이곳에서는 다시 높이 올라갈수록 기온이 떨어져, 중간권 윗부분은 영하 100도 안팎까지 내려가며 꼭대기인 중간권계면은 대기에서 가장 추운 곳이 된다. 우주에서 날아든 작은 돌 부스러기는 대부분 이 층에서 공기와 부딪혀 타 버리는데, 밤하늘의 별똥별이 바로 이것이다. 이렇게 지구로 들어오는 유성 물질은 한 해에 약 4만 톤에 이른다. 여름철 극지방에서는 이 높이에 야광운이라는 얇은 구름이 생기며, 뇌우 위쪽으로 붉은 스프라이트 같은 번개 방전이 솟구치기도 한다. 비행기가 오르기에는 너무 높고 인공위성이 돌기에는 너무 낮아서, 관측 로켓으로 몇 분 동안 잴 수 있을 뿐인 가장 조사하기 까다로운 층으로 꼽힌다.
## 열권과 외기권
중간권 위의 열권은 약 80킬로미터에서 시작해 500킬로미터가 넘는 높이까지 이어진다. 공기는 매우 희박하지만 태양에서 오는 강한 자외선과 X선을 흡수해, 기온이 태양 활동에 따라 섭씨 2,000도 가까이 오르기도 한다. 그래도 기체 입자가 워낙 적어서 물체에 전해지는 열은 아주 적다. 이 층에서는 기체가 이온으로 바뀌어 전리층이 만들어지고, 극지방의 밤하늘을 물들이는 오로라가 나타난다. 흔히 우주가 시작되는 경계로 보는 카르만 선은 높이 100킬로미터에 그어져 있으며, 국제 우주 정거장도 열권 안을 돌고 있다. 열권 위의 외기권은 태양 활동에 따라 높이 500~1,000킬로미터 부근에서 시작하며, 공기 입자가 우주 공간으로 조금씩 빠져나가는 대기의 가장 바깥층이다. 이곳의 기체는 대부분 가벼운 수소와 헬륨이고, 많은 인공위성이 이 높이에서 지구를 돈다. 외기권의 바깥 경계는 정하는 기준에 따라 1만 킬로미터 부근에서 그보다 훨씬 먼 곳까지로 다르게 본다. 지구를 넓게 감싼 수소는 우주에서 보면 희미한 빛의 띠로 나타나는데, 이를 지오코로나라고 한다.",중간권,지구의 대기,test
2005년 개정 때에도 18세로 낮추자는 주장이 있었으나 협상 끝에 19세로 정해졌다,"선거권 연령은 선거에서 투표할 수 있는 최소 나이를 말한다. 대한민국의 선거권 연령은 1948년 정부 수립 당시 21세로 정해졌다. 1960년에 20세로 낮아졌고, 이후 오랫동안 유지되다가 2005년 공직선거법 개정으로 19세가 되었다. 2005년 개정 때에도 18세로 낮추자는 주장이 있었으나 협상 끝에 19세로 정해졌다. 이후 2019년 말 국회를 통과한 공직선거법 개정으로 선거권 연령은 만 18세로 다시 낮아졌고, 2020년 4월 15일에 치러진 제21대 국회의원 선거부터 적용되었다. 이로써 생일이 지난 고등학교 3학년 학생 가운데 일부도 투표에 참여할 수 있게 되었다. 2022년에는 국회의원과 지방 선거에 출마할 수 있는 피선거권 나이도 만 25세에서 만 18세로 낮아졌다. 선거권 연령을 만 18세로 두는 것은 경제협력개발기구 회원국 대부분과 같은 기준이다.",2005년,선거권 연령,train
하회탈은 어떤 나무를 깎아서 만드나요?,"하회별신굿탈놀이는 경상북도 안동시 풍천면 하회마을에서 마을 수호신에게 올리는 별신굿의 한 부분으로 행해진 탈놀이이다. 12세기 중엽 무렵부터 전해졌다고 보며, 예전에는 정초에 마을 사람들이 직접 탈을 쓰고 놀이판을 벌였다. 등장하는 탈은 주지, 각시, 중, 양반, 선비, 초랭이, 이매, 부네, 할미, 백정 등이며, 사자처럼 생긴 주지탈은 두 개가 한 쌍을 이룬다. 탈은 오리나무를 깎아 모양을 잡은 뒤 옻과 안료를 두세 겹 덧칠해 완성한다. 놀이는 주지 두 마리가 춤추는 장면으로 문을 열어 모두 아홉 마당으로 이어지며, 양반과 선비의 허세, 파계한 승려의 모습 등을 웃음거리로 삼아 꼬집는다. 이 놀이에 쓰이던 하회탈은 이웃 마을의 병산탈과 함께 국보로 지정되어 있다. 탈놀이 자체는 1980년 11월 17일 국가무형문화재 제69호가 되었고, 2022년에는 여러 지역의 탈놀이와 함께 '한국의 탈춤'이라는 이름으로 유네스코 인류무형유산에 등재되었다.",오리나무,하회별신굿탈놀이,train
선조가 피란해서 마지막으로 머문 곳은 어디였나요?,"임진왜란은 1592년부터 1598년까지 일본이 두 차례에 걸쳐 조선을 침략하면서 벌어진 전쟁이다. 1597년에 다시 시작된 두 번째 침략은 따로 정유재란이라 부르기도 한다. 일본을 통일한 도요토미 히데요시는 명나라를 치러 가는 길을 내 달라는 요구를 내세워 조선을 공격했고, 조선을 돕기 위해 명나라까지 뛰어들면서 동아시아 여러 나라가 얽힌 큰 전쟁이 되었다.
## 전쟁의 시작
1592년 음력 4월 13일, 양력으로는 5월 23일에 일본군이 부산 앞바다에 몰려와 상륙했다. 일본이 동원한 병력은 약 20만 명에 이르렀다. 일본군은 곧바로 부산진성과 동래성을 공격해 무너뜨렸는데, 부산진성을 지키던 첨사 정발과 동래성을 지키던 부사 송상현이 이 싸움에서 목숨을 잃었다. 일본군은 여러 갈래로 나뉘어 빠르게 북쪽으로 올라왔다.
## 한양과 평양의 함락
조정은 신립을 도순변사로 삼아 적을 막게 했다. 그러나 신립은 음력 4월 28일, 양력 6월 7일 충주 탄금대에서 고니시 유키나가가 이끄는 일본군에 크게 패하고 전사했으며, 조선군 상당수가 물러나다 강물에 빠져 목숨을 잃었다. 이 소식이 전해지자 선조는 도성을 떠나 북쪽으로 피란길에 올랐고, 결국 압록강 가의 의주까지 옮겨 갔다. 그 사이 한양과 평양이 차례로 일본군의 손에 들어갔다. 전쟁 초기 육지에서 조선군은 제대로 맞서지 못하고 밀려났다.
## 바다에서의 승리
육지의 사정과 달리 바다에서는 전라좌도 수군절도사 이순신이 이끄는 수군이 잇달아 승리를 거두었다. 조선 수군은 음력 5월 7일, 양력 6월 16일 거제의 옥포에서 일본 배 26척을 가라앉히며 전쟁의 첫 해전 승리를 올렸다. 이어 음력 7월 8일에는 한산도 앞바다에서 일본 수군의 주력과 맞섰다. 조선 수군에는 판옥선 위에 쇠못을 박은 덮개를 씌운 거북선도 있었는데, 이순신이 전쟁 직전에 완성한 이 배는 1592년 사천 해전에서 처음 실전에 나섰다. 한산도에서 이순신은 좁은 견내량에 머물던 적선을 넓은 바다로 끌어낸 뒤, 학이 날개를 펼친 듯 배를 둥글게 벌려 세우는 학익진으로 에워싸 크게 무찔렀다. 이 싸움에는 이억기와 원균의 함대도 함께해 조선 수군은 거북선을 포함해 56척에 이르렀고, 일본 쪽 지휘관은 와키자카 야스하루였다. 한산도 대첩 이후 일본군은 바닷길로 군량과 병력을 실어 나르려던 계획에 큰 차질을 빚었다.
## 육지의 반격과 의병
곳곳에서 백성과 선비들이 스스로 일어난 의병도 일본군을 괴롭혔다. 경상도의 곽재우, 충청도의 조헌, 전라도의 고경명 등이 이름난 의병장이다. 경상도 의령에서 가장 먼저 의병을 일으킨 곽재우는 붉은 옷을 입고 앞장서 싸워 홍의장군이라 불렸으며, 정암진에서 남강을 건너려던 일본군을 막아 곡창인 전라도로 가는 길을 지켰다. 1592년 음력 10월에는 진주 목사 김시민이 3,800명 남짓한 군사로 3만 명에 이르는 일본군을 막아 내 진주성을 지켰으나, 그 자신은 싸움 중에 입은 상처로 세상을 떠났다. 1593년 음력 2월 12일에는 전라도 순찰사 권율이 한강을 등진 낮은 산에 자리한 행주산성에서 일본군의 대군을 물리쳤다. 성안의 조선군은 화차와 비격진천뢰 같은 무기를 써 가며 일곱 차례에 걸친 총공격을 모두 막아 냈고, 일본군 장수 우키타 히데이에는 크게 다쳤다. 한산도, 진주성, 행주산성의 세 싸움은 흔히 임진왜란의 3대 대첩으로 꼽힌다.
## 명나라의 참전과 협상
조선의 요청을 받은 명나라는 첫 번째 침략 때 약 4만 8천 명의 군대를 보냈다. 1593년 음력 1월 명나라 장수 이여송이 이끄는 군대가 조선군과 함께 평양성을 되찾았다. 행주산성 싸움이 끝나고 두 달쯤 뒤 일본군은 한양에서 물러나 남쪽 해안으로 내려갔다. 이후 1594년부터 1596년까지 명과 일본 사이에 휴전 협상이 이어졌지만, 서로의 요구가 크게 달라 결국 결렬되었다.
## 정유재란과 전쟁의 끝
1597년 일본군이 다시 쳐들어오면서 정유재란이 시작되었다. 이 무렵 이순신은 모함을 받아 자리에서 물러나 있었고, 그 뒤를 이은 원균은 칠천량 해전에서 크게 져 조선 수군은 거의 무너졌다. 다시 삼도수군통제사가 된 이순신은 아직 전선 열두 척이 남아 있다며 싸울 뜻을 굽히지 않았다. 그는 음력 9월 16일 진도와 해남 사이의 좁은 물길인 울돌목에서 단 13척의 배로 130척이 넘는 일본 함대를 맞아, 한 척도 잃지 않고 적선 30척가량을 격파했다. 이것이 명량 해전이다. 1598년 도요토미 히데요시가 죽자 일본군은 철수를 시작했다. 조선과 명나라의 연합 수군은 음력 11월 19일, 양력으로 12월 16일 남해의 노량 앞바다에서 시마즈 요시히로가 이끌고 물러가던 일본 함대를 가로막았다. 명나라 수군을 이끈 장수는 진린이었다. 조명 연합 수군은 이 싸움에서 이겼지만 이순신은 적의 총탄을 맞고 전사했다. 노량 해전을 끝으로 7년에 걸친 전쟁은 막을 내렸다.
## 전쟁이 남긴 것
7년 동안 이어진 전쟁은 깊은 상처를 남겼다. 전쟁 전체에서 군인과 민간인을 합쳐 100만 명이 넘는 사람이 목숨을 잃은 것으로 추정되며, 5만~6만 명가량의 조선 사람이 일본으로 끌려갔다. 농사짓던 땅이 크게 줄어 나라 살림이 어려워졌고, 수많은 문화재가 불타거나 바다 건너로 옮겨졌다. 끌려간 사람들 가운데에는 도자기를 빚는 장인도 많았는데, 이들의 솜씨는 일본의 도자기 생산이 크게 발전하는 바탕이 되었다. 조선을 돕느라 막대한 은을 쏟아부은 명나라는 재정이 흔들렸고, 그 사이 만주에서는 여진이 세력을 키우면서 동아시아의 힘의 판도가 바뀌기 시작했다. 조선과 일본은 1609년 기유약조를 맺어 전쟁 뒤 끊겼던 교류를 다시 열었다.",의주,임진왜란,train
서울 올림픽에서 한국은 종합 순위 몇 위를 했나요?,"1988년 서울 올림픽은 그해 9월 17일부터 10월 2일까지 16일 동안 서울에서 열린 제24회 하계 올림픽이다. 개최지는 1981년 9월 30일 서독 바덴바덴에서 열린 국제올림픽위원회 총회에서 결정되었는데, 서울이 52표를 얻어 27표에 그친 일본 나고야를 눌렀다. 대회에는 160개국에서 선수 약 8,400명이 참가했다. 1980년 모스크바 대회와 1984년 로스앤젤레스 대회가 동서 진영의 잇따른 불참으로 반쪽 대회에 그쳤던 것과 달리, 서울 대회에는 소련과 동독을 비롯한 동서 양 진영의 나라들이 12년 만에 거의 모두 모였다. 마스코트는 상모를 쓴 아기 호랑이 호돌이였다. 탁구가 처음 정식 종목으로 채택되었고, 테니스는 1924년 이후 64년 만에 정식 종목으로 돌아왔으며, 태권도와 야구는 시범 종목으로 치러졌다. 주요 경기는 잠실의 서울올림픽주경기장을 중심으로 열렸다. 개최국 대한민국은 금메달 12개를 따내 종합 4위에 올랐다.",종합 4위,1988년 서울 올림픽,validation
고용보험 시행일은 언제야?,"고용보험은 일자리를 잃은 사람의 생활을 돕고, 실업을 예방하며 일하는 사람의 직업 능력을 키우기 위해 만든 대한민국의 사회 보험이다. 1993년 고용보험법이 제정되어 1995년 7월 1일부터 시행되었으며, 산재보험, 의료보험, 국민연금에 이어 네 번째로 도입된 사회 보험이다. 처음에는 근로자 30명 이상 사업장을 중심으로 적용되었으나, 외환위기로 실업자가 크게 늘어난 1998년에 근로자 1명 이상인 모든 사업장으로 대상이 넓어졌다. 사업은 크게 실직자에게 구직 기간의 생계비를 주는 실업급여, 고용 유지와 채용을 지원하는 고용안정 사업, 직업훈련을 돕는 직업능력개발 사업, 그리고 육아휴직급여 같은 모성 보호 급여로 이루어진다. 실업급여를 받으려면 일자리를 잃기 전 18개월 동안 보험에 가입한 기간이 180일 이상이어야 한다. 보험료는 근로자와 사업주가 함께 내고 정부도 일부를 지원한다. 2020년에는 예술인이, 2021년부터는 특수형태근로종사자가 차례로 고용보험에 들어왔다.",1995년 7월 1일,고용보험,train
탄소-14의 반감기는 몇 년이야?,"방사성 탄소 연대 측정은 생물의 유해에 남은 탄소-14의 양을 재어 그 생물이 죽은 뒤 얼마나 시간이 흘렀는지 알아내는 방법이다. 미국 시카고 대학교의 윌러드 리비와 동료들이 1949년에 개발했으며, 리비는 이 업적으로 1960년 노벨 화학상을 받았다. 대기 높은 곳에서는 우주선이 만들어 낸 중성자가 질소-14와 부딪혀 탄소-14가 끊임없이 생겨난다.
살아 있는 생물은 먹고 숨 쉬는 동안 이 탄소를 몸에 받아들이지만, 죽고 나면 더는 받아들이지 못하고 몸속 탄소-14는 일정한 속도로 줄어든다. 탄소-14의 반감기는 약 5,730년이어서, 남은 양을 재면 죽은 시점을 거꾸로 셈할 수 있다. 이 방법으로는 대략 6만 년 전까지의 연대를 잴 수 있으며, 나무나 뼈, 숯처럼 유기물이 든 유물에 쓰인다. 대기 속 탄소-14의 비율은 시대에 따라 조금씩 달랐기 때문에, 오래 산 나무의 나이테를 이용해 측정값을 보정한다. 가속기 질량 분석법을 쓰면 아주 적은 시료로도 정확하게 잴 수 있다.","약 5,730년",방사성 탄소 연대 측정,train
앙코르와트를 처음 바친 힌두교 신,"앙코르 와트는 캄보디아 시엠레아프주에 있는 거대한 사원으로, 12세기 크메르 제국의 왕 수리야바르만 2세 때 지어졌다. 수리야바르만 2세는 1113년부터 1150년 무렵까지 나라를 다스렸다. 처음에는 힌두교의 신 비슈누에게 바친 사원이었으나, 뒤에 불교 사원으로 쓰이게 되었다. 사원을 둘러싼 해자는 너비가 190미터, 둘레가 약 5킬로미터에 이른다.
가운데에 솟은 탑을 네 개의 탑이 둘러싸 모두 다섯 개의 탑이 중심부를 이루며, 가장 높은 중앙탑은 지면에서 약 65미터 높이이다. 대부분의 크메르 사원이 동쪽을 향하는 것과 달리 정문이 서쪽을 향하고 있다는 점이 특징이다. 벽과 기둥에는 천상의 무희인 압사라를 새긴 조각이 약 1,796점 남아 있다. 19세기 중반 프랑스의 박물학자 앙리 무오가 여행기를 통해 이 사원을 유럽에 널리 알렸다. 1992년 앙코르 유적의 일부로 유네스코 세계유산에 등재되었으며, 캄보디아 국기에도 이 사원의 모습이 그려져 있다.",비슈누,앙코르 와트,train
백나일과 청나일이 합쳐지는 도시는 어디인가요?,"나일강은 아프리카 북동부를 흘러 지중해로 들어가는 강으로, 길이가 약 6,650킬로미터에 이르러 흔히 세계에서 가장 긴 강으로 꼽힌다. 크게 두 줄기로 이루어져 있는데, 백나일은 우간다·케냐·탄자니아에 걸친 빅토리아호에서, 청나일은 에티오피아의 타나호에서 시작한다. 두 줄기는 수단의 수도 하르툼에서 만나 하나의 강이 된다.
강은 이집트, 수단, 남수단, 에티오피아, 우간다, 케냐, 탄자니아, 르완다, 콩고 민주 공화국 등 여러 나라를 적시며, 유역 면적은 약 340만 제곱킬로미터이다. 하류의 이집트에서는 강이 부채꼴로 갈라지며 기름진 삼각주를 이룬다. 해마다 여름이면 에티오피아 고원에 내린 비로 강물이 불어나 넘쳤는데, 이 범람이 실어 온 흙 덕분에 고대 이집트 문명이 꽃필 수 있었다. 1970년 이집트 남부에 아스완 하이 댐이 완공되면서 범람은 거의 사라졌고, 댐 뒤로는 거대한 인공 호수인 나세르호가 생겼다.",하르툼,나일강,train
멘델레예프가 에카규소라고 부른 원소는 실제로 무엇으로 밝혀졌어?,"주기율표는 화학 원소를 원자 번호 순서대로 늘어놓되, 성질이 비슷한 원소끼리 같은 세로줄에 오도록 배열한 표이다. 러시아의 화학자 드미트리 멘델레예프가 1869년 3월 6일 러시아 화학회에서 처음 발표했다. 당시에는 60여 개의 원소만 알려져 있었는데, 멘델레예프는 표의 빈칸에 들어갈 원소가 아직 발견되지 않았을 뿐이라고 보고 그 성질을 미리 내다봤다. 그가 에카알루미늄이라 부른 원소는 1875년 갈륨으로, 에카붕소는 1879년 스칸듐으로, 에카규소는 1886년 저마늄으로 실제 발견되어 예측이 들어맞았다.
오늘날 주기율표에는 118개의 원소가 실려 있으며, 이 가운데 94번까지는 지구 자연에서 발견되고 나머지 24개는 사람이 인공적으로 만들어 낸 원소이다. 세로줄인 족은 18개, 가로줄인 주기는 7개이다. 2016년 113번 니호늄, 115번 모스코븀, 117번 테네신, 118번 오가네손의 이름이 공식 승인되면서 제7주기의 이름이 모두 채워졌다. 원소 101번 멘델레븀은 멘델레예프의 이름을 딴 것이다.",저마늄,주기율표,train
수력 방적기를 만들어 특허를 받은 사람은 누구야?,"산업 혁명은 18세기 중엽 영국에서 시작되어, 기계와 새로운 동력이 사람과 가축의 힘을 대신하게 된 생산 방식의 큰 변화를 말한다. 그 영향은 이후 서유럽과 북아메리카로 퍼져 나가 사람들의 일하는 방식과 사는 곳, 사회의 모습까지 바꾸어 놓았다.
## 시기와 이름
산업 혁명의 시기는 보통 1760년 무렵부터 1820년에서 1840년 사이까지로 본다. 산업 혁명이라는 표현은 1844년 프리드리히 엥겔스가 사용했고, 영국의 경제사학자 아널드 토인비가 1884년 펴낸 강의록에서 이 말을 18세기 영국의 변화를 설명하는 용어로 굳혔다.
## 면직물 공업의 기계화
변화는 면직물을 만드는 공업에서 먼저 두드러졌다. 1764년에서 1765년 무렵 잉글랜드 랭커셔의 제임스 하그리브스는 한 사람이 여러 가닥의 실을 한꺼번에 뽑을 수 있는 제니 방적기를 만들었고, 1770년 특허를 받았다. 처음에는 가락이 8개였으나 개량을 거치며 120개까지 늘었다. 리처드 아크라이트는 물레바퀴의 힘으로 돌아가는 수력 방적기로 1769년 특허를 얻었고, 1771년 크롬퍼드에 이 기계를 들인 공장을 세웠다. 1779년 새뮤얼 크럼프턴은 두 기계의 장점을 합친 뮬 방적기를 내놓았다. 실을 뽑는 속도가 빨라지자 천을 짜는 일도 기계화가 필요해졌고, 1785년 에드먼드 카트라이트가 동력으로 움직이는 역직기의 특허를 받았다.
## 증기 기관의 발전
1712년 토머스 뉴커먼은 광산에 고인 물을 퍼내기 위한 증기 기관을 만들었다. 이 기관은 실린더 안의 증기를 식혀 생긴 빈 공간으로 대기압이 피스톤을 밀어 넣는 원리였으나 연료가 많이 들었다. 1736년 스코틀랜드의 그리녹에서 태어난 제임스 와트는 글래스고 대학교에서 과학 기구를 만들며 증기 기관을 연구했다. 그는 증기를 식히는 응축기를 실린더와 따로 떼어 낸 장치를 고안해 1769년 특허를 받았다. 이 개량으로 연료 소비가 뉴커먼 기관의 4분의 1 이하로 줄었다. 와트는 1775년 매슈 볼턴과 손잡고 증기 기관을 만들어 팔았으며, 1819년 세상을 떠났다. 일률의 단위인 와트는 그의 이름에서 나왔다. 증기의 힘은 바다에서도 쓰여, 미국의 로버트 풀턴은 증기선을 실용화했다.
## 석탄과 철
기계와 증기 기관, 철도를 만들려면 많은 철이 필요했다. 에이브러햄 다비는 잉글랜드 슈롭셔의 콜브룩데일에서 나무 숯 대신 석탄을 구워 만든 코크스로 철광석을 녹이는 용광로를 1709년 1월 10일 처음 가동했다. 숲의 나무에 기대지 않고도 철을 대량으로 생산할 길이 열리면서, 석탄과 철은 산업 혁명을 떠받치는 두 기둥이 되었다. 그의 손자 에이브러햄 다비 3세는 1777년 11월부터 1779년 7월까지 근처 세번강 위에 주철로 된 다리를 세웠다. 경간이 30.63미터인 이 다리는 주철로 만든 세계 첫 큰 다리로, 1781년 1월 1일 통행이 시작되었다. 다리가 있는 아이언브리지 협곡은 1986년 유네스코 세계유산으로 등재되었다.
## 철도의 시대
증기 기관을 바퀴 위에 올린 기관차는 교통을 크게 바꾸었다. 1781년 뉴캐슬 근처에서 태어난 조지 스티븐슨은 1814년 탄광에서 석탄을 끄는 자신의 첫 증기 기관차를 만들었다. 그의 기관차 로코모션 1호는 1825년 9월 27일 개통한 스톡턴-달링턴 철도를 달렸다. 약 40킬로미터 길이의 이 철도는 내륙의 탄광에서 해안으로 석탄을 실어 나르는 것이 주된 목적이었으며, 증기 기관차를 쓴 세계 최초의 공공 철도로 꼽힌다. 1829년 10월 열린 레인힐 시험에서는 스티븐슨 부자가 설계한 로켓호가 우승했다. 1830년 9월 15일에는 약 50킬로미터 길이의 리버풀-맨체스터 철도가 문을 열었는데, 이는 두 도시를 잇는 세계 첫 도시 간 철도였다. 개통식 날 리버풀 출신 하원 의원 윌리엄 허스키슨이 로켓호에 치여 숨지는 사고도 있었다. 스티븐슨이 쓴 1,435밀리미터의 궤간은 뒷날 여러 나라에서 표준 궤간이 되었다.
## 만국 박람회
1851년 5월 1일부터 10월 15일까지 런던 하이드 파크에서는 앨버트 공이 앞장선 만국 박람회가 열렸다. 조지프 팩스턴이 설계한 유리와 철골 건물인 수정궁에 영국과 여러 나라에서 보내온 약 1만 3천 점의 출품물이 전시되었고, 다섯 달 반 동안 600만 명이 넘는 사람이 이곳을 찾았다. 이 박람회는 산업 혁명이 이룬 기계와 기술을 세계에 드러내 보이는 자리가 되었다.
## 사회의 변화
공장에 기계를 모아 놓고 많은 노동자가 함께 일하는 공장제가 자리 잡으면서, 일자리를 찾아 농촌을 떠나 도시로 옮겨 가는 사람이 크게 늘었다. 도시는 빠르게 커졌지만 주거와 위생 환경은 나빠졌고, 어린이까지 긴 시간 공장에서 일하는 일이 흔했다. 이런 현실 속에서 노동 조건을 고치려는 운동과 새로운 사회사상이 나타났고, 노동자를 보호하는 법도 차례로 만들어졌다. 1802년 영국 의회는 로버트 필이 제안한 법으로 섬유 공장 도제의 노동 시간을 하루 12시간으로 제한하고 밤일을 금지했지만, 감독이 제대로 이루어지지 않았다. 1833년 공장법은 9세 미만 어린이를 섬유 공장에서 일하지 못하게 하고 18세 미만의 밤일을 막았으며, 전문 공장 감독관을 두어 법을 지키는지 살피게 했다. 1847년의 이른바 10시간 법은 여성과 18세 미만 노동자가 섬유 공장에서 일하는 시간을 사실상 하루 10시간으로 줄였다. 한편 공장을 가진 산업 자본가 계층의 힘이 커지면서 이들이 정치에도 목소리를 내기 시작했다.",리처드 아크라이트,산업 혁명,train
창백한 푸른 점 사진을 찍은 날은 언제인가요?,"보이저 1호는 미국 항공우주국(NASA)이 1977년 9월 5일 발사한 무인 우주 탐사선이다. 쌍둥이 탐사선인 보이저 2호는 이보다 앞선 같은 해 8월 20일에 먼저 발사되었다. 발사 당시 무게는 815킬로그램이었으며, 햇빛이 약한 먼 우주에서도 전기를 얻도록 플루토늄-238이 붕괴할 때 나오는 열을 이용하는 원자력 전지 세 개를 달았다.
보이저 1호는 1979년 3월 5일 목성에 약 34만 9천 킬로미터까지 다가갔고, 1980년 11월 12일에는 토성에 약 12만 4천 킬로미터까지 접근해 두 행성과 위성들의 모습을 보내왔다. 1990년 2월 14일에는 약 60억 킬로미터 떨어진 곳에서 뒤를 돌아 지구를 찍었는데, 먼지 같은 점 하나로 보이는 이 사진은 창백한 푸른 점이라는 이름으로 널리 알려졌다. 2012년 8월 25일에는 태양풍이 미치는 범위를 벗어나 성간 공간에 들어선 첫 인공 물체가 되었다. 탐사선에는 지구의 사진과 소리, 55개 언어로 된 인사말, 여러 나라의 음악을 담은 골든 레코드가 실려 있다. 보이저 1호는 지금도 지구에서 가장 멀리 떨어진 인공 물체이다.",1990년 2월 14일,보이저 1호,train
건양 뒤를 이은 연호는?,"조선은 1895년 을미개혁 때 그때까지 쓰던 달력인 시헌력을 버리고 태양력을 공식 역법으로 받아들였다. 시헌력은 달의 차고 기움과 태양의 움직임을 함께 따지는 태음태양력이었는데, 이를 서양에서 쓰던 그레고리력으로 바꾼 것이다. 이에 따라 음력 1895년 11월 17일을 양력 1896년 1월 1일로 삼아 날짜를 새로 셌다. 이와 함께 새 연호 건양을 정해, 양력을 쓰기 시작한 1896년을 건양 원년으로 삼았다. 건양이라는 이름에는 양력을 세운다는 뜻이 담겼다고 풀이된다. 이 해는 간지로 병신년에 해당한다. 건양 연호는 1896년 1월 1일부터 1897년 8월 16일까지 약 1년 8개월 동안 쓰였다. 1897년 8월 새 연호 광무를 쓰기 시작하면서 건양의 시대는 막을 내렸고, 그해 10월 고종은 나라 이름을 대한제국으로 고치고 황제로 즉위했다. 양력이 공식 역법이 된 뒤에도 민간에서는 명절과 농사일을 음력에 맞추는 전통이 오래 이어졌다.",광무,태양력 도입과 건양 연호,train
러더퍼드 밑에서 금박 실험을 한 두 사람,"어니스트 러더퍼드는 1871년 뉴질랜드에서 태어난 물리학자로, 원자 한가운데에 원자핵이 있다는 사실을 밝혀냈다. 그는 1898년 방사선에 투과력이 서로 다른 두 종류가 있음을 알아내고 이를 알파선과 베타선으로 나누었다. 방사성 원소가 붕괴하면서 다른 원소로 바뀐다는 연구로 1908년 노벨 화학상을 받았다.
1909년 그의 지도 아래 한스 가이거와 어니스트 마스든은 얇은 금박에 알파 입자를 쏘는 실험을 했다. 대부분의 입자는 금박을 그대로 뚫고 지나갔지만, 아주 드물게 크게 튕겨 나오는 입자가 있었다. 러더퍼드는 이 결과를 바탕으로 1911년 원자의 질량과 양전하가 아주 작은 중심부에 몰려 있다는 원자핵 모형을 내놓았다. 1919년에는 양성자를 발견했으며, 같은 해 영국 케임브리지 대학교 캐번디시 연구소의 소장이 되었다. 그는 1937년에 세상을 떠났고, 104번 원소 러더포듐은 그의 이름을 딴 것이다.",한스 가이거와 어니스트 마스든,러더퍼드와 원자핵,train
한국에서 서머타임을 마지막으로 시행한 해,"한국 표준시는 협정 세계시보다 9시간 빠른 UTC+9를 쓰며, 동경 135도 경선을 기준으로 한다. 이 경선은 한반도가 아닌 일본을 지나므로, 실제 태양이 가장 높이 뜨는 시각은 서울에서 낮 12시 30분 무렵이다. 한국에서 처음 표준시가 정해진 것은 1908년으로, 이때는 한반도 중앙을 지나는 동경 127.5도를 기준으로 한 UTC+8:30을 썼다. 일제 강점기인 1912년 일본과 같은 UTC+9로 바뀌었고, 광복 뒤인 1954년에 다시 UTC+8:30으로 돌아갔다가 1961년부터 지금의 UTC+9를 이어 쓰고 있다. 여름철에 시계를 한 시간 앞당기는 서머타임은 1987년과 1988년 서울 올림픽을 앞두고 시행되었으나 생활 리듬을 흐트러뜨린다는 지적 속에 그 뒤로는 쓰지 않는다. 표준 경선을 127.5도로 바꾸자는 법안이 여러 차례 나왔지만, 국제 표준과의 호환 등을 이유로 채택되지 않았다. 북한은 2015년부터 2018년까지 UTC+8:30인 평양시를 따로 썼다가 다시 UTC+9로 돌아왔다.",1988년,한국 표준시,train
종의 기원 초판은 몇 부 찍었어?,"『종의 기원』은 영국의 박물학자 찰스 다윈이 1859년 11월 24일 펴낸 책으로, 자연 선택에 의한 진화를 체계적으로 설명했다. 정식 제목은 『자연 선택에 의한 종의 기원, 또는 생존 경쟁에서 유리한 품종의 보존에 관하여』이다. 초판은 1,500부를 찍었는데 출간 첫날 모두 팔려 나갔다. 책의 요지는 환경에 더 잘 맞는 변이를 지닌 개체일수록 살아남아 자손을 남기기 쉽고, 이런 과정이 오랜 세월 쌓이면 새로운 종이 생겨난다는 것이다.
다윈은 1831년부터 1836년까지 영국 해군의 측량선 비글호를 타고 세계를 돌며 동식물과 화석, 지층을 관찰했다. 특히 갈라파고스 제도에서 섬마다 조금씩 다른 생물을 본 경험은 그의 생각에 큰 영향을 주었다. 비슷한 결론에 이른 앨프리드 러셀 월리스와 다윈의 논문은 책이 나오기 한 해 전인 1858년 함께 발표되었다. 다윈은 살아 있는 동안 여섯 판까지 책을 고쳐 냈으며, 1872년에 나온 제6판이 그가 마지막으로 손본 판이다.","1,500부",종의 기원,train
인천 아시안 게임은 몇 번째 대회였나요?,"아시안 게임은 아시아 나라들이 4년마다 모여 여러 종목을 겨루는 종합 스포츠 대회이다. 아시아올림픽평의회가 국제올림픽위원회의 감독 아래 대회를 주관한다. 1982년 아시아올림픽평의회가 생기기 전까지는 아시안게임연맹이 대회를 이끌었다. 제1회 대회는 1951년 인도 뉴델리에서 열렸고, 11개국이 참가했다. 대한민국은 전쟁 중이던 탓에 첫 대회에만 나가지 못했고 그 뒤로는 빠짐없이 출전했다. 한국에서는 지금까지 세 번 대회가 열렸는데, 1986년 제10회 서울 대회, 2002년 제14회 부산 대회, 2014년 제17회 인천 대회가 그것이다. 원래 2022년 중국 항저우에서 열릴 예정이던 제19회 대회는 코로나19 유행 때문에 1년 미뤄져 2023년에 치러졌다. 올림픽과 마찬가지로 1위부터 3위까지 금, 은, 동메달을 주며, 올림픽에는 없는 아시아 지역의 전통 종목이 함께 치러지기도 한다.",제17회,아시안 게임,train
성층권 오존 농도가 최대인 높이,"지구를 감싸고 있는 공기층을 대기라고 한다. 대기는 생물이 숨 쉬는 데 필요한 기체를 품고, 우주에서 오는 해로운 빛을 걸러 내며, 낮과 밤의 기온 차를 줄여 준다. 대기는 높이에 따라 기온이 달라지는 방식을 기준으로 여러 층으로 나뉜다.
## 대기의 성분과 무게
마른 공기를 이루는 기체는 부피로 따져 질소가 78.084퍼센트, 산소가 20.946퍼센트, 아르곤이 0.934퍼센트이다. 나머지 아주 적은 부분을 이산화탄소와 네온, 헬륨 같은 기체가 채운다. 공기에도 무게가 있어서, 해수면에서 대기가 누르는 평균 압력은 1013.25헥토파스칼이며 이를 1기압이라 한다. 공기는 아래쪽에 몰려 있어 대기 전체 질량의 절반은 높이 5.6킬로미터 아래에, 90퍼센트는 16킬로미터 아래에 있다.
## 대기가 하는 일
대기 속의 수증기, 이산화탄소, 메테인, 오존 같은 기체는 땅에서 빠져나가는 열의 일부를 붙잡아 지표를 따뜻하게 유지하는데, 이를 온실 효과라 한다. 온실 기체 가운데 온실 효과에 가장 크게 기여하는 것은 수증기이고 그다음이 이산화탄소이다. 만약 대기가 없다면 지표는 낮에 햇빛을 받아 크게 달아오르고, 해가 진 밤에는 열이 모두 빠져나가 영하 100도 아래로 떨어질 것으로 여겨진다.
## 대기의 역사
지구의 대기가 처음부터 지금과 같았던 것은 아니다. 산소가 늘어나기 전의 옛 대기는 주로 질소와 이산화탄소로 이루어져 있었고, 산소는 오늘날의 10만분의 1 수준에 불과했다. 약 24억 6천만 년 전부터 20억 6천만 년 전 사이에 광합성으로 산소를 내놓는 남세균이 번성하면서 대기 속 산소가 크게 늘었는데, 이를 대산화 사건이라 한다. 이때 바닷물에 녹아 있던 철이 산소와 만나 가라앉으면서 줄무늬 모양의 호상 철광층이 두껍게 쌓였다.
## 대류권
땅에 가장 가까운 층은 대류권이다. 두께는 위도에 따라 달라서 중위도에서는 약 11킬로미터, 열대 지방에서는 16~18킬로미터, 극지방에서는 10킬로미터가 채 안 된다. 대기 질량의 대부분이 이 층에 담겨 있다. 이 층에서는 높이 올라갈수록 기온이 떨어지는데, 1킬로미터마다 평균 6.4도 정도 낮아진다. 따뜻한 공기가 위로 오르고 찬 공기가 내려오는 대류가 활발하며, 수증기도 대부분 이 층에 있어 구름, 비, 눈 같은 날씨 변화가 거의 모두 여기서 일어난다. 대류권이라는 이름도 돌고 섞인다는 뜻의 그리스어에서 나왔다. 대류권의 맨 윗부분인 대류권계면의 기온은 중위도에서 영하 52도 안팎이고, 열대 지방에서는 영하 75도까지 내려간다.
## 성층권
대류권 위로 약 50킬로미터 높이까지는 성층권이 이어지며, 극지방에서는 8킬로미터 부근부터 시작되기도 한다. 높이 올라가도 기온이 더 내려가지 않는 이 층의 존재는 1902년 프랑스의 레옹 테스랑 드 보르와 독일의 리하르트 아스만이 기구 관측 결과를 발표하면서 처음 알려졌다. 성층권에서는 대류권과 반대로 높이 올라갈수록 기온이 오른다. 이 층에 모인 오존이 태양의 자외선을 흡수하면서 열을 내기 때문이다. 오존의 농도는 약 20~25킬로미터 높이에서 가장 높고, 성층권의 꼭대기에 이르면 기온이 약 270켈빈으로 지표와 비슷해진다. 위쪽이 따뜻하고 아래쪽이 찬 구조여서 공기가 위아래로 잘 섞이지 않고 안정되어 있다. 여객기는 흔히 대류권 윗부분에서 성층권 아래쪽에 걸친 9~12킬로미터 높이를 날아 날씨의 영향을 덜 받는다.
## 중간권
약 50킬로미터에서 80킬로미터 사이는 중간권이다. 이곳에서는 다시 높이 올라갈수록 기온이 떨어져, 중간권 윗부분은 영하 100도 안팎까지 내려가며 꼭대기인 중간권계면은 대기에서 가장 추운 곳이 된다. 우주에서 날아든 작은 돌 부스러기는 대부분 이 층에서 공기와 부딪혀 타 버리는데, 밤하늘의 별똥별이 바로 이것이다. 이렇게 지구로 들어오는 유성 물질은 한 해에 약 4만 톤에 이른다. 여름철 극지방에서는 이 높이에 야광운이라는 얇은 구름이 생기며, 뇌우 위쪽으로 붉은 스프라이트 같은 번개 방전이 솟구치기도 한다. 비행기가 오르기에는 너무 높고 인공위성이 돌기에는 너무 낮아서, 관측 로켓으로 몇 분 동안 잴 수 있을 뿐인 가장 조사하기 까다로운 층으로 꼽힌다.
## 열권과 외기권
중간권 위의 열권은 약 80킬로미터에서 시작해 500킬로미터가 넘는 높이까지 이어진다. 공기는 매우 희박하지만 태양에서 오는 강한 자외선과 X선을 흡수해, 기온이 태양 활동에 따라 섭씨 2,000도 가까이 오르기도 한다. 그래도 기체 입자가 워낙 적어서 물체에 전해지는 열은 아주 적다. 이 층에서는 기체가 이온으로 바뀌어 전리층이 만들어지고, 극지방의 밤하늘을 물들이는 오로라가 나타난다. 흔히 우주가 시작되는 경계로 보는 카르만 선은 높이 100킬로미터에 그어져 있으며, 국제 우주 정거장도 열권 안을 돌고 있다. 열권 위의 외기권은 태양 활동에 따라 높이 500~1,000킬로미터 부근에서 시작하며, 공기 입자가 우주 공간으로 조금씩 빠져나가는 대기의 가장 바깥층이다. 이곳의 기체는 대부분 가벼운 수소와 헬륨이고, 많은 인공위성이 이 높이에서 지구를 돈다. 외기권의 바깥 경계는 정하는 기준에 따라 1만 킬로미터 부근에서 그보다 훨씬 먼 곳까지로 다르게 본다. 지구를 넓게 감싼 수소는 우주에서 보면 희미한 빛의 띠로 나타나는데, 이를 지오코로나라고 한다.",약 20~25킬로미터,지구의 대기,train
이 글에서 설명한 리그에 외국인 선수 제도가 생긴 연도는?,"KBO 리그는 한국야구위원회가 운영하는 대한민국의 프로 야구 리그이다. 1981년 12월 11일 출범 계획이 공표되었고, 이듬해인 1982년 여섯 개 구단으로 첫 시즌을 치렀다. 이후 구단이 차례로 늘어 지금은 열 개 구단이 참가한다. 정규 시즌에는 팀마다 144경기씩, 리그 전체로는 720경기를 치른다. 정규 시즌이 끝나면 상위 다섯 팀이 가을 야구에 나서는데, 4위와 5위가 먼저 와일드카드 결정전을 벌이고, 그 승자가 3위와 준플레이오프를, 다시 그 승자가 2위와 플레이오프를 치른 뒤, 마지막 승자가 정규 시즌 1위와 한국시리즈에서 우승을 다툰다. 외국인 선수 제도는 1998년에 도입되어, 구단마다 정해진 인원 안에서 외국인 선수를 영입해 경기에 내보낸다. 2024년 정규 시즌에는 관중 1,002만 758명이 경기장을 찾아 리그 사상 처음으로 한 시즌 관중 천만 명을 넘어섰다.",1998년,KBO 리그,validation
1930년 첫 월드컵에는 몇 나라가 참가했어?,"FIFA 월드컵은 국제축구연맹이 주관하여 4년마다 여는 남자 축구 국가 대항전으로, 단일 종목 대회로는 세계에서 가장 많은 관심을 받는 대회 가운데 하나이다. 나라마다 지역 예선을 거쳐 본선 진출권을 얻은 대표팀이 개최국에 모여 약 한 달 동안 우승을 다툰다.

## 대회의 시작
국제축구연맹은 1904년 파리에서 창설되었으며, 지금 본부는 스위스 취리히에 있다. 축구는 이미 올림픽 종목이었지만, 프로 선수의 출전 문제 등으로 축구만의 세계 대회를 따로 열자는 움직임이 커졌다. 그 결과 1930년 남아메리카의 우루과이에서 첫 월드컵이 열렸다. 우루과이는 1924년과 1928년 올림픽 축구에서 잇달아 우승한 강팀이었고, 1930년은 이 나라의 첫 헌법이 만들어진 지 100년이 되는 해이기도 했다. 유럽에서 배로 몇 주가 걸리는 먼 길이었던 탓에 첫 대회에는 13개 나라만 참가했으며, 개최국 우루과이가 초대 우승을 차지했다. 이후 대회는 4년 주기로 이어졌지만, 제2차 세계 대전의 영향으로 1942년과 1946년 대회는 열리지 못했다.

## 대회 방식과 규모
본선에 나서는 팀 수는 시대에 따라 늘어났다. 1978년 대회까지는 대체로 16개 팀이 본선에 올랐고, 1982년 스페인 대회에서 24개 팀으로, 1998년 프랑스 대회에서 32개 팀으로 늘었다. 본선은 먼저 몇 개 팀씩 조를 나누어 서로 한 번씩 맞붙는 조별 리그를 치르고, 여기서 살아남은 팀들이 한 번 지면 탈락하는 토너먼트로 우승팀을 가린다. 2026년 대회는 미국, 캐나다, 멕시코 세 나라가 함께 열면서 본선 참가국을 48개 팀으로, 전체 경기 수를 104경기로 크게 늘렸다. 대회는 보통 북반구의 여름인 6월과 7월에 열리지만, 한여름 더위가 심한 카타르에서 열린 2022년 대회는 처음으로 11월과 12월에 치러졌다. 이 대회는 중동 지역에서 열린 첫 월드컵이기도 했다.

## 우승 트로피
첫 대회부터 쓰인 트로피는 승리의 여신을 본뜬 모양이었다. 브라질이 1970년 대회에서 세 번째 우승을 차지하면서 이 트로피를 영구히 갖게 되었으나, 1983년 브라질에서 도난당한 뒤 끝내 되찾지 못했다. 지금의 트로피는 1974년 서독 대회부터 쓰였다. 18캐럿 금으로 만들었고 무게는 6.175킬로그램이며, 두 사람이 나선을 그리며 솟아올라 지구를 떠받치는 모습을 하고 있다. 받침 부분에는 역대 우승국의 이름이 새겨진다. 대회가 끝나면 가장 뛰어난 활약을 한 선수에게 골든볼을, 가장 많은 골을 넣은 선수에게 골든부트를 준다. 대회를 상징하는 마스코트는 1966년 잉글랜드 대회에서 처음 등장했다. 새 트로피는 어느 나라도 영구히 가질 수 없도록 정해져 있어, 우승국은 시상식이 끝나면 진품을 돌려주고 복제품을 받는다.

## 역대 우승국
2022년 대회까지 월드컵 우승을 맛본 나라는 모두 여덟 곳이다. 브라질이 1958년, 1962년, 1970년, 1994년, 2002년에 우승해 다섯 번으로 가장 많고, 독일과 이탈리아가 네 번씩, 아르헨티나가 세 번, 프랑스와 우루과이가 두 번씩 정상에 올랐다. 잉글랜드는 자국에서 열린 1966년 대회에서, 스페인은 2010년 남아프리카공화국 대회에서 한 번씩 우승했다. 이 시기까지의 우승국은 모두 유럽과 남아메리카의 나라였다. 아르헨티나는 2022년 카타르 대회 결승에서 프랑스를 승부차기 끝에 꺾고 세 번째 정상에 올랐다.

## 2002년 한일 월드컵
2002년 대회는 대한민국과 일본이 함께 열었다. 두 나라가 공동으로 개최한 첫 월드컵이자 아시아에서 열린 첫 월드컵이었다. 대회는 5월 31일 서울에서 열린 개막전으로 시작해 6월 30일 일본 요코하마에서 열린 결승전으로 막을 내렸다. 한국 대표팀은 조별 리그 첫 경기에서 폴란드를 꺾고 월드컵 본선 역사상 첫 승리를 거두었고, 이후 토너먼트에서도 승리를 이어 가며 4위에 올라 역대 최고 성적을 냈다. 경기가 열리는 날마다 거리와 광장에 많은 사람이 모여 함께 응원하는 모습이 화제가 되었다. 이 대회의 우승은 브라질이 차지했는데, 브라질에게는 다섯 번째 우승이었다.

## 한국과 월드컵
한국이 처음 월드컵 본선에 나간 것은 1954년 스위스 대회였다. 그 뒤 한동안 본선에 오르지 못하다가, 1986년 멕시코 대회부터 2022년 카타르 대회까지 열 번 연속으로 본선 무대를 밟았다. 2002년에 안방에서 4위에 오른 데 이어, 2010년 남아프리카공화국 대회에서는 처음으로 원정 월드컵 16강에 진출했다. 2002년 대회 때는 한국과 일본이 각각 10개씩, 모두 20개 경기장에서 64경기를 나누어 치렀다.

## 심판 기술의 발전
월드컵은 새로운 판정 기술을 선보이는 무대이기도 하다. 공이 골라인을 완전히 넘었는지를 기계로 판독하는 골라인 판독 기술은 2014년 브라질 대회에서 처음 쓰였다. 2018년 러시아 대회에서는 경기장 밖의 심판이 영상을 다시 보며 주심의 판정을 돕는 비디오 보조 심판이 처음 도입되어, 득점과 퇴장, 페널티킥처럼 승부를 가르는 장면을 영상으로 다시 확인하게 되었다.

## 여자 월드컵
국제축구연맹은 1991년 중국에서 첫 여자 월드컵을 열었다. 여자 대회도 남자 대회처럼 4년마다 열리며, 2023년 오스트레일리아와 뉴질랜드가 공동 개최한 대회까지 미국이 네 번 우승해 가장 많은 우승 기록을 가지고 있다. 2023년 대회에서는 스페인이 처음으로 정상에 올랐다.",13개 나라,FIFA 월드컵,train
투르 드 프랑스 첫 대회 연도,"투르 드 프랑스는 해마다 7월에 약 3주 동안 프랑스 곳곳을 달리는 프로 도로 사이클 대회이다. 1903년 한 스포츠 신문의 편집장 앙리 데그랑주가 경쟁 신문의 자전거 대회에 맞서 신문 판매를 늘리려는 목적으로 처음 열었다. 대회는 20여 개의 구간으로 이루어지며, 전체 거리는 해마다 달라 대략 3,000킬로미터에서 4,000킬로미터에 이른다. 종합 우승자는 모든 구간의 기록을 더한 시간이 가장 짧은 선수이다. 구간마다 종합 선두는 노란색 저지를, 구간 순위에 따른 점수 부문 선두는 초록색 저지를, 산악 구간 성적이 가장 좋은 선수는 흰 바탕에 빨간 물방울무늬 저지를 입는다. 1975년부터는 파리 샹젤리제 거리에서 마지막 구간을 마무리하고 있다. 두 차례 세계 대전 기간을 빼고는 거의 해마다 열렸다. 이탈리아의 지로 디탈리아, 스페인의 부엘타 아 에스파냐와 함께 3대 그랜드 투어로 불린다.",1903년,투르 드 프랑스,validation
국제우주정거장의 첫 번째 모듈 이름,"국제 우주 정거장(ISS)은 여러 나라가 함께 지구 저궤도에 만들어 운영하는 유인 우주 시설이다. 미국 항공우주국(NASA), 러시아 연방 우주국, 유럽 우주국(ESA), 일본 우주항공연구개발기구(JAXA), 캐나다 우주국(CSA) 등 다섯 기관이 참여한다. 첫 모듈인 자랴가 1998년 11월 20일 발사되면서 조립이 시작되었고, 2000년 11월 첫 장기 체류 승무원이 도착한 뒤로 사람이 끊이지 않고 머물고 있다.
정거장은 지상 약 340~430킬로미터 높이에서 시속 약 2만 7,700킬로미터로 날아 하루에 지구를 15바퀴 넘게 돈다. 길이는 73미터, 태양 전지판을 받치는 뼈대까지 포함한 너비는 약 109미터이며, 질량은 약 420톤에 이른다. 여러 모듈을 우주로 하나씩 실어 올려 이어 붙이는 방식으로 조립되었다. 승무원들은 무중력에 가까운 환경을 이용해 생명 과학, 재료 과학, 천문 관측 등 다양한 실험을 한다. 한국인으로는 2008년 이소연이 처음 이곳을 방문해 여러 과학 실험을 수행했다.",자랴,국제 우주 정거장,train
그는 어느 도시의 YMCA에서 체육을 가르치다가 새 구기 종목을 만들었나?,"농구는 다섯 명씩 짝을 이룬 두 팀이 공을 상대편 바구니에 던져 넣어 점수를 겨루는 구기 종목이다. 1891년 미국 매사추세츠주 스프링필드의 YMCA에서 체육 교사로 일하던 제임스 네이스미스가 추운 겨울에도 실내에서 할 수 있는 운동으로 고안했다. 처음에는 복숭아 바구니를 체육관 난간에 매달아 골대로 썼고, 네이스미스는 열세 개 조항으로 된 규칙을 만들었다. 국제농구연맹 규칙에서 코트는 가로 28미터, 세로 15미터이며, 골대 바구니는 바닥에서 3.05미터 높이에 달린다. 경기는 10분짜리 쿼터 네 개로 진행되고, 공격하는 팀은 24초 안에 슛을 시도해야 한다. 일반 슛은 2점, 3점 선 밖에서 넣은 슛은 3점, 반칙으로 얻은 자유투는 한 개에 1점이다. 남자 농구는 1936년 베를린 올림픽에서 정식 종목이 되었고, 여자 농구는 40년 뒤인 1976년 몬트리올 올림픽에서 추가되었다.",매사추세츠주 스프링필드,농구,train
동지는 24절기 가운데 몇 번째인가요?,"동지는 24절기 가운데 스물두 번째 절기로, 태양이 황경 270도에 이르는 양력 12월 21일이나 22일 무렵이다. 북반구에서는 한 해 가운데 낮이 가장 짧고 밤이 가장 긴 날로, 서울의 낮 길이는 9시간 34분 안팎이다. 다만 해가 가장 낮게 뜨는 날일 뿐 가장 추운 날은 아니어서, 추위는 보통 이후의 소한 무렵에 절정을 이룬다. 동지를 지나면 낮이 다시 길어지므로 예로부터 작은설이라 부르며 새해를 맞는 날처럼 여겼다. 이날에는 붉은 팥으로 죽을 쑤고 찹쌀가루로 빚은 새알심을 넣어 먹었으며, 팥의 붉은색이 나쁜 기운을 쫓는다고 믿어 집 안 곳곳에 팥죽을 뿌리기도 했다. 동지가 음력 11월 10일 이전에 들면 애동지, 11일에서 20일 사이면 중동지, 21일 이후면 노동지라 불렀는데, 애동지에는 아이들에게 좋지 않다고 하여 팥죽 대신 팥떡을 해 먹는 곳이 많았다. 또 새해 달력을 서로 선물하는 풍습도 있었다.",스물두 번째,동지,train
1989년 개정 때 법정 근로 시간은 한 주 몇 시간이 됐나요?,"주 40시간 근무제는 법으로 정한 근로 시간을 하루 8시간, 한 주 40시간으로 줄인 제도로, 토요일에 쉬는 주 5일 근무가 자리 잡는 계기가 되었다. 1953년 근로기준법이 처음 만들어졌을 때 법정 근로 시간은 한 주 48시간이었고, 1989년 법 개정으로 44시간이 되었다. 주 40시간으로 줄이는 근로기준법 개정안은 2003년 8월 29일 국회 본회의를 통과해 같은 해 9월 15일 공포되었다. 제도는 사업장 규모에 따라 차례로 적용되었다. 2004년 7월 공기업과 금융, 보험 업종, 그리고 근로자 1,000명 이상 사업장부터 시작해, 2005년 300명 이상, 2006년 100명 이상, 2007년 50명 이상, 2008년 20명 이상 사업장으로 넓어졌다. 마지막으로 2011년 7월 1일 근로자 5명 이상 20명 미만 사업장까지 적용되면서 제도가 사실상 모두 자리를 잡았다. 법 개정 때 연차 유급 휴가도 손질되어, 한 해 동안 8할 이상 출근한 근로자에게 15일의 휴가를 주고 근속 기간에 따라 늘리되 최대 25일로 정했다.",44시간,주 40시간 근무제,test
88 서울 올림픽 마스코트 이름,"1988년 서울 올림픽은 그해 9월 17일부터 10월 2일까지 16일 동안 서울에서 열린 제24회 하계 올림픽이다. 개최지는 1981년 9월 30일 서독 바덴바덴에서 열린 국제올림픽위원회 총회에서 결정되었는데, 서울이 52표를 얻어 27표에 그친 일본 나고야를 눌렀다. 대회에는 160개국에서 선수 약 8,400명이 참가했다. 1980년 모스크바 대회와 1984년 로스앤젤레스 대회가 동서 진영의 잇따른 불참으로 반쪽 대회에 그쳤던 것과 달리, 서울 대회에는 소련과 동독을 비롯한 동서 양 진영의 나라들이 12년 만에 거의 모두 모였다. 마스코트는 상모를 쓴 아기 호랑이 호돌이였다. 탁구가 처음 정식 종목으로 채택되었고, 테니스는 1924년 이후 64년 만에 정식 종목으로 돌아왔으며, 태권도와 야구는 시범 종목으로 치러졌다. 주요 경기는 잠실의 서울올림픽주경기장을 중심으로 열렸다. 개최국 대한민국은 금메달 12개를 따내 종합 4위에 올랐다.",호돌이,1988년 서울 올림픽,validation
덤,"바둑은 가로세로 열아홉 줄이 그어진 판 위에 두 사람이 흑돌과 백돌을 번갈아 놓으며 더 넓은 집을 차지하는 쪽이 이기는 놀이이다. 줄이 만나는 점은 모두 361개이고, 판 위의 몇몇 점은 화점이라 하여 굵은 점으로 표시해 둔다. 돌은 흑이 181개, 백이 180개로 한 벌을 이룬다. 한번 놓은 돌은 옮길 수 없으며, 상대 돌에 사방이 완전히 둘러싸인 돌은 잡혀서 판에서 들어낸다. 돌을 놓을 수 없는 자리인 착수 금지점과, 같은 모양이 끝없이 되풀이되지 않도록 한 수를 쉬고 다시 따내게 하는 패의 규칙이 있다. 먼저 두는 흑이 유리하므로 백에게 덤을 주는데, 흔히 6집 반이나 7집 반이다. 중국에서 비롯되었다고 보며 요임금과 순임금이 만들었다는 전설이 전한다. 삼국사기에는 바둑을 즐기던 백제 개로왕에게 고구려의 승려 도림이 바둑으로 접근했다는 이야기가 실려 있다. 바둑은 2010년 광저우 아시안 게임에서 정식 종목으로 치러졌다.",덤,바둑,train
"씨의 모양과 색, 꽃의 색, 줄기의 키처럼 뚜렷하게 구별되는 일곱 쌍의 형질을 골라, 세대를 거듭하며 각 형질이 나타나는 비율을 꼼꼼히 셌다","그레고어 멘델은 1822년 오늘날 체코 땅인 하인첸도르프에서 태어난 과학자이자 성직자이다. 그는 브르노에 있는 성 토마스 아우구스티누스 수도원에 들어가 수도사가 되었고, 1868년에는 수도원장에 올랐다. 멘델은 1856년부터 1863년까지 약 7년 동안 수도원 뜰에서 완두를 길러 교배 실험을 했다. 씨의 모양과 색, 꽃의 색, 줄기의 키처럼 뚜렷하게 구별되는 일곱 쌍의 형질을 골라, 세대를 거듭하며 각 형질이 나타나는 비율을 꼼꼼히 셌다.
그는 이 결과를 정리한 논문 「식물 잡종에 관한 연구」를 1865년 브르노 자연과학회에서 발표했고, 1866년 학회지에 실었다. 그러나 이 연구는 살아 있는 동안 거의 주목받지 못했고, 멘델은 1884년 세상을 떠났다. 1900년 카를 코렌스, 에리히 폰 체르마크, 휘호 더프리스 세 학자가 각자 연구를 하다 멘델의 논문을 다시 찾아내면서 그의 업적이 재발견되었다. 오늘날 멘델은 유전학의 아버지로 불린다.",씨의,그레고어 멘델,train
마라톤 거리가 공식으로 정해진 해는 언제인가요?,"마라톤은 42.195킬로미터를 달리는 장거리 달리기 경기로, 육상에서 가장 긴 도로 종목 가운데 하나이다. 이름은 기원전 490년 아테네군과 페르시아군이 맞붙은 전투가 벌어진 그리스의 마라톤 평원에서 왔다. 전령이 승전 소식을 알리려고 아테네까지 쉬지 않고 달린 뒤 숨졌다는 이야기가 널리 퍼져 있지만, 이는 훗날 덧붙여진 전설로 보는 견해가 많다. 이 고사를 기념해 1896년 아테네에서 열린 제1회 근대 올림픽에서 마라톤이 처음 치러졌다. 초기에는 대회마다 거리가 조금씩 달랐는데, 1908년 런던 올림픽에서 쓰인 26마일 385야드가 1921년 공식 거리로 정해졌다. 여자 마라톤은 1984년 로스앤젤레스 올림픽에서 처음 정식 종목이 되었다. 대회 코스에는 보통 5킬로미터마다 물과 음료를 마실 수 있는 급수대가 놓인다. 요즘은 선수 신발이나 번호표에 전자 칩을 달아 구간 통과 시각을 재고, 차를 타는 등의 부정행위도 가려낸다.",1921년,마라톤,train
한국 최초의 철도는 어느 구간을 달렸나요?,"한국의 철도는 19세기 말에 처음 놓인 뒤 전국을 잇는 간선망과 대도시의 도시 철도, 고속 철도로 발전해 왔다. 오늘날 대한민국의 간선 철도망과 간선 고속도로망은 길이가 각각 약 3,000킬로미터로 엇비슷하며, 선로 폭은 1,435밀리미터의 표준궤를 쓴다.

## 첫 철도, 경인선
한반도에 처음 놓인 철도는 경인선이다. 1899년 9월 18일 노량진과 제물포 사이 33.2킬로미터 구간에서 첫 열차가 달렸다. 이때 쓰인 기관차는 미국에서 들여온 모갈형 증기 기관차였다. 처음에는 한강을 건너지 못해 노량진에서 멈추었으나, 1900년 한강철교가 완공되면서 서울 도심까지 선로가 이어졌다. 한국에서는 오랫동안 경인선이 개통한 9월 18일을 철도의 날로 기념했다. 그러나 경인선이 외국 자본의 이권 속에 건설되었다는 점 등을 들어 날짜를 바꾸자는 의견이 나왔고, 2018년부터는 1894년 조선 정부가 공무아문 아래에 철도국을 처음 둔 날을 기려 6월 28일을 철도의 날로 삼고 있다.

## 간선 철도의 부설
20세기 초에는 한반도를 세로로 잇는 큰 노선들이 잇달아 놓였다. 서울과 부산을 잇는 경부선이 1905년 1월 1일 영업을 시작했고, 서울과 신의주를 잇는 경의선이 1906년에 개통했다. 1914년에는 대전과 목포를 잇는 호남선과 서울과 원산을 잇는 경원선이 문을 열었다. 서울의 관문 역할을 한 옛 서울역 건물은 1925년에 지어졌으며, 새 역사가 생긴 뒤에는 복합 문화 공간으로 쓰이고 있다. 이 노선들은 사람과 물자를 나르는 핵심 통로가 되었으나, 광복 뒤 남북이 나뉘면서 경의선과 경원선은 군사 분계선에서 끊겼다.

## 운영 조직의 변화
광복 뒤 철도는 정부 부처가 직접 운영했다. 1963년에는 교통부 소속의 철도청이 발족해 오랫동안 철도 운영과 건설을 함께 맡았다. 2000년대 들어 선로와 역 같은 시설을 만드는 일과 열차를 운행하는 일을 나누는 개혁이 추진되어, 2004년 시설을 맡는 한국철도시설공단이 세워졌고, 2005년 1월 1일에는 철도청이 한국철도공사로 바뀌어 열차 운영을 맡게 되었다. 한국철도시설공단은 2020년 국가철도공단으로 이름을 바꾸었다.

## 도시 철도
대도시 안을 오가는 지하철도 빠르게 늘었다. 서울 지하철 1호선이 1974년 8월 15일 서울역과 청량리 사이 약 7.8킬로미터 구간에서 처음 운행을 시작했으며, 이는 세계에서 스물두 번째로 문을 연 지하철이었다. 이후 부산이 1985년, 대구가 1997년, 인천이 1999년, 광주가 2004년, 대전이 2006년에 차례로 도시 철도를 개통해 서울을 포함한 여섯 도시가 지하철을 운영하게 되었다. 수도권에서는 지하철과 광역 전철이 서로 이어져 하나의 거대한 교통망을 이루고 있다.

## 고속 철도
2004년 4월 1일 한국 고속 철도 KTX가 경부선과 호남선에서 함께 운행을 시작하면서 최고 시속 300킬로미터로 달리는 고속 철도 시대가 열렸다. 첫 KTX 열차는 앞뒤의 동력차와 객차를 합쳐 20량이 한 편성을 이루었다. 개통 당시에는 프랑스의 고속 철도 기술을 들여와 차량을 만들었고, 2010년에는 국내 기술로 개발한 KTX-산천이 운행에 들어갔다. 고속 철도가 생기면서 서울과 부산을 오가는 시간이 크게 줄어, 두 도시를 하루 안에 오가는 일이 흔해졌다. 2016년 12월에는 서울 강남의 수서역을 출발하는 고속 열차 SRT가 운행을 시작해 경부선과 호남선 고속 철도에 또 하나의 출발지가 생겼다.

## 열차 등급과 수도권 전철
한국의 일반 열차는 여러 차례 이름과 등급이 바뀌었다. 1969년 서울과 부산 사이를 달리는 특급 열차 관광호가 등장했고, 이 열차는 1974년 새마을호로 이름이 바뀌어 오랫동안 가장 빠른 일반 열차의 대명사가 되었다. 2012년에는 서울과 춘천 사이를 오가는 ITX-청춘이, 2014년에는 새마을호를 대신할 ITX-새마을이 운행을 시작했다. 서울 지하철 1호선이 개통한 1974년 8월 15일에는 서울역과 인천, 서울역과 수원 사이의 국철 구간도 전기 철도로 바뀌어 지하철과 곧바로 이어졌는데, 이것이 수도권 전철의 출발점이다. 2024년 3월에는 수서와 동탄 사이에 수도권 광역급행철도가 처음 개통했다.

## 고속 철도망의 확장
KTX 개통 뒤에도 고속 철도 전용 선로는 계속 늘어났다. 2010년 11월 경부고속선의 동대구와 부산 사이 구간이 새 선로로 완성되었고, 2015년 4월에는 오송과 광주송정을 잇는 호남고속선이 개통해 호남 지역도 고속 철도의 혜택을 크게 누리게 되었다. 한편 남북을 잇는 철도를 되살리려는 시도도 있었다. 2007년 5월에는 경의선과 동해선에서 남북을 오가는 열차가 시험 운행을 했고, 같은 해 말부터 한동안 문산과 북쪽의 봉동 사이에 화물 열차가 오갔다.


## 철도와 생활
철도가 생활 깊숙이 들어오면서 요금과 이용 방식도 바뀌었다. 1984년부터 65세 이상 노인은 도시 철도를 요금 없이 탈 수 있게 되었다. 2004년 7월 서울의 대중교통 체계가 개편되면서 교통카드로 버스와 지하철을 갈아타면 거리에 따라 요금을 한 번에 계산하는 통합 요금제가 시행되었고, 이 방식은 2007년 경기도, 2009년 인천으로 넓혀져 수도권 전체의 제도가 되었다. 요즘은 대부분의 승차권을 휴대 전화로 예매하고 종이 승차권 없이 열차에 오른다.",노량진과 제물포 사이,한국의 철도,train
컬링이 동계 올림픽 정식 종목으로 채택된 대회는 어디인가요?,"컬링은 얼음판 위에서 둥근 돌을 미끄러뜨려 둥근 표적 안에 상대보다 가깝게 붙이는 겨울 종목이다. 16세기 스코틀랜드에서 시작되었다고 보며, 스코틀랜드 던블레인에서는 1511년이라는 연도가 새겨진 돌이 발견되었다. 스톤은 무게가 17.24~19.96킬로그램인 화강암으로 만드는데, 스코틀랜드 앞바다의 에일사 크레이그 섬에서 나는 돌을 으뜸으로 친다. 경기장인 시트는 길이가 약 45미터이고, 끝에 그려진 표적인 하우스는 지름이 3.66미터이다. 한 팀은 네 명이며, 한 엔드에 팀마다 스톤 여덟 개를 번갈아 던지고, 보통 10엔드로 승부를 가린다. 선수들이 스톤 앞의 얼음을 솔로 문지르는 스위핑은 얼음 표면의 작은 알갱이를 녹여 스톤이 더 멀리, 덜 휘어 가도록 만든다. 1924년 샤모니 동계 올림픽에서 처음 경기가 열렸으나 정식 종목이 된 것은 1998년 나가노 대회부터이다. 두 사람이 한 팀을 이뤄 스톤 다섯 개씩으로 겨루는 믹스더블은 2018년 올림픽에 처음 추가되었다.",1998년 나가노 대회,컬링,train
한국이 미터 협약에 가입한 연도는?,"대한민국은 길이는 미터, 넓이는 제곱미터, 부피는 세제곱미터, 무게는 그램처럼 미터법에 따른 단위를 법정 계량 단위로 쓴다. 국제 사회에서 미터법이 널리 퍼지는 계기는 1875년 파리에서 체결된 미터 협약이었다. 한국은 1959년 이 협약에 가입했고, 1961년 계량법을 만들어 미터법을 법정 단위로 정했다. 이어 1964년 1월 1일부터는 자와 되, 근처럼 전통적으로 쓰던 척관법 단위와 야드, 파운드 단위를 거래와 증명에 쓰지 못하게 하고 모든 계량을 미터법으로 하도록 했다. 그럼에도 집의 넓이를 평으로, 금의 무게를 돈으로, 고기의 무게를 근으로 말하는 습관은 오래 남았다. 정부는 2007년 7월 1일부터 평, 돈, 근을 비롯한 비법정 단위의 상거래 사용을 본격적으로 금지하고, 이를 어기면 최대 50만 원의 과태료를 물리도록 했다. 이에 따라 아파트 분양 광고 등에서는 넓이를 제곱미터로 표시하게 되었다. 한 평은 약 3.3제곱미터에 해당한다.",1959년,미터법과 법정 계량 단위,train
아인슈타인이 일반 상대성 이론을 완성한 연도,"일반 상대성 이론은 알베르트 아인슈타인이 1915년에 완성한 중력 이론으로, 중력을 질량이 시공간을 휘게 만드는 현상으로 설명한다. 아인슈타인은 그보다 10년 앞선 1905년, 빛의 속도가 모든 관찰자에게 같다는 원리에서 출발한 특수 상대성 이론을 발표했다. 일반 상대성 이론은 뉴턴의 중력 이론으로는 풀지 못하던 수성의 근일점 이동, 곧 100년에 43각초만큼 더 움직이는 현상을 정확히 설명했다.
1919년 영국의 천문학자 아서 에딩턴은 개기 일식 때 태양 가까이 보이는 별의 위치가 이론이 예측한 만큼 어긋난 것을 관측해 이론을 뒷받침했다. 무거운 천체가 그 뒤쪽에서 오는 빛을 휘게 만드는 중력 렌즈 현상도 이 이론으로 설명된다. 이론이 예측한 시공간의 물결인 중력파는 발표 뒤 100년 만인 2015년 미국의 레이저 간섭계 중력파 관측소(LIGO)에서 처음 직접 검출되었다. 위성 항법 장치(GPS)도 중력에 따른 시간 차이를 보정해야 정확한 위치를 알려 줄 수 있다.",1915년,일반 상대성 이론,train
"판소리는 소리꾼 한 명이 고수의 북 장단에 맞춰 긴 이야기를 노래와 말, 몸짓으로 풀어내는 한국의 전통 성악이다","판소리는 소리꾼 한 명이 고수의 북 장단에 맞춰 긴 이야기를 노래와 말, 몸짓으로 풀어내는 한국의 전통 성악이다. 18세기에 생겨난 것으로 보며, 소리꾼은 노래로 부르는 창 사이사이에 아니리라 부르는 말로 줄거리를 잇고, 발림이라 하는 손짓과 몸짓으로 장면을 그려 보인다. 고수와 청중은 '얼씨구', '좋다' 같은 추임새를 넣어 소리꾼의 흥을 돋운다. 오늘날까지 온전히 전해지는 작품은 춘향가, 심청가, 흥보가, 적벽가, 수궁가의 다섯 마당이다. 부르는 방식에 따라 여러 유파로 나뉘는데, 동편제는 꾸밈을 줄이고 타고난 성량을 힘차게 내세우며, 서편제는 계면조를 많이 써서 애절한 느낌을 살린다. 두 유파의 중간 성격을 띠면서 소리의 높낮이가 뚜렷한 갈래는 중고제라 한다. 조선 후기에는 권삼득, 송흥록, 모흥갑, 신만엽 등이 이름을 떨쳐 흔히 8명창으로 꼽힌다. 판소리는 1964년 12월 24일 국가무형문화재 제5호로 지정되었고, 2003년 11월 7일에는 유네스코 인류구전 및 무형유산 걸작으로 선정되었다.",판소리는,판소리,train
측우기 처음 만든 해,"측우기는 비가 내린 양을 재려고 조선 세종 때 만든 기구이다. 1441년, 곧 세종 23년에 처음 만들어졌으며, 세종과 당시 세자였던 문종, 장영실을 비롯한 여러 관리가 제작에 힘을 보탰다. 원통 모양 그릇의 길이는 1자 5치로 약 32센티미터, 지름은 7치로 약 15센티미터였다. 처음에는 쇠로 만들었고, 나중에는 구리나 도자기, 질그릇으로도 만들었다. 측우기를 올려놓는 돌 받침은 측우대라고 부른다.
조선은 같은 규격의 측우기를 전국 관아에 두고 강우량을 보고하게 해, 나라 전체가 통일된 방법으로 비의 양을 기록하는 제도를 갖추었다. 이는 유럽에서 강우량을 재는 기구가 나온 때보다 약 200년 이른 것으로 평가된다. 지금 남아 있는 가장 오래된 측우기는 1837년에 만들어 공주의 충청 감영에 두었던 것이다. 이 측우기는 보물 제561호로 지정되었다가, 측우대 두 점과 함께 국보로 승격되었다.",1441년,측우기,train
삼국사기에서 신라 역사를 다룬 본기는 몇 권이야,"삼국사기는 고려 인종의 명을 받아 김부식이 편찬을 이끌어 1145년에 펴낸 역사책이다. 김부식은 이 작업에서 감수국사를 맡아 책임자 역할을 했다. 이 책은 신라, 고구려, 백제 세 나라의 역사를 다루며, 나라에서 펴낸 역사서로는 가장 이른 것이자 오늘날 전하는 한국의 역사책 가운데 가장 오래되었다.
모두 50권으로, 임금의 행적을 연대순으로 적은 본기 28권, 연표 3권, 제도와 문물을 분야별로 정리한 잡지 9권, 여러 인물의 생애를 적은 열전 10권으로 짜여 있다. 본기는 다시 신라본기 12권, 고구려본기 10권, 백제본기 6권으로 나뉜다. 본기와 열전을 뼈대로 역사를 나누어 서술하는 이런 방식을 기전체라고 한다. 삼국사기는 뒤에 일연이 쓴 삼국유사와 함께 한국 고대사를 연구하는 데 가장 기본이 되는 자료로 쓰인다. 전하는 판본 가운데 두 종류는 2018년 보물에서 국보로 승격되었다.",12권,삼국사기,train
"몇십 년에 한 번씩 찾아오는 혜성 가운데 맨눈으로도 보인다는 유명한 혜성이 있다고 들었는데요, 그 혜성이 앞으로 언제 다시 태양에 가장 가깝게 다가올 것으로 예상되는지 궁금합니다. 가능하면 지난번에 태양 곁을 지나간 날짜와 비교해서 알려 주세요.","핼리 혜성은 약 75~76년마다 태양 가까이 돌아오는 주기 혜성으로, 맨눈으로 볼 수 있는 단주기 혜성으로는 유일하다. 이름은 영국의 천문학자 에드먼드 핼리에게서 왔다. 핼리는 예전에 나타난 혜성들의 기록을 비교해 이들이 같은 천체라고 보고 1758년에 다시 돌아올 것이라 예측했다. 그가 세상을 떠난 뒤 혜성이 실제로 나타나면서 예측이 옳았음이 확인되었다.
가장 최근 태양에 가장 가까이 다가간 때는 1986년 2월 9일이었고, 다음 근일점 통과는 2061년 7월 28일로 예상된다. 1986년 접근 때에는 여러 탐사선이 혜성을 찾아갔으며, 유럽의 조토 탐사선은 혜성의 핵을 가까이에서 촬영했다. 핵의 크기는 가로 14.9킬로미터, 세로 8.2킬로미터 정도이고, 주로 얼음과 먼지로 이루어져 있다. 해마다 5월 무렵의 물병자리 에타 유성우와 10월 무렵의 오리온자리 유성우는 이 혜성이 흘린 부스러기가 지구 대기로 떨어지며 생긴다. 1066년에 나타난 모습은 바이외 태피스트리에 수놓여 전한다.",2061년 7월 28일,핼리 혜성,validation
강강술래를 이순신 장군이 만들었다는 말은 사실이야?,"강강술래는 추석 무렵 달 밝은 밤에 여성들이 손을 맞잡고 둥글게 원을 그리며 노래하고 춤추던 민속놀이이다. 전라남도 해남, 무안, 진도, 완도 같은 해안 지역에서 특히 활발하게 전해졌다. 앞소리꾼이 노랫말을 메기면 나머지 사람들이 '강강술래'라는 후렴으로 받으며 원을 돈다. 처음에는 느린 가락에 맞춰 천천히 돌다가 차츰 빨라지는데, 도중에 남생이놀이, 고사리꺾기, 청어엮기, 기와밟기, 덕석말이, 문지기놀이 같은 여러 놀이를 끼워 넣어 흥을 더한다. 놀이 하나하나는 거북을 흉내 내거나 물고기를 엮듯 줄을 짜는 등 생활 속 장면을 몸으로 옮긴 것이 많다. 임진왜란 때 이순신이 마을 부녀자들을 모아 산에서 원을 돌게 해 군사가 많아 보이도록 했다는 이야기가 전하지만, 이는 민간에서 붙인 유래담으로 여겨진다. 강강술래는 1966년 2월 15일 국가무형문화재 제8호로 지정되었고, 2009년 9월 유네스코 인류무형유산에 이름을 올렸다.",민간에서 붙인 유래담,강강술래,validation
국내에서 가장 무거운 고인돌 덮개돌은 몇 톤이나 돼?,"고인돌은 큰 바위를 받침돌 위에 얹거나 땅 위에 놓아 만든 선사 시대의 무덤으로, 거석 기념물의 한 종류이다. 한국은 세계적으로 고인돌이 많이 모여 있는 곳이며, 그 가운데 청동기 시대 고인돌이 빽빽하게 분포한 고창, 화순, 강화 세 지역의 유적은 2000년 12월 2일 유네스코 세계유산으로 함께 등재되었다.
고창군 죽림리 일대에는 500기가 넘는 고인돌이 모여 있다. 화순에서는 좁은 지역 안에 596기가량이 몰려 있고, 춘양면 대신리에 있는 고인돌의 덮개돌은 무게가 280톤 정도로 국내에서 가장 무거운 것으로 알려져 있다. 강화에서는 고려산 기슭을 따라 부근리, 삼거리, 오상리 등에 120기 남짓이 분포하며, 해발 280미터에 이르는 높은 곳에서도 고인돌이 발견된다. 한곳에 수백 기가 몰려 있고 형식도 다양한 이 유적들은 청동기 시대의 사회 구조와 동북아시아 선사 문화의 교류를 밝히는 데 중요한 자료로 쓰인다.",280톤 정도,고창·화순·강화 고인돌 유적,train
"유럽 인구의 30~60퍼센트가 목숨을 잃은 것으로 추정되며, 연구에 따라 희생자를 7,500만 명에서 2억 명까지로 본다","흑사병은 14세기 중반 유럽을 휩쓴 페스트의 대유행을 가리키는 이름으로, 유럽에서는 1347년부터 1353년 무렵까지 크게 번졌다. 병원균은 예르시니아 페스티스라는 세균이며, 1894년 프랑스의 알렉상드르 예르생과 일본의 기타자토 시바사부로가 각각 찾아냈다. 이 균은 주로 병든 쥐의 피를 빤 벼룩이 사람을 물면서 옮겨졌다. 1347년 크림반도의 항구 카파(오늘날의 페오도시야)에서 감염된 제노바 상인들이 시칠리아의 메시나 항에 들어오면서 병이 유럽 곳곳으로 퍼졌다.
유럽 인구의 30~60퍼센트가 목숨을 잃은 것으로 추정되며, 연구에 따라 희생자를 7,500만 명에서 2억 명까지로 본다. 증상에 따라 림프샘이 붓는 선페스트, 폐로 번지는 폐페스트, 혈액으로 퍼지는 패혈성 페스트로 나뉘는데, 폐페스트는 치사율이 95퍼센트에 이를 만큼 무서웠다. 1377년 라구사(오늘날의 두브로브니크)는 새로 들어온 사람을 30일 동안 따로 머물게 하는 규정을 만들었다. 1448년 베네치아가 이 기간을 40일로 늘렸는데, 40일을 뜻하는 베네치아 말이 오늘날 검역을 가리키는 영어 단어의 어원이 되었다.",유럽,흑사병,train
사하라에서 제일 높은 산 이름,"사하라 사막은 아프리카 북부에 펼쳐진 사막으로, 넓이가 약 940만 제곱킬로미터에 이른다. 남극 대륙까지 사막으로 치면 두 번째로 크지만, 더운 사막 가운데서는 세계에서 가장 넓다. 동서 길이는 약 4,800킬로미터, 남북 길이는 약 1,800킬로미터이며, 이집트, 리비아, 알제리, 모로코, 튀니지, 말리, 모리타니, 니제르, 차드, 수단 등 10개 나라에 걸쳐 있다. 이름은 아랍어로 사막을 뜻하는 말에서 왔다.
흔히 끝없는 모래 언덕을 떠올리지만 모래로 덮인 곳은 전체의 20퍼센트 정도이고, 나머지 80퍼센트는 풍화된 바위와 자갈로 이루어진 땅이다. 가장 높은 곳은 차드의 티베스티산맥에 있는 에미쿠시산으로, 높이는 3,445미터이다. 북부 지역의 한 해 강수량은 19밀리미터 안팎에 그친다. 약 250만 년 전 무렵 사막의 모습을 갖추기 시작한 것으로 보이며, 지금도 해마다 약 2만 제곱킬로미터씩 넓어지고 있는 것으로 알려져 있다.",에미쿠시산,사하라 사막,test
한국의 갯벌이 세계유산에 오른 날짜는?,"한국의 갯벌은 2021년 7월 26일 유네스코 세계유산에 등재된 자연유산으로, 한반도 서남해안의 갯벌 네 곳을 하나로 묶은 것이다. 서천 갯벌, 고창 갯벌, 신안 갯벌, 보성-순천 갯벌이 여기에 들어가며, 제44차 세계유산위원회 회의에서 등재가 결정되었다. 전체 넓이는 129,346헥타르이고, 생물 다양성을 보전하는 데 중요한 서식지라는 기준을 인정받았다. 2007년의 제주 화산섬과 용암 동굴에 이어 한국의 두 번째 세계자연유산이다.
이 갯벌들에는 해마다 약 300종, 100만 마리가량의 새가 찾아와 먹이를 구하고 쉬어 간다. 천연기념물이자 멸종 위기종인 흰목물떼새와 큰고니도 이곳에서 볼 수 있다. 황해 쪽 바다는 밀물과 썰물 때의 수면 차이가 큰 편이어서, 목포 앞바다에서는 약 3미터, 인천 앞바다에서는 약 6미터에 이르고 북쪽으로 갈수록 더 커진다. 이렇게 큰 조수 간만의 차와 강이 실어 온 고운 흙이 드넓은 갯벌을 만들어 냈다.",2021년 7월 26일,한국의 갯벌,train
동짓날 팥죽을 집 여기저기 뿌린 이유가 뭐야?,"동지는 24절기 가운데 스물두 번째 절기로, 태양이 황경 270도에 이르는 양력 12월 21일이나 22일 무렵이다. 북반구에서는 한 해 가운데 낮이 가장 짧고 밤이 가장 긴 날로, 서울의 낮 길이는 9시간 34분 안팎이다. 다만 해가 가장 낮게 뜨는 날일 뿐 가장 추운 날은 아니어서, 추위는 보통 이후의 소한 무렵에 절정을 이룬다. 동지를 지나면 낮이 다시 길어지므로 예로부터 작은설이라 부르며 새해를 맞는 날처럼 여겼다. 이날에는 붉은 팥으로 죽을 쑤고 찹쌀가루로 빚은 새알심을 넣어 먹었으며, 팥의 붉은색이 나쁜 기운을 쫓는다고 믿어 집 안 곳곳에 팥죽을 뿌리기도 했다. 동지가 음력 11월 10일 이전에 들면 애동지, 11일에서 20일 사이면 중동지, 21일 이후면 노동지라 불렀는데, 애동지에는 아이들에게 좋지 않다고 하여 팥죽 대신 팥떡을 해 먹는 곳이 많았다. 또 새해 달력을 서로 선물하는 풍습도 있었다.",팥의 붉은색이 나쁜 기운을 쫓는다고 믿어,동지,train
백두산이 마지막으로 분화한 해,"백두산은 한반도에서 가장 높은 산으로, 최고봉인 장군봉의 높이는 2,744미터이다. 중국에서는 창바이산이라고 부른다. 여러 차례 분출한 용암과 화산재가 층층이 쌓여 생긴 성층화산이며, 꼭대기에는 지름 약 5킬로미터, 깊이 850미터에 이르는 거대한 칼데라가 있다. 이 칼데라에 물이 고여 생긴 호수가 천지이다. 천지의 수면은 해발 약 2,150미터에 있고, 둘레는 14킬로미터, 평균 수심은 213미터이며 가장 깊은 곳은 384미터에 이른다.
백두산은 946년 무렵 크게 폭발해 100~150세제곱킬로미터에 이르는 화산재와 분출물을 쏟아 냈다. 기록에 남은 가장 최근의 분화는 1925년에 있었다. 이 산은 여러 큰 강의 발원지이기도 하다. 압록강은 서쪽으로 흘러 황해에 이르고, 두만강은 동쪽으로 흘러 동해로 들어가며, 쑹화강은 북쪽의 만주 벌판으로 흘러간다.",1925년,백두산,train
오스트레일리아 어느 주 앞바다에 그레이트 배리어 리프가 있어?,"그레이트 배리어 리프는 오스트레일리아 퀸즐랜드주 북동쪽 해안을 따라 산호해에 길게 뻗은 세계 최대의 산호초 지대이다. 길이는 2,300킬로미터가 넘고, 넓이는 약 344,400제곱킬로미터에 이른다. 하나로 이어진 암초가 아니라 2,900개가 넘는 개별 산호초와 약 900개의 섬이 모여 이루어져 있다. 이곳에는 약 400종의 산호와 1,500종이 넘는 물고기가 산다.
1770년 6월 11일 제임스 쿡이 이끈 인데버호가 이곳 암초에 걸려 좌초한 일이 있었고, 1802년 탐험가 매슈 플린더스가 지금의 이름을 붙였다. 1975년 해양 공원을 지정하는 법이 만들어졌으며, 1981년에는 유네스코 세계유산으로 등재되었다. 그러나 바닷물의 온도가 오르면서 산호가 하얗게 변해 죽어 가는 백화 현상이 1998년, 2002년, 2006년, 2016년, 2017년, 2020년 여름에 대규모로 일어났다. 1985년 이후 산호로 덮인 면적이 절반 넘게 줄었다는 연구 결과도 나와 있다.",퀸즐랜드주,그레이트 배리어 리프,test
경부고속도로 건설에 들어간 돈은 얼마였나요?,"경부고속도로는 서울과 부산을 잇는 대한민국의 고속국도 제1호선이다. 1968년 2월 1일 공사를 시작해 약 2년 5개월 만인 1970년 7월 7일 전 구간이 개통되었다. 건설 당시 총연장은 428킬로미터였고, 공사비로 429억 원이 들었으며, 연인원 약 900만 명과 장비 165만 대가 동원되었다. 공사 과정에서 77명이 목숨을 잃었는데, 특히 당재터널 공사에서는 지반이 약해 무너지는 사고가 열세 번이나 일어나 11명이 숨졌다. 개통 뒤 서울과 부산 사이의 이동 시간이 크게 줄어 물류와 산업 발전에 큰 영향을 주었다. 이후 구간 조정을 거쳐 지금의 길이는 약 416.2킬로미터이며, 부산 금정구 구서동에서 시작해 울산, 대구, 대전, 청주 방면을 지나 서울 서초구 양재동에 이른다. 차로는 구간에 따라 4차로에서 12차로까지 다양하다. 이 도로는 아시아 여러 나라를 잇는 국제 도로망인 아시안 하이웨이 1호선의 한 구간이기도 하다.",429억 원,경부고속도로,train
양력 1896년 1월 1일은 음력으로 어느 날이었나요?,"조선은 1895년 을미개혁 때 그때까지 쓰던 달력인 시헌력을 버리고 태양력을 공식 역법으로 받아들였다. 시헌력은 달의 차고 기움과 태양의 움직임을 함께 따지는 태음태양력이었는데, 이를 서양에서 쓰던 그레고리력으로 바꾼 것이다. 이에 따라 음력 1895년 11월 17일을 양력 1896년 1월 1일로 삼아 날짜를 새로 셌다. 이와 함께 새 연호 건양을 정해, 양력을 쓰기 시작한 1896년을 건양 원년으로 삼았다. 건양이라는 이름에는 양력을 세운다는 뜻이 담겼다고 풀이된다. 이 해는 간지로 병신년에 해당한다. 건양 연호는 1896년 1월 1일부터 1897년 8월 16일까지 약 1년 8개월 동안 쓰였다. 1897년 8월 새 연호 광무를 쓰기 시작하면서 건양의 시대는 막을 내렸고, 그해 10월 고종은 나라 이름을 대한제국으로 고치고 황제로 즉위했다. 양력이 공식 역법이 된 뒤에도 민간에서는 명절과 농사일을 음력에 맞추는 전통이 오래 이어졌다.",1895년 11월 17일,태양력 도입과 건양 연호,train
1215년에 만든 대헌장 사본은 지금 몇 부가 남았어?,"마그나 카르타는 1215년 6월 15일 잉글랜드의 존 왕이 템스강 가의 러니미드에서 귀족들의 요구를 받아들여 승인한 문서이다. 라틴어 이름은 자유의 큰 헌장이라는 뜻이며, 한국어로는 흔히 대헌장이라고 옮긴다. 왕이 제멋대로 세금을 걷거나 사람을 가두지 못하게 왕권을 제한하는 내용을 담았으며, 18세기 이후에는 모두 63개 조항으로 나누어 정리되었다.
그러나 교황 인노첸시오 3세는 같은 해 8월 24일 이 문서가 무효라고 선언했다. 이후 1216년, 1217년, 1225년에 내용을 손본 판이 다시 발행되었고, 1297년에도 이를 재확인하는 문서가 나왔다. 1215년에 작성된 사본은 지금 네 부가 남아 있는데, 영국 도서관에 두 부, 링컨 대성당과 솔즈베리 대성당에 한 부씩 보관되어 있다. 이 문서는 법이 왕보다 위에 있다는 생각을 보여 주는 상징으로 여겨지며, 뒷날 여러 나라의 헌법과 인권 문서가 만들어지는 데 영향을 주었다.",네 부,마그나 카르타,validation
주민등록증은 몇 살이 되면 발급받아야 하나요?,"주민등록증은 주민등록법에 따라 대한민국 국민임을 증명하는 신분증으로, 만 17세 이상이면 발급받아야 한다. 카드에는 사진과 이름, 주민등록번호, 처음 발급받을 때의 주소가 적히고, 뒷면에는 오른손 엄지손가락 지문이 담긴다. 주민등록번호는 1968년 처음 도입되었는데, 그해 10월 말부터 모든 국민에게 12자리 번호가 매겨졌고 11월 21일부터 18세 이상 국민에게 주민등록증이 발급되었다. 당시 번호의 앞 여섯 자리는 등록 지역을, 뒤 여섯 자리는 성별과 등록 순서를 나타냈다. 1975년 법 개정으로 번호는 지금과 같은 13자리가 되었고, 앞자리에는 생년월일이 들어가게 되었다. 종이로 만들던 증은 1999년부터 이듬해까지 국제 규격에 맞춘 플라스틱 카드로 바뀌면서 위조를 막는 홀로그램이 들어갔다. 2025년 3월 14일부터는 스마트폰에 담아 쓰는 모바일 주민등록증을 전국에서 발급받을 수 있게 되었으며, 실물 카드와 같은 법적 효력을 가진다.",만 17세 이상,주민등록증,train
윔블던에 프로 선수 출전이 허용된 건 언제부터야?,"윔블던 선수권 대회는 영국 런던 남서부의 윔블던 지역에서 열리는 테니스 대회로, 4대 메이저 대회 가운데 가장 오래되었다. 1877년 올잉글랜드 론 테니스 앤드 크로케 클럽이 처음 열었고, 첫해에는 남자 단식만 치렀다. 여자 단식은 1884년에 시작되었다. 해마다 6월 말부터 7월 초까지 약 2주 동안 열리며, 메이저 대회 가운데 유일하게 잔디 코트에서 경기를 한다. 선수들은 거의 온통 흰색으로 된 옷을 입어야 한다는 엄격한 복장 규정을 지켜야 한다. 관중석에서는 딸기에 크림을 곁들여 먹는 것이 대회의 오랜 풍경으로 알려져 있다. 오랫동안 아마추어 선수만 출전할 수 있었으나 1968년부터 프로 선수에게도 문이 열렸다. 비가 자주 오는 날씨 탓에 경기가 미뤄지는 일이 잦자, 2009년 센터 코트에 여닫을 수 있는 지붕을 설치해 비가 와도 경기를 이어 갈 수 있게 되었다.",1968년,윔블던 선수권 대회,train
아마존강은 어디에서 발원하나요?,"아마존강은 남아메리카 북부를 가로질러 대서양으로 흘러드는 강으로, 흐르는 물의 양이 세계에서 가장 많다. 페루 안데스산맥의 네바도 미스미산 일대에서 발원해 페루, 콜롬비아, 브라질을 지난다. 길이를 약 6,992킬로미터로 잰 연구가 있지만, 발원지를 어디로 보느냐에 따라 나일강과 어느 쪽이 더 긴지 의견이 엇갈린다. 유역 면적은 약 705만 제곱킬로미터로 세계에서 가장 넓다.
하구에서 바다로 쏟아지는 물은 1초에 평균 20만 세제곱미터가 넘으며, 이는 전 세계 강물이 바다로 내보내는 민물의 약 20퍼센트에 해당한다. 마라뇬강, 우카얄리강, 네그루강, 마데이라강 같은 큰 지류가 합쳐진다. 강 전체 폭을 가로지르는 다리는 하나도 없다. 밀물 때 바닷물이 강을 거슬러 오르며 생기는 포로로카라는 조석 해일은 높이가 최대 7.6미터에 이른다. 강 이름은 1541년 탐험가 프란시스코 데 오레야나의 원정대가 여성 전사들의 공격을 받은 일에서 그리스 신화의 아마존을 떠올린 데서 비롯되었다.",페루 안데스산맥의 네바도 미스미산 일대,아마존강,train
첫 동계 올림픽은 어느 도시에서 열렸어?,"올림픽은 여름과 겨울에 각각 4년마다 세계 여러 나라의 선수들이 한곳에 모여 여러 종목을 겨루는 국제 종합 스포츠 대회이다. 고대 그리스의 제전에서 이름과 형식을 빌려 와 19세기 말에 되살렸다.

## 고대 올림픽
고대 올림픽은 기원전 776년 그리스 펠로폰네소스 반도 서쪽의 올림피아에서 처음 열렸다고 전한다. 신들의 왕 제우스에게 바치는 제전의 성격을 띠었으며, 4년에 한 번씩 열렸기 때문에 대회와 대회 사이의 4년을 올림피아드라고 불렀다. 기록에 남은 가장 오래된 종목은 경기장의 한쪽 끝에서 다른 끝까지 곧게 달리는 단거리 경주 스타디온이었다. 시간이 흐르면서 레슬링, 권투, 전차 경주, 오종 경기 같은 종목이 더해졌다. 우승자는 상금 대신 올리브 가지로 엮은 관을 받았지만, 고향으로 돌아가면 큰 명예와 대접을 누렸다. 참가할 수 있는 사람은 그리스 말을 쓰는 자유민 남성으로 한정되었고, 결혼한 여성은 경기를 구경하는 것조차 허락되지 않았다. 대회 기간에는 선수와 구경꾼이 안전하게 오갈 수 있도록 도시 국가들이 전쟁을 멈추는 휴전 관습을 지켰다. 이 제전은 천 년이 넘게 이어지다가 서기 393년 로마 황제 테오도시우스 1세가 이교 제전을 금지하면서 끝났다.

## 근대 올림픽의 부활
올림픽을 다시 열자고 앞장선 사람은 프랑스의 교육자 피에르 드 쿠베르탱이다. 그는 스포츠가 젊은이의 몸과 마음을 기르고 나라 사이의 이해를 넓힐 수 있다고 보았다. 1894년 6월 23일 파리 소르본 대학에서 열린 회의에서 국제올림픽위원회가 만들어졌고, 2년 뒤인 1896년 그리스 아테네에서 제1회 근대 올림픽이 열렸다. 이 대회에는 14개국에서 선수 241명이 참가했으며, 우승자에게는 은메달을 주었다. 이 대회의 마라톤에서는 그리스의 스피리돈 루이스가 우승해 개최국 관중을 크게 기쁘게 했다. 국제올림픽위원회의 초대 위원장은 그리스의 디미트리오스 비켈라스가 맡았고, 쿠베르탱은 1896년부터 1925년까지 두 번째 위원장으로 일했다. 1등부터 3등까지 금, 은, 동메달을 주는 방식은 1904년 미국 세인트루이스 대회에서 처음 자리를 잡았다. 여성 선수는 1900년 파리 대회에서 처음 경기에 나섰다. 대회가 늘 순조롭게 열린 것은 아니어서, 두 차례의 세계 대전 때문에 1916년, 1940년, 1944년 대회는 치러지지 못했다. 2020년 도쿄 대회는 코로나19 유행으로 한 해 미뤄져 2021년에 열렸다.

## 상징과 의식
올림픽을 대표하는 상징은 흰 바탕 위에 파랑, 노랑, 검정, 초록, 빨강의 다섯 고리가 서로 엮여 있는 오륜기이다. 이 깃발은 1914년에 고안되었고, 1920년 벨기에 앤트워프 대회에서 처음으로 경기장에 걸렸다. 다섯 고리는 다섯 대륙이 올림픽으로 이어진다는 뜻으로 풀이된다. 선수 대표가 규칙을 지키며 공정하게 겨루겠다고 다짐하는 선수 선서도 이 앤트워프 대회에서 처음 시작되었다. 올림픽 표어는 라틴어 문구로 알려진 '더 빠르게, 더 높이, 더 힘차게'이며, 2021년에는 여기에 '함께'라는 말이 덧붙었다. 경기장에 성화를 처음 밝힌 것은 1928년 암스테르담 대회였다. 그리스 올림피아에서 햇빛을 모아 불을 붙인 뒤 여러 사람이 이어 달리며 개최 도시까지 옮기는 성화 봉송은 1936년 베를린 대회에서 시작되었다. 개회식에서는 올림픽의 발상지인 그리스 선수단이 가장 먼저, 개최국 선수단이 가장 마지막에 입장하는 전통이 이어지고 있다. 폐회식에서는 올림픽기를 다음 개최 도시의 대표에게 넘겨주는 의식을 치러 다음 대회를 예고한다.

## 동계 올림픽
눈과 얼음 위에서 겨루는 종목을 따로 모은 동계 올림픽은 1924년 프랑스 샤모니에서 처음 열렸다. 이 대회는 처음에 국제 동계 스포츠 주간이라는 이름으로 치러졌다가 나중에 제1회 동계 올림픽으로 인정되었다. 오랫동안 동계 대회와 하계 대회는 같은 해에 열렸다. 그러다 두 대회를 2년 간격으로 번갈아 열기로 하면서, 1992년 프랑스 알베르빌 대회 다음 동계 대회는 2년 만인 1994년 노르웨이 릴레함메르에서 열렸다. 이때부터 하계 대회와 동계 대회가 짝수 해마다 번갈아 찾아오게 되었다. 동계 올림픽에서는 알파인 스키와 크로스컨트리 스키 같은 설상 종목, 스피드스케이팅과 피겨스케이팅 같은 빙상 종목, 봅슬레이와 루지 같은 썰매 종목, 그리고 아이스하키와 컬링 등이 치러진다.

## 국제올림픽위원회
국제올림픽위원회는 올림픽 운동 전체를 이끄는 비정부 국제기구로, 본부는 스위스 로잔에 있다. 올림픽 헌장을 바탕으로 대회의 개최지를 정하고, 어떤 종목을 대회에 넣을지 결정하며, 각 나라의 올림픽위원회를 승인한다. 대회를 준비하는 일은 개최 도시가 꾸리는 조직위원회가 맡고, 국제올림픽위원회는 그 과정을 감독한다. 경기 규칙과 선수 자격은 종목마다 있는 국제경기연맹이 정한다. 선수들이 금지 약물을 쓰지 못하도록 감시하는 일은 1999년에 세워진 세계반도핑기구와 함께 한다. 2016년 리우데자네이루 대회부터는 전쟁이나 박해를 피해 고국을 떠난 선수들이 난민 선수단을 꾸려 오륜기 아래에서 경기에 나서고 있다.
## 아마추어 규정의 변화
근대 올림픽은 오랫동안 운동으로 돈을 벌지 않는 아마추어 선수만 참가할 수 있다는 원칙을 지켰다. 이 원칙은 1980년대에 들어 크게 느슨해져, 국제올림픽위원회는 종목마다 국제경기연맹이 출전 자격을 정하도록 길을 열었다. 그 결과 1992년 바르셀로나 대회 남자 농구에는 미국 프로 리그의 스타 선수들이 처음 출전해 큰 관심을 모았다. 고대의 휴전 관습도 새롭게 조명되어, 1990년대부터 유엔 총회는 대회 때마다 올림픽 기간의 휴전을 호소하는 결의를 채택하고 있다.",프랑스 샤모니,올림픽,train
노부부가 함께 기초연금을 받으면 금액이 얼마나 줄어?,"기초연금은 소득과 재산이 적은 노인에게 나라가 다달이 일정한 금액을 지급하는 대한민국의 노후 소득 보장 제도이다. 보험료를 내고 받는 국민연금과 달리 세금으로 재원을 마련한다. 뿌리는 1991년의 노령수당으로, 1998년 경로연금, 2008년 기초노령연금으로 이름과 내용이 바뀌어 왔다. 지금의 기초연금은 2014년 7월 1일부터 시행되었다. 받을 수 있는 사람은 만 65세 이상이면서 소득 인정액이 하위 70%에 드는 노인이다. 처음 월 최대 지급액은 20만 원이었고, 2018년 25만 원, 2021년 30만 원으로 올랐으며 이후에도 물가에 맞춰 조금씩 오르고 있다. 부부가 함께 받으면 각자의 금액에서 20%씩 줄여 지급하고, 국민연금을 많이 받는 사람은 그 액수에 따라 기초연금이 깎일 수 있다. 제도가 만들어질 무렵인 2013년에는 노인 가운데 정기적인 연금을 받는 사람이 약 29%에 그쳐, 노인 빈곤율이 경제협력개발기구 회원국 가운데 매우 높은 편이었다.",20%씩,기초연금,train
1991년 시군구 의원 선거는 몇 월 며칠에 열렸어?,"지방자치제는 지역 주민이 직접 뽑은 대표가 그 지역의 일을 스스로 처리하도록 하는 제도이다. 대한민국에서는 1949년 지방자치법이 만들어졌고, 1952년 읍·면의회 의원 선거를 시작으로 지방 선거가 처음 치러졌다. 그러나 1961년 5·16 군사 정변 뒤 지방 의회가 해산되면서 지방자치는 30년 가까이 멈춰 있었다. 지방자치가 다시 살아난 것은 1991년이다. 그해 3월 26일 시·군·구 의회 의원 선거가, 6월에는 시·도 의회 의원 선거가 치러져 지방 의회가 다시 구성되었다. 다만 이때까지 시장이나 도지사 같은 자치단체장은 여전히 정부가 임명했다. 1995년 6월 27일 제1회 전국동시지방선거에서 광역과 기초 자치단체장, 광역과 기초 의회 의원을 한꺼번에 뽑으면서 주민이 단체장까지 직접 선출하는 민선 자치 시대가 열렸다. 이후 전국동시지방선거는 4년마다 치러지며, 교육감도 주민 직선으로 뽑는다.",3월 26일,지방자치제의 부활,train
1919년 일식을 관측해 상대성 이론을 입증한 천문학자는?,"일반 상대성 이론은 알베르트 아인슈타인이 1915년에 완성한 중력 이론으로, 중력을 질량이 시공간을 휘게 만드는 현상으로 설명한다. 아인슈타인은 그보다 10년 앞선 1905년, 빛의 속도가 모든 관찰자에게 같다는 원리에서 출발한 특수 상대성 이론을 발표했다. 일반 상대성 이론은 뉴턴의 중력 이론으로는 풀지 못하던 수성의 근일점 이동, 곧 100년에 43각초만큼 더 움직이는 현상을 정확히 설명했다.
1919년 영국의 천문학자 아서 에딩턴은 개기 일식 때 태양 가까이 보이는 별의 위치가 이론이 예측한 만큼 어긋난 것을 관측해 이론을 뒷받침했다. 무거운 천체가 그 뒤쪽에서 오는 빛을 휘게 만드는 중력 렌즈 현상도 이 이론으로 설명된다. 이론이 예측한 시공간의 물결인 중력파는 발표 뒤 100년 만인 2015년 미국의 레이저 간섭계 중력파 관측소(LIGO)에서 처음 직접 검출되었다. 위성 항법 장치(GPS)도 중력에 따른 시간 차이를 보정해야 정확한 위치를 알려 줄 수 있다.",아서 에딩턴,일반 상대성 이론,train
연등회는 국가무형문화재 몇 호야?,"연등회는 부처의 탄생을 기리며 등을 밝히고 행렬을 벌이는 한국의 불교 축제이다. 신라 진흥왕 12년에 나라 행사로 열린 기록이 있고, 고려 시대에는 국가 차원의 큰 행사로 자리를 잡아 크게 성행했다. 조선 시대에는 불교를 억누르는 정책 탓에 나라의 행사에서 빠졌지만, 민간에서는 등을 밝히는 풍습이 계속 이어졌다. 1975년 부처님 오신 날이 공휴일로 정해진 것을 계기로 오늘날과 같은 축제 형태를 갖추었고, 이듬해인 1976년부터 여의도에서 조계사까지 등을 들고 걷는 행진이 시작되었다. 현재는 부처님 오신 날 앞 주의 토요일 무렵 서울 종로 일대를 중심으로 열리며, 여러 사람이 함께 어울리는 어울림마당, 저녁에 등을 들고 거리를 걷는 연등행렬, 행사를 마무리하는 회향으로 이어진다. 연등회는 2012년 4월 6일 국가무형문화재 제122호로 지정되었고, 2020년 유네스코 인류무형유산 대표목록에 등재되었다.",제122호,연등회,train
근로자 500명 이상 사업장에 의료보험 가입이 의무화된 날,"국민건강보험은 국민이 소득에 따라 보험료를 내고, 병에 걸리거나 다쳤을 때 진료비의 상당 부분을 보험에서 대신 치르도록 한 대한민국의 공적 의료 보장 제도이다. 법에 따라 국내에 사는 거의 모든 사람이 가입 대상이 되며, 하나의 공공 기관이 보험자 역할을 맡는 단일 보험 체계로 운영된다.

## 제도의 출발
의료보험에 관한 첫 법률은 1963년에 만들어진 의료보험법이다. 그러나 이 법은 가입 여부를 사업장의 선택에 맡겼기 때문에 실제로 보험에 든 사람은 매우 적었다. 제도가 본격적으로 움직이기 시작한 것은 1977년 7월 1일로, 이날부터 근로자 500명 이상인 사업장은 의무적으로 의료보험에 가입해야 했다. 이렇게 직장을 중심으로 시작된 보험은 1979년 공무원과 사립학교 교직원에게로 넓혀졌고, 이어 적용 사업장의 규모 기준도 차례로 낮아졌다.

## 전 국민 의료보험
직장에 다니지 않는 농어민과 자영업자는 한동안 보험 밖에 남아 있었다. 1988년 농어촌 지역 주민을 대상으로 한 지역 의료보험이 시행되었고, 이듬해인 1989년 7월 1일 도시 지역 주민까지 가입 대상이 되면서 모든 국민이 의료보험의 보호를 받게 되었다. 강제 적용을 시작한 지 12년 만의 일로, 다른 나라들과 비교해도 짧은 기간에 이룬 확대로 평가된다. 이 무렵 의료보험은 직장 가입자를 위한 직장 의료보험, 지역 주민을 위한 지역 의료보험, 공무원과 교직원을 위한 의료보험으로 나뉘어 있었고, 수많은 조합이 따로따로 보험을 운영했다.

## 보험자의 통합
조합마다 재정 형편이 달라 보험료와 혜택에 차이가 생기자 여러 조합을 하나로 묶는 작업이 이어졌다. 1998년 10월 지역 의료보험 조합들과 공무원·교직원 의료보험을 합쳐 국민의료보험관리공단이 출범했다. 2000년 7월 1일에는 여기에 139개 직장 의료보험 조합까지 통합되어 국민건강보험공단이 탄생했고, 제도의 이름도 의료보험에서 건강보험으로 바뀌었다. 같은 해 병원과 의원이 청구한 진료비가 알맞은지 따지고 진료의 질을 평가하는 건강보험심사평가원도 세워졌다. 조직을 합친 뒤에도 직장 가입자와 지역 가입자의 돈 주머니는 한동안 따로 관리되다가, 2003년 7월 두 재정이 하나로 통합되면서 사실상 통합이 마무리되었다.

## 보험료
가입자는 크게 직장 가입자와 지역 가입자로 나뉜다. 직장 가입자의 보험료는 매달 받는 보수에 보험료율을 곱해 정하며, 이를 근로자와 사업주가 절반씩 나누어 낸다. 보험료율은 2025년 7.09%였고, 2026년에는 7.19%로 올라 근로자와 사업주가 각각 3.595%씩 부담한다. 이에 따라 직장 가입자 한 사람이 내는 월평균 보험료는 2025년 15만 8,464원에서 2026년 16만 699원으로 늘었다. 지역 가입자는 월급이 따로 없으므로 소득과 재산 등을 점수로 바꾸어 보험료를 매긴다. 2022년 9월에는 지역 가입자 보험료에서 소득이 차지하는 비중을 높이고 재산에 매기는 몫을 줄이는 개편이 있었고, 2024년 2월부터는 자동차에 매기던 보험료가 없어졌다. 직장 가입자의 보험료에는 너무 많거나 적게 매겨지지 않도록 상한과 하한이 정해져 있다. 정부도 해마다 예산으로 보험 재정의 일부를 지원한다.

## 진료와 본인 부담
건강보험 가입자는 병원이나 약국을 이용할 때 전체 비용 가운데 일부만 직접 내고, 나머지는 공단이 의료 기관에 지급한다. 입원했을 때 환자가 내는 몫은 대체로 진료비의 20%이며, 외래 진료는 의료 기관의 종류와 규모에 따라 부담 비율이 달라진다. 큰 병으로 의료비가 한꺼번에 많이 들 때 가계가 무너지지 않도록, 한 해 동안 낸 본인 부담금이 정해진 한도를 넘으면 넘은 만큼을 돌려주는 본인부담상한제가 2004년에 도입되었다. 또한 병을 일찍 발견하기 위해 가입자에게 대체로 2년에 한 번씩 일반 건강 검진을 제공한다. 2024년 5월 20일부터는 다른 사람의 자격을 빌려 진료받는 일을 막기 위해, 병원이나 의원에서 진료를 받을 때 신분증 등으로 본인임을 확인하도록 했다. 생활이 어려워 의료급여를 받는 사람은 건강보험 대신 나라가 진료비를 지원하는 의료급여 제도의 적용을 받는다.

## 의료 기관과 가입자
대한민국의 병원과 의원, 약국은 원칙적으로 모두 건강보험 환자를 받아야 한다. 이를 요양기관 당연지정제라 하며, 환자는 어느 의료 기관을 찾아가든 같은 기준으로 건강보험 혜택을 받는다. 공단이 보험자가 된 2000년 7월에는 의사는 처방을 하고 약사는 약을 짓도록 역할을 나눈 의약분업도 함께 시행되었다. 직장 가입자에게 생계를 기대는 배우자나 부모, 자녀 같은 가족은 일정한 소득과 재산 기준을 넘지 않으면 피부양자가 되어 따로 보험료를 내지 않고 혜택을 받는다. 국내에 6개월 이상 머무는 외국인은 2019년 7월부터 건강보험 가입이 의무가 되었다. 암이나 희귀 질환처럼 치료비 부담이 큰 병을 앓는 환자에게는 본인 부담 비율을 크게 낮춰 주는 산정특례 제도가 있어, 암 환자는 진료비의 5%만 부담한다.

## 운영 기관
보험료를 걷고 가입자의 자격을 관리하며 진료비를 지급하는 일은 국민건강보험공단이 맡고, 의료 기관이 청구한 진료비가 알맞은지 심사하는 일은 건강보험심사평가원이 맡는다. 두 기관의 본부는 모두 원주에 있다. 건강보험 정책의 큰 틀과 보험료율은 보건복지부 장관 소속의 건강보험정책심의위원회에서 정한다.",1977년 7월 1일,국민건강보험,train
경부고속도로 개통일,"경부고속도로는 서울과 부산을 잇는 대한민국의 고속국도 제1호선이다. 1968년 2월 1일 공사를 시작해 약 2년 5개월 만인 1970년 7월 7일 전 구간이 개통되었다. 건설 당시 총연장은 428킬로미터였고, 공사비로 429억 원이 들었으며, 연인원 약 900만 명과 장비 165만 대가 동원되었다. 공사 과정에서 77명이 목숨을 잃었는데, 특히 당재터널 공사에서는 지반이 약해 무너지는 사고가 열세 번이나 일어나 11명이 숨졌다. 개통 뒤 서울과 부산 사이의 이동 시간이 크게 줄어 물류와 산업 발전에 큰 영향을 주었다. 이후 구간 조정을 거쳐 지금의 길이는 약 416.2킬로미터이며, 부산 금정구 구서동에서 시작해 울산, 대구, 대전, 청주 방면을 지나 서울 서초구 양재동에 이른다. 차로는 구간에 따라 4차로에서 12차로까지 다양하다. 이 도로는 아시아 여러 나라를 잇는 국제 도로망인 아시안 하이웨이 1호선의 한 구간이기도 하다.",1970년 7월 7일,경부고속도로,train
TV 아날로그 송출이 종료된 날짜,"한국에서 텔레비전 방송이 처음 시작된 것은 1956년 5월 12일 HLKZ-TV가 개국하면서이다. 세계에서 열다섯 번째, 아시아에서는 일본과 태국, 필리핀에 이어 네 번째였으며, 서울 종로구 관철동에 스튜디오 하나와 방송용 카메라 두 대를 갖추고 출발했다. 이 방송국은 오래 이어지지 못했고, 그곳에서 일하던 사람들 상당수가 1961년 12월 31일 개국한 국영 KBS 텔레비전으로 자리를 옮겨 본격적인 텔레비전 시대를 열었다. 흑백으로만 나오던 화면은 1980년 12월 1일 KBS 1TV가 컬러 시험 방송을 내보내면서 바뀌기 시작했다. 같은 달 22일부터 다른 채널들도 컬러 방송에 합류했고, 1981년 1월 1일부터 본격적인 컬러 방송이 이루어졌다. 한국의 컬러 방송은 세계에서 81번째로 늦은 편이었다. 이후 기술 발전에 따라 아날로그 방송은 2012년 12월 31일 끝났고, 지상파는 디지털 방송으로 완전히 넘어갔다.",2012년 12월 31일,한국의 텔레비전 방송,train
카스피해로 가장 많은 물이 흘러드는 강은?,"카스피해는 유럽과 아시아 사이에 있는 세계에서 가장 넓은 호수로, 넓이가 약 371,000제곱킬로미터에 이른다. 바다라는 이름이 붙었지만 대양과 이어져 있지 않은 내륙의 물이다. 러시아, 아제르바이잔, 이란, 카자흐스탄, 투르크메니스탄 다섯 나라가 호숫가를 둘러싸고 있다. 수면은 해수면보다 약 27미터 낮고, 남북 길이는 약 1,200킬로미터이다.
북쪽은 얕고 남쪽으로 갈수록 깊어져 가장 깊은 곳은 1,025미터에 이른다. 물의 염분은 약 1.2퍼센트로 보통 바닷물의 3분의 1 정도이다. 가장 많은 물을 보내 주는 강은 유럽에서 가장 긴 강인 볼가강이다. 이 호수에는 철갑상어가 많이 살아 그 알로 만든 캐비아의 산지로 이름나 있으며, 호수 밑과 주변 땅에는 석유와 천연가스가 풍부하다. 동쪽 기슭의 카라보가즈골만은 물이 얕고 증발이 심해 염분이 매우 높은 석호이다.",볼가강,카스피해,train
금성 지표면의 기압은 지구와 비교하면 몇 배 정도야?,"태양계는 태양과, 그 중력에 붙들려 태양 둘레를 도는 행성, 왜행성, 위성, 소행성, 혜성 같은 천체를 모두 아우르는 말이다. 아래에서는 태양계가 어떻게 생겨났는지 살펴본 뒤, 안쪽에서 바깥쪽으로 나아가며 태양계를 이루는 천체들을 차례로 정리한다.
## 태양계의 탄생
태양계의 나이는 약 46억 년으로 추정된다. 널리 받아들여지는 성운설에 따르면, 우주 공간에 떠 있던 가스와 먼지 구름이 자체 중력으로 뭉치며 회전하기 시작했고, 한가운데에 물질이 모여 태양이 되었다. 태양 둘레에 원반 모양으로 남은 물질은 식으면서 서로 들러붙어 점점 큰 덩어리로 자랐고, 이것들이 행성과 여러 작은 천체가 되었다. 행성들이 거의 같은 평면 위에서 같은 방향으로 태양을 도는 것도 이렇게 하나의 회전하는 원반에서 태어났기 때문으로 설명된다. 오늘날 태양은 태양계 전체 질량의 99.86퍼센트를 차지한다. 지구와 태양 사이의 평균 거리는 1천문단위(AU)라고 하며, 태양계 안의 거리를 나타낼 때 기준으로 쓰인다.
## 안쪽의 암석 행성
태양에 가까운 네 행성인 수성, 금성, 지구, 화성은 단단한 암석 표면을 지녀 지구형 행성이라 부른다. 수성은 지름 4,879킬로미터로 가장 작은 행성이며, 88일 만에 태양을 한 바퀴 돌지만 자전 한 번에는 58.6일이 걸린다. 궤도의 이심률이 0.205로 행성 가운데 가장 찌그러진 궤도를 돈다. 대기가 거의 없어 표면 온도가 영하 173도에서 영상 427도 사이를 크게 오간다. 1974년부터 1975년까지 매리너 10호가 처음으로 수성을 찾아갔고, 메신저 탐사선은 수성 궤도를 돌며 조사하다 2015년 4월 30일 표면에 충돌하며 임무를 마쳤다.
금성은 크기와 질량이 지구와 비슷하지만, 두꺼운 이산화탄소 대기가 강한 온실 효과를 일으켜 표면 온도가 약 464도에 이르며 지표의 기압은 지구의 약 95배이다. 공전에는 224.7일이 걸리는 반면 자전에는 243일이 걸리며, 대부분의 행성과 반대 방향으로 돈다. 화성은 지름 6,779킬로미터로 지구의 절반 정도 크기이고, 하루 길이는 약 24시간 37분으로 지구와 비슷하지만 한 해는 약 687일이다. 표면을 덮은 산화철 때문에 붉게 보이며, 대기는 95퍼센트 넘게 이산화탄소이지만 매우 얇아 기압이 지구의 1퍼센트에도 못 미친다. 두 위성 포보스와 데이모스는 1877년 미국의 천문학자 아사프 홀이 발견했다. 태양계에서 가장 높은 산인 올림푸스산과, 길이 약 4,000킬로미터에 깊이가 7킬로미터에 이르는 마리너스 협곡도 화성에 있다. 2021년 2월 18일에는 탐사 로봇 퍼서비어런스가 예제로 크레이터에 내려앉았고, 함께 간 소형 헬리콥터 인저뉴어티가 화성 하늘을 날았다.
## 소행성대
화성과 목성의 궤도 사이, 태양에서 2.3~3.3천문단위 떨어진 곳에는 수많은 암석 덩어리가 모여 도는 소행성대가 있다. 이 가운데 가장 큰 천체는 지름이 약 1,000킬로미터인 세레스로, 오늘날에는 왜행성으로 분류된다. 소행성대의 천체들은 가까이 있는 목성의 강한 중력에 흔들려 하나의 행성으로 뭉치지 못한 것으로 여겨진다.
## 바깥쪽의 거대 행성
소행성대 바깥에는 목성, 토성, 천왕성, 해왕성의 네 거대 행성이 있으며, 이들을 목성형 행성이라 부른다. 이 행성들은 단단한 표면 없이 주로 수소와 헬륨 같은 가벼운 물질로 이루어져 있고, 모두 고리를 지니고 있다. 토성은 적도 지름이 약 12만 킬로미터로 지구의 9.1배이고 질량은 지구의 약 95배이지만, 평균 밀도는 1세제곱센티미터당 0.7그램으로 물보다 가볍다. 태양을 한 바퀴 도는 데 약 29.5년이 걸리는 데 비해 자전은 약 10시간 33분 만에 마친다. 토성의 고리는 1610년 갈릴레이가 처음 보았으나 그 정체를 알지 못했고, 1655년 하위헌스가 행성을 둘러싼 고리라고 설명했다. 고리는 모래알만 한 것부터 큰 덩어리까지 여러 크기의 얼음 조각으로 이루어져 있다. 토성의 가장 큰 위성인 타이탄은 지름이 약 5,150킬로미터이다.
천왕성은 1781년 3월 13일 윌리엄 허셜이 망원경으로 찾아낸 행성으로, 자전축이 약 98도 기울어져 거의 누운 채로 태양을 돈다. 공전 주기는 84년이며, 대기가 붉은빛을 흡수하고 푸른빛과 초록빛을 되돌려 보내 청록색으로 보인다. 1986년 보이저 2호가 가까이 지나가며 관측했다. 해왕성은 천왕성의 움직임이 계산과 어긋나는 데서 그 존재가 예측되었다. 1846년 9월 23일 독일의 요한 갈레가 프랑스의 위르뱅 르베리에가 계산해 준 위치를 망원경으로 살펴 이 행성을 찾아냈다. 해왕성은 태양에서 약 30천문단위 떨어져 있어 한 바퀴 도는 데 약 164.8년이 걸린다. 대기 속 메테인 때문에 짙푸른 빛을 띠며, 초속 600미터에 이르는 태양계에서 가장 빠른 바람이 분다. 가장 큰 위성인 트리톤은 행성의 자전과 반대 방향으로 공전하는데, 카이퍼대에서 붙잡혀 온 천체로 여겨진다. 1989년 8월 25일 곁을 지나간 보이저 2호는 지금까지 해왕성을 찾아간 유일한 탐사선이다.
## 왜행성과 태양계의 끝자락
1930년 발견된 명왕성은 오랫동안 아홉 번째 행성으로 여겨졌으나, 2006년 국제천문연맹(IAU)이 행성의 정의를 새로 정하면서 왜행성으로 분류가 바뀌었다. 현재 왜행성으로 인정된 천체는 세레스, 명왕성, 하우메아, 마케마케, 에리스 다섯이다. 해왕성 바깥, 태양에서 30~50천문단위 떨어진 지역에는 얼음 천체들이 모인 카이퍼대가 있다. 태양에서 뿜어져 나오는 태양풍은 80~100천문단위 부근에서 급격히 느려지는데, 이 경계를 말단 충격이라 한다. 그보다 훨씬 먼 곳에는 태양에서 약 5만 천문단위, 멀게는 10만 천문단위까지 태양계를 공 모양으로 감싸는 오르트 구름이 있을 것으로 생각된다. 주기가 아주 긴 혜성들은 대부분 이곳에서 날아오는 것으로 여겨진다.",약 95배,태양계,train
마젤란 함대 가운데 끝까지 돌아온 배는?,"페르디난드 마젤란은 1480년 무렵 포르투갈에서 태어난 항해가로, 에스파냐 왕 카를로스 1세의 후원을 받아 서쪽으로 돌아 향료 제도에 이르는 뱃길을 찾아 나섰다. 원정대는 배 다섯 척과 선원 약 270명으로 꾸려져 1519년 9월 20일 에스파냐의 산루카르데바라메다 항구를 떠났다. 1520년 11월 28일 남아메리카 남쪽 끝의 좁은 물길을 빠져나왔으며, 이 해협에는 훗날 그의 이름이 붙었다. 해협을 지나 만난 넓은 바다에 그는 태평양이라는 이름을 지어 주었다.
그러나 마젤란은 1521년 4월 27일 필리핀의 막탄섬에서 추장 라푸라푸의 군대와 싸우다 숨졌다. 남은 선원들은 후안 세바스티안 엘카노의 지휘 아래 항해를 이어 갔고, 1522년 9월 6일 빅토리아호 한 척만이 출발했던 항구로 돌아왔다. 끝까지 살아 돌아온 선원은 18명뿐이었다. 에스파냐 왕실은 엘카노를 처음으로 세계를 일주한 사람으로 인정했다. 이 항해는 배를 타고 지구를 한 바퀴 돌 수 있다는 사실을 처음으로 실제로 보여 주었다.",빅토리아호,마젤란의 세계 일주,validation
구텐베르크가 인쇄기로 개조한 기계는 원래 무엇이었나요?,"요하네스 구텐베르크는 1398년 무렵 독일 마인츠에서 태어난 인쇄업자로, 유럽에서 금속 활자 인쇄술을 실용화한 인물이다. 그는 1440년 무렵부터 합금을 부어 활자를 만드는 방법을 연구했고, 금속 활자에 잘 묻는 기름 성분의 잉크를 썼으며, 포도를 짜던 압착기를 고쳐 인쇄기로 사용했다. 이 기술들을 하나로 묶은 덕분에 같은 책을 빠르고 많이 찍어 낼 수 있게 되었다.
대표적인 결과물은 한 쪽에 42줄씩 짜 넣은 이른바 42행 성서로, 1453년에서 1455년 사이에 완성되었다. 이 성서는 약 180부가 인쇄된 것으로 추정되며, 오늘날에는 49부 정도가 전한다. 인쇄 사업에 돈을 댄 요한 푸스트는 나중에 구텐베르크를 상대로 소송을 걸어 이겼고, 인쇄 설비를 넘겨받았다. 구텐베르크는 1468년 2월 3일 세상을 떠났다. 그가 퍼뜨린 인쇄술은 책값을 낮추고 지식이 빠르게 퍼지게 해, 르네상스와 종교 개혁이 유럽 곳곳으로 번지는 바탕이 되었다.",포도를 짜던 압착기,요하네스 구텐베르크,train
챌린저 해연 수심,"마리아나 해구는 서태평양 마리아나 제도의 동쪽 바다 밑에 있는 해구로, 지구에서 가장 깊은 곳이 이곳에 있다. 초승달 모양으로 길게 휘어 있으며, 길이는 약 2,550킬로미터, 너비는 약 69킬로미터이다. 가장 깊은 곳은 해구 남쪽 끝의 챌린저 해연으로, 수심이 약 10,984미터에 이른다. 이 이름은 1875년 이곳의 깊이를 처음 잰 영국의 탐사선 챌린저호에서 따왔다.
해구는 태평양판이 서쪽의 더 작은 마리아나판 아래로 파고들면서 생겼다. 약 1만 1천 미터 깊이에서는 물의 압력이 해수면 대기압의 약 1,071배에 달한다. 1960년 1월 23일 잠수정 트리에스테호가 돈 월시와 자크 피카르를 태우고 처음으로 해구 바닥에 닿았다. 2012년 3월 26일에는 영화감독 제임스 캐머런이 혼자 탄 잠수정 딥시 챌린저호로 10,908미터 깊이까지 내려갔다.","약 10,984미터",마리아나 해구,train
여행 제한 해제를 발표한 동독 대변인 이름,"베를린 장벽은 동독 정부가 서베를린을 둘러싸고 세운 장벽으로, 냉전 시대 독일 분단을 상징하는 구조물이었다. 1961년 8월 13일 새벽 동독 당국은 예고 없이 경계를 막는 공사에 들어갔다. 서베를린을 에워싼 전체 경계의 길이는 약 155킬로미터였고, 그 가운데 동베를린과 서베를린 사이를 가른 구간은 43.1킬로미터였다. 콘크리트 벽의 높이는 3.6미터였으며, 경계를 지키는 감시탑은 302개에 달했다. 장벽을 넘으려다 목숨을 잃은 사람의 수는 조사에 따라 136명에서 200명이 넘는 것까지 차이가 난다.
1989년 11월 9일 동독 정부 대변인 귄터 샤보브스키가 기자 회견에서 여행 제한을 풀겠다고 발표하자 시민들이 검문소로 몰려들었고, 그날 밤 국경이 열렸다. 장벽은 1990년 6월부터 본격적으로 철거되었으며, 동서독은 1990년 10월 3일 하나의 나라로 통일되었다. 남은 벽의 일부는 그림을 그려 넣은 야외 전시 공간인 이스트사이드 갤러리로 보존되어 있다.",귄터 샤보브스키,베를린 장벽,train
세모시는 몇 새 이상의 모시를 말하나요?,"한산 모시짜기는 충청남도 서천군 한산면 일대에서 전해 오는, 모시풀 껍질에서 실을 얻어 옷감을 짜는 기술이다. 원료가 되는 저마는 한 해에 세 번 거두는데, 5월에서 6월 초, 8월 초에서 중순, 10월 초에서 중순이 그 시기이다. 베어 낸 줄기의 겉껍질을 벗겨 태모시를 만들고, 이를 이로 가늘게 쪼개는 모시째기, 쪼갠 올을 무릎에 대고 비벼 잇는 모시삼기를 거친다. 이어 실을 뭉치로 만드는 모시굿 만들기, 날실의 길이와 올 수를 맞추는 모시날기, 풀을 먹여 실을 다듬는 모시매기를 지나 베틀에서 모시짜기를 하고 마지막으로 표백한다. 모시의 곱기는 새라는 단위로 나타내며 7새부터 15새까지 있는데, 10새 이상의 고운 것을 세모시라 부른다. 한산 모시짜기는 1967년 1월 16일 국가무형문화재 제14호로 지정되었고, 2011년 유네스코 인류무형유산 대표목록에 올랐다. 서천에서는 이 전통을 알리는 한산모시문화제가 해마다 열린다.",10새 이상,한산 모시짜기,train
정월 대보름에 논밭 둑에 불을 지르는 놀이 이름,"정월 대보름은 음력 1월 15일, 새해 들어 처음으로 보름달이 뜨는 날을 기리는 명절이다. 농사를 시작하는 해의 첫 보름이어서 예전에는 설만큼 중요하게 여겼다. 이른 아침에는 호두와 땅콩, 밤 같은 단단한 열매를 깨무는 부럼 깨기를 하는데, 이렇게 하면 한 해 동안 부스럼이 나지 않는다고 믿었다. 다섯 가지 곡식을 섞어 지은 오곡밥과 말려 두었던 여러 가지 묵은 나물을 먹고, 귀가 밝아지라는 뜻으로 데우지 않은 술을 한 잔씩 마시는 귀밝이술 풍습도 있다. 해가 뜨기 전 친구의 이름을 불러 대답하면 내 더위를 사라고 외치는 더위팔기도 이날의 놀이이다. 저녁에는 높은 곳에 올라 달을 맞이하며 소원을 빌고 달빛으로 그해 농사를 점쳤다. 짚과 솔가지로 쌓은 달집을 태우며 액운을 쫓는 달집태우기와, 논둑과 밭둑에 불을 놓아 해충을 없애는 쥐불놀이도 이 무렵 벌였다. 삼국유사에는 신라 소지왕이 까마귀 덕분에 위기를 피한 뒤 보름날 까마귀에게 찰밥을 바치게 했다는 이야기가 실려 있어, 약밥을 먹는 풍습의 유래로 전한다.",쥐불놀이,정월 대보름,train
이 지문에서 앙코르 와트를 유럽에 알렸다고 소개한 사람은 누구야?,"앙코르 와트는 캄보디아 시엠레아프주에 있는 거대한 사원으로, 12세기 크메르 제국의 왕 수리야바르만 2세 때 지어졌다. 수리야바르만 2세는 1113년부터 1150년 무렵까지 나라를 다스렸다. 처음에는 힌두교의 신 비슈누에게 바친 사원이었으나, 뒤에 불교 사원으로 쓰이게 되었다. 사원을 둘러싼 해자는 너비가 190미터, 둘레가 약 5킬로미터에 이른다.
가운데에 솟은 탑을 네 개의 탑이 둘러싸 모두 다섯 개의 탑이 중심부를 이루며, 가장 높은 중앙탑은 지면에서 약 65미터 높이이다. 대부분의 크메르 사원이 동쪽을 향하는 것과 달리 정문이 서쪽을 향하고 있다는 점이 특징이다. 벽과 기둥에는 천상의 무희인 압사라를 새긴 조각이 약 1,796점 남아 있다. 19세기 중반 프랑스의 박물학자 앙리 무오가 여행기를 통해 이 사원을 유럽에 널리 알렸다. 1992년 앙코르 유적의 일부로 유네스코 세계유산에 등재되었으며, 캄보디아 국기에도 이 사원의 모습이 그려져 있다.",앙리 무오,앙코르 와트,train
"지역마다 가락과 노랫말이 달라 수많은 갈래가 있으며, 그 가운데 강원도의 정선아리랑, 전라남도의 진도아리랑, 경상남도의 밀양아리랑이 널리 알려져 있다","아리랑은 '아리랑'이라는 말이 든 후렴을 공통으로 지닌 한국 민요를 두루 이르는 이름이다. 지역마다 가락과 노랫말이 달라 수많은 갈래가 있으며, 그 가운데 강원도의 정선아리랑, 전라남도의 진도아리랑, 경상남도의 밀양아리랑이 널리 알려져 있다. 한반도 중부의 태백산맥 일대, 특히 정선 지역에서 불리던 노래가 여러 고장으로 퍼져 나갔다는 견해가 있다. 1926년에는 나운규가 만든 무성 영화 '아리랑'이 개봉해 큰 인기를 끌었고, 이 영화와 함께 퍼진 경기 지방 가락의 아리랑이 오늘날 가장 흔히 불린다. 가락이 단순해 누구나 쉽게 따라 부를 수 있고 그때그때 새 노랫말을 지어 붙일 수 있어, 아리랑은 세대와 지역을 넘어 함께 부르는 노래로 이어져 왔다. 대한민국은 2012년 아리랑을 유네스코 인류무형유산에 올렸고, 북한도 2014년 따로 등재했다. 국내에서는 2015년 9월 국가무형문화재 제129호로 지정되었는데, 특정 보유자나 보유단체를 인정하지 않고 지정한 첫 사례였다.",지역마다,아리랑,test
설날에 떡국을 먹는 데는 어떤 의미가 있나요?,"설날은 음력 1월 1일로, 한 해를 새로 여는 한국의 대표 명절이다. 양력 1월 1일을 신정이라 부르는 것과 구별해 구정이나 음력설이라고도 한다. 아침에는 조상에게 차례를 지내고, 웃어른께 세배를 올리며 덕담과 세뱃돈을 주고받는다. 새해에 새로 장만해 입는 옷은 설빔이라 하고, 흰 가래떡을 얇게 썰어 끓인 떡국을 먹으며 나이를 한 살 더 먹는다고 여긴다. 가족과 이웃이 모여 윷놀이나 연날리기, 널뛰기를 하며 명절을 즐겼다. 1895년 을미개혁으로 양력이 공식 역법이 되면서 음력 설은 오랫동안 공식 휴일 자리를 잃었다. 그러다 1985년 민속의 날이라는 이름으로 하루가 공휴일로 지정되었고, 1989년에는 설날이라는 본래 이름을 되찾으면서 전날과 다음 날을 더한 사흘 연휴가 되었다. 음력 새해를 쇠는 풍습은 한국만의 것이 아니어서, 중국에서는 춘절, 베트남에서는 뗏이라는 이름으로 큰 명절을 보낸다.",나이를 한 살 더 먹는다고 여긴다,설날,train
인슐린 주사로 처음 치료받은 환자는 누구인가요?,"인슐린은 이자(췌장)의 랑게르한스섬에 있는 베타 세포에서 만들어지는 호르몬으로, 혈액 속 포도당의 양을 낮추는 일을 한다. 이 호르몬이 모자라거나 제대로 작용하지 못하면 당뇨병이 생긴다. 1921년 캐나다 토론토 대학교의 프레더릭 밴팅과 찰스 베스트가 개의 이자에서 인슐린을 뽑아내는 데 성공했다. 이듬해인 1922년에는 14세 소년 레너드 톰프슨이 인슐린 주사를 맞은 첫 환자가 되었고, 그의 병세는 눈에 띄게 나아졌다.
1923년 노벨 생리의학상은 밴팅과 연구실 책임자였던 존 매클라우드에게 돌아갔다. 소의 인슐린은 아미노산 21개로 된 A 사슬과 30개로 된 B 사슬로 이루어져 있다. 1955년 영국의 프레더릭 생어는 인슐린을 이루는 아미노산의 순서를 밝혀, 단백질의 아미노산 서열을 처음으로 모두 알아냈다. 오늘날에는 유전자 재조합 기술로 사람 인슐린을 대량으로 만들어 당뇨병 치료에 쓰고 있다.",레너드 톰프슨,인슐린,train
흑사병을 일으킨 세균 이름,"흑사병은 14세기 중반 유럽을 휩쓴 페스트의 대유행을 가리키는 이름으로, 유럽에서는 1347년부터 1353년 무렵까지 크게 번졌다. 병원균은 예르시니아 페스티스라는 세균이며, 1894년 프랑스의 알렉상드르 예르생과 일본의 기타자토 시바사부로가 각각 찾아냈다. 이 균은 주로 병든 쥐의 피를 빤 벼룩이 사람을 물면서 옮겨졌다. 1347년 크림반도의 항구 카파(오늘날의 페오도시야)에서 감염된 제노바 상인들이 시칠리아의 메시나 항에 들어오면서 병이 유럽 곳곳으로 퍼졌다.
유럽 인구의 30~60퍼센트가 목숨을 잃은 것으로 추정되며, 연구에 따라 희생자를 7,500만 명에서 2억 명까지로 본다. 증상에 따라 림프샘이 붓는 선페스트, 폐로 번지는 폐페스트, 혈액으로 퍼지는 패혈성 페스트로 나뉘는데, 폐페스트는 치사율이 95퍼센트에 이를 만큼 무서웠다. 1377년 라구사(오늘날의 두브로브니크)는 새로 들어온 사람을 30일 동안 따로 머물게 하는 규정을 만들었다. 1448년 베네치아가 이 기간을 40일로 늘렸는데, 40일을 뜻하는 베네치아 말이 오늘날 검역을 가리키는 영어 단어의 어원이 되었다.",예르시니아 페스티스,흑사병,validation
대피라미드 지금 높이,"기자의 대피라미드는 이집트 제4왕조의 파라오 쿠푸의 무덤으로, 카이로 근교 기자 고원에 서 있는 세 피라미드 가운데 가장 크다. 기원전 2560년 무렵 완성되었으며, 짓는 데 14년에서 20년가량 걸린 것으로 추정된다. 공사를 이끈 건축가는 헤미우누로 알려져 있다. 처음 높이는 약 146.8미터였으나 겉을 덮은 마감돌이 떨어져 나가 지금은 138.9미터이다.
밑변 한 변의 길이는 약 230.4미터이고, 네 변의 길이 차이가 58밀리미터에 불과할 만큼 정밀하게 지어졌으며, 네 면은 동서남북을 정확히 향한다. 평균 2.5톤짜리 돌 약 230만 개가 쓰였고 전체 무게는 약 590만 톤에 이른다. 1311년 잉글랜드의 링컨 대성당이 완성되기 전까지 약 3,800년 동안 사람이 만든 건축물 가운데 가장 높았다. 내부에는 왕의 방과 왕비의 방, 그리고 바닥의 암반을 파 들어간 미완성 방이 있다. 고대 세계의 7대 불가사의 가운데 지금까지 남아 있는 것은 이 피라미드 하나뿐이다.",138.9미터,기자의 대피라미드,train
투르 드 프랑스 마지막 구간은 어디에서 끝나나요?,"투르 드 프랑스는 해마다 7월에 약 3주 동안 프랑스 곳곳을 달리는 프로 도로 사이클 대회이다. 1903년 한 스포츠 신문의 편집장 앙리 데그랑주가 경쟁 신문의 자전거 대회에 맞서 신문 판매를 늘리려는 목적으로 처음 열었다. 대회는 20여 개의 구간으로 이루어지며, 전체 거리는 해마다 달라 대략 3,000킬로미터에서 4,000킬로미터에 이른다. 종합 우승자는 모든 구간의 기록을 더한 시간이 가장 짧은 선수이다. 구간마다 종합 선두는 노란색 저지를, 구간 순위에 따른 점수 부문 선두는 초록색 저지를, 산악 구간 성적이 가장 좋은 선수는 흰 바탕에 빨간 물방울무늬 저지를 입는다. 1975년부터는 파리 샹젤리제 거리에서 마지막 구간을 마무리하고 있다. 두 차례 세계 대전 기간을 빼고는 거의 해마다 열렸다. 이탈리아의 지로 디탈리아, 스페인의 부엘타 아 에스파냐와 함께 3대 그랜드 투어로 불린다.",파리 샹젤리제 거리,투르 드 프랑스,train
공기 중 산소는 몇 퍼센트를 차지해?,"지구를 감싸고 있는 공기층을 대기라고 한다. 대기는 생물이 숨 쉬는 데 필요한 기체를 품고, 우주에서 오는 해로운 빛을 걸러 내며, 낮과 밤의 기온 차를 줄여 준다. 대기는 높이에 따라 기온이 달라지는 방식을 기준으로 여러 층으로 나뉜다.
## 대기의 성분과 무게
마른 공기를 이루는 기체는 부피로 따져 질소가 78.084퍼센트, 산소가 20.946퍼센트, 아르곤이 0.934퍼센트이다. 나머지 아주 적은 부분을 이산화탄소와 네온, 헬륨 같은 기체가 채운다. 공기에도 무게가 있어서, 해수면에서 대기가 누르는 평균 압력은 1013.25헥토파스칼이며 이를 1기압이라 한다. 공기는 아래쪽에 몰려 있어 대기 전체 질량의 절반은 높이 5.6킬로미터 아래에, 90퍼센트는 16킬로미터 아래에 있다.
## 대기가 하는 일
대기 속의 수증기, 이산화탄소, 메테인, 오존 같은 기체는 땅에서 빠져나가는 열의 일부를 붙잡아 지표를 따뜻하게 유지하는데, 이를 온실 효과라 한다. 온실 기체 가운데 온실 효과에 가장 크게 기여하는 것은 수증기이고 그다음이 이산화탄소이다. 만약 대기가 없다면 지표는 낮에 햇빛을 받아 크게 달아오르고, 해가 진 밤에는 열이 모두 빠져나가 영하 100도 아래로 떨어질 것으로 여겨진다.
## 대기의 역사
지구의 대기가 처음부터 지금과 같았던 것은 아니다. 산소가 늘어나기 전의 옛 대기는 주로 질소와 이산화탄소로 이루어져 있었고, 산소는 오늘날의 10만분의 1 수준에 불과했다. 약 24억 6천만 년 전부터 20억 6천만 년 전 사이에 광합성으로 산소를 내놓는 남세균이 번성하면서 대기 속 산소가 크게 늘었는데, 이를 대산화 사건이라 한다. 이때 바닷물에 녹아 있던 철이 산소와 만나 가라앉으면서 줄무늬 모양의 호상 철광층이 두껍게 쌓였다.
## 대류권
땅에 가장 가까운 층은 대류권이다. 두께는 위도에 따라 달라서 중위도에서는 약 11킬로미터, 열대 지방에서는 16~18킬로미터, 극지방에서는 10킬로미터가 채 안 된다. 대기 질량의 대부분이 이 층에 담겨 있다. 이 층에서는 높이 올라갈수록 기온이 떨어지는데, 1킬로미터마다 평균 6.4도 정도 낮아진다. 따뜻한 공기가 위로 오르고 찬 공기가 내려오는 대류가 활발하며, 수증기도 대부분 이 층에 있어 구름, 비, 눈 같은 날씨 변화가 거의 모두 여기서 일어난다. 대류권이라는 이름도 돌고 섞인다는 뜻의 그리스어에서 나왔다. 대류권의 맨 윗부분인 대류권계면의 기온은 중위도에서 영하 52도 안팎이고, 열대 지방에서는 영하 75도까지 내려간다.
## 성층권
대류권 위로 약 50킬로미터 높이까지는 성층권이 이어지며, 극지방에서는 8킬로미터 부근부터 시작되기도 한다. 높이 올라가도 기온이 더 내려가지 않는 이 층의 존재는 1902년 프랑스의 레옹 테스랑 드 보르와 독일의 리하르트 아스만이 기구 관측 결과를 발표하면서 처음 알려졌다. 성층권에서는 대류권과 반대로 높이 올라갈수록 기온이 오른다. 이 층에 모인 오존이 태양의 자외선을 흡수하면서 열을 내기 때문이다. 오존의 농도는 약 20~25킬로미터 높이에서 가장 높고, 성층권의 꼭대기에 이르면 기온이 약 270켈빈으로 지표와 비슷해진다. 위쪽이 따뜻하고 아래쪽이 찬 구조여서 공기가 위아래로 잘 섞이지 않고 안정되어 있다. 여객기는 흔히 대류권 윗부분에서 성층권 아래쪽에 걸친 9~12킬로미터 높이를 날아 날씨의 영향을 덜 받는다.
## 중간권
약 50킬로미터에서 80킬로미터 사이는 중간권이다. 이곳에서는 다시 높이 올라갈수록 기온이 떨어져, 중간권 윗부분은 영하 100도 안팎까지 내려가며 꼭대기인 중간권계면은 대기에서 가장 추운 곳이 된다. 우주에서 날아든 작은 돌 부스러기는 대부분 이 층에서 공기와 부딪혀 타 버리는데, 밤하늘의 별똥별이 바로 이것이다. 이렇게 지구로 들어오는 유성 물질은 한 해에 약 4만 톤에 이른다. 여름철 극지방에서는 이 높이에 야광운이라는 얇은 구름이 생기며, 뇌우 위쪽으로 붉은 스프라이트 같은 번개 방전이 솟구치기도 한다. 비행기가 오르기에는 너무 높고 인공위성이 돌기에는 너무 낮아서, 관측 로켓으로 몇 분 동안 잴 수 있을 뿐인 가장 조사하기 까다로운 층으로 꼽힌다.
## 열권과 외기권
중간권 위의 열권은 약 80킬로미터에서 시작해 500킬로미터가 넘는 높이까지 이어진다. 공기는 매우 희박하지만 태양에서 오는 강한 자외선과 X선을 흡수해, 기온이 태양 활동에 따라 섭씨 2,000도 가까이 오르기도 한다. 그래도 기체 입자가 워낙 적어서 물체에 전해지는 열은 아주 적다. 이 층에서는 기체가 이온으로 바뀌어 전리층이 만들어지고, 극지방의 밤하늘을 물들이는 오로라가 나타난다. 흔히 우주가 시작되는 경계로 보는 카르만 선은 높이 100킬로미터에 그어져 있으며, 국제 우주 정거장도 열권 안을 돌고 있다. 열권 위의 외기권은 태양 활동에 따라 높이 500~1,000킬로미터 부근에서 시작하며, 공기 입자가 우주 공간으로 조금씩 빠져나가는 대기의 가장 바깥층이다. 이곳의 기체는 대부분 가벼운 수소와 헬륨이고, 많은 인공위성이 이 높이에서 지구를 돈다. 외기권의 바깥 경계는 정하는 기준에 따라 1만 킬로미터 부근에서 그보다 훨씬 먼 곳까지로 다르게 본다. 지구를 넓게 감싼 수소는 우주에서 보면 희미한 빛의 띠로 나타나는데, 이를 지오코로나라고 한다.",20.946퍼센트,지구의 대기,validation
이 문서에 나온 탐사선은 발사 당시 무게가 얼마였어?,"보이저 1호는 미국 항공우주국(NASA)이 1977년 9월 5일 발사한 무인 우주 탐사선이다. 쌍둥이 탐사선인 보이저 2호는 이보다 앞선 같은 해 8월 20일에 먼저 발사되었다. 발사 당시 무게는 815킬로그램이었으며, 햇빛이 약한 먼 우주에서도 전기를 얻도록 플루토늄-238이 붕괴할 때 나오는 열을 이용하는 원자력 전지 세 개를 달았다.
보이저 1호는 1979년 3월 5일 목성에 약 34만 9천 킬로미터까지 다가갔고, 1980년 11월 12일에는 토성에 약 12만 4천 킬로미터까지 접근해 두 행성과 위성들의 모습을 보내왔다. 1990년 2월 14일에는 약 60억 킬로미터 떨어진 곳에서 뒤를 돌아 지구를 찍었는데, 먼지 같은 점 하나로 보이는 이 사진은 창백한 푸른 점이라는 이름으로 널리 알려졌다. 2012년 8월 25일에는 태양풍이 미치는 범위를 벗어나 성간 공간에 들어선 첫 인공 물체가 되었다. 탐사선에는 지구의 사진과 소리, 55개 언어로 된 인사말, 여러 나라의 음악을 담은 골든 레코드가 실려 있다. 보이저 1호는 지금도 지구에서 가장 멀리 떨어진 인공 물체이다.",815킬로그램,보이저 1호,train
태양계 위성 중에서 가장 큰 것,"목성은 태양계에서 가장 큰 행성으로, 적도 지름이 142,984킬로미터이고 질량은 지구의 약 318배이다. 태양에서 평균 5.2천문단위 떨어져 있으며, 한 번 공전하는 데 약 11.86년이 걸린다. 반면 자전은 매우 빨라 하루의 길이가 9시간 50분 남짓에 불과하다. 단단한 표면이 없는 거대 가스 행성으로, 대기는 대부분 수소이고 나머지는 주로 헬륨이다. 남반구에 보이는 거대한 소용돌이 폭풍인 대적점은 가로 길이만으로도 지구 지름보다 길다.
1610년 갈릴레오 갈릴레이는 망원경으로 목성 둘레를 도는 위성 네 개를 발견했다. 이오, 유로파, 가니메데, 칼리스토로 이루어진 이 위성들을 갈릴레이 위성이라 부른다. 그 가운데 가니메데는 지름이 5,262킬로미터로 태양계 위성 가운데 가장 크며 행성인 수성보다도 크다. 지금까지 확인된 목성의 위성은 90개가 넘는다. 1994년 7월에는 슈메이커-레비 9 혜성의 조각들이 목성에 잇달아 부딪쳤다. 갈릴레오 궤도선이 1995년부터 2003년까지 목성을 조사했고, 주노 탐사선은 2016년 7월 4일 목성에 도착했다.",가니메데,목성,train
우리나라에서 컬러 방송이 본격적으로 시작된 날,"한국에서 텔레비전 방송이 처음 시작된 것은 1956년 5월 12일 HLKZ-TV가 개국하면서이다. 세계에서 열다섯 번째, 아시아에서는 일본과 태국, 필리핀에 이어 네 번째였으며, 서울 종로구 관철동에 스튜디오 하나와 방송용 카메라 두 대를 갖추고 출발했다. 이 방송국은 오래 이어지지 못했고, 그곳에서 일하던 사람들 상당수가 1961년 12월 31일 개국한 국영 KBS 텔레비전으로 자리를 옮겨 본격적인 텔레비전 시대를 열었다. 흑백으로만 나오던 화면은 1980년 12월 1일 KBS 1TV가 컬러 시험 방송을 내보내면서 바뀌기 시작했다. 같은 달 22일부터 다른 채널들도 컬러 방송에 합류했고, 1981년 1월 1일부터 본격적인 컬러 방송이 이루어졌다. 한국의 컬러 방송은 세계에서 81번째로 늦은 편이었다. 이후 기술 발전에 따라 아날로그 방송은 2012년 12월 31일 끝났고, 지상파는 디지털 방송으로 완전히 넘어갔다.",1981년 1월 1일,한국의 텔레비전 방송,train
격리 기간을 40일로 늘린 도시는 어디였어?,"흑사병은 14세기 중반 유럽을 휩쓴 페스트의 대유행을 가리키는 이름으로, 유럽에서는 1347년부터 1353년 무렵까지 크게 번졌다. 병원균은 예르시니아 페스티스라는 세균이며, 1894년 프랑스의 알렉상드르 예르생과 일본의 기타자토 시바사부로가 각각 찾아냈다. 이 균은 주로 병든 쥐의 피를 빤 벼룩이 사람을 물면서 옮겨졌다. 1347년 크림반도의 항구 카파(오늘날의 페오도시야)에서 감염된 제노바 상인들이 시칠리아의 메시나 항에 들어오면서 병이 유럽 곳곳으로 퍼졌다.
유럽 인구의 30~60퍼센트가 목숨을 잃은 것으로 추정되며, 연구에 따라 희생자를 7,500만 명에서 2억 명까지로 본다. 증상에 따라 림프샘이 붓는 선페스트, 폐로 번지는 폐페스트, 혈액으로 퍼지는 패혈성 페스트로 나뉘는데, 폐페스트는 치사율이 95퍼센트에 이를 만큼 무서웠다. 1377년 라구사(오늘날의 두브로브니크)는 새로 들어온 사람을 30일 동안 따로 머물게 하는 규정을 만들었다. 1448년 베네치아가 이 기간을 40일로 늘렸는데, 40일을 뜻하는 베네치아 말이 오늘날 검역을 가리키는 영어 단어의 어원이 되었다.",베네치아,흑사병,train
태양계 전체 질량 가운데 태양이 차지하는 비율,"태양계는 태양과, 그 중력에 붙들려 태양 둘레를 도는 행성, 왜행성, 위성, 소행성, 혜성 같은 천체를 모두 아우르는 말이다. 아래에서는 태양계가 어떻게 생겨났는지 살펴본 뒤, 안쪽에서 바깥쪽으로 나아가며 태양계를 이루는 천체들을 차례로 정리한다.
## 태양계의 탄생
태양계의 나이는 약 46억 년으로 추정된다. 널리 받아들여지는 성운설에 따르면, 우주 공간에 떠 있던 가스와 먼지 구름이 자체 중력으로 뭉치며 회전하기 시작했고, 한가운데에 물질이 모여 태양이 되었다. 태양 둘레에 원반 모양으로 남은 물질은 식으면서 서로 들러붙어 점점 큰 덩어리로 자랐고, 이것들이 행성과 여러 작은 천체가 되었다. 행성들이 거의 같은 평면 위에서 같은 방향으로 태양을 도는 것도 이렇게 하나의 회전하는 원반에서 태어났기 때문으로 설명된다. 오늘날 태양은 태양계 전체 질량의 99.86퍼센트를 차지한다. 지구와 태양 사이의 평균 거리는 1천문단위(AU)라고 하며, 태양계 안의 거리를 나타낼 때 기준으로 쓰인다.
## 안쪽의 암석 행성
태양에 가까운 네 행성인 수성, 금성, 지구, 화성은 단단한 암석 표면을 지녀 지구형 행성이라 부른다. 수성은 지름 4,879킬로미터로 가장 작은 행성이며, 88일 만에 태양을 한 바퀴 돌지만 자전 한 번에는 58.6일이 걸린다. 궤도의 이심률이 0.205로 행성 가운데 가장 찌그러진 궤도를 돈다. 대기가 거의 없어 표면 온도가 영하 173도에서 영상 427도 사이를 크게 오간다. 1974년부터 1975년까지 매리너 10호가 처음으로 수성을 찾아갔고, 메신저 탐사선은 수성 궤도를 돌며 조사하다 2015년 4월 30일 표면에 충돌하며 임무를 마쳤다.
금성은 크기와 질량이 지구와 비슷하지만, 두꺼운 이산화탄소 대기가 강한 온실 효과를 일으켜 표면 온도가 약 464도에 이르며 지표의 기압은 지구의 약 95배이다. 공전에는 224.7일이 걸리는 반면 자전에는 243일이 걸리며, 대부분의 행성과 반대 방향으로 돈다. 화성은 지름 6,779킬로미터로 지구의 절반 정도 크기이고, 하루 길이는 약 24시간 37분으로 지구와 비슷하지만 한 해는 약 687일이다. 표면을 덮은 산화철 때문에 붉게 보이며, 대기는 95퍼센트 넘게 이산화탄소이지만 매우 얇아 기압이 지구의 1퍼센트에도 못 미친다. 두 위성 포보스와 데이모스는 1877년 미국의 천문학자 아사프 홀이 발견했다. 태양계에서 가장 높은 산인 올림푸스산과, 길이 약 4,000킬로미터에 깊이가 7킬로미터에 이르는 마리너스 협곡도 화성에 있다. 2021년 2월 18일에는 탐사 로봇 퍼서비어런스가 예제로 크레이터에 내려앉았고, 함께 간 소형 헬리콥터 인저뉴어티가 화성 하늘을 날았다.
## 소행성대
화성과 목성의 궤도 사이, 태양에서 2.3~3.3천문단위 떨어진 곳에는 수많은 암석 덩어리가 모여 도는 소행성대가 있다. 이 가운데 가장 큰 천체는 지름이 약 1,000킬로미터인 세레스로, 오늘날에는 왜행성으로 분류된다. 소행성대의 천체들은 가까이 있는 목성의 강한 중력에 흔들려 하나의 행성으로 뭉치지 못한 것으로 여겨진다.
## 바깥쪽의 거대 행성
소행성대 바깥에는 목성, 토성, 천왕성, 해왕성의 네 거대 행성이 있으며, 이들을 목성형 행성이라 부른다. 이 행성들은 단단한 표면 없이 주로 수소와 헬륨 같은 가벼운 물질로 이루어져 있고, 모두 고리를 지니고 있다. 토성은 적도 지름이 약 12만 킬로미터로 지구의 9.1배이고 질량은 지구의 약 95배이지만, 평균 밀도는 1세제곱센티미터당 0.7그램으로 물보다 가볍다. 태양을 한 바퀴 도는 데 약 29.5년이 걸리는 데 비해 자전은 약 10시간 33분 만에 마친다. 토성의 고리는 1610년 갈릴레이가 처음 보았으나 그 정체를 알지 못했고, 1655년 하위헌스가 행성을 둘러싼 고리라고 설명했다. 고리는 모래알만 한 것부터 큰 덩어리까지 여러 크기의 얼음 조각으로 이루어져 있다. 토성의 가장 큰 위성인 타이탄은 지름이 약 5,150킬로미터이다.
천왕성은 1781년 3월 13일 윌리엄 허셜이 망원경으로 찾아낸 행성으로, 자전축이 약 98도 기울어져 거의 누운 채로 태양을 돈다. 공전 주기는 84년이며, 대기가 붉은빛을 흡수하고 푸른빛과 초록빛을 되돌려 보내 청록색으로 보인다. 1986년 보이저 2호가 가까이 지나가며 관측했다. 해왕성은 천왕성의 움직임이 계산과 어긋나는 데서 그 존재가 예측되었다. 1846년 9월 23일 독일의 요한 갈레가 프랑스의 위르뱅 르베리에가 계산해 준 위치를 망원경으로 살펴 이 행성을 찾아냈다. 해왕성은 태양에서 약 30천문단위 떨어져 있어 한 바퀴 도는 데 약 164.8년이 걸린다. 대기 속 메테인 때문에 짙푸른 빛을 띠며, 초속 600미터에 이르는 태양계에서 가장 빠른 바람이 분다. 가장 큰 위성인 트리톤은 행성의 자전과 반대 방향으로 공전하는데, 카이퍼대에서 붙잡혀 온 천체로 여겨진다. 1989년 8월 25일 곁을 지나간 보이저 2호는 지금까지 해왕성을 찾아간 유일한 탐사선이다.
## 왜행성과 태양계의 끝자락
1930년 발견된 명왕성은 오랫동안 아홉 번째 행성으로 여겨졌으나, 2006년 국제천문연맹(IAU)이 행성의 정의를 새로 정하면서 왜행성으로 분류가 바뀌었다. 현재 왜행성으로 인정된 천체는 세레스, 명왕성, 하우메아, 마케마케, 에리스 다섯이다. 해왕성 바깥, 태양에서 30~50천문단위 떨어진 지역에는 얼음 천체들이 모인 카이퍼대가 있다. 태양에서 뿜어져 나오는 태양풍은 80~100천문단위 부근에서 급격히 느려지는데, 이 경계를 말단 충격이라 한다. 그보다 훨씬 먼 곳에는 태양에서 약 5만 천문단위, 멀게는 10만 천문단위까지 태양계를 공 모양으로 감싸는 오르트 구름이 있을 것으로 생각된다. 주기가 아주 긴 혜성들은 대부분 이곳에서 날아오는 것으로 여겨진다.",99.86퍼센트,태양계,train
K리그 1부 2부 승강제는 언제 시작됐어?,"K리그는 한국프로축구연맹이 운영하는 대한민국의 프로 축구 리그이다. 1983년 수퍼리그라는 이름으로 출범했으며, 첫해에는 프로 구단 두 곳과 실업 구단 세 곳을 합쳐 다섯 팀이 참가했다. 대회 이름은 1984년 축구대제전, 1987년 한국프로축구대회로 바뀌었고, 리그를 관장하는 한국프로축구연맹은 1994년 7월 30일에 설립되었다. 2013년에는 1부와 2부로 리그를 나누고 성적에 따라 오르내리는 승강제를 도입하면서 1부를 K리그 클래식, 2부를 K리그 챌린지라 불렀다. 2018년에 두 이름은 각각 K리그1과 K리그2로 바뀌었다. 2025년 시즌 기준으로 1부인 K리그1에는 열두 개 구단이 참가하며, 33라운드까지 치른 뒤 상위 여섯 팀은 파이널 A, 하위 여섯 팀은 파이널 B로 나뉘어 다섯 경기를 더 치러 모두 38라운드로 시즌을 마친다. 파이널 A에서는 우승과 아시아 대회 출전권을, 파이널 B에서는 강등을 피하기 위한 경쟁이 벌어진다.",2013년,K리그,train
이것은 어느 올림픽에서 처음 정식 종목이 되었는가?,"탁구는 가운데 네트를 친 탁자를 사이에 두고 라켓으로 작은 공을 번갈아 쳐 넘기는 구기 종목이다. 1880년대 영국 상류층 사람들이 저녁 식사 뒤 식탁 위에서 즐기던 놀이에서 비롯되었으며, 공이 탁자와 라켓에 부딪히는 소리를 따서 핑퐁이라고도 불렀다. 셀룰로이드 공과 고무를 붙인 라켓이 등장하면서 오늘날의 경기 모습이 갖추어졌다. 국제 경기를 관장하는 국제탁구연맹은 1926년에 창설되었다. 탁구대는 길이 2.74미터, 너비 1.525미터, 높이 76센티미터이며, 네트 높이는 15.25센티미터이다. 공의 지름은 2000년에 38밀리미터에서 40밀리미터로 커졌는데, 공이 느려지면서 랠리가 길어지고 관중이 경기를 따라가기 쉬워졌다. 점수 방식도 2001년 21점제에서 11점제로 바뀌었고, 10 대 10이 되면 먼저 2점을 앞서는 쪽이 게임을 가져간다. 탁구는 1988년 서울 올림픽에서 처음 정식 종목으로 채택되었다.",1988년 서울 올림픽,탁구,train
"주 40시간 근무제가 처음에는 공기업이나 금융업, 규모가 큰 회사부터 시작해서 사업장 크기에 따라 해마다 조금씩 넓혀 갔다고 알고 있는데, 가장 마지막 단계로 근로자가 5명 이상 20명 미만인 작은 사업장까지 이 제도가 적용된 것은 정확히 몇 년 몇 월 며칠부터였는지 궁금합니다.","주 40시간 근무제는 법으로 정한 근로 시간을 하루 8시간, 한 주 40시간으로 줄인 제도로, 토요일에 쉬는 주 5일 근무가 자리 잡는 계기가 되었다. 1953년 근로기준법이 처음 만들어졌을 때 법정 근로 시간은 한 주 48시간이었고, 1989년 법 개정으로 44시간이 되었다. 주 40시간으로 줄이는 근로기준법 개정안은 2003년 8월 29일 국회 본회의를 통과해 같은 해 9월 15일 공포되었다. 제도는 사업장 규모에 따라 차례로 적용되었다. 2004년 7월 공기업과 금융, 보험 업종, 그리고 근로자 1,000명 이상 사업장부터 시작해, 2005년 300명 이상, 2006년 100명 이상, 2007년 50명 이상, 2008년 20명 이상 사업장으로 넓어졌다. 마지막으로 2011년 7월 1일 근로자 5명 이상 20명 미만 사업장까지 적용되면서 제도가 사실상 모두 자리를 잡았다. 법 개정 때 연차 유급 휴가도 손질되어, 한 해 동안 8할 이상 출근한 근로자에게 15일의 휴가를 주고 근속 기간에 따라 늘리되 최대 25일로 정했다.",2011년 7월 1일,주 40시간 근무제,train
모시 원료인 저마는 1년에 몇 번 수확해?,"한산 모시짜기는 충청남도 서천군 한산면 일대에서 전해 오는, 모시풀 껍질에서 실을 얻어 옷감을 짜는 기술이다. 원료가 되는 저마는 한 해에 세 번 거두는데, 5월에서 6월 초, 8월 초에서 중순, 10월 초에서 중순이 그 시기이다. 베어 낸 줄기의 겉껍질을 벗겨 태모시를 만들고, 이를 이로 가늘게 쪼개는 모시째기, 쪼갠 올을 무릎에 대고 비벼 잇는 모시삼기를 거친다. 이어 실을 뭉치로 만드는 모시굿 만들기, 날실의 길이와 올 수를 맞추는 모시날기, 풀을 먹여 실을 다듬는 모시매기를 지나 베틀에서 모시짜기를 하고 마지막으로 표백한다. 모시의 곱기는 새라는 단위로 나타내며 7새부터 15새까지 있는데, 10새 이상의 고운 것을 세모시라 부른다. 한산 모시짜기는 1967년 1월 16일 국가무형문화재 제14호로 지정되었고, 2011년 유네스코 인류무형유산 대표목록에 올랐다. 서천에서는 이 전통을 알리는 한산모시문화제가 해마다 열린다.",세 번,한산 모시짜기,validation
수능 영어 절대평가는 몇 학년도부터 시행됐나요?,"대학수학능력시험은 대학에서 공부하는 데 필요한 능력을 측정하기 위해 치르는 대한민국의 대학 입학 시험으로, 흔히 수능이라 줄여 부른다. 여러 과목의 암기 지식을 묻던 학력고사를 대신해 도입되었으며, 첫 시험은 1994학년도 입시를 위해 1993년에 치러졌다. 첫해에는 8월과 11월 두 차례 시험을 보았으나, 이듬해부터 한 해에 한 번만 보는 방식으로 바뀌었다. 문제 출제와 시험 관리는 1998년에 세워진 한국교육과정평가원이 맡는다. 시험 영역은 국어, 수학, 영어, 한국사, 사회·과학·직업 탐구, 제2외국어와 한문으로 이루어진다. 2017학년도부터 한국사가 모든 수험생이 반드시 치러야 하는 필수 영역이 되었고, 2018학년도부터 영어는 정해진 점수만 넘으면 같은 등급을 주는 절대평가로 바뀌었다. 2022학년도부터는 국어와 수학에서 공통 과목과 선택 과목을 함께 보는 방식이 도입되었다. 성적표에는 표준점수, 백분위, 그리고 1등급부터 9등급까지의 등급이 적힌다. 시험은 해마다 11월 중순의 목요일에 전국에서 동시에 치러진다.",2018학년도,대학수학능력시험,validation
배드민턴 코트 규격,"배드민턴은 네트를 사이에 두고 라켓으로 셔틀콕을 쳐 넘기며 점수를 겨루는 구기 종목이다. 19세기 인도 푸나에 머물던 영국 군인들이 라켓으로 깃털 공을 주고받던 옛 놀이에 네트를 더해 즐긴 것이 시작으로 알려져 있다. 1873년 잉글랜드 글로스터셔에 있는 보퍼트 공작의 저택 배드민턴 하우스에서 이 경기가 소개된 것을 계기로 오늘날의 이름이 붙었고, 1893년 잉글랜드 배드민턴 협회가 공식 규칙을 정했다. 셔틀콕은 둥근 코르크 받침에 깃털 16개를 꽂아 원뿔 모양으로 만든다. 코트는 길이 13.4미터, 너비 6.1미터이며, 네트는 양쪽 기둥에서 1.55미터, 가운데에서 1.524미터 높이로 친다. 경기는 랠리마다 점수가 나는 21점제로 치르며 3게임 가운데 2게임을 먼저 이기는 쪽이 승리한다. 가장 강한 공격 기술은 높이 뜬 셔틀콕을 내리꽂는 스매시이다. 1992년 바르셀로나 올림픽에서 정식 종목이 되었고, 지금 올림픽에서는 남녀 단식과 복식, 혼합 복식의 다섯 종목이 열린다.","길이 13.4미터, 너비 6.1미터",배드민턴,train
페니실린을 약으로 대량 생산할 수 있게 만든 옥스퍼드 연구자들은 누구야?,"페니실린은 푸른곰팡이에서 얻은 항생 물질로, 세균 감염을 약으로 다스리는 시대를 연 물질이다. 1928년 영국 런던의 세인트메리 병원에서 일하던 스코틀랜드 출신 미생물학자 알렉산더 플레밍이 처음 발견했다. 그는 포도상구균을 기르던 배양 접시에 푸른곰팡이가 우연히 자라났는데, 곰팡이 둘레에서는 세균이 자라지 못한 것을 보고 이 물질의 존재를 알아차렸다. 곰팡이의 학명에서 이름을 따 이 물질을 페니실린이라 불렀다. 플레밍은 이보다 앞선 1922년 세균을 녹이는 효소인 리소자임을 찾아내기도 했다.
발견 뒤 한동안은 약으로 쓰이지 못했으나, 1939년 이후 옥스퍼드 대학교의 하워드 플로리와 에른스트 체인이 페니실린을 정제하고 대량으로 만들어 내는 길을 열었다. 세 사람은 1945년 노벨 생리의학상을 함께 받았다. 페니실린은 세균이 세포벽을 만드는 데 필요한 효소에 달라붙어 세포벽을 약하게 만들고, 그 결과 세균은 터져서 죽게 된다.",하워드 플로리와 에른스트 체인,페니실린,validation
처용무 무용수 중 남쪽 방위를 맡은 사람은 무슨 색 옷을 입나요?,"처용무는 처용의 탈을 쓴 다섯 사람이 동서남북과 가운데의 다섯 방위를 나타내는 옷을 입고 추는 궁중 춤이다. 춤의 바탕에는 신라 헌강왕 때의 처용 설화가 있다. 동해 용왕의 아들로 전하는 처용이 아내를 넘보던 역신 앞에서 노래하고 춤을 추자 역신이 물러갔다는 이야기로, 이후 처용의 모습은 나쁜 기운을 쫓는 상징이 되었다. 무용수의 옷 색깔은 방위에 맞추어 동쪽은 파랑, 서쪽은 흰색, 남쪽은 빨강, 북쪽은 검정, 가운데는 노랑으로 정해져 있다. 탈은 붉은 얼굴에 윤기가 돌며 너그럽고 복스러운 인상을 준다. 처용무는 고려와 조선을 거치며 궁중에서 한 해를 마무리하며 악귀를 쫓던 나례와 잔치 자리에서 추어졌고, 성종 때 편찬된 악학궤범에는 학무, 연화대무와 이어서 공연한 방식이 기록되어 있다. 조선 말기에 전승이 끊겼으나 1928년 다시 안무되어 되살아났다. 1971년 1월 8일 국가무형문화재 제39호로 지정되었고, 2009년 9월 유네스코 인류무형유산에 올랐다.",빨강,처용무,validation
폼페이를 덮친 화산 이름,"폼페이는 이탈리아 남부 나폴리만 가까이에 있던 고대 로마의 도시로, 서기 79년 베수비오 화산이 분화하면서 화산재와 돌에 묻혔다. 분화가 시작된 날은 전통적으로 8월 24일로 알려져 있으며, 이때 이웃 도시 헤르쿨라네움도 함께 땅속에 묻혔다. 폼페이에서는 주민의 약 10퍼센트인 2,000명가량이 목숨을 잃은 것으로 추정된다. 분화 모습은 가까운 곳에서 이를 지켜본 소 플리니우스가 편지로 남겨 오늘날까지 전한다.
오랫동안 잊혔던 도시는 1592년 운하를 파는 공사 도중 일부가 드러났고, 본격적인 발굴은 1748년에 시작되었다. 1860년부터 1875년까지 발굴을 이끈 주세페 피오렐리는 화산재 속에 남은 빈 공간에 석고를 부어 희생자의 마지막 자세를 본뜨는 방법을 도입했다. 거리와 집, 벽화, 생활 도구가 거의 그대로 남아 있어 로마 시대 사람들의 일상을 들여다볼 수 있는 드문 자료가 되며, 1997년 유네스코 세계유산으로 등재되었다.",베수비오 화산,폼페이,train
사해 물의 염분은 몇 퍼센트야?,"사해는 이스라엘, 팔레스타인, 요르단 사이에 있는 소금 호수이다. 수면이 해수면보다 약 430미터 낮아 지구 육지에서 가장 낮은 곳으로 꼽힌다. 물의 염분은 약 34퍼센트로 일반 바닷물보다 열 배 가까이 짜고, 칼슘과 마그네슘도 많이 녹아 있어 물고기가 살 수 없다. 사해라는 이름도 생물이 살지 못하는 바다라는 데서 비롯되었으며, 히브리어로는 소금 바다라는 뜻의 이름으로 부른다.
남북 길이는 67킬로미터, 동서 너비는 18킬로미터이다. 북쪽에서 요르단강이 흘러들지만 빠져나가는 물길이 없어, 뜨겁고 메마른 날씨 속에 물이 증발하면서 소금이 계속 쌓인다. 물의 밀도가 높아 사람이 몸에 힘을 주지 않아도 물 위에 쉽게 뜬다. 최근에는 흘러드는 물이 줄어 수면이 해마다 1미터가량 낮아지고 있다. 1947년에는 근처 동굴에서 고대의 두루마리 문서들이 발견되었는데, 이를 사해 문서라고 부른다.",약 34퍼센트,사해,train
카스피해를 둘러싼 나라는 모두 몇 개국이야?,"카스피해는 유럽과 아시아 사이에 있는 세계에서 가장 넓은 호수로, 넓이가 약 371,000제곱킬로미터에 이른다. 바다라는 이름이 붙었지만 대양과 이어져 있지 않은 내륙의 물이다. 러시아, 아제르바이잔, 이란, 카자흐스탄, 투르크메니스탄 다섯 나라가 호숫가를 둘러싸고 있다. 수면은 해수면보다 약 27미터 낮고, 남북 길이는 약 1,200킬로미터이다.
북쪽은 얕고 남쪽으로 갈수록 깊어져 가장 깊은 곳은 1,025미터에 이른다. 물의 염분은 약 1.2퍼센트로 보통 바닷물의 3분의 1 정도이다. 가장 많은 물을 보내 주는 강은 유럽에서 가장 긴 강인 볼가강이다. 이 호수에는 철갑상어가 많이 살아 그 알로 만든 캐비아의 산지로 이름나 있으며, 호수 밑과 주변 땅에는 석유와 천연가스가 풍부하다. 동쪽 기슭의 카라보가즈골만은 물이 얕고 증발이 심해 염분이 매우 높은 석호이다.",다섯 나라,카스피해,train
한국 줄타기 기술은 모두 몇 가지쯤 되나요,"줄타기는 공중에 매단 줄 위를 걸으며 여러 재주를 부리고, 노래와 재담을 섞어 관객과 함께 즐기는 한국의 전통 공연이다. 공연자는 역할에 따라 셋으로 나뉜다. 줄광대는 줄 위에서 재주를 선보이고, 어릿광대는 땅 위에 서서 줄광대와 말을 주고받으며 웃음을 이끌어 내며, 삼현육각재비는 장구와 피리, 해금 등으로 반주를 맡는다. 줄광대가 줄 위에서 보여 주는 기술은 대략 서른 가지에 이른다. 예전에는 주로 음력 4월 15일이나 단오, 추석 같은 명절에 판이 벌어졌다. 다른 나라의 줄타기가 곡예 기술 자체에 무게를 두는 데 비해, 한국의 줄타기는 이야기와 익살을 곁들여 공연자와 관객이 함께 어울린다는 점이 특징으로 꼽힌다. 줄 위의 광대는 재주를 부리는 틈틈이 노래를 부르거나 아래의 어릿광대에게 농담을 던져 구경꾼의 호응을 끌어낸다. 줄타기는 1976년 국가무형문화재 제58호로 지정되었고, 2011년 유네스코 인류무형유산 대표목록에 올랐다.",대략 서른 가지,줄타기,validation
퀴리 부부가 노벨 물리학상을 받은 연도는?,"마리 퀴리는 1867년 11월 7일 당시 러시아의 지배를 받던 폴란드 바르샤바에서 태어난 물리학자이자 화학자이다. 프랑스 파리로 건너가 공부했고, 1895년 물리학자 피에르 퀴리와 결혼했다. 부부는 우라늄 광석을 연구하다가 1898년 새로운 방사성 원소 두 가지를 찾아냈다. 하나는 마리의 조국 폴란드의 이름을 따서 폴로늄이라 했고, 다른 하나는 라듐이라 이름 붙였다. 라듐은 1902년 순수한 상태로 분리되었다.
퀴리 부부는 방사능 연구의 공로로 앙리 베크렐과 함께 1903년 노벨 물리학상을 받았다. 1906년 피에르가 사고로 세상을 떠난 뒤 마리는 소르본 대학교 최초의 여성 교수가 되었다. 1911년에는 노벨 화학상을 단독으로 받아, 서로 다른 두 과학 분야에서 노벨상을 받은 첫 사람이 되었다. 오랫동안 방사선에 노출된 탓에 골수와 혈액에 병이 생겨 1934년 7월 4일 세상을 떠났다. 1995년 4월 그의 유해는 남편의 유해와 함께 파리의 팡테옹으로 옮겨졌다.",1903년,마리 퀴리,train
맥이 끊겼던 처용무가 새로 안무되어 되살아난 해,"처용무는 처용의 탈을 쓴 다섯 사람이 동서남북과 가운데의 다섯 방위를 나타내는 옷을 입고 추는 궁중 춤이다. 춤의 바탕에는 신라 헌강왕 때의 처용 설화가 있다. 동해 용왕의 아들로 전하는 처용이 아내를 넘보던 역신 앞에서 노래하고 춤을 추자 역신이 물러갔다는 이야기로, 이후 처용의 모습은 나쁜 기운을 쫓는 상징이 되었다. 무용수의 옷 색깔은 방위에 맞추어 동쪽은 파랑, 서쪽은 흰색, 남쪽은 빨강, 북쪽은 검정, 가운데는 노랑으로 정해져 있다. 탈은 붉은 얼굴에 윤기가 돌며 너그럽고 복스러운 인상을 준다. 처용무는 고려와 조선을 거치며 궁중에서 한 해를 마무리하며 악귀를 쫓던 나례와 잔치 자리에서 추어졌고, 성종 때 편찬된 악학궤범에는 학무, 연화대무와 이어서 공연한 방식이 기록되어 있다. 조선 말기에 전승이 끊겼으나 1928년 다시 안무되어 되살아났다. 1971년 1월 8일 국가무형문화재 제39호로 지정되었고, 2009년 9월 유네스코 인류무형유산에 올랐다.",1928년,처용무,train
한라산 정상 근처에 숲을 이루는 한국 특산 나무는 뭐야?,"한라산은 제주도 한가운데에 솟은 산으로, 높이는 1,947미터이다. 산 전체는 경사가 완만한 방패 모양의 순상화산이지만, 정상 부근은 종을 엎어 놓은 듯 가파른 모양을 띤다. 꼭대기에는 지름 약 550미터의 분화구가 있고, 그 안에 물이 고인 호수를 백록담이라 부른다. 산자락과 섬 곳곳에는 오름이라 부르는 작은 화산체가 360개 넘게 흩어져 있다.
높이에 따라 식생이 크게 달라져, 낮은 곳에는 따뜻한 지역에서 자라는 난대림이, 정상 가까이에는 고산 식물이 자란다. 특히 한국 특산종인 구상나무가 정상 부근에 넓은 숲을 이룬다. 한라산은 1966년 10월 12일 천연기념물로 지정되었고, 1970년 3월 24일 국립공원이 되었다. 2002년에는 유네스코 생물권보전지역에 포함되었으며, 2007년 6월 27일에는 제주 화산섬과 용암 동굴의 일부로 유네스코 세계자연유산에 등재되었다.",구상나무,한라산,validation
2026년 직장 건강보험료율은 몇 퍼센트인가요?,"국민건강보험은 국민이 소득에 따라 보험료를 내고, 병에 걸리거나 다쳤을 때 진료비의 상당 부분을 보험에서 대신 치르도록 한 대한민국의 공적 의료 보장 제도이다. 법에 따라 국내에 사는 거의 모든 사람이 가입 대상이 되며, 하나의 공공 기관이 보험자 역할을 맡는 단일 보험 체계로 운영된다.

## 제도의 출발
의료보험에 관한 첫 법률은 1963년에 만들어진 의료보험법이다. 그러나 이 법은 가입 여부를 사업장의 선택에 맡겼기 때문에 실제로 보험에 든 사람은 매우 적었다. 제도가 본격적으로 움직이기 시작한 것은 1977년 7월 1일로, 이날부터 근로자 500명 이상인 사업장은 의무적으로 의료보험에 가입해야 했다. 이렇게 직장을 중심으로 시작된 보험은 1979년 공무원과 사립학교 교직원에게로 넓혀졌고, 이어 적용 사업장의 규모 기준도 차례로 낮아졌다.

## 전 국민 의료보험
직장에 다니지 않는 농어민과 자영업자는 한동안 보험 밖에 남아 있었다. 1988년 농어촌 지역 주민을 대상으로 한 지역 의료보험이 시행되었고, 이듬해인 1989년 7월 1일 도시 지역 주민까지 가입 대상이 되면서 모든 국민이 의료보험의 보호를 받게 되었다. 강제 적용을 시작한 지 12년 만의 일로, 다른 나라들과 비교해도 짧은 기간에 이룬 확대로 평가된다. 이 무렵 의료보험은 직장 가입자를 위한 직장 의료보험, 지역 주민을 위한 지역 의료보험, 공무원과 교직원을 위한 의료보험으로 나뉘어 있었고, 수많은 조합이 따로따로 보험을 운영했다.

## 보험자의 통합
조합마다 재정 형편이 달라 보험료와 혜택에 차이가 생기자 여러 조합을 하나로 묶는 작업이 이어졌다. 1998년 10월 지역 의료보험 조합들과 공무원·교직원 의료보험을 합쳐 국민의료보험관리공단이 출범했다. 2000년 7월 1일에는 여기에 139개 직장 의료보험 조합까지 통합되어 국민건강보험공단이 탄생했고, 제도의 이름도 의료보험에서 건강보험으로 바뀌었다. 같은 해 병원과 의원이 청구한 진료비가 알맞은지 따지고 진료의 질을 평가하는 건강보험심사평가원도 세워졌다. 조직을 합친 뒤에도 직장 가입자와 지역 가입자의 돈 주머니는 한동안 따로 관리되다가, 2003년 7월 두 재정이 하나로 통합되면서 사실상 통합이 마무리되었다.

## 보험료
가입자는 크게 직장 가입자와 지역 가입자로 나뉜다. 직장 가입자의 보험료는 매달 받는 보수에 보험료율을 곱해 정하며, 이를 근로자와 사업주가 절반씩 나누어 낸다. 보험료율은 2025년 7.09%였고, 2026년에는 7.19%로 올라 근로자와 사업주가 각각 3.595%씩 부담한다. 이에 따라 직장 가입자 한 사람이 내는 월평균 보험료는 2025년 15만 8,464원에서 2026년 16만 699원으로 늘었다. 지역 가입자는 월급이 따로 없으므로 소득과 재산 등을 점수로 바꾸어 보험료를 매긴다. 2022년 9월에는 지역 가입자 보험료에서 소득이 차지하는 비중을 높이고 재산에 매기는 몫을 줄이는 개편이 있었고, 2024년 2월부터는 자동차에 매기던 보험료가 없어졌다. 직장 가입자의 보험료에는 너무 많거나 적게 매겨지지 않도록 상한과 하한이 정해져 있다. 정부도 해마다 예산으로 보험 재정의 일부를 지원한다.

## 진료와 본인 부담
건강보험 가입자는 병원이나 약국을 이용할 때 전체 비용 가운데 일부만 직접 내고, 나머지는 공단이 의료 기관에 지급한다. 입원했을 때 환자가 내는 몫은 대체로 진료비의 20%이며, 외래 진료는 의료 기관의 종류와 규모에 따라 부담 비율이 달라진다. 큰 병으로 의료비가 한꺼번에 많이 들 때 가계가 무너지지 않도록, 한 해 동안 낸 본인 부담금이 정해진 한도를 넘으면 넘은 만큼을 돌려주는 본인부담상한제가 2004년에 도입되었다. 또한 병을 일찍 발견하기 위해 가입자에게 대체로 2년에 한 번씩 일반 건강 검진을 제공한다. 2024년 5월 20일부터는 다른 사람의 자격을 빌려 진료받는 일을 막기 위해, 병원이나 의원에서 진료를 받을 때 신분증 등으로 본인임을 확인하도록 했다. 생활이 어려워 의료급여를 받는 사람은 건강보험 대신 나라가 진료비를 지원하는 의료급여 제도의 적용을 받는다.

## 의료 기관과 가입자
대한민국의 병원과 의원, 약국은 원칙적으로 모두 건강보험 환자를 받아야 한다. 이를 요양기관 당연지정제라 하며, 환자는 어느 의료 기관을 찾아가든 같은 기준으로 건강보험 혜택을 받는다. 공단이 보험자가 된 2000년 7월에는 의사는 처방을 하고 약사는 약을 짓도록 역할을 나눈 의약분업도 함께 시행되었다. 직장 가입자에게 생계를 기대는 배우자나 부모, 자녀 같은 가족은 일정한 소득과 재산 기준을 넘지 않으면 피부양자가 되어 따로 보험료를 내지 않고 혜택을 받는다. 국내에 6개월 이상 머무는 외국인은 2019년 7월부터 건강보험 가입이 의무가 되었다. 암이나 희귀 질환처럼 치료비 부담이 큰 병을 앓는 환자에게는 본인 부담 비율을 크게 낮춰 주는 산정특례 제도가 있어, 암 환자는 진료비의 5%만 부담한다.

## 운영 기관
보험료를 걷고 가입자의 자격을 관리하며 진료비를 지급하는 일은 국민건강보험공단이 맡고, 의료 기관이 청구한 진료비가 알맞은지 심사하는 일은 건강보험심사평가원이 맡는다. 두 기관의 본부는 모두 원주에 있다. 건강보험 정책의 큰 틀과 보험료율은 보건복지부 장관 소속의 건강보험정책심의위원회에서 정한다.",7.19%,국민건강보험,train
훈민정음 해례본 첫 번째 발견 장소,"훈민정음은 조선의 제4대 임금 세종이 만든 문자 체계이자, 그 글자의 원리를 풀이해 펴낸 책의 이름이다. 이름에는 백성을 가르치는 바른 소리라는 뜻이 담겨 있다. 세종은 재위 25년째인 1443년에 새 글자를 완성했고, 1446년에 이를 나라 안에 널리 알렸다. 처음 만들었을 때 글자는 모두 28자였다. 글자의 짜임과 쓰는 법을 설명한 해례본은 집현전 학자들이 함께 지었으며, 정인지·신숙주·성삼문·최항·박팽년 등이 집필에 참여했다.
해례본은 오백 년 가까이 행방을 알 수 없다가 1940년 경상북도 안동에서 한 부가 나왔고, 2008년에는 상주에서 또 다른 한 부가 확인되었다. 안동에서 나온 책은 1962년 국보 제70호로 지정되었으며, 1997년에는 유네스코 세계기록유산 목록에 올랐다. 당시 양반층 일부는 한자를 두고 새 글자를 쓰는 데 반대했지만, 배우고 쓰기 쉽다는 장점 덕분에 이 문자는 오늘날 한글이라는 이름으로 한국어를 적는 공식 문자가 되었다.",경상북도 안동,훈민정음,train
부산국제영화제 1회 때 관객은 몇 명이 왔나요?,"부산국제영화제는 1996년 9월 13일부터 21일까지 첫 회가 열린 한국의 국제 영화제이다. 첫 행사에서는 31개국의 영화 169편이 상영되었고, 관객은 18만 4,071명이 찾았다. 초기에는 해운대 수영만 요트경기장에 야외 상영장을 두고 원도심인 남포동 극장가를 함께 썼다. 2011년 9월 29일 해운대구 센텀시티에 전용관인 영화의전당이 문을 열면서 행사의 중심이 그곳으로 옮겨졌다. 같은 해 2월에는 부산의 로마자 표기에 맞추어 영문 약칭을 PIFF에서 BIFF로 바꾸었다. 대표 부문인 뉴 커런츠는 아시아 신인 감독의 첫 번째나 두 번째 장편 영화를 대상으로 한다. 영화제는 오랫동안 10월 초에 열렸으나 2025년에는 9월 17일부터 26일까지 개최되었고, 이때부터 아시아 영화를 대상으로 다섯 개 부문을 시상하는 경쟁 영화제로 성격을 바꾸었다.","18만 4,071명",부산국제영화제,train
국민연금 가입 대상 나이는 몇 살부터 몇 살까지야?,"국민연금은 소득이 있을 때 보험료를 내고, 나이가 들거나 장애를 입거나 가족을 잃어 소득이 줄었을 때 연금을 받도록 한 대한민국의 공적 연금 제도이다. 1973년 국민복지연금법이 만들어졌지만 시행되지 못했고, 1986년 이를 고친 국민연금법이 제정되어 1988년 1월 1일부터 제도가 운영되기 시작했다. 처음에는 근로자 10명 이상인 사업장만 대상이었으나, 1992년 5명 이상 사업장, 1995년 농어촌 지역으로 넓혀졌고, 1999년 도시 지역 주민까지 포함되면서 전 국민 연금 시대가 열렸다. 가입 대상은 국내에 사는 18세 이상 60세 미만 국민이다. 보험료율은 오랫동안 소득의 9%였고, 직장 가입자는 회사와 근로자가 절반씩 부담한다. 2025년 3월 국회를 통과한 개정 법에 따라 보험료율은 2026년부터 해마다 0.5%포인트씩 올라 2033년 13%에 이르고, 소득대체율은 2026년부터 43%로 조정된다. 급여에는 노령연금, 장애연금, 유족연금, 반환일시금이 있다. 제도 운영은 전주에 본부를 둔 국민연금공단이 맡는다.",18세 이상 60세 미만,국민연금,validation
"강강술래는 1966년 2월 15일 국가무형문화재 제8호로 지정되었고, 2009년 9월 유네스코 인류무형유산에 이름을 올렸다","강강술래는 추석 무렵 달 밝은 밤에 여성들이 손을 맞잡고 둥글게 원을 그리며 노래하고 춤추던 민속놀이이다. 전라남도 해남, 무안, 진도, 완도 같은 해안 지역에서 특히 활발하게 전해졌다. 앞소리꾼이 노랫말을 메기면 나머지 사람들이 '강강술래'라는 후렴으로 받으며 원을 돈다. 처음에는 느린 가락에 맞춰 천천히 돌다가 차츰 빨라지는데, 도중에 남생이놀이, 고사리꺾기, 청어엮기, 기와밟기, 덕석말이, 문지기놀이 같은 여러 놀이를 끼워 넣어 흥을 더한다. 놀이 하나하나는 거북을 흉내 내거나 물고기를 엮듯 줄을 짜는 등 생활 속 장면을 몸으로 옮긴 것이 많다. 임진왜란 때 이순신이 마을 부녀자들을 모아 산에서 원을 돌게 해 군사가 많아 보이도록 했다는 이야기가 전하지만, 이는 민간에서 붙인 유래담으로 여겨진다. 강강술래는 1966년 2월 15일 국가무형문화재 제8호로 지정되었고, 2009년 9월 유네스코 인류무형유산에 이름을 올렸다.",강강술래는,강강술래,test
"공기를 직접 데우는 벽난로와 달리 달궈진 바닥돌이 내는 복사열과 전도열로 방을 데우기 때문에, 불이 꺼진 뒤에도 따뜻함이 여러 시간 이어진다","온돌은 아궁이에서 땐 불의 뜨거운 연기를 방바닥 밑으로 지나가게 해 바닥 전체를 데우는 한국의 전통 난방 방식이다. 방 바깥쪽 아궁이에서 불을 지피면 열기가 불목을 넘어 방바닥 아래에 여러 줄로 낸 통로인 고래를 따라 흐르고, 그 위를 덮은 넓적한 돌인 구들장을 데운 뒤 굴뚝으로 빠져나간다. 굴뚝 가까이에는 개자리라는 깊은 홈을 파서 열기와 연기가 오래 머물다 나가도록 했다. 공기를 직접 데우는 벽난로와 달리 달궈진 바닥돌이 내는 복사열과 전도열로 방을 데우기 때문에, 불이 꺼진 뒤에도 따뜻함이 여러 시간 이어진다. 한반도 북부에서 아주 이른 시기의 흔적이 나타나며, 고려와 조선 시대를 거치며 상류층의 집에서 먼저 퍼졌고, 16세기에서 17세기 이후 일반 백성의 집에도 널리 쓰이게 되었다. 오늘날 주택은 대부분 뜨거운 물을 바닥 배관으로 돌리는 온수 보일러를 쓰지만, 바닥을 데워 생활하는 방식 자체는 그대로 이어지고 있다. 온돌을 만들고 쓰는 생활 문화는 2018년 국가무형문화재 제135호 온돌문화로 지정되었다.",공기를,온돌,train
대보름 아침에 호두나 땅콩을 깨물어 먹는 까닭은?,"정월 대보름은 음력 1월 15일, 새해 들어 처음으로 보름달이 뜨는 날을 기리는 명절이다. 농사를 시작하는 해의 첫 보름이어서 예전에는 설만큼 중요하게 여겼다. 이른 아침에는 호두와 땅콩, 밤 같은 단단한 열매를 깨무는 부럼 깨기를 하는데, 이렇게 하면 한 해 동안 부스럼이 나지 않는다고 믿었다. 다섯 가지 곡식을 섞어 지은 오곡밥과 말려 두었던 여러 가지 묵은 나물을 먹고, 귀가 밝아지라는 뜻으로 데우지 않은 술을 한 잔씩 마시는 귀밝이술 풍습도 있다. 해가 뜨기 전 친구의 이름을 불러 대답하면 내 더위를 사라고 외치는 더위팔기도 이날의 놀이이다. 저녁에는 높은 곳에 올라 달을 맞이하며 소원을 빌고 달빛으로 그해 농사를 점쳤다. 짚과 솔가지로 쌓은 달집을 태우며 액운을 쫓는 달집태우기와, 논둑과 밭둑에 불을 놓아 해충을 없애는 쥐불놀이도 이 무렵 벌였다. 삼국유사에는 신라 소지왕이 까마귀 덕분에 위기를 피한 뒤 보름날 까마귀에게 찰밥을 바치게 했다는 이야기가 실려 있어, 약밥을 먹는 풍습의 유래로 전한다.",부스럼이 나지 않는다고 믿었다,정월 대보름,test
수능 문제는 어느 기관이 출제해?,"대학수학능력시험은 대학에서 공부하는 데 필요한 능력을 측정하기 위해 치르는 대한민국의 대학 입학 시험으로, 흔히 수능이라 줄여 부른다. 여러 과목의 암기 지식을 묻던 학력고사를 대신해 도입되었으며, 첫 시험은 1994학년도 입시를 위해 1993년에 치러졌다. 첫해에는 8월과 11월 두 차례 시험을 보았으나, 이듬해부터 한 해에 한 번만 보는 방식으로 바뀌었다. 문제 출제와 시험 관리는 1998년에 세워진 한국교육과정평가원이 맡는다. 시험 영역은 국어, 수학, 영어, 한국사, 사회·과학·직업 탐구, 제2외국어와 한문으로 이루어진다. 2017학년도부터 한국사가 모든 수험생이 반드시 치러야 하는 필수 영역이 되었고, 2018학년도부터 영어는 정해진 점수만 넘으면 같은 등급을 주는 절대평가로 바뀌었다. 2022학년도부터는 국어와 수학에서 공통 과목과 선택 과목을 함께 보는 방식이 도입되었다. 성적표에는 표준점수, 백분위, 그리고 1등급부터 9등급까지의 등급이 적힌다. 시험은 해마다 11월 중순의 목요일에 전국에서 동시에 치러진다.",한국교육과정평가원,대학수학능력시험,train
실크로드 동쪽 끝이던 장안은 지금 어느 도시야?,"실크로드는 고대부터 중세까지 중국과 중앙아시아, 서아시아, 지중해 세계를 이어 준 교역로를 통틀어 이르는 말로, 비단길이라고도 한다. 독일의 지리학자 페르디난트 폰 리히트호펜이 1877년에 이 이름을 널리 퍼뜨렸다. 길이 본격적으로 열린 것은 기원전 2세기로, 전한의 장건이 기원전 138년부터 기원전 126년까지 서역에 다녀오면서 중국과 중앙아시아 사이의 교류가 크게 늘었다.
동쪽 끝은 당시 장안이라 불린 오늘날의 시안이었고, 서쪽으로는 로마와 지중해 연안까지 닿았다. 전체 길이는 6,400킬로미터가 넘는다. 사막의 오아시스 도시를 잇는 오아시스길, 북쪽 초원을 가로지르는 초원길, 바다를 건너는 바닷길이 3대 간선으로 꼽힌다. 동쪽에서는 비단과 차, 도자기가, 서쪽에서는 말과 낙타, 포도주, 금 등이 오갔으며, 물건과 함께 종교와 기술, 예술도 전해졌다. 이 길은 15세기 중반까지 쓰였고, 2014년 6월에는 장안-톈산 회랑 구간이 유네스코 세계유산으로 등재되었다.",시안,실크로드,train
투르 드 프랑스는 해마다 7월에 약 3주 동안 프랑스 곳곳을 달리는 프로 도로 사이클 대회이다,"투르 드 프랑스는 해마다 7월에 약 3주 동안 프랑스 곳곳을 달리는 프로 도로 사이클 대회이다. 1903년 한 스포츠 신문의 편집장 앙리 데그랑주가 경쟁 신문의 자전거 대회에 맞서 신문 판매를 늘리려는 목적으로 처음 열었다. 대회는 20여 개의 구간으로 이루어지며, 전체 거리는 해마다 달라 대략 3,000킬로미터에서 4,000킬로미터에 이른다. 종합 우승자는 모든 구간의 기록을 더한 시간이 가장 짧은 선수이다. 구간마다 종합 선두는 노란색 저지를, 구간 순위에 따른 점수 부문 선두는 초록색 저지를, 산악 구간 성적이 가장 좋은 선수는 흰 바탕에 빨간 물방울무늬 저지를 입는다. 1975년부터는 파리 샹젤리제 거리에서 마지막 구간을 마무리하고 있다. 두 차례 세계 대전 기간을 빼고는 거의 해마다 열렸다. 이탈리아의 지로 디탈리아, 스페인의 부엘타 아 에스파냐와 함께 3대 그랜드 투어로 불린다.",투르,투르 드 프랑스,train
장 담그기 국가무형문화재 지정일,"장 담그기는 콩을 발효시켜 된장, 간장, 고추장 같은 짠맛의 양념을 만들고 보관하는 한국의 음식 문화이다. 먼저 콩을 삶아 찧은 뒤 네모나게 뭉쳐 말리고 띄워 메주를 만든다. 잘 뜬 메주를 소금물에 담가 두면 발효가 진행되고, 일정 기간이 지나 메주를 건져 내는 장 가르기를 하면 건더기는 된장으로, 남은 물은 간장으로 따로 숙성시킨다. 한 번의 과정으로 된장과 간장 두 가지를 함께 얻는다는 점, 그리고 몇 해 묵은 간장에 새로 담근 장을 더해 맛을 이어 가는 방식이 다른 나라의 콩 발효 양념과 구별되는 특징으로 꼽힌다. 장은 흔히 집 뒤뜰이나 마당의 장독대에 항아리째 두고 볕과 바람을 쐬어 익힌다. 기술과 지식은 주로 집안의 여성들 사이에서 말과 손으로 전해져 왔다. 장 담그기는 2018년 12월 27일 국가무형문화재 제137호로 지정되었는데, 특정 보유자나 단체 없이 종목만 지정되었다. 2024년 12월에는 파라과이 아순시온에서 열린 제19차 무형유산 정부간위원회에서 한국의 23번째 유네스코 인류무형유산으로 등재되었다.",2018년 12월 27일,장 담그기,train
배드민턴이라는 경기 이름은 어디에서 따왔어?,"배드민턴은 네트를 사이에 두고 라켓으로 셔틀콕을 쳐 넘기며 점수를 겨루는 구기 종목이다. 19세기 인도 푸나에 머물던 영국 군인들이 라켓으로 깃털 공을 주고받던 옛 놀이에 네트를 더해 즐긴 것이 시작으로 알려져 있다. 1873년 잉글랜드 글로스터셔에 있는 보퍼트 공작의 저택 배드민턴 하우스에서 이 경기가 소개된 것을 계기로 오늘날의 이름이 붙었고, 1893년 잉글랜드 배드민턴 협회가 공식 규칙을 정했다. 셔틀콕은 둥근 코르크 받침에 깃털 16개를 꽂아 원뿔 모양으로 만든다. 코트는 길이 13.4미터, 너비 6.1미터이며, 네트는 양쪽 기둥에서 1.55미터, 가운데에서 1.524미터 높이로 친다. 경기는 랠리마다 점수가 나는 21점제로 치르며 3게임 가운데 2게임을 먼저 이기는 쪽이 승리한다. 가장 강한 공격 기술은 높이 뜬 셔틀콕을 내리꽂는 스매시이다. 1992년 바르셀로나 올림픽에서 정식 종목이 되었고, 지금 올림픽에서는 남녀 단식과 복식, 혼합 복식의 다섯 종목이 열린다.",배드민턴 하우스,배드민턴,train
기초생활보장이 맞춤형 급여로 개편된 시기,"국민기초생활보장제도는 소득이 일정 기준에 못 미치는 가구에 나라가 생계비와 의료비 등을 지원해 최저한의 생활을 보장하는 대한민국의 공공 부조 제도이다. 이 제도로 지원을 받는 사람을 기초생활수급자라 한다. 1961년에 만들어진 생활보호법은 일할 능력이 없는 사람을 주로 보호했는데, 1997년 외환위기 이후 실업과 빈곤이 크게 늘자 이를 대신할 새 제도가 마련되었다. 국민기초생활보장법은 1999년 9월 7일 제정되어 2000년 10월 1일부터 시행되었다. 급여는 생계급여, 의료급여, 주거급여, 교육급여, 아이를 낳았을 때의 해산급여, 수급자가 숨졌을 때의 장제급여, 일할 능력이 있는 사람의 자립을 돕는 자활급여의 일곱 가지이다. 2015년 7월에는 모든 급여를 한 기준으로 묶어 주던 방식을 바꿔, 기준 중위소득에 맞춰 급여마다 선정 기준을 달리 정하는 맞춤형 급여 체계로 개편되었다. 수급자로 뽑힌 뒤 처음 1년 동안은 자격이 유지되고, 그 뒤로는 6개월이나 1년마다 다시 조사한다.",2015년 7월,국민기초생활보장제도,train
월드컵에 비디오 판독 심판이 처음 도입된 대회는?,"FIFA 월드컵은 국제축구연맹이 주관하여 4년마다 여는 남자 축구 국가 대항전으로, 단일 종목 대회로는 세계에서 가장 많은 관심을 받는 대회 가운데 하나이다. 나라마다 지역 예선을 거쳐 본선 진출권을 얻은 대표팀이 개최국에 모여 약 한 달 동안 우승을 다툰다.

## 대회의 시작
국제축구연맹은 1904년 파리에서 창설되었으며, 지금 본부는 스위스 취리히에 있다. 축구는 이미 올림픽 종목이었지만, 프로 선수의 출전 문제 등으로 축구만의 세계 대회를 따로 열자는 움직임이 커졌다. 그 결과 1930년 남아메리카의 우루과이에서 첫 월드컵이 열렸다. 우루과이는 1924년과 1928년 올림픽 축구에서 잇달아 우승한 강팀이었고, 1930년은 이 나라의 첫 헌법이 만들어진 지 100년이 되는 해이기도 했다. 유럽에서 배로 몇 주가 걸리는 먼 길이었던 탓에 첫 대회에는 13개 나라만 참가했으며, 개최국 우루과이가 초대 우승을 차지했다. 이후 대회는 4년 주기로 이어졌지만, 제2차 세계 대전의 영향으로 1942년과 1946년 대회는 열리지 못했다.

## 대회 방식과 규모
본선에 나서는 팀 수는 시대에 따라 늘어났다. 1978년 대회까지는 대체로 16개 팀이 본선에 올랐고, 1982년 스페인 대회에서 24개 팀으로, 1998년 프랑스 대회에서 32개 팀으로 늘었다. 본선은 먼저 몇 개 팀씩 조를 나누어 서로 한 번씩 맞붙는 조별 리그를 치르고, 여기서 살아남은 팀들이 한 번 지면 탈락하는 토너먼트로 우승팀을 가린다. 2026년 대회는 미국, 캐나다, 멕시코 세 나라가 함께 열면서 본선 참가국을 48개 팀으로, 전체 경기 수를 104경기로 크게 늘렸다. 대회는 보통 북반구의 여름인 6월과 7월에 열리지만, 한여름 더위가 심한 카타르에서 열린 2022년 대회는 처음으로 11월과 12월에 치러졌다. 이 대회는 중동 지역에서 열린 첫 월드컵이기도 했다.

## 우승 트로피
첫 대회부터 쓰인 트로피는 승리의 여신을 본뜬 모양이었다. 브라질이 1970년 대회에서 세 번째 우승을 차지하면서 이 트로피를 영구히 갖게 되었으나, 1983년 브라질에서 도난당한 뒤 끝내 되찾지 못했다. 지금의 트로피는 1974년 서독 대회부터 쓰였다. 18캐럿 금으로 만들었고 무게는 6.175킬로그램이며, 두 사람이 나선을 그리며 솟아올라 지구를 떠받치는 모습을 하고 있다. 받침 부분에는 역대 우승국의 이름이 새겨진다. 대회가 끝나면 가장 뛰어난 활약을 한 선수에게 골든볼을, 가장 많은 골을 넣은 선수에게 골든부트를 준다. 대회를 상징하는 마스코트는 1966년 잉글랜드 대회에서 처음 등장했다. 새 트로피는 어느 나라도 영구히 가질 수 없도록 정해져 있어, 우승국은 시상식이 끝나면 진품을 돌려주고 복제품을 받는다.

## 역대 우승국
2022년 대회까지 월드컵 우승을 맛본 나라는 모두 여덟 곳이다. 브라질이 1958년, 1962년, 1970년, 1994년, 2002년에 우승해 다섯 번으로 가장 많고, 독일과 이탈리아가 네 번씩, 아르헨티나가 세 번, 프랑스와 우루과이가 두 번씩 정상에 올랐다. 잉글랜드는 자국에서 열린 1966년 대회에서, 스페인은 2010년 남아프리카공화국 대회에서 한 번씩 우승했다. 이 시기까지의 우승국은 모두 유럽과 남아메리카의 나라였다. 아르헨티나는 2022년 카타르 대회 결승에서 프랑스를 승부차기 끝에 꺾고 세 번째 정상에 올랐다.

## 2002년 한일 월드컵
2002년 대회는 대한민국과 일본이 함께 열었다. 두 나라가 공동으로 개최한 첫 월드컵이자 아시아에서 열린 첫 월드컵이었다. 대회는 5월 31일 서울에서 열린 개막전으로 시작해 6월 30일 일본 요코하마에서 열린 결승전으로 막을 내렸다. 한국 대표팀은 조별 리그 첫 경기에서 폴란드를 꺾고 월드컵 본선 역사상 첫 승리를 거두었고, 이후 토너먼트에서도 승리를 이어 가며 4위에 올라 역대 최고 성적을 냈다. 경기가 열리는 날마다 거리와 광장에 많은 사람이 모여 함께 응원하는 모습이 화제가 되었다. 이 대회의 우승은 브라질이 차지했는데, 브라질에게는 다섯 번째 우승이었다.

## 한국과 월드컵
한국이 처음 월드컵 본선에 나간 것은 1954년 스위스 대회였다. 그 뒤 한동안 본선에 오르지 못하다가, 1986년 멕시코 대회부터 2022년 카타르 대회까지 열 번 연속으로 본선 무대를 밟았다. 2002년에 안방에서 4위에 오른 데 이어, 2010년 남아프리카공화국 대회에서는 처음으로 원정 월드컵 16강에 진출했다. 2002년 대회 때는 한국과 일본이 각각 10개씩, 모두 20개 경기장에서 64경기를 나누어 치렀다.

## 심판 기술의 발전
월드컵은 새로운 판정 기술을 선보이는 무대이기도 하다. 공이 골라인을 완전히 넘었는지를 기계로 판독하는 골라인 판독 기술은 2014년 브라질 대회에서 처음 쓰였다. 2018년 러시아 대회에서는 경기장 밖의 심판이 영상을 다시 보며 주심의 판정을 돕는 비디오 보조 심판이 처음 도입되어, 득점과 퇴장, 페널티킥처럼 승부를 가르는 장면을 영상으로 다시 확인하게 되었다.

## 여자 월드컵
국제축구연맹은 1991년 중국에서 첫 여자 월드컵을 열었다. 여자 대회도 남자 대회처럼 4년마다 열리며, 2023년 오스트레일리아와 뉴질랜드가 공동 개최한 대회까지 미국이 네 번 우승해 가장 많은 우승 기록을 가지고 있다. 2023년 대회에서는 스페인이 처음으로 정상에 올랐다.",2018년 러시아 대회,FIFA 월드컵,validation
직지를 금속 활자로 찍어 낸 절은 어디인가요?,"『백운화상초록불조직지심체요절』은 고려 말의 승려 백운화상 경한이 부처와 이름난 스님들의 가르침 가운데 요긴한 대목을 가려 엮은 책으로, 줄여서 직지라고 부른다. 경한은 1372년에 이 책을 엮었으며, 1377년 청주 흥덕사에서 금속 활자로 인쇄되었다. 이듬해인 1378년에는 여주 취암사에서 목판본이 간행되었다. 원래 상권과 하권 두 권이었지만 금속 활자본은 하권 한 권만 남아 있고, 이 책은 현재 프랑스 파리의 프랑스 국립도서관이 소장하고 있다.
19세기 말 조선에 머물던 프랑스 외교관 콜랭 드 플랑시가 이 책을 손에 넣었다. 1911년 경매에서 수집가 앙리 베베르가 180프랑에 사들였고, 그의 상속인들이 1950년 국립도서관에 기증했다. 1972년 박병선은 이 책이 현존하는 가장 오래된 금속 활자 인쇄본임을 세상에 알렸다. 구텐베르크 성서보다 78년가량 앞서며, 2001년 9월 4일 유네스코 세계기록유산에 등재되었다. 목판본은 1992년 보물로 지정되었다.",청주 흥덕사,직지,train
마젤란 원정대가 출항한 날짜,"페르디난드 마젤란은 1480년 무렵 포르투갈에서 태어난 항해가로, 에스파냐 왕 카를로스 1세의 후원을 받아 서쪽으로 돌아 향료 제도에 이르는 뱃길을 찾아 나섰다. 원정대는 배 다섯 척과 선원 약 270명으로 꾸려져 1519년 9월 20일 에스파냐의 산루카르데바라메다 항구를 떠났다. 1520년 11월 28일 남아메리카 남쪽 끝의 좁은 물길을 빠져나왔으며, 이 해협에는 훗날 그의 이름이 붙었다. 해협을 지나 만난 넓은 바다에 그는 태평양이라는 이름을 지어 주었다.
그러나 마젤란은 1521년 4월 27일 필리핀의 막탄섬에서 추장 라푸라푸의 군대와 싸우다 숨졌다. 남은 선원들은 후안 세바스티안 엘카노의 지휘 아래 항해를 이어 갔고, 1522년 9월 6일 빅토리아호 한 척만이 출발했던 항구로 돌아왔다. 끝까지 살아 돌아온 선원은 18명뿐이었다. 에스파냐 왕실은 엘카노를 처음으로 세계를 일주한 사람으로 인정했다. 이 항해는 배를 타고 지구를 한 바퀴 돌 수 있다는 사실을 처음으로 실제로 보여 주었다.",1519년 9월 20일,마젤란의 세계 일주,train
이 글에서 설명한 난방 방식에서 굴뚝 가까이 깊게 파 두는 홈의 이름은?,"온돌은 아궁이에서 땐 불의 뜨거운 연기를 방바닥 밑으로 지나가게 해 바닥 전체를 데우는 한국의 전통 난방 방식이다. 방 바깥쪽 아궁이에서 불을 지피면 열기가 불목을 넘어 방바닥 아래에 여러 줄로 낸 통로인 고래를 따라 흐르고, 그 위를 덮은 넓적한 돌인 구들장을 데운 뒤 굴뚝으로 빠져나간다. 굴뚝 가까이에는 개자리라는 깊은 홈을 파서 열기와 연기가 오래 머물다 나가도록 했다. 공기를 직접 데우는 벽난로와 달리 달궈진 바닥돌이 내는 복사열과 전도열로 방을 데우기 때문에, 불이 꺼진 뒤에도 따뜻함이 여러 시간 이어진다. 한반도 북부에서 아주 이른 시기의 흔적이 나타나며, 고려와 조선 시대를 거치며 상류층의 집에서 먼저 퍼졌고, 16세기에서 17세기 이후 일반 백성의 집에도 널리 쓰이게 되었다. 오늘날 주택은 대부분 뜨거운 물을 바닥 배관으로 돌리는 온수 보일러를 쓰지만, 바닥을 데워 생활하는 방식 자체는 그대로 이어지고 있다. 온돌을 만들고 쓰는 생활 문화는 2018년 국가무형문화재 제135호 온돌문화로 지정되었다.",개자리,온돌,train
허블 망원경을 우주로 실어 나른 왕복선,"허블 우주 망원경은 1990년 4월 24일 우주 왕복선 디스커버리호에 실려 발사된 우주 망원경이다. 이름은 우주가 팽창하고 있음을 밝힌 미국의 천문학자 에드윈 허블에게서 따왔다. 주거울의 지름은 2.4미터, 망원경 전체 길이는 13.2미터, 무게는 약 11,100킬로그램이다. 지상 약 540킬로미터 높이의 궤도를 약 95분마다 한 바퀴씩 돈다.
발사 직후인 1990년 5월, 주거울의 모양이 설계와 조금 달라 상이 흐리게 맺히는 구면 수차 문제가 드러났다. 1993년 첫 번째 정비 임무에서 우주비행사들이 보정 장치와 새 카메라를 설치해 이 문제를 바로잡았다. 허블은 1993년부터 2009년까지 모두 다섯 차례 우주비행사의 정비를 받았다. 1995년에는 하늘의 작은 영역을 오랫동안 들여다본 허블 딥 필드 사진을 찍어 셀 수 없이 많은 먼 은하를 보여 주었다. 허블의 관측 자료는 우주의 나이를 약 137억 년으로 좁히고, 우주가 갈수록 빠르게 팽창한다는 증거를 찾는 데 기여했다.",디스커버리호,허블 우주 망원경,train
우주가 시작되는 경계인 카르만 선은 몇 킬로미터 높이에 있나요?,"지구를 감싸고 있는 공기층을 대기라고 한다. 대기는 생물이 숨 쉬는 데 필요한 기체를 품고, 우주에서 오는 해로운 빛을 걸러 내며, 낮과 밤의 기온 차를 줄여 준다. 대기는 높이에 따라 기온이 달라지는 방식을 기준으로 여러 층으로 나뉜다.
## 대기의 성분과 무게
마른 공기를 이루는 기체는 부피로 따져 질소가 78.084퍼센트, 산소가 20.946퍼센트, 아르곤이 0.934퍼센트이다. 나머지 아주 적은 부분을 이산화탄소와 네온, 헬륨 같은 기체가 채운다. 공기에도 무게가 있어서, 해수면에서 대기가 누르는 평균 압력은 1013.25헥토파스칼이며 이를 1기압이라 한다. 공기는 아래쪽에 몰려 있어 대기 전체 질량의 절반은 높이 5.6킬로미터 아래에, 90퍼센트는 16킬로미터 아래에 있다.
## 대기가 하는 일
대기 속의 수증기, 이산화탄소, 메테인, 오존 같은 기체는 땅에서 빠져나가는 열의 일부를 붙잡아 지표를 따뜻하게 유지하는데, 이를 온실 효과라 한다. 온실 기체 가운데 온실 효과에 가장 크게 기여하는 것은 수증기이고 그다음이 이산화탄소이다. 만약 대기가 없다면 지표는 낮에 햇빛을 받아 크게 달아오르고, 해가 진 밤에는 열이 모두 빠져나가 영하 100도 아래로 떨어질 것으로 여겨진다.
## 대기의 역사
지구의 대기가 처음부터 지금과 같았던 것은 아니다. 산소가 늘어나기 전의 옛 대기는 주로 질소와 이산화탄소로 이루어져 있었고, 산소는 오늘날의 10만분의 1 수준에 불과했다. 약 24억 6천만 년 전부터 20억 6천만 년 전 사이에 광합성으로 산소를 내놓는 남세균이 번성하면서 대기 속 산소가 크게 늘었는데, 이를 대산화 사건이라 한다. 이때 바닷물에 녹아 있던 철이 산소와 만나 가라앉으면서 줄무늬 모양의 호상 철광층이 두껍게 쌓였다.
## 대류권
땅에 가장 가까운 층은 대류권이다. 두께는 위도에 따라 달라서 중위도에서는 약 11킬로미터, 열대 지방에서는 16~18킬로미터, 극지방에서는 10킬로미터가 채 안 된다. 대기 질량의 대부분이 이 층에 담겨 있다. 이 층에서는 높이 올라갈수록 기온이 떨어지는데, 1킬로미터마다 평균 6.4도 정도 낮아진다. 따뜻한 공기가 위로 오르고 찬 공기가 내려오는 대류가 활발하며, 수증기도 대부분 이 층에 있어 구름, 비, 눈 같은 날씨 변화가 거의 모두 여기서 일어난다. 대류권이라는 이름도 돌고 섞인다는 뜻의 그리스어에서 나왔다. 대류권의 맨 윗부분인 대류권계면의 기온은 중위도에서 영하 52도 안팎이고, 열대 지방에서는 영하 75도까지 내려간다.
## 성층권
대류권 위로 약 50킬로미터 높이까지는 성층권이 이어지며, 극지방에서는 8킬로미터 부근부터 시작되기도 한다. 높이 올라가도 기온이 더 내려가지 않는 이 층의 존재는 1902년 프랑스의 레옹 테스랑 드 보르와 독일의 리하르트 아스만이 기구 관측 결과를 발표하면서 처음 알려졌다. 성층권에서는 대류권과 반대로 높이 올라갈수록 기온이 오른다. 이 층에 모인 오존이 태양의 자외선을 흡수하면서 열을 내기 때문이다. 오존의 농도는 약 20~25킬로미터 높이에서 가장 높고, 성층권의 꼭대기에 이르면 기온이 약 270켈빈으로 지표와 비슷해진다. 위쪽이 따뜻하고 아래쪽이 찬 구조여서 공기가 위아래로 잘 섞이지 않고 안정되어 있다. 여객기는 흔히 대류권 윗부분에서 성층권 아래쪽에 걸친 9~12킬로미터 높이를 날아 날씨의 영향을 덜 받는다.
## 중간권
약 50킬로미터에서 80킬로미터 사이는 중간권이다. 이곳에서는 다시 높이 올라갈수록 기온이 떨어져, 중간권 윗부분은 영하 100도 안팎까지 내려가며 꼭대기인 중간권계면은 대기에서 가장 추운 곳이 된다. 우주에서 날아든 작은 돌 부스러기는 대부분 이 층에서 공기와 부딪혀 타 버리는데, 밤하늘의 별똥별이 바로 이것이다. 이렇게 지구로 들어오는 유성 물질은 한 해에 약 4만 톤에 이른다. 여름철 극지방에서는 이 높이에 야광운이라는 얇은 구름이 생기며, 뇌우 위쪽으로 붉은 스프라이트 같은 번개 방전이 솟구치기도 한다. 비행기가 오르기에는 너무 높고 인공위성이 돌기에는 너무 낮아서, 관측 로켓으로 몇 분 동안 잴 수 있을 뿐인 가장 조사하기 까다로운 층으로 꼽힌다.
## 열권과 외기권
중간권 위의 열권은 약 80킬로미터에서 시작해 500킬로미터가 넘는 높이까지 이어진다. 공기는 매우 희박하지만 태양에서 오는 강한 자외선과 X선을 흡수해, 기온이 태양 활동에 따라 섭씨 2,000도 가까이 오르기도 한다. 그래도 기체 입자가 워낙 적어서 물체에 전해지는 열은 아주 적다. 이 층에서는 기체가 이온으로 바뀌어 전리층이 만들어지고, 극지방의 밤하늘을 물들이는 오로라가 나타난다. 흔히 우주가 시작되는 경계로 보는 카르만 선은 높이 100킬로미터에 그어져 있으며, 국제 우주 정거장도 열권 안을 돌고 있다. 열권 위의 외기권은 태양 활동에 따라 높이 500~1,000킬로미터 부근에서 시작하며, 공기 입자가 우주 공간으로 조금씩 빠져나가는 대기의 가장 바깥층이다. 이곳의 기체는 대부분 가벼운 수소와 헬륨이고, 많은 인공위성이 이 높이에서 지구를 돈다. 외기권의 바깥 경계는 정하는 기준에 따라 1만 킬로미터 부근에서 그보다 훨씬 먼 곳까지로 다르게 본다. 지구를 넓게 감싼 수소는 우주에서 보면 희미한 빛의 띠로 나타나는데, 이를 지오코로나라고 한다.",100킬로미터,지구의 대기,validation
세계유산 한국의 갯벌에 포함된 네 지역,"한국의 갯벌은 2021년 7월 26일 유네스코 세계유산에 등재된 자연유산으로, 한반도 서남해안의 갯벌 네 곳을 하나로 묶은 것이다. 서천 갯벌, 고창 갯벌, 신안 갯벌, 보성-순천 갯벌이 여기에 들어가며, 제44차 세계유산위원회 회의에서 등재가 결정되었다. 전체 넓이는 129,346헥타르이고, 생물 다양성을 보전하는 데 중요한 서식지라는 기준을 인정받았다. 2007년의 제주 화산섬과 용암 동굴에 이어 한국의 두 번째 세계자연유산이다.
이 갯벌들에는 해마다 약 300종, 100만 마리가량의 새가 찾아와 먹이를 구하고 쉬어 간다. 천연기념물이자 멸종 위기종인 흰목물떼새와 큰고니도 이곳에서 볼 수 있다. 황해 쪽 바다는 밀물과 썰물 때의 수면 차이가 큰 편이어서, 목포 앞바다에서는 약 3미터, 인천 앞바다에서는 약 6미터에 이르고 북쪽으로 갈수록 더 커진다. 이렇게 큰 조수 간만의 차와 강이 실어 온 고운 흙이 드넓은 갯벌을 만들어 냈다.","서천 갯벌, 고창 갯벌, 신안 갯벌, 보성-순천 갯벌",한국의 갯벌,train
지금 전해지는 전통 가곡은 남창 여창 합쳐 몇 곡이나 되나요?,"가곡은 시조시를 노랫말로 삼아 작은 규모의 국악 관현악 반주에 맞추어 부르는 전통 성악이다. 반주에는 거문고, 가야금, 해금, 대금, 단소, 장구 등이 쓰인다. 한 곡은 다섯 장으로 짜이며, 노래가 시작되기 전에 반주만 흐르는 대여음이 있고 3장과 4장 사이에는 중여음이라는 간주가 들어간다. 조선 전기에 불리던 느린 곡들이 점차 빠른 곡 중심으로 바뀌었고, 조선 후기의 삭대엽에서 오늘날 가곡의 틀이 갖추어졌다. 지금 전해지는 가곡은 우조와 계면조의 곡을 아울러 남자가 부르는 남창 26곡과 여자가 부르는 여창 15곡을 더해 모두 41곡이다. 여창은 남창의 가락을 여성의 음역에 맞게 조금 고친 것이 많다. 같은 시조를 노래하더라도 가곡은 시조창보다 반주 편성이 크고 음악 형식이 정교하다는 점에서 구별된다. 가곡은 국가무형문화재 제30호로 지정되어 있으며, 2010년 유네스코 인류무형유산 대표목록에 등재되었다.",모두 41곡,가곡 (전통 성악),train
세종이 새 문자를 온 나라에 반포한 연도가 궁금해요,"훈민정음은 조선의 제4대 임금 세종이 만든 문자 체계이자, 그 글자의 원리를 풀이해 펴낸 책의 이름이다. 이름에는 백성을 가르치는 바른 소리라는 뜻이 담겨 있다. 세종은 재위 25년째인 1443년에 새 글자를 완성했고, 1446년에 이를 나라 안에 널리 알렸다. 처음 만들었을 때 글자는 모두 28자였다. 글자의 짜임과 쓰는 법을 설명한 해례본은 집현전 학자들이 함께 지었으며, 정인지·신숙주·성삼문·최항·박팽년 등이 집필에 참여했다.
해례본은 오백 년 가까이 행방을 알 수 없다가 1940년 경상북도 안동에서 한 부가 나왔고, 2008년에는 상주에서 또 다른 한 부가 확인되었다. 안동에서 나온 책은 1962년 국보 제70호로 지정되었으며, 1997년에는 유네스코 세계기록유산 목록에 올랐다. 당시 양반층 일부는 한자를 두고 새 글자를 쓰는 데 반대했지만, 배우고 쓰기 쉽다는 장점 덕분에 이 문자는 오늘날 한글이라는 이름으로 한국어를 적는 공식 문자가 되었다.",1446년,훈민정음,test
석굴암은 처음에 어떤 절 이름으로 불렸나,"석굴암은 경상북도 경주시 토함산 중턱에 자리한 통일신라 시대의 석굴 사원이다. 751년, 곧 경덕왕 10년에 재상 김대성이 짓기 시작했으며, 혜공왕 10년인 774년에 완성되었다. 처음 절 이름은 석불사였다. 화강암을 다듬어 인공으로 쌓은 굴 안쪽 한가운데에는 높이 약 3.4미터의 본존불이 앉아 있다. 본존불 둘레의 벽에는 십일면관음보살상, 십대제자상, 사천왕상, 금강역사상, 팔부신장 등 40점이 넘는 조각이 배치되어 있어, 불교 세계를 한 공간에 담아낸 구성을 보여 준다.
일제강점기인 1914년부터 1915년 사이에는 석굴 전체를 해체한 뒤 다시 조립하는 공사가 벌어졌다. 1962년 12월 20일 국보 제24호로 지정되었고, 1995년에는 가까이 있는 불국사와 함께 유네스코 세계유산에 이름을 올렸다. 한국 불교 조각을 대표하는 걸작으로 꼽히며, 해마다 많은 사람이 찾는다.",석불사,석굴암,train
흑사병이 유럽에 처음 상륙한 시칠리아 항구는?,"흑사병은 14세기 중반 유럽을 휩쓴 페스트의 대유행을 가리키는 이름으로, 유럽에서는 1347년부터 1353년 무렵까지 크게 번졌다. 병원균은 예르시니아 페스티스라는 세균이며, 1894년 프랑스의 알렉상드르 예르생과 일본의 기타자토 시바사부로가 각각 찾아냈다. 이 균은 주로 병든 쥐의 피를 빤 벼룩이 사람을 물면서 옮겨졌다. 1347년 크림반도의 항구 카파(오늘날의 페오도시야)에서 감염된 제노바 상인들이 시칠리아의 메시나 항에 들어오면서 병이 유럽 곳곳으로 퍼졌다.
유럽 인구의 30~60퍼센트가 목숨을 잃은 것으로 추정되며, 연구에 따라 희생자를 7,500만 명에서 2억 명까지로 본다. 증상에 따라 림프샘이 붓는 선페스트, 폐로 번지는 폐페스트, 혈액으로 퍼지는 패혈성 페스트로 나뉘는데, 폐페스트는 치사율이 95퍼센트에 이를 만큼 무서웠다. 1377년 라구사(오늘날의 두브로브니크)는 새로 들어온 사람을 30일 동안 따로 머물게 하는 규정을 만들었다. 1448년 베네치아가 이 기간을 40일로 늘렸는데, 40일을 뜻하는 베네치아 말이 오늘날 검역을 가리키는 영어 단어의 어원이 되었다.",메시나 항,흑사병,test
비단길이라는 이름을 널리 알린 독일 학자,"실크로드는 고대부터 중세까지 중국과 중앙아시아, 서아시아, 지중해 세계를 이어 준 교역로를 통틀어 이르는 말로, 비단길이라고도 한다. 독일의 지리학자 페르디난트 폰 리히트호펜이 1877년에 이 이름을 널리 퍼뜨렸다. 길이 본격적으로 열린 것은 기원전 2세기로, 전한의 장건이 기원전 138년부터 기원전 126년까지 서역에 다녀오면서 중국과 중앙아시아 사이의 교류가 크게 늘었다.
동쪽 끝은 당시 장안이라 불린 오늘날의 시안이었고, 서쪽으로는 로마와 지중해 연안까지 닿았다. 전체 길이는 6,400킬로미터가 넘는다. 사막의 오아시스 도시를 잇는 오아시스길, 북쪽 초원을 가로지르는 초원길, 바다를 건너는 바닷길이 3대 간선으로 꼽힌다. 동쪽에서는 비단과 차, 도자기가, 서쪽에서는 말과 낙타, 포도주, 금 등이 오갔으며, 물건과 함께 종교와 기술, 예술도 전해졌다. 이 길은 15세기 중반까지 쓰였고, 2014년 6월에는 장안-톈산 회랑 구간이 유네스코 세계유산으로 등재되었다.",페르디난트 폰 리히트호펜,실크로드,train
택견은 태권도랑 기술 면에서 어떻게 달라요?,"택견은 발을 리듬감 있게 옮기며 상대를 차거나 걸어 넘어뜨리는 한국의 전통 무예이다. 몸놀림의 바탕은 삼각형을 그리듯 발을 옮겨 딛는 품밟기이며, 손으로 잡고 밀고 당기는 손질, 발로 차는 발길질, 다리를 걸어 넘어뜨리는 기술 등이 어우러진다. 주먹을 곧게 지르거나 발의 옆날로 차는 동작을 쓰지 않고 상대를 넘어뜨리는 기술을 허용한다는 점에서 태권도와 뚜렷이 다르다. 이름이 기록에 처음 나타나는 것은 18세기로, 1798년에 편찬된 어휘집 재물보에는 맨손으로 겨루는 놀이를 당시 탁견이라 불렀다는 풀이가 실려 있다. 조선 후기 화가 유숙이 그린 대쾌도에도 사람들이 모여 택견과 씨름을 구경하는 장면이 담겼다. 일제 강점기를 지나며 명맥이 크게 약해졌으나, 1983년 무예로는 처음으로 국가무형문화재 제76호에 지정되면서 다시 살아났다. 2011년에는 유네스코 인류무형유산 대표목록에 올랐고, 2020년부터는 전국체육대회의 정식 종목으로 치러진다.",상대를 넘어뜨리는 기술을 허용한다,택견,train
직지 금속활자본을 지금 보관하는 곳,"『백운화상초록불조직지심체요절』은 고려 말의 승려 백운화상 경한이 부처와 이름난 스님들의 가르침 가운데 요긴한 대목을 가려 엮은 책으로, 줄여서 직지라고 부른다. 경한은 1372년에 이 책을 엮었으며, 1377년 청주 흥덕사에서 금속 활자로 인쇄되었다. 이듬해인 1378년에는 여주 취암사에서 목판본이 간행되었다. 원래 상권과 하권 두 권이었지만 금속 활자본은 하권 한 권만 남아 있고, 이 책은 현재 프랑스 파리의 프랑스 국립도서관이 소장하고 있다.
19세기 말 조선에 머물던 프랑스 외교관 콜랭 드 플랑시가 이 책을 손에 넣었다. 1911년 경매에서 수집가 앙리 베베르가 180프랑에 사들였고, 그의 상속인들이 1950년 국립도서관에 기증했다. 1972년 박병선은 이 책이 현존하는 가장 오래된 금속 활자 인쇄본임을 세상에 알렸다. 구텐베르크 성서보다 78년가량 앞서며, 2001년 9월 4일 유네스코 세계기록유산에 등재되었다. 목판본은 1992년 보물로 지정되었다.",프랑스 국립도서관,직지,train
한국에서 가장 먼저 생긴 사회 보험은 무엇인가요?,"산업재해보상보험은 일하다가 다치거나 병에 걸리거나 숨진 근로자와 그 가족에게 보상을 해 주는 대한민국의 사회 보험으로, 흔히 산재보험이라 부른다. 1963년 산업재해보상보험법이 제정되고 이듬해인 1964년부터 시행되어 한국에서 가장 먼저 도입된 사회 보험이 되었다. 처음에는 근로자 500명 이상인 광업과 제조업 사업장에만 적용되었으나, 점차 대상을 넓혀 2000년에는 근로자 1명 이상인 사업장 대부분이 가입 대상이 되었다. 보험료는 다른 사회 보험과 달리 사업주가 전액 부담한다. 사업주에게 잘못이 있었는지와 관계없이 업무와 관련된 재해이면 보상하는 무과실 책임 원칙을 따른다. 급여로는 치료비를 대는 요양급여, 치료 때문에 일하지 못한 기간의 소득을 보전하는 휴업급여, 장해가 남았을 때의 장해급여, 숨진 근로자의 가족에게 주는 유족급여, 간병급여 등이 있다. 휴업급여는 하루에 평균임금의 70%에 해당하는 금액이다. 보험 업무는 근로복지공단이 맡고 있다.",산업재해보상보험,산업재해보상보험,train
종량제 이전에는 쓰레기 수수료를 무엇을 기준으로 걷었나요?,"쓰레기 종량제는 버리는 쓰레기의 양에 따라 처리 비용을 내도록 한 대한민국의 생활 폐기물 제도이다. 1994년 4월 일부 지역에서 시범 운영을 거친 뒤 1995년 1월 1일부터 전국에서 시행되었다. 그 전에는 집의 재산세나 건물 면적을 기준으로 쓰레기 수수료를 정액으로 걷었기 때문에, 쓰레기를 적게 버려도 비용이 줄지 않았다. 종량제에서는 각 가정이 지방자치단체가 정한 규격 봉투를 사서 그 안에 쓰레기를 담아 내놓는다. 봉투 값에 처리 비용이 들어 있으므로 쓰레기를 줄일수록 비용도 줄어든다. 봉투는 1리터짜리 작은 것부터 100리터짜리 큰 것까지 용도에 따라 여러 크기로 나온다. 종량제와 함께 캔, 플라스틱, 종이처럼 다시 쓸 수 있는 물건은 봉투에 넣지 않고 따로 모아 내놓는 분리배출도 자리를 잡았다. 이 제도는 오염을 일으킨 사람이 그 비용을 부담해야 한다는 원칙을 생활 쓰레기에 적용한 사례로 꼽힌다. 2013년부터는 음식물 쓰레기에도 양에 따라 비용을 내는 방식이 전국에 적용되었다.",재산세나 건물 면적,쓰레기 종량제,train
한국은행은 몇 년에 설립됐어?,"1962년 화폐 개혁은 그해 6월 10일 정부가 긴급통화조치로 화폐 단위를 환에서 원으로 바꾸고, 옛 돈 10환을 새 돈 1원으로 맞바꾸게 한 조치이다. 대한민국의 중앙은행인 한국은행은 1950년에 세워졌다. 1953년에는 전쟁으로 치솟은 물가를 잡으려고 원을 환으로 바꾸며 100원을 1환으로 교환하는 개혁이 있었는데, 1962년의 조치는 그 단위를 다시 원으로 되돌린 것이다. 금융통화운영위원회는 바로 전날인 6월 9일 1원, 5원, 10원, 50원, 100원, 500원의 여섯 가지 새 은행권 발행을 의결했고, 6월 10일부터 한국은행 본점과 지점을 통해 새 돈을 풀었다. 옛 돈의 유통과 거래는 금지되었으며, 옛 화폐로 된 현금과 예금을 묶어 두는 긴급금융조치도 함께 시행되었다. 정부는 숨어 있는 자금을 끌어내 경제 개발에 쓰고 지나치게 풀린 돈을 거둬 물가를 안정시키겠다는 목적을 내세웠다. 이때 되돌아온 원은 오늘날까지 대한민국의 화폐 단위로 쓰이며, 기호는 ₩, 국제 표준 부호는 KRW이다.",1950년,1962년 화폐 개혁,validation
요양원에 들어가면 본인이 내는 비용은 몇 퍼센트예요?,"노인장기요양보험은 나이가 많거나 노인성 질병 때문에 혼자 일상생활을 하기 어려운 사람에게 목욕, 식사, 간병 같은 돌봄 서비스를 지원하는 대한민국의 사회 보험이다. 2007년 노인장기요양보험법이 제정되었고, 2008년 7월 1일부터 시행되었다. 대상은 65세 이상 노인, 그리고 65세 미만이더라도 치매나 뇌혈관성 질환 같은 노인성 질병을 가진 사람이다. 신청을 받으면 심신 상태를 조사해 장기요양등급을 정하는데, 처음에는 세 등급이었으나 2014년 다섯 등급으로 늘었고, 이후 가벼운 치매 노인을 위한 인지지원등급이 더해졌다. 급여는 요양보호사가 집으로 찾아오거나 낮 동안 시설에 머무는 재가급여, 요양원 같은 시설에 입소하는 시설급여, 가족이 돌볼 때 현금을 주는 특별현금급여로 나뉜다. 이용자는 비용의 일부를 직접 내는데, 재가급여는 15%, 시설급여는 20%가 본인 부담이다. 제도는 국민건강보험공단이 운영하며, 장기요양보험료는 건강보험료에 더해 함께 거둔다.",20%,노인장기요양보험,train
"기록을 겨루는 400미터 트랙의 스피드스케이팅과 달리 순위를 다투기 때문에 자리싸움과 추월 작전이 승부를 가르고, 몸싸움이 잦은 만큼 반칙에 따른 실격도 흔하다","쇼트트랙 스피드스케이팅은 짧은 타원형 트랙에서 여러 선수가 한꺼번에 출발해 들어오는 순서로 순위를 가리는 빙상 종목이다. 한 바퀴의 길이는 111.12미터이며, 가로 60미터, 세로 30미터 규격의 링크 안에 트랙을 그린다. 기록을 겨루는 400미터 트랙의 스피드스케이팅과 달리 순위를 다투기 때문에 자리싸움과 추월 작전이 승부를 가르고, 몸싸움이 잦은 만큼 반칙에 따른 실격도 흔하다. 곡선 구간이 많아 키가 큰 선수가 특별히 유리하지 않다는 평을 듣는다. 올림픽에는 1988년 캘거리 대회에서 시범 종목으로 처음 등장했고, 1992년 알베르빌 대회에서 정식 종목이 되었다. 현재 올림픽에서는 남녀 개인 500미터, 1000미터, 1500미터와 여자 3000미터 계주, 남자 5000미터 계주, 그리고 남녀가 함께 뛰는 2000미터 혼성 계주가 치러진다. 한국 선수들은 곡선에서 안쪽으로, 직선에서 바깥쪽으로 크게 도는 호리병 모양의 주법으로 잘 알려져 있다.",기록을,쇼트트랙 스피드스케이팅,train
1926년 개봉한 무성 영화 아리랑의 감독은 누구인가요?,"아리랑은 '아리랑'이라는 말이 든 후렴을 공통으로 지닌 한국 민요를 두루 이르는 이름이다. 지역마다 가락과 노랫말이 달라 수많은 갈래가 있으며, 그 가운데 강원도의 정선아리랑, 전라남도의 진도아리랑, 경상남도의 밀양아리랑이 널리 알려져 있다. 한반도 중부의 태백산맥 일대, 특히 정선 지역에서 불리던 노래가 여러 고장으로 퍼져 나갔다는 견해가 있다. 1926년에는 나운규가 만든 무성 영화 '아리랑'이 개봉해 큰 인기를 끌었고, 이 영화와 함께 퍼진 경기 지방 가락의 아리랑이 오늘날 가장 흔히 불린다. 가락이 단순해 누구나 쉽게 따라 부를 수 있고 그때그때 새 노랫말을 지어 붙일 수 있어, 아리랑은 세대와 지역을 넘어 함께 부르는 노래로 이어져 왔다. 대한민국은 2012년 아리랑을 유네스코 인류무형유산에 올렸고, 북한도 2014년 따로 등재했다. 국내에서는 2015년 9월 국가무형문화재 제129호로 지정되었는데, 특정 보유자나 보유단체를 인정하지 않고 지정한 첫 사례였다.",나운규,아리랑,train
하회별신굿탈놀이 국가무형문화재 지정 번호,"하회별신굿탈놀이는 경상북도 안동시 풍천면 하회마을에서 마을 수호신에게 올리는 별신굿의 한 부분으로 행해진 탈놀이이다. 12세기 중엽 무렵부터 전해졌다고 보며, 예전에는 정초에 마을 사람들이 직접 탈을 쓰고 놀이판을 벌였다. 등장하는 탈은 주지, 각시, 중, 양반, 선비, 초랭이, 이매, 부네, 할미, 백정 등이며, 사자처럼 생긴 주지탈은 두 개가 한 쌍을 이룬다. 탈은 오리나무를 깎아 모양을 잡은 뒤 옻과 안료를 두세 겹 덧칠해 완성한다. 놀이는 주지 두 마리가 춤추는 장면으로 문을 열어 모두 아홉 마당으로 이어지며, 양반과 선비의 허세, 파계한 승려의 모습 등을 웃음거리로 삼아 꼬집는다. 이 놀이에 쓰이던 하회탈은 이웃 마을의 병산탈과 함께 국보로 지정되어 있다. 탈놀이 자체는 1980년 11월 17일 국가무형문화재 제69호가 되었고, 2022년에는 여러 지역의 탈놀이와 함께 '한국의 탈춤'이라는 이름으로 유네스코 인류무형유산에 등재되었다.",제69호,하회별신굿탈놀이,train
명량 해전 때 이순신에게 남은 배는 몇 척이었어?,"임진왜란은 1592년부터 1598년까지 일본이 두 차례에 걸쳐 조선을 침략하면서 벌어진 전쟁이다. 1597년에 다시 시작된 두 번째 침략은 따로 정유재란이라 부르기도 한다. 일본을 통일한 도요토미 히데요시는 명나라를 치러 가는 길을 내 달라는 요구를 내세워 조선을 공격했고, 조선을 돕기 위해 명나라까지 뛰어들면서 동아시아 여러 나라가 얽힌 큰 전쟁이 되었다.
## 전쟁의 시작
1592년 음력 4월 13일, 양력으로는 5월 23일에 일본군이 부산 앞바다에 몰려와 상륙했다. 일본이 동원한 병력은 약 20만 명에 이르렀다. 일본군은 곧바로 부산진성과 동래성을 공격해 무너뜨렸는데, 부산진성을 지키던 첨사 정발과 동래성을 지키던 부사 송상현이 이 싸움에서 목숨을 잃었다. 일본군은 여러 갈래로 나뉘어 빠르게 북쪽으로 올라왔다.
## 한양과 평양의 함락
조정은 신립을 도순변사로 삼아 적을 막게 했다. 그러나 신립은 음력 4월 28일, 양력 6월 7일 충주 탄금대에서 고니시 유키나가가 이끄는 일본군에 크게 패하고 전사했으며, 조선군 상당수가 물러나다 강물에 빠져 목숨을 잃었다. 이 소식이 전해지자 선조는 도성을 떠나 북쪽으로 피란길에 올랐고, 결국 압록강 가의 의주까지 옮겨 갔다. 그 사이 한양과 평양이 차례로 일본군의 손에 들어갔다. 전쟁 초기 육지에서 조선군은 제대로 맞서지 못하고 밀려났다.
## 바다에서의 승리
육지의 사정과 달리 바다에서는 전라좌도 수군절도사 이순신이 이끄는 수군이 잇달아 승리를 거두었다. 조선 수군은 음력 5월 7일, 양력 6월 16일 거제의 옥포에서 일본 배 26척을 가라앉히며 전쟁의 첫 해전 승리를 올렸다. 이어 음력 7월 8일에는 한산도 앞바다에서 일본 수군의 주력과 맞섰다. 조선 수군에는 판옥선 위에 쇠못을 박은 덮개를 씌운 거북선도 있었는데, 이순신이 전쟁 직전에 완성한 이 배는 1592년 사천 해전에서 처음 실전에 나섰다. 한산도에서 이순신은 좁은 견내량에 머물던 적선을 넓은 바다로 끌어낸 뒤, 학이 날개를 펼친 듯 배를 둥글게 벌려 세우는 학익진으로 에워싸 크게 무찔렀다. 이 싸움에는 이억기와 원균의 함대도 함께해 조선 수군은 거북선을 포함해 56척에 이르렀고, 일본 쪽 지휘관은 와키자카 야스하루였다. 한산도 대첩 이후 일본군은 바닷길로 군량과 병력을 실어 나르려던 계획에 큰 차질을 빚었다.
## 육지의 반격과 의병
곳곳에서 백성과 선비들이 스스로 일어난 의병도 일본군을 괴롭혔다. 경상도의 곽재우, 충청도의 조헌, 전라도의 고경명 등이 이름난 의병장이다. 경상도 의령에서 가장 먼저 의병을 일으킨 곽재우는 붉은 옷을 입고 앞장서 싸워 홍의장군이라 불렸으며, 정암진에서 남강을 건너려던 일본군을 막아 곡창인 전라도로 가는 길을 지켰다. 1592년 음력 10월에는 진주 목사 김시민이 3,800명 남짓한 군사로 3만 명에 이르는 일본군을 막아 내 진주성을 지켰으나, 그 자신은 싸움 중에 입은 상처로 세상을 떠났다. 1593년 음력 2월 12일에는 전라도 순찰사 권율이 한강을 등진 낮은 산에 자리한 행주산성에서 일본군의 대군을 물리쳤다. 성안의 조선군은 화차와 비격진천뢰 같은 무기를 써 가며 일곱 차례에 걸친 총공격을 모두 막아 냈고, 일본군 장수 우키타 히데이에는 크게 다쳤다. 한산도, 진주성, 행주산성의 세 싸움은 흔히 임진왜란의 3대 대첩으로 꼽힌다.
## 명나라의 참전과 협상
조선의 요청을 받은 명나라는 첫 번째 침략 때 약 4만 8천 명의 군대를 보냈다. 1593년 음력 1월 명나라 장수 이여송이 이끄는 군대가 조선군과 함께 평양성을 되찾았다. 행주산성 싸움이 끝나고 두 달쯤 뒤 일본군은 한양에서 물러나 남쪽 해안으로 내려갔다. 이후 1594년부터 1596년까지 명과 일본 사이에 휴전 협상이 이어졌지만, 서로의 요구가 크게 달라 결국 결렬되었다.
## 정유재란과 전쟁의 끝
1597년 일본군이 다시 쳐들어오면서 정유재란이 시작되었다. 이 무렵 이순신은 모함을 받아 자리에서 물러나 있었고, 그 뒤를 이은 원균은 칠천량 해전에서 크게 져 조선 수군은 거의 무너졌다. 다시 삼도수군통제사가 된 이순신은 아직 전선 열두 척이 남아 있다며 싸울 뜻을 굽히지 않았다. 그는 음력 9월 16일 진도와 해남 사이의 좁은 물길인 울돌목에서 단 13척의 배로 130척이 넘는 일본 함대를 맞아, 한 척도 잃지 않고 적선 30척가량을 격파했다. 이것이 명량 해전이다. 1598년 도요토미 히데요시가 죽자 일본군은 철수를 시작했다. 조선과 명나라의 연합 수군은 음력 11월 19일, 양력으로 12월 16일 남해의 노량 앞바다에서 시마즈 요시히로가 이끌고 물러가던 일본 함대를 가로막았다. 명나라 수군을 이끈 장수는 진린이었다. 조명 연합 수군은 이 싸움에서 이겼지만 이순신은 적의 총탄을 맞고 전사했다. 노량 해전을 끝으로 7년에 걸친 전쟁은 막을 내렸다.
## 전쟁이 남긴 것
7년 동안 이어진 전쟁은 깊은 상처를 남겼다. 전쟁 전체에서 군인과 민간인을 합쳐 100만 명이 넘는 사람이 목숨을 잃은 것으로 추정되며, 5만~6만 명가량의 조선 사람이 일본으로 끌려갔다. 농사짓던 땅이 크게 줄어 나라 살림이 어려워졌고, 수많은 문화재가 불타거나 바다 건너로 옮겨졌다. 끌려간 사람들 가운데에는 도자기를 빚는 장인도 많았는데, 이들의 솜씨는 일본의 도자기 생산이 크게 발전하는 바탕이 되었다. 조선을 돕느라 막대한 은을 쏟아부은 명나라는 재정이 흔들렸고, 그 사이 만주에서는 여진이 세력을 키우면서 동아시아의 힘의 판도가 바뀌기 시작했다. 조선과 일본은 1609년 기유약조를 맺어 전쟁 뒤 끊겼던 교류를 다시 열었다.",13척,임진왜란,train
택견 국가무형문화재 지정 연도,"택견은 발을 리듬감 있게 옮기며 상대를 차거나 걸어 넘어뜨리는 한국의 전통 무예이다. 몸놀림의 바탕은 삼각형을 그리듯 발을 옮겨 딛는 품밟기이며, 손으로 잡고 밀고 당기는 손질, 발로 차는 발길질, 다리를 걸어 넘어뜨리는 기술 등이 어우러진다. 주먹을 곧게 지르거나 발의 옆날로 차는 동작을 쓰지 않고 상대를 넘어뜨리는 기술을 허용한다는 점에서 태권도와 뚜렷이 다르다. 이름이 기록에 처음 나타나는 것은 18세기로, 1798년에 편찬된 어휘집 재물보에는 맨손으로 겨루는 놀이를 당시 탁견이라 불렀다는 풀이가 실려 있다. 조선 후기 화가 유숙이 그린 대쾌도에도 사람들이 모여 택견과 씨름을 구경하는 장면이 담겼다. 일제 강점기를 지나며 명맥이 크게 약해졌으나, 1983년 무예로는 처음으로 국가무형문화재 제76호에 지정되면서 다시 살아났다. 2011년에는 유네스코 인류무형유산 대표목록에 올랐고, 2020년부터는 전국체육대회의 정식 종목으로 치러진다.",1983년,택견,test
안족,"가야금은 오동나무 울림통 위에 명주실로 꼰 줄을 걸고 손가락으로 뜯어 소리를 내는 한국의 현악기이다. 전통 가야금의 줄은 열두 개이며, 줄마다 기러기발 모양의 받침인 안족을 괴어 음높이를 조절한다. 가야의 가실왕이 이 악기를 만들고 우륵에게 곡을 짓게 했으며, 우륵은 열두 곡을 지었다고 전한다. 가야가 기울자 우륵이 신라로 건너가면서 진흥왕 때 신라에 가야금 음악이 전해졌다. 가야금은 크게 두 가지로 나뉜다. 궁중 음악과 선비들의 풍류 음악에 쓰는 풍류가야금은 길이 약 151센티미터, 너비 약 28.5센티미터로 크고, 빠르고 화려한 산조를 연주하는 산조가야금은 길이 약 136센티미터, 너비 18~21센티미터 정도로 작다. 20세기 이후에는 음역을 넓히려고 줄 수를 늘린 개량 가야금이 여럿 만들어졌는데, 15현, 18현, 21현, 25현 등이 쓰인다. 맑고 부드러운 소리를 내어 독주와 합주, 노래 반주에 두루 쓰인다.",안족,가야금,train
1961년 지방 의회가 해산된 계기가 된 사건,"지방자치제는 지역 주민이 직접 뽑은 대표가 그 지역의 일을 스스로 처리하도록 하는 제도이다. 대한민국에서는 1949년 지방자치법이 만들어졌고, 1952년 읍·면의회 의원 선거를 시작으로 지방 선거가 처음 치러졌다. 그러나 1961년 5·16 군사 정변 뒤 지방 의회가 해산되면서 지방자치는 30년 가까이 멈춰 있었다. 지방자치가 다시 살아난 것은 1991년이다. 그해 3월 26일 시·군·구 의회 의원 선거가, 6월에는 시·도 의회 의원 선거가 치러져 지방 의회가 다시 구성되었다. 다만 이때까지 시장이나 도지사 같은 자치단체장은 여전히 정부가 임명했다. 1995년 6월 27일 제1회 전국동시지방선거에서 광역과 기초 자치단체장, 광역과 기초 의회 의원을 한꺼번에 뽑으면서 주민이 단체장까지 직접 선출하는 민선 자치 시대가 열렸다. 이후 전국동시지방선거는 4년마다 치러지며, 교육감도 주민 직선으로 뽑는다.",5·16 군사 정변,지방자치제의 부활,validation
올림픽에 여자 마라톤이 처음 생긴 대회,"마라톤은 42.195킬로미터를 달리는 장거리 달리기 경기로, 육상에서 가장 긴 도로 종목 가운데 하나이다. 이름은 기원전 490년 아테네군과 페르시아군이 맞붙은 전투가 벌어진 그리스의 마라톤 평원에서 왔다. 전령이 승전 소식을 알리려고 아테네까지 쉬지 않고 달린 뒤 숨졌다는 이야기가 널리 퍼져 있지만, 이는 훗날 덧붙여진 전설로 보는 견해가 많다. 이 고사를 기념해 1896년 아테네에서 열린 제1회 근대 올림픽에서 마라톤이 처음 치러졌다. 초기에는 대회마다 거리가 조금씩 달랐는데, 1908년 런던 올림픽에서 쓰인 26마일 385야드가 1921년 공식 거리로 정해졌다. 여자 마라톤은 1984년 로스앤젤레스 올림픽에서 처음 정식 종목이 되었다. 대회 코스에는 보통 5킬로미터마다 물과 음료를 마실 수 있는 급수대가 놓인다. 요즘은 선수 신발이나 번호표에 전자 칩을 달아 구간 통과 시각을 재고, 차를 타는 등의 부정행위도 가려낸다.",1984년 로스앤젤레스 올림픽,마라톤,train
"이 밖에도 빛에 비춰야 보이는 숨은 그림과 색이 바뀌는 잉크, 아주 작은 글자인 미세 문자 등이 함께 쓰였다","5만 원권은 한국은행이 2009년 6월 23일 처음 발행한 은행권으로, 현재 대한민국에서 가장 큰 액면의 지폐이다. 1973년 1만 원권이 나온 뒤 36년 만에 새로 등장한 최고액권이었다. 앞면에는 조선 시대의 서화가 신사임당의 초상이 들어갔고, 그 옆에는 신사임당의 작품으로 전하는 묵포도도와 초충도수병 가운데 가지 그림이 보조 도안으로 쓰였다. 뒷면에는 어몽룡의 월매도와 이정의 풍죽도가 겹쳐 놓인 듯 배치되었는데, 다른 은행권과 달리 그림이 세로 방향으로 인쇄된 것이 특징이다. 위조를 막기 위해 보는 각도에 따라 무늬가 바뀌는 띠형 홀로그램, 지폐 속에 일부가 드러나는 입체형 부분노출은선, 숫자 크기가 점점 커지는 가로 확대형 기번호 등 여러 장치를 넣었다. 이 밖에도 빛에 비춰야 보이는 숨은 그림과 색이 바뀌는 잉크, 아주 작은 글자인 미세 문자 등이 함께 쓰였다. 현재 쓰이는 은행권은 1천 원, 5천 원, 1만 원, 5만 원의 네 가지이다.",이,5만 원권,train
강릉단오제의 첫 행사는 무엇인가,"강릉단오제는 강원도 강릉에서 단오 무렵 대관령의 신을 모시며 벌이는 지역 축제이다. 모시는 신 가운데 대관령국사성황은 강릉 출신 승려인 범일국사이고, 대관령국사여성황은 강릉의 정씨 여인으로 전한다. 축제는 음력 4월 5일 제사에 올릴 술을 빚는 신주빚기로 막을 올린다. 음력 4월 보름에는 대관령에서 국사성황을 모셔 와 시내에 머물게 하고, 음력 5월 3일부터 7일까지 남대천 단오장에서 본격적인 행사가 펼쳐진다. 행사의 중심은 유교식 제례, 무당이 벌이는 단오굿, 그리고 관노가면극의 세 가지이다. 관노가면극은 조선 시대 관아에 딸린 노비들이 하던 탈놀이로, 대사 없이 몸짓과 춤만으로 이야기를 풀어 간다. 강릉단오제는 1967년 1월 16일 국가무형문화재 제13호로 지정되었고, 2005년 11월 25일 유네스코 인류구전 및 무형유산 걸작에 올랐다.",신주빚기,강릉단오제,test
명왕성이 행성에서 왜행성으로 바뀐 해,"태양계는 태양과, 그 중력에 붙들려 태양 둘레를 도는 행성, 왜행성, 위성, 소행성, 혜성 같은 천체를 모두 아우르는 말이다. 아래에서는 태양계가 어떻게 생겨났는지 살펴본 뒤, 안쪽에서 바깥쪽으로 나아가며 태양계를 이루는 천체들을 차례로 정리한다.
## 태양계의 탄생
태양계의 나이는 약 46억 년으로 추정된다. 널리 받아들여지는 성운설에 따르면, 우주 공간에 떠 있던 가스와 먼지 구름이 자체 중력으로 뭉치며 회전하기 시작했고, 한가운데에 물질이 모여 태양이 되었다. 태양 둘레에 원반 모양으로 남은 물질은 식으면서 서로 들러붙어 점점 큰 덩어리로 자랐고, 이것들이 행성과 여러 작은 천체가 되었다. 행성들이 거의 같은 평면 위에서 같은 방향으로 태양을 도는 것도 이렇게 하나의 회전하는 원반에서 태어났기 때문으로 설명된다. 오늘날 태양은 태양계 전체 질량의 99.86퍼센트를 차지한다. 지구와 태양 사이의 평균 거리는 1천문단위(AU)라고 하며, 태양계 안의 거리를 나타낼 때 기준으로 쓰인다.
## 안쪽의 암석 행성
태양에 가까운 네 행성인 수성, 금성, 지구, 화성은 단단한 암석 표면을 지녀 지구형 행성이라 부른다. 수성은 지름 4,879킬로미터로 가장 작은 행성이며, 88일 만에 태양을 한 바퀴 돌지만 자전 한 번에는 58.6일이 걸린다. 궤도의 이심률이 0.205로 행성 가운데 가장 찌그러진 궤도를 돈다. 대기가 거의 없어 표면 온도가 영하 173도에서 영상 427도 사이를 크게 오간다. 1974년부터 1975년까지 매리너 10호가 처음으로 수성을 찾아갔고, 메신저 탐사선은 수성 궤도를 돌며 조사하다 2015년 4월 30일 표면에 충돌하며 임무를 마쳤다.
금성은 크기와 질량이 지구와 비슷하지만, 두꺼운 이산화탄소 대기가 강한 온실 효과를 일으켜 표면 온도가 약 464도에 이르며 지표의 기압은 지구의 약 95배이다. 공전에는 224.7일이 걸리는 반면 자전에는 243일이 걸리며, 대부분의 행성과 반대 방향으로 돈다. 화성은 지름 6,779킬로미터로 지구의 절반 정도 크기이고, 하루 길이는 약 24시간 37분으로 지구와 비슷하지만 한 해는 약 687일이다. 표면을 덮은 산화철 때문에 붉게 보이며, 대기는 95퍼센트 넘게 이산화탄소이지만 매우 얇아 기압이 지구의 1퍼센트에도 못 미친다. 두 위성 포보스와 데이모스는 1877년 미국의 천문학자 아사프 홀이 발견했다. 태양계에서 가장 높은 산인 올림푸스산과, 길이 약 4,000킬로미터에 깊이가 7킬로미터에 이르는 마리너스 협곡도 화성에 있다. 2021년 2월 18일에는 탐사 로봇 퍼서비어런스가 예제로 크레이터에 내려앉았고, 함께 간 소형 헬리콥터 인저뉴어티가 화성 하늘을 날았다.
## 소행성대
화성과 목성의 궤도 사이, 태양에서 2.3~3.3천문단위 떨어진 곳에는 수많은 암석 덩어리가 모여 도는 소행성대가 있다. 이 가운데 가장 큰 천체는 지름이 약 1,000킬로미터인 세레스로, 오늘날에는 왜행성으로 분류된다. 소행성대의 천체들은 가까이 있는 목성의 강한 중력에 흔들려 하나의 행성으로 뭉치지 못한 것으로 여겨진다.
## 바깥쪽의 거대 행성
소행성대 바깥에는 목성, 토성, 천왕성, 해왕성의 네 거대 행성이 있으며, 이들을 목성형 행성이라 부른다. 이 행성들은 단단한 표면 없이 주로 수소와 헬륨 같은 가벼운 물질로 이루어져 있고, 모두 고리를 지니고 있다. 토성은 적도 지름이 약 12만 킬로미터로 지구의 9.1배이고 질량은 지구의 약 95배이지만, 평균 밀도는 1세제곱센티미터당 0.7그램으로 물보다 가볍다. 태양을 한 바퀴 도는 데 약 29.5년이 걸리는 데 비해 자전은 약 10시간 33분 만에 마친다. 토성의 고리는 1610년 갈릴레이가 처음 보았으나 그 정체를 알지 못했고, 1655년 하위헌스가 행성을 둘러싼 고리라고 설명했다. 고리는 모래알만 한 것부터 큰 덩어리까지 여러 크기의 얼음 조각으로 이루어져 있다. 토성의 가장 큰 위성인 타이탄은 지름이 약 5,150킬로미터이다.
천왕성은 1781년 3월 13일 윌리엄 허셜이 망원경으로 찾아낸 행성으로, 자전축이 약 98도 기울어져 거의 누운 채로 태양을 돈다. 공전 주기는 84년이며, 대기가 붉은빛을 흡수하고 푸른빛과 초록빛을 되돌려 보내 청록색으로 보인다. 1986년 보이저 2호가 가까이 지나가며 관측했다. 해왕성은 천왕성의 움직임이 계산과 어긋나는 데서 그 존재가 예측되었다. 1846년 9월 23일 독일의 요한 갈레가 프랑스의 위르뱅 르베리에가 계산해 준 위치를 망원경으로 살펴 이 행성을 찾아냈다. 해왕성은 태양에서 약 30천문단위 떨어져 있어 한 바퀴 도는 데 약 164.8년이 걸린다. 대기 속 메테인 때문에 짙푸른 빛을 띠며, 초속 600미터에 이르는 태양계에서 가장 빠른 바람이 분다. 가장 큰 위성인 트리톤은 행성의 자전과 반대 방향으로 공전하는데, 카이퍼대에서 붙잡혀 온 천체로 여겨진다. 1989년 8월 25일 곁을 지나간 보이저 2호는 지금까지 해왕성을 찾아간 유일한 탐사선이다.
## 왜행성과 태양계의 끝자락
1930년 발견된 명왕성은 오랫동안 아홉 번째 행성으로 여겨졌으나, 2006년 국제천문연맹(IAU)이 행성의 정의를 새로 정하면서 왜행성으로 분류가 바뀌었다. 현재 왜행성으로 인정된 천체는 세레스, 명왕성, 하우메아, 마케마케, 에리스 다섯이다. 해왕성 바깥, 태양에서 30~50천문단위 떨어진 지역에는 얼음 천체들이 모인 카이퍼대가 있다. 태양에서 뿜어져 나오는 태양풍은 80~100천문단위 부근에서 급격히 느려지는데, 이 경계를 말단 충격이라 한다. 그보다 훨씬 먼 곳에는 태양에서 약 5만 천문단위, 멀게는 10만 천문단위까지 태양계를 공 모양으로 감싸는 오르트 구름이 있을 것으로 생각된다. 주기가 아주 긴 혜성들은 대부분 이곳에서 날아오는 것으로 여겨진다.",2006년,태양계,train
제1회 전국동시지방선거는 언제 치러졌나요?,"지방자치제는 지역 주민이 직접 뽑은 대표가 그 지역의 일을 스스로 처리하도록 하는 제도이다. 대한민국에서는 1949년 지방자치법이 만들어졌고, 1952년 읍·면의회 의원 선거를 시작으로 지방 선거가 처음 치러졌다. 그러나 1961년 5·16 군사 정변 뒤 지방 의회가 해산되면서 지방자치는 30년 가까이 멈춰 있었다. 지방자치가 다시 살아난 것은 1991년이다. 그해 3월 26일 시·군·구 의회 의원 선거가, 6월에는 시·도 의회 의원 선거가 치러져 지방 의회가 다시 구성되었다. 다만 이때까지 시장이나 도지사 같은 자치단체장은 여전히 정부가 임명했다. 1995년 6월 27일 제1회 전국동시지방선거에서 광역과 기초 자치단체장, 광역과 기초 의회 의원을 한꺼번에 뽑으면서 주민이 단체장까지 직접 선출하는 민선 자치 시대가 열렸다. 이후 전국동시지방선거는 4년마다 치러지며, 교육감도 주민 직선으로 뽑는다.",1995년 6월 27일,지방자치제의 부활,train
구아닌과 시토신은 수소 결합 몇 개로 이어져?,"DNA는 생물의 유전 정보를 담은 분자로, 두 가닥의 사슬이 서로 감겨 나선 계단 같은 모양을 이룬다. 이 이중 나선 구조는 1953년 제임스 왓슨과 프랜시스 크릭이 과학 학술지 《네이처》에 발표했다. 구조를 밝히는 데 결정적인 단서가 된 것은 로절린드 프랭클린이 1952년에 찍은 X선 회절 사진으로, 흔히 사진 51이라고 부른다. 왓슨과 크릭은 모리스 윌킨스와 함께 1962년 노벨 생리의학상을 받았으나, 1958년에 세상을 떠난 프랭클린은 수상자에 들지 못했다.
DNA를 이루는 염기는 아데닌(A), 티민(T), 구아닌(G), 시토신(C) 네 가지이다. 두 가닥 사이에서 아데닌은 티민과 수소 결합 두 개로, 구아닌은 시토신과 수소 결합 세 개로 짝을 이룬다. 나선의 지름은 약 2나노미터이며, 가장 흔한 B형 DNA는 한 바퀴를 도는 동안 염기쌍 10개가 쌓인다. 핵산 자체는 이보다 훨씬 앞선 1869년 스위스의 프리드리히 미셔가 처음 분리했다. 사람의 유전체를 모두 읽어 내려는 인간 게놈 프로젝트는 2003년에 완료되었다.",수소 결합 세 개,DNA 이중 나선,train
북한이 UTC+8:30 평양시를 쓴 기간은?,"한국 표준시는 협정 세계시보다 9시간 빠른 UTC+9를 쓰며, 동경 135도 경선을 기준으로 한다. 이 경선은 한반도가 아닌 일본을 지나므로, 실제 태양이 가장 높이 뜨는 시각은 서울에서 낮 12시 30분 무렵이다. 한국에서 처음 표준시가 정해진 것은 1908년으로, 이때는 한반도 중앙을 지나는 동경 127.5도를 기준으로 한 UTC+8:30을 썼다. 일제 강점기인 1912년 일본과 같은 UTC+9로 바뀌었고, 광복 뒤인 1954년에 다시 UTC+8:30으로 돌아갔다가 1961년부터 지금의 UTC+9를 이어 쓰고 있다. 여름철에 시계를 한 시간 앞당기는 서머타임은 1987년과 1988년 서울 올림픽을 앞두고 시행되었으나 생활 리듬을 흐트러뜨린다는 지적 속에 그 뒤로는 쓰지 않는다. 표준 경선을 127.5도로 바꾸자는 법안이 여러 차례 나왔지만, 국제 표준과의 호환 등을 이유로 채택되지 않았다. 북한은 2015년부터 2018년까지 UTC+8:30인 평양시를 따로 썼다가 다시 UTC+9로 돌아왔다.",2015년부터 2018년까지,한국 표준시,train
사진 51을 촬영한 과학자는 누구인가요?,"DNA는 생물의 유전 정보를 담은 분자로, 두 가닥의 사슬이 서로 감겨 나선 계단 같은 모양을 이룬다. 이 이중 나선 구조는 1953년 제임스 왓슨과 프랜시스 크릭이 과학 학술지 《네이처》에 발표했다. 구조를 밝히는 데 결정적인 단서가 된 것은 로절린드 프랭클린이 1952년에 찍은 X선 회절 사진으로, 흔히 사진 51이라고 부른다. 왓슨과 크릭은 모리스 윌킨스와 함께 1962년 노벨 생리의학상을 받았으나, 1958년에 세상을 떠난 프랭클린은 수상자에 들지 못했다.
DNA를 이루는 염기는 아데닌(A), 티민(T), 구아닌(G), 시토신(C) 네 가지이다. 두 가닥 사이에서 아데닌은 티민과 수소 결합 두 개로, 구아닌은 시토신과 수소 결합 세 개로 짝을 이룬다. 나선의 지름은 약 2나노미터이며, 가장 흔한 B형 DNA는 한 바퀴를 도는 동안 염기쌍 10개가 쌓인다. 핵산 자체는 이보다 훨씬 앞선 1869년 스위스의 프리드리히 미셔가 처음 분리했다. 사람의 유전체를 모두 읽어 내려는 인간 게놈 프로젝트는 2003년에 완료되었다.",로절린드 프랭클린,DNA 이중 나선,validation
가야금을 처음 만든 가야의 왕은 누구예요?,"가야금은 오동나무 울림통 위에 명주실로 꼰 줄을 걸고 손가락으로 뜯어 소리를 내는 한국의 현악기이다. 전통 가야금의 줄은 열두 개이며, 줄마다 기러기발 모양의 받침인 안족을 괴어 음높이를 조절한다. 가야의 가실왕이 이 악기를 만들고 우륵에게 곡을 짓게 했으며, 우륵은 열두 곡을 지었다고 전한다. 가야가 기울자 우륵이 신라로 건너가면서 진흥왕 때 신라에 가야금 음악이 전해졌다. 가야금은 크게 두 가지로 나뉜다. 궁중 음악과 선비들의 풍류 음악에 쓰는 풍류가야금은 길이 약 151센티미터, 너비 약 28.5센티미터로 크고, 빠르고 화려한 산조를 연주하는 산조가야금은 길이 약 136센티미터, 너비 18~21센티미터 정도로 작다. 20세기 이후에는 음역을 넓히려고 줄 수를 늘린 개량 가야금이 여럿 만들어졌는데, 15현, 18현, 21현, 25현 등이 쓰인다. 맑고 부드러운 소리를 내어 독주와 합주, 노래 반주에 두루 쓰인다.",가실왕,가야금,train
우유니가 거울처럼 하늘을 비추는 시기,"우유니 소금 사막은 볼리비아 남서부의 포토시주와 오루로주에 걸쳐 있는 세계에서 가장 넓은 소금 평원이다. 넓이는 약 10,600제곱킬로미터이며, 안데스산맥의 해발 약 3,660미터 고원에 펼쳐져 있다. 먼 옛날 이 일대를 덮고 있던 커다란 호수들이 메마른 기후 속에서 증발하면서 바닥에 소금이 두껍게 쌓여 만들어졌다. 소금층의 두께는 곳에 따라 1미터에서 120미터에 이르며, 묻혀 있는 소금은 적어도 100억 톤으로 추정된다.
이곳 소금물에는 전지의 재료가 되는 리튬도 많이 녹아 있어, 약 2,100만 톤의 리튬이 확인되었다. 우기인 12월부터 3월 사이에는 평원 위에 얕게 물이 고여 하늘을 그대로 비추기 때문에 세계에서 가장 큰 거울이라는 별명이 붙었다. 땅의 높낮이 차이가 1미터도 되지 않을 만큼 평평해서, 인공위성의 고도 측정 장비를 보정하는 데에도 쓰인다. 평원 한가운데에는 선인장으로 뒤덮인 잉카와시섬이 있고, 여러 종의 홍학이 날아든다.",12월부터 3월 사이,우유니 소금 사막,train
여자 배구 네트 높이,"배구는 여섯 명씩 이룬 두 팀이 네트를 사이에 두고 공을 손이나 팔로 쳐서 상대 코트에 떨어뜨리는 구기 종목이다. 1895년 미국 매사추세츠주 홀리오크의 YMCA 체육부장이던 윌리엄 G. 모건이 처음 고안했으며, 초기에는 민토넷이라는 이름으로 불렸다. 코트는 길이 18미터, 너비 9미터이고, 네트 높이는 남자 경기가 2.43미터, 여자 경기가 2.24미터이다. 한 세트는 먼저 25점을 얻는 팀이 가져가며, 두 팀이 두 세트씩 나눠 가진 뒤 치르는 다섯 번째 세트만 15점으로 끝낸다. 선수는 공을 올려 주는 세터, 가운데에서 가로막기를 맡는 미들 블로커, 측면 공격수 등으로 역할을 나눈다. 수비만 전담하며 다른 선수와 다른 색 유니폼을 입는 리베로는 1998년에 도입되었다. 배구는 1964년 제18회 도쿄 올림픽에서 처음으로 올림픽 종목으로 채택되었다.",2.24미터,배구,train
북한이 아리랑을 유네스코에 등재한 연도는?,"아리랑은 '아리랑'이라는 말이 든 후렴을 공통으로 지닌 한국 민요를 두루 이르는 이름이다. 지역마다 가락과 노랫말이 달라 수많은 갈래가 있으며, 그 가운데 강원도의 정선아리랑, 전라남도의 진도아리랑, 경상남도의 밀양아리랑이 널리 알려져 있다. 한반도 중부의 태백산맥 일대, 특히 정선 지역에서 불리던 노래가 여러 고장으로 퍼져 나갔다는 견해가 있다. 1926년에는 나운규가 만든 무성 영화 '아리랑'이 개봉해 큰 인기를 끌었고, 이 영화와 함께 퍼진 경기 지방 가락의 아리랑이 오늘날 가장 흔히 불린다. 가락이 단순해 누구나 쉽게 따라 부를 수 있고 그때그때 새 노랫말을 지어 붙일 수 있어, 아리랑은 세대와 지역을 넘어 함께 부르는 노래로 이어져 왔다. 대한민국은 2012년 아리랑을 유네스코 인류무형유산에 올렸고, 북한도 2014년 따로 등재했다. 국내에서는 2015년 9월 국가무형문화재 제129호로 지정되었는데, 특정 보유자나 보유단체를 인정하지 않고 지정한 첫 사례였다.",2014년,아리랑,train
페니실린을 처음 발견한 사람,"페니실린은 푸른곰팡이에서 얻은 항생 물질로, 세균 감염을 약으로 다스리는 시대를 연 물질이다. 1928년 영국 런던의 세인트메리 병원에서 일하던 스코틀랜드 출신 미생물학자 알렉산더 플레밍이 처음 발견했다. 그는 포도상구균을 기르던 배양 접시에 푸른곰팡이가 우연히 자라났는데, 곰팡이 둘레에서는 세균이 자라지 못한 것을 보고 이 물질의 존재를 알아차렸다. 곰팡이의 학명에서 이름을 따 이 물질을 페니실린이라 불렀다. 플레밍은 이보다 앞선 1922년 세균을 녹이는 효소인 리소자임을 찾아내기도 했다.
발견 뒤 한동안은 약으로 쓰이지 못했으나, 1939년 이후 옥스퍼드 대학교의 하워드 플로리와 에른스트 체인이 페니실린을 정제하고 대량으로 만들어 내는 길을 열었다. 세 사람은 1945년 노벨 생리의학상을 함께 받았다. 페니실린은 세균이 세포벽을 만드는 데 필요한 효소에 달라붙어 세포벽을 약하게 만들고, 그 결과 세균은 터져서 죽게 된다.",알렉산더 플레밍,페니실린,train
처용무는 몇 명이 추는 춤이야?,"처용무는 처용의 탈을 쓴 다섯 사람이 동서남북과 가운데의 다섯 방위를 나타내는 옷을 입고 추는 궁중 춤이다. 춤의 바탕에는 신라 헌강왕 때의 처용 설화가 있다. 동해 용왕의 아들로 전하는 처용이 아내를 넘보던 역신 앞에서 노래하고 춤을 추자 역신이 물러갔다는 이야기로, 이후 처용의 모습은 나쁜 기운을 쫓는 상징이 되었다. 무용수의 옷 색깔은 방위에 맞추어 동쪽은 파랑, 서쪽은 흰색, 남쪽은 빨강, 북쪽은 검정, 가운데는 노랑으로 정해져 있다. 탈은 붉은 얼굴에 윤기가 돌며 너그럽고 복스러운 인상을 준다. 처용무는 고려와 조선을 거치며 궁중에서 한 해를 마무리하며 악귀를 쫓던 나례와 잔치 자리에서 추어졌고, 성종 때 편찬된 악학궤범에는 학무, 연화대무와 이어서 공연한 방식이 기록되어 있다. 조선 말기에 전승이 끊겼으나 1928년 다시 안무되어 되살아났다. 1971년 1월 8일 국가무형문화재 제39호로 지정되었고, 2009년 9월 유네스코 인류무형유산에 올랐다.",다섯 사람,처용무,train
온돌 구들 아래로 열기가 흘러가는 길을 뭐라고 부르나요?,"온돌은 아궁이에서 땐 불의 뜨거운 연기를 방바닥 밑으로 지나가게 해 바닥 전체를 데우는 한국의 전통 난방 방식이다. 방 바깥쪽 아궁이에서 불을 지피면 열기가 불목을 넘어 방바닥 아래에 여러 줄로 낸 통로인 고래를 따라 흐르고, 그 위를 덮은 넓적한 돌인 구들장을 데운 뒤 굴뚝으로 빠져나간다. 굴뚝 가까이에는 개자리라는 깊은 홈을 파서 열기와 연기가 오래 머물다 나가도록 했다. 공기를 직접 데우는 벽난로와 달리 달궈진 바닥돌이 내는 복사열과 전도열로 방을 데우기 때문에, 불이 꺼진 뒤에도 따뜻함이 여러 시간 이어진다. 한반도 북부에서 아주 이른 시기의 흔적이 나타나며, 고려와 조선 시대를 거치며 상류층의 집에서 먼저 퍼졌고, 16세기에서 17세기 이후 일반 백성의 집에도 널리 쓰이게 되었다. 오늘날 주택은 대부분 뜨거운 물을 바닥 배관으로 돌리는 온수 보일러를 쓰지만, 바닥을 데워 생활하는 방식 자체는 그대로 이어지고 있다. 온돌을 만들고 쓰는 생활 문화는 2018년 국가무형문화재 제135호 온돌문화로 지정되었다.",고래,온돌,test
태백산맥 최고봉,"한반도는 아시아 대륙의 동쪽 끝에서 남쪽으로 길게 뻗어 나온 반도이다. 산이 많고 동쪽이 높으며, 세 방향이 바다로 둘러싸여 있어 지형이 매우 다채롭다. 아래에서는 한반도의 크기와 산줄기, 강과 평야, 바다, 그리고 눈여겨볼 만한 지형을 차례로 정리한다.
## 크기와 위치
한반도의 넓이는 223,663제곱킬로미터이며, 남북 길이는 약 1,000킬로미터에 이른다. 동쪽에는 동해, 서쪽에는 황해, 남쪽에는 남해가 있고, 북쪽은 압록강과 두만강을 경계로 대륙과 맞닿아 있다. 섬을 포함한 해안선의 길이는 1만 7,361킬로미터에 달한다. 연안에는 3,418개의 섬이 흩어져 있으며, 이 가운데 약 2,900개가 남쪽에 있다.
## 산지와 산맥
한반도는 전체 면적의 70퍼센트 이상이 산지이다. 오랜 세월에 걸쳐 동쪽 땅이 더 높이 들려 올라, 동쪽은 높고 가파르며 서쪽으로 갈수록 낮아지는 동고서저의 모양을 이룬다. 동해안을 따라 남북으로 달리는 태백산맥은 한반도의 등뼈에 해당한다. 원산 부근의 추가령 구조곡에서 시작해 부산 부근까지 약 500킬로미터 뻗어 있으며, 주로 편마암과 화강암으로 이루어져 있다. 이 산맥에서 가장 높은 곳은 설악산의 대청봉으로 높이는 1,708미터이고, 오대산, 태백산, 주왕산처럼 1,000미터가 넘는 산들이 줄지어 있다.
북부에서는 낭림산맥이 태백산맥과 함께 반도의 척추를 이루며, 가장 높은 와갈봉은 2,260미터이다. 남쪽에서는 소백산맥이 태백산맥에서 갈라져 서남쪽으로 약 350킬로미터 뻗어 여수 부근에 이른다. 소백산맥은 동쪽의 경상도와 서쪽의 충청도·전라도를 가르는 경계가 되며, 죽령, 문경새재, 추풍령 같은 고개가 예부터 두 지역을 잇는 길목 구실을 했다.
## 강과 평야
땅이 동쪽으로 높기 때문에 큰 강은 대부분 서쪽이나 남쪽으로 흘러 황해와 남해로 들어간다. 압록강은 790킬로미터를 흐르며, 하구에서는 북한의 신의주와 중국의 단둥이 강을 사이에 두고 마주 본다. 두만강은 547킬로미터를 흐르면서 북한과 중국의 국경이 되고, 하구 가까이에서는 북한과 러시아의 국경을 이룬다. 낙동강은 태백시에서 발원해 약 510킬로미터를 남쪽으로 흘러 부산의 을숙도 부근에서 바다로 빠지며, 남한에서 가장 긴 강이다. 한강은 태백의 검룡소에서 시작하는 남한강과 북쪽에서 내려오는 북한강이 양평의 양수리에서 합쳐져 서울을 가로지른다. 길이는 494킬로미터이고 유역 면적은 35,770제곱킬로미터로, 남한을 흐르는 강 가운데 가장 넓은 유역을 가졌다. 하류에서는 임진강을 받아들인 뒤 김포 부근에서 황해로 들어간다. 한강과 낙동강 다음으로 큰 금강은 장수군의 뜬봉샘에서 시작해 397.79킬로미터를 흐른 뒤 군산과 서천 사이에서 바다로 나가며, 하구에는 1990년 길이 1,841미터의 하굿둑이 완공되었다.
큰 강의 하류에는 넓은 평야가 펼쳐진다. 만경강과 동진강이 흐르는 호남평야는 동서 약 50킬로미터, 남북 약 80킬로미터에 걸친 약 3,500제곱킬로미터의 너른 들로, 한국의 대표적인 쌀 생산지이다. 낙동강 하류에는 강이 실어 온 흙이 쌓여 생긴 삼각주인 김해평야가 약 136제곱킬로미터 넓이로 펼쳐져 있다.
## 세 바다와 해안
동해는 넓이가 약 100만 제곱킬로미터이고 평균 수심이 1,752미터에 이르는 깊은 바다이며, 가장 깊은 곳은 3,762미터이다. 해안선이 단조롭고 곧게 뻗은 것이 특징이며, 남쪽에서 올라오는 동한 난류와 북쪽에서 내려오는 북한 한류가 이 바다에서 만난다. 반면 황해는 평균 수심이 약 45미터에 불과하고 가장 깊은 곳도 100미터가 되지 않는 얕은 바다이다. 약 2만 6천 년 전 마지막 빙기가 가장 추웠던 때에는 해수면이 낮아 황해 대부분이 육지였고, 약 1만 3천 년 전부터 바닷물이 다시 차올랐다. 황하와 양쯔강이 실어 오는 흙 때문에 물빛이 누렇게 보인다고 해서 황해라는 이름이 붙었다.
서해안과 남해안에는 리아스식 해안이 잘 발달해 있다. 이는 강물이 깎아 만든 골짜기가 빙기 뒤 높아진 바닷물에 잠겨 생긴 해안으로, 곶과 만이 많아 해안선이 복잡하고 작은 섬이 많다. 이름은 에스파냐 갈리시아 지방에서 강어귀를 가리키는 말에서 왔다. 물결이 잔잔해 양식업이 활발하지만, 해안을 따라 길을 내기는 어렵다.
## 화산 지형과 석회암 동굴
한반도 곳곳에는 화산 활동이 남긴 지형이 있다. 동해 한가운데의 울릉도는 넓이 72.86제곱킬로미터의 화산섬으로, 가장 높은 봉우리인 성인봉은 984미터이며 마지막 분화는 약 5천 년 전에 있었다. 섬은 포항에서 약 217킬로미터 떨어져 있고, 길이 56.5킬로미터의 해안은 대부분 높은 절벽으로 되어 있어 배를 대기가 쉽지 않다. 섬 북쪽의 나리분지는 화산이 무너져 생긴 칼데라로, 섬에서 유일하게 넓고 평평한 땅이다. 강원도 철원에서 경기도 포천과 연천으로 흐르는 한탄강은 길이 136킬로미터로, 옛 용암이 굳은 현무암 대지를 깎아 깊은 협곡과 주상 절리를 만들었다. 이 일대 1,165.61제곱킬로미터는 2020년 7월 국내 네 번째 유네스코 세계지질공원으로 인증되었다. 충청북도 단양에는 석회암이 지하수에 녹아 생긴 동굴이 많다. 그 가운데 고수동굴은 약 4억 5천만 년 전에 쌓인 석회암층에 생긴 동굴로, 주굴 600미터와 지굴 700미터를 합한 길이가 1,300미터이다. 종유석과 석순, 석주가 잘 발달해 1976년 천연기념물로 지정되었다.",설악산의 대청봉,한반도의 지형,train
경부고속도로를 짓다가 숨진 사람은 몇 명이야?,"경부고속도로는 서울과 부산을 잇는 대한민국의 고속국도 제1호선이다. 1968년 2월 1일 공사를 시작해 약 2년 5개월 만인 1970년 7월 7일 전 구간이 개통되었다. 건설 당시 총연장은 428킬로미터였고, 공사비로 429억 원이 들었으며, 연인원 약 900만 명과 장비 165만 대가 동원되었다. 공사 과정에서 77명이 목숨을 잃었는데, 특히 당재터널 공사에서는 지반이 약해 무너지는 사고가 열세 번이나 일어나 11명이 숨졌다. 개통 뒤 서울과 부산 사이의 이동 시간이 크게 줄어 물류와 산업 발전에 큰 영향을 주었다. 이후 구간 조정을 거쳐 지금의 길이는 약 416.2킬로미터이며, 부산 금정구 구서동에서 시작해 울산, 대구, 대전, 청주 방면을 지나 서울 서초구 양재동에 이른다. 차로는 구간에 따라 4차로에서 12차로까지 다양하다. 이 도로는 아시아 여러 나라를 잇는 국제 도로망인 아시안 하이웨이 1호선의 한 구간이기도 하다.",77명,경부고속도로,train
서울 지하철 1호선은 언제 처음 운행했어?,"한국의 철도는 19세기 말에 처음 놓인 뒤 전국을 잇는 간선망과 대도시의 도시 철도, 고속 철도로 발전해 왔다. 오늘날 대한민국의 간선 철도망과 간선 고속도로망은 길이가 각각 약 3,000킬로미터로 엇비슷하며, 선로 폭은 1,435밀리미터의 표준궤를 쓴다.

## 첫 철도, 경인선
한반도에 처음 놓인 철도는 경인선이다. 1899년 9월 18일 노량진과 제물포 사이 33.2킬로미터 구간에서 첫 열차가 달렸다. 이때 쓰인 기관차는 미국에서 들여온 모갈형 증기 기관차였다. 처음에는 한강을 건너지 못해 노량진에서 멈추었으나, 1900년 한강철교가 완공되면서 서울 도심까지 선로가 이어졌다. 한국에서는 오랫동안 경인선이 개통한 9월 18일을 철도의 날로 기념했다. 그러나 경인선이 외국 자본의 이권 속에 건설되었다는 점 등을 들어 날짜를 바꾸자는 의견이 나왔고, 2018년부터는 1894년 조선 정부가 공무아문 아래에 철도국을 처음 둔 날을 기려 6월 28일을 철도의 날로 삼고 있다.

## 간선 철도의 부설
20세기 초에는 한반도를 세로로 잇는 큰 노선들이 잇달아 놓였다. 서울과 부산을 잇는 경부선이 1905년 1월 1일 영업을 시작했고, 서울과 신의주를 잇는 경의선이 1906년에 개통했다. 1914년에는 대전과 목포를 잇는 호남선과 서울과 원산을 잇는 경원선이 문을 열었다. 서울의 관문 역할을 한 옛 서울역 건물은 1925년에 지어졌으며, 새 역사가 생긴 뒤에는 복합 문화 공간으로 쓰이고 있다. 이 노선들은 사람과 물자를 나르는 핵심 통로가 되었으나, 광복 뒤 남북이 나뉘면서 경의선과 경원선은 군사 분계선에서 끊겼다.

## 운영 조직의 변화
광복 뒤 철도는 정부 부처가 직접 운영했다. 1963년에는 교통부 소속의 철도청이 발족해 오랫동안 철도 운영과 건설을 함께 맡았다. 2000년대 들어 선로와 역 같은 시설을 만드는 일과 열차를 운행하는 일을 나누는 개혁이 추진되어, 2004년 시설을 맡는 한국철도시설공단이 세워졌고, 2005년 1월 1일에는 철도청이 한국철도공사로 바뀌어 열차 운영을 맡게 되었다. 한국철도시설공단은 2020년 국가철도공단으로 이름을 바꾸었다.

## 도시 철도
대도시 안을 오가는 지하철도 빠르게 늘었다. 서울 지하철 1호선이 1974년 8월 15일 서울역과 청량리 사이 약 7.8킬로미터 구간에서 처음 운행을 시작했으며, 이는 세계에서 스물두 번째로 문을 연 지하철이었다. 이후 부산이 1985년, 대구가 1997년, 인천이 1999년, 광주가 2004년, 대전이 2006년에 차례로 도시 철도를 개통해 서울을 포함한 여섯 도시가 지하철을 운영하게 되었다. 수도권에서는 지하철과 광역 전철이 서로 이어져 하나의 거대한 교통망을 이루고 있다.

## 고속 철도
2004년 4월 1일 한국 고속 철도 KTX가 경부선과 호남선에서 함께 운행을 시작하면서 최고 시속 300킬로미터로 달리는 고속 철도 시대가 열렸다. 첫 KTX 열차는 앞뒤의 동력차와 객차를 합쳐 20량이 한 편성을 이루었다. 개통 당시에는 프랑스의 고속 철도 기술을 들여와 차량을 만들었고, 2010년에는 국내 기술로 개발한 KTX-산천이 운행에 들어갔다. 고속 철도가 생기면서 서울과 부산을 오가는 시간이 크게 줄어, 두 도시를 하루 안에 오가는 일이 흔해졌다. 2016년 12월에는 서울 강남의 수서역을 출발하는 고속 열차 SRT가 운행을 시작해 경부선과 호남선 고속 철도에 또 하나의 출발지가 생겼다.

## 열차 등급과 수도권 전철
한국의 일반 열차는 여러 차례 이름과 등급이 바뀌었다. 1969년 서울과 부산 사이를 달리는 특급 열차 관광호가 등장했고, 이 열차는 1974년 새마을호로 이름이 바뀌어 오랫동안 가장 빠른 일반 열차의 대명사가 되었다. 2012년에는 서울과 춘천 사이를 오가는 ITX-청춘이, 2014년에는 새마을호를 대신할 ITX-새마을이 운행을 시작했다. 서울 지하철 1호선이 개통한 1974년 8월 15일에는 서울역과 인천, 서울역과 수원 사이의 국철 구간도 전기 철도로 바뀌어 지하철과 곧바로 이어졌는데, 이것이 수도권 전철의 출발점이다. 2024년 3월에는 수서와 동탄 사이에 수도권 광역급행철도가 처음 개통했다.

## 고속 철도망의 확장
KTX 개통 뒤에도 고속 철도 전용 선로는 계속 늘어났다. 2010년 11월 경부고속선의 동대구와 부산 사이 구간이 새 선로로 완성되었고, 2015년 4월에는 오송과 광주송정을 잇는 호남고속선이 개통해 호남 지역도 고속 철도의 혜택을 크게 누리게 되었다. 한편 남북을 잇는 철도를 되살리려는 시도도 있었다. 2007년 5월에는 경의선과 동해선에서 남북을 오가는 열차가 시험 운행을 했고, 같은 해 말부터 한동안 문산과 북쪽의 봉동 사이에 화물 열차가 오갔다.


## 철도와 생활
철도가 생활 깊숙이 들어오면서 요금과 이용 방식도 바뀌었다. 1984년부터 65세 이상 노인은 도시 철도를 요금 없이 탈 수 있게 되었다. 2004년 7월 서울의 대중교통 체계가 개편되면서 교통카드로 버스와 지하철을 갈아타면 거리에 따라 요금을 한 번에 계산하는 통합 요금제가 시행되었고, 이 방식은 2007년 경기도, 2009년 인천으로 넓혀져 수도권 전체의 제도가 되었다. 요즘은 대부분의 승차권을 휴대 전화로 예매하고 종이 승차권 없이 열차에 오른다.",1974년 8월 15일,한국의 철도,train
수에즈 운하를 국유화한 이집트 대통령은 누구야?,"수에즈 운하는 이집트의 수에즈 지협을 파서 지중해와 홍해를 이은 운하로, 길이는 193.3킬로미터이다. 프랑스의 외교관 페르디낭 드 레셉스가 주도해 1859년 4월 25일 공사를 시작했고, 1869년 11월 17일 개통했다. 북쪽 끝에는 포트사이드, 남쪽 끝에는 수에즈 시가 자리한다. 두 바다의 수면 높이가 거의 같아 갑문이 없는 것이 특징이다. 이 운하가 생기면서 유럽과 아시아를 오가는 배는 아프리카 대륙 남쪽 끝을 돌아가지 않아도 되었다.
1956년 7월 이집트의 대통령 가말 압델 나세르가 운하를 국유화하자, 이를 둘러싸고 영국, 프랑스, 이스라엘이 이집트와 맞선 수에즈 위기가 벌어졌다. 1967년부터 1975년까지는 전쟁 때문에 운하가 닫혀 있었다. 2015년 8월 6일에는 기존 물길과 나란히 달리는 새 물길이 열려, 하루에 지날 수 있는 배가 49척에서 97척으로 늘었다. 2021년 3월에는 대형 컨테이너선이 물길을 비스듬히 가로막고 멈춰 서면서 6일 동안 통행이 끊기기도 했다.",가말 압델 나세르,수에즈 운하,train
수에즈 운하 개통일,"수에즈 운하는 이집트의 수에즈 지협을 파서 지중해와 홍해를 이은 운하로, 길이는 193.3킬로미터이다. 프랑스의 외교관 페르디낭 드 레셉스가 주도해 1859년 4월 25일 공사를 시작했고, 1869년 11월 17일 개통했다. 북쪽 끝에는 포트사이드, 남쪽 끝에는 수에즈 시가 자리한다. 두 바다의 수면 높이가 거의 같아 갑문이 없는 것이 특징이다. 이 운하가 생기면서 유럽과 아시아를 오가는 배는 아프리카 대륙 남쪽 끝을 돌아가지 않아도 되었다.
1956년 7월 이집트의 대통령 가말 압델 나세르가 운하를 국유화하자, 이를 둘러싸고 영국, 프랑스, 이스라엘이 이집트와 맞선 수에즈 위기가 벌어졌다. 1967년부터 1975년까지는 전쟁 때문에 운하가 닫혀 있었다. 2015년 8월 6일에는 기존 물길과 나란히 달리는 새 물길이 열려, 하루에 지날 수 있는 배가 49척에서 97척으로 늘었다. 2021년 3월에는 대형 컨테이너선이 물길을 비스듬히 가로막고 멈춰 서면서 6일 동안 통행이 끊기기도 했다.",1869년 11월 17일,수에즈 운하,validation
빅토리아 폭포에 영국 여왕 이름을 붙인 탐험가,"빅토리아 폭포는 아프리카 남부의 잠베지강에 있는 폭포로, 잠비아와 짐바브웨의 국경에 걸쳐 있다. 폭포의 너비는 약 1,708미터, 높이는 108미터로, 한 줄로 이어져 떨어지는 물의 장막으로는 세계에서 손꼽히게 크다. 현지에서는 천둥 치는 연기라는 뜻의 모시오아툰야라고 부르는데, 물이 떨어지며 피어오르는 물보라가 400미터 넘게 솟아 멀리서도 연기처럼 보이기 때문이다.
스코틀랜드의 탐험가 데이비드 리빙스턴은 1855년 11월 16일 폭포 위쪽의 섬에서 이 폭포를 바라보고, 영국 빅토리아 여왕의 이름을 따 빅토리아 폭포라고 불렀다. 그가 폭포를 내려다본 섬은 오늘날 리빙스턴섬이라 불린다. 폭포 아래 협곡에는 1905년 두 나라를 잇는 빅토리아 폭포 다리가 놓였다. 1989년 유네스코 세계유산으로 등재되었으며, 유네스코는 빅토리아 폭포와 모시오아툰야라는 두 이름을 함께 쓴다. 건기인 9월부터 1월 사이에는 절벽의 절반 가까이가 말라 바위가 드러나기도 한다.",데이비드 리빙스턴,빅토리아 폭포,train
전쟁으로 부서진 화성을 되살릴 때 화성성역의궤는 어떤 도움을 줬나?,"수원 화성은 조선 제22대 임금 정조가 경기도 수원에 쌓게 한 성곽이다. 1794년에 공사를 시작해 1796년에 끝냈으니 2년 남짓한 짧은 기간에 완성한 셈이다. 설계에 참여한 정약용은 무거운 돌을 적은 힘으로 들어 올리는 거중기를 고안했고, 이 도구는 공사를 빠르게 마치는 데 한몫했다. 성벽의 둘레는 5.74킬로미터이다. 성의 네 방향에는 북쪽의 장안문, 남쪽의 팔달문, 동쪽의 창룡문, 서쪽의 화서문이 있다.
공사가 끝난 뒤 조정은 축성 과정을 꼼꼼하게 기록한 『화성성역의궤』를 펴냈다. 한국전쟁 때 성의 일부가 부서졌으나, 이 의궤에 남은 기록을 근거로 옛 모습대로 복원할 수 있었다. 1963년 1월 21일 사적 제3호로 지정되었고, 1997년 유네스코 세계유산에 등재되었다. 동양과 서양의 축성 기술을 함께 받아들인 성곽으로 평가받으며, 오늘날에는 성벽을 따라 걷는 길이 수원의 대표적인 명소가 되었다.",옛 모습대로 복원,수원 화성,train
한국프로축구연맹이 설립된 날짜는?,"K리그는 한국프로축구연맹이 운영하는 대한민국의 프로 축구 리그이다. 1983년 수퍼리그라는 이름으로 출범했으며, 첫해에는 프로 구단 두 곳과 실업 구단 세 곳을 합쳐 다섯 팀이 참가했다. 대회 이름은 1984년 축구대제전, 1987년 한국프로축구대회로 바뀌었고, 리그를 관장하는 한국프로축구연맹은 1994년 7월 30일에 설립되었다. 2013년에는 1부와 2부로 리그를 나누고 성적에 따라 오르내리는 승강제를 도입하면서 1부를 K리그 클래식, 2부를 K리그 챌린지라 불렀다. 2018년에 두 이름은 각각 K리그1과 K리그2로 바뀌었다. 2025년 시즌 기준으로 1부인 K리그1에는 열두 개 구단이 참가하며, 33라운드까지 치른 뒤 상위 여섯 팀은 파이널 A, 하위 여섯 팀은 파이널 B로 나뉘어 다섯 경기를 더 치러 모두 38라운드로 시즌을 마친다. 파이널 A에서는 우승과 아시아 대회 출전권을, 파이널 B에서는 강등을 피하기 위한 경쟁이 벌어진다.",1994년 7월 30일,K리그,train
갈라파고스라는 이름은 무엇을 뜻하는 말에서 나왔나요?,"갈라파고스 제도는 남아메리카 에콰도르에 속한 섬들로, 적도 부근의 태평양에 있으며 대륙에서 서쪽으로 약 1,000킬로미터 떨어져 있다. 화산 활동으로 생긴 19개의 섬과 그 둘레의 암초로 이루어져 있다. 1535년 파나마의 주교 토마스 데 베를랑가가 배를 타고 가다 우연히 이 섬들에 닿으면서 처음 알려졌다. 제도의 이름은 거대한 거북의 등딱지가 말안장을 닮았다 하여 안장을 뜻하는 옛 에스파냐어에서 왔다.
원래 사람이 살지 않던 곳이었으나, 지금은 산타크루스섬, 산크리스토발섬, 이사벨라섬 등 다섯 섬에 주민이 산다. 찰스 다윈은 1835년 9월 15일 비글호를 타고 이곳에 도착해 한 달가량 머물며 동식물을 관찰했다. 코끼리거북, 바다이구아나, 갈라파고스펭귄, 다윈핀치처럼 이곳에서만 볼 수 있는 고유종이 많다. 적도 가까이 있지만 차가운 훔볼트 해류가 흘러들어 독특한 기후가 나타난다. 1978년 유네스코 세계자연유산으로 등재되었다.",안장을 뜻하는 옛 에스파냐어,갈라파고스 제도,train
지금 주기율표에 올라 있는 원소는 모두 몇 개인가요?,"주기율표는 화학 원소를 원자 번호 순서대로 늘어놓되, 성질이 비슷한 원소끼리 같은 세로줄에 오도록 배열한 표이다. 러시아의 화학자 드미트리 멘델레예프가 1869년 3월 6일 러시아 화학회에서 처음 발표했다. 당시에는 60여 개의 원소만 알려져 있었는데, 멘델레예프는 표의 빈칸에 들어갈 원소가 아직 발견되지 않았을 뿐이라고 보고 그 성질을 미리 내다봤다. 그가 에카알루미늄이라 부른 원소는 1875년 갈륨으로, 에카붕소는 1879년 스칸듐으로, 에카규소는 1886년 저마늄으로 실제 발견되어 예측이 들어맞았다.
오늘날 주기율표에는 118개의 원소가 실려 있으며, 이 가운데 94번까지는 지구 자연에서 발견되고 나머지 24개는 사람이 인공적으로 만들어 낸 원소이다. 세로줄인 족은 18개, 가로줄인 주기는 7개이다. 2016년 113번 니호늄, 115번 모스코븀, 117번 테네신, 118번 오가네손의 이름이 공식 승인되면서 제7주기의 이름이 모두 채워졌다. 원소 101번 멘델레븀은 멘델레예프의 이름을 딴 것이다.",118개,주기율표,train
천왕성을 처음 찾아낸 천문학자는 누구인가요?,"태양계는 태양과, 그 중력에 붙들려 태양 둘레를 도는 행성, 왜행성, 위성, 소행성, 혜성 같은 천체를 모두 아우르는 말이다. 아래에서는 태양계가 어떻게 생겨났는지 살펴본 뒤, 안쪽에서 바깥쪽으로 나아가며 태양계를 이루는 천체들을 차례로 정리한다.
## 태양계의 탄생
태양계의 나이는 약 46억 년으로 추정된다. 널리 받아들여지는 성운설에 따르면, 우주 공간에 떠 있던 가스와 먼지 구름이 자체 중력으로 뭉치며 회전하기 시작했고, 한가운데에 물질이 모여 태양이 되었다. 태양 둘레에 원반 모양으로 남은 물질은 식으면서 서로 들러붙어 점점 큰 덩어리로 자랐고, 이것들이 행성과 여러 작은 천체가 되었다. 행성들이 거의 같은 평면 위에서 같은 방향으로 태양을 도는 것도 이렇게 하나의 회전하는 원반에서 태어났기 때문으로 설명된다. 오늘날 태양은 태양계 전체 질량의 99.86퍼센트를 차지한다. 지구와 태양 사이의 평균 거리는 1천문단위(AU)라고 하며, 태양계 안의 거리를 나타낼 때 기준으로 쓰인다.
## 안쪽의 암석 행성
태양에 가까운 네 행성인 수성, 금성, 지구, 화성은 단단한 암석 표면을 지녀 지구형 행성이라 부른다. 수성은 지름 4,879킬로미터로 가장 작은 행성이며, 88일 만에 태양을 한 바퀴 돌지만 자전 한 번에는 58.6일이 걸린다. 궤도의 이심률이 0.205로 행성 가운데 가장 찌그러진 궤도를 돈다. 대기가 거의 없어 표면 온도가 영하 173도에서 영상 427도 사이를 크게 오간다. 1974년부터 1975년까지 매리너 10호가 처음으로 수성을 찾아갔고, 메신저 탐사선은 수성 궤도를 돌며 조사하다 2015년 4월 30일 표면에 충돌하며 임무를 마쳤다.
금성은 크기와 질량이 지구와 비슷하지만, 두꺼운 이산화탄소 대기가 강한 온실 효과를 일으켜 표면 온도가 약 464도에 이르며 지표의 기압은 지구의 약 95배이다. 공전에는 224.7일이 걸리는 반면 자전에는 243일이 걸리며, 대부분의 행성과 반대 방향으로 돈다. 화성은 지름 6,779킬로미터로 지구의 절반 정도 크기이고, 하루 길이는 약 24시간 37분으로 지구와 비슷하지만 한 해는 약 687일이다. 표면을 덮은 산화철 때문에 붉게 보이며, 대기는 95퍼센트 넘게 이산화탄소이지만 매우 얇아 기압이 지구의 1퍼센트에도 못 미친다. 두 위성 포보스와 데이모스는 1877년 미국의 천문학자 아사프 홀이 발견했다. 태양계에서 가장 높은 산인 올림푸스산과, 길이 약 4,000킬로미터에 깊이가 7킬로미터에 이르는 마리너스 협곡도 화성에 있다. 2021년 2월 18일에는 탐사 로봇 퍼서비어런스가 예제로 크레이터에 내려앉았고, 함께 간 소형 헬리콥터 인저뉴어티가 화성 하늘을 날았다.
## 소행성대
화성과 목성의 궤도 사이, 태양에서 2.3~3.3천문단위 떨어진 곳에는 수많은 암석 덩어리가 모여 도는 소행성대가 있다. 이 가운데 가장 큰 천체는 지름이 약 1,000킬로미터인 세레스로, 오늘날에는 왜행성으로 분류된다. 소행성대의 천체들은 가까이 있는 목성의 강한 중력에 흔들려 하나의 행성으로 뭉치지 못한 것으로 여겨진다.
## 바깥쪽의 거대 행성
소행성대 바깥에는 목성, 토성, 천왕성, 해왕성의 네 거대 행성이 있으며, 이들을 목성형 행성이라 부른다. 이 행성들은 단단한 표면 없이 주로 수소와 헬륨 같은 가벼운 물질로 이루어져 있고, 모두 고리를 지니고 있다. 토성은 적도 지름이 약 12만 킬로미터로 지구의 9.1배이고 질량은 지구의 약 95배이지만, 평균 밀도는 1세제곱센티미터당 0.7그램으로 물보다 가볍다. 태양을 한 바퀴 도는 데 약 29.5년이 걸리는 데 비해 자전은 약 10시간 33분 만에 마친다. 토성의 고리는 1610년 갈릴레이가 처음 보았으나 그 정체를 알지 못했고, 1655년 하위헌스가 행성을 둘러싼 고리라고 설명했다. 고리는 모래알만 한 것부터 큰 덩어리까지 여러 크기의 얼음 조각으로 이루어져 있다. 토성의 가장 큰 위성인 타이탄은 지름이 약 5,150킬로미터이다.
천왕성은 1781년 3월 13일 윌리엄 허셜이 망원경으로 찾아낸 행성으로, 자전축이 약 98도 기울어져 거의 누운 채로 태양을 돈다. 공전 주기는 84년이며, 대기가 붉은빛을 흡수하고 푸른빛과 초록빛을 되돌려 보내 청록색으로 보인다. 1986년 보이저 2호가 가까이 지나가며 관측했다. 해왕성은 천왕성의 움직임이 계산과 어긋나는 데서 그 존재가 예측되었다. 1846년 9월 23일 독일의 요한 갈레가 프랑스의 위르뱅 르베리에가 계산해 준 위치를 망원경으로 살펴 이 행성을 찾아냈다. 해왕성은 태양에서 약 30천문단위 떨어져 있어 한 바퀴 도는 데 약 164.8년이 걸린다. 대기 속 메테인 때문에 짙푸른 빛을 띠며, 초속 600미터에 이르는 태양계에서 가장 빠른 바람이 분다. 가장 큰 위성인 트리톤은 행성의 자전과 반대 방향으로 공전하는데, 카이퍼대에서 붙잡혀 온 천체로 여겨진다. 1989년 8월 25일 곁을 지나간 보이저 2호는 지금까지 해왕성을 찾아간 유일한 탐사선이다.
## 왜행성과 태양계의 끝자락
1930년 발견된 명왕성은 오랫동안 아홉 번째 행성으로 여겨졌으나, 2006년 국제천문연맹(IAU)이 행성의 정의를 새로 정하면서 왜행성으로 분류가 바뀌었다. 현재 왜행성으로 인정된 천체는 세레스, 명왕성, 하우메아, 마케마케, 에리스 다섯이다. 해왕성 바깥, 태양에서 30~50천문단위 떨어진 지역에는 얼음 천체들이 모인 카이퍼대가 있다. 태양에서 뿜어져 나오는 태양풍은 80~100천문단위 부근에서 급격히 느려지는데, 이 경계를 말단 충격이라 한다. 그보다 훨씬 먼 곳에는 태양에서 약 5만 천문단위, 멀게는 10만 천문단위까지 태양계를 공 모양으로 감싸는 오르트 구름이 있을 것으로 생각된다. 주기가 아주 긴 혜성들은 대부분 이곳에서 날아오는 것으로 여겨진다.",윌리엄 허셜,태양계,train
페니실린은 어떤 원리로 세균을 죽이나요?,"페니실린은 푸른곰팡이에서 얻은 항생 물질로, 세균 감염을 약으로 다스리는 시대를 연 물질이다. 1928년 영국 런던의 세인트메리 병원에서 일하던 스코틀랜드 출신 미생물학자 알렉산더 플레밍이 처음 발견했다. 그는 포도상구균을 기르던 배양 접시에 푸른곰팡이가 우연히 자라났는데, 곰팡이 둘레에서는 세균이 자라지 못한 것을 보고 이 물질의 존재를 알아차렸다. 곰팡이의 학명에서 이름을 따 이 물질을 페니실린이라 불렀다. 플레밍은 이보다 앞선 1922년 세균을 녹이는 효소인 리소자임을 찾아내기도 했다.
발견 뒤 한동안은 약으로 쓰이지 못했으나, 1939년 이후 옥스퍼드 대학교의 하워드 플로리와 에른스트 체인이 페니실린을 정제하고 대량으로 만들어 내는 길을 열었다. 세 사람은 1945년 노벨 생리의학상을 함께 받았다. 페니실린은 세균이 세포벽을 만드는 데 필요한 효소에 달라붙어 세포벽을 약하게 만들고, 그 결과 세균은 터져서 죽게 된다.",세포벽을 약하게 만들고,페니실린,train
탁구공 지름이 38mm에서 40mm로 커진 해는?,"탁구는 가운데 네트를 친 탁자를 사이에 두고 라켓으로 작은 공을 번갈아 쳐 넘기는 구기 종목이다. 1880년대 영국 상류층 사람들이 저녁 식사 뒤 식탁 위에서 즐기던 놀이에서 비롯되었으며, 공이 탁자와 라켓에 부딪히는 소리를 따서 핑퐁이라고도 불렀다. 셀룰로이드 공과 고무를 붙인 라켓이 등장하면서 오늘날의 경기 모습이 갖추어졌다. 국제 경기를 관장하는 국제탁구연맹은 1926년에 창설되었다. 탁구대는 길이 2.74미터, 너비 1.525미터, 높이 76센티미터이며, 네트 높이는 15.25센티미터이다. 공의 지름은 2000년에 38밀리미터에서 40밀리미터로 커졌는데, 공이 느려지면서 랠리가 길어지고 관중이 경기를 따라가기 쉬워졌다. 점수 방식도 2001년 21점제에서 11점제로 바뀌었고, 10 대 10이 되면 먼저 2점을 앞서는 쪽이 게임을 가져간다. 탁구는 1988년 서울 올림픽에서 처음 정식 종목으로 채택되었다.",2000년,탁구,validation
도로명주소 건물번호에서 짝수는 어느 쪽 건물에 붙나요?,"도로명주소는 도로마다 이름을 붙이고, 그 도로를 따라 늘어선 건물에 차례로 번호를 매겨 위치를 나타내는 주소 체계이다. 이전까지는 1918년 무렵 토지 조사를 거치며 만들어진 지번주소를 썼는데, 땅을 나누고 합치는 일이 거듭되면서 번호가 뒤섞여 주소만으로 위치를 찾기가 어려워졌다. 정부는 1996년 시범 사업을 시작했고, 2007년 관련 법을 만들어 2009년 지금의 도로명주소법이라는 이름을 붙였다. 2011년 7월 29일 새 주소를 고시한 뒤 2013년 말까지는 옛 주소와 함께 쓰게 했고, 2014년 1월 1일부터 전면 시행했다. 도로는 너비와 차로 수에 따라 셋으로 나뉜다. 8차로 이상이거나 폭이 40미터를 넘으면 대로, 2차로에서 7차로 사이면 로, 그보다 좁은 길은 길이라 부른다. 건물번호는 도로가 시작하는 쪽에서 볼 때 왼쪽 건물에 홀수를, 오른쪽 건물에 짝수를 붙인다. 번호를 매기는 기준 간격은 대로와 로에서 20미터, 길에서 10미터여서, 번호만으로 도로 시작점에서의 거리를 어림할 수 있다.",오른쪽 건물,도로명주소,train
광개토대왕비에 새겨진 글자는 몇 자야?,"광개토대왕릉비는 고구려의 장수왕이 아버지 광개토대왕의 공적을 기리려고 414년에 세운 비석이다. 지금은 중국 지린성 지안시 태왕진에 서 있다. 높이는 약 6.39미터이며, 응회암으로 된 커다란 돌기둥의 네 면에 모두 글자를 새겼다. 새겨진 글자는 예서체로 된 1,775자인데, 이 가운데 150자 정도는 닳거나 떨어져 나가 읽기 어렵다.
비문은 크게 세 부분으로 나뉜다. 첫 부분은 고구려를 세운 이야기부터 광개토대왕에 이르기까지의 내력이고, 둘째 부분은 대왕이 벌인 정복 전쟁의 기록이며, 셋째 부분은 왕릉을 지키는 수묘인에 관한 규정이다. 청나라는 오랫동안 이 지역에 사람이 들어가 사는 것을 막는 봉금 정책을 폈는데, 이 정책이 풀린 뒤인 1880년대에 비석이 다시 발견되었고 1888년에 널리 공개되었다. 비석 아래를 받치는 대석은 가로 3.35미터, 세로 2.7미터 크기이고, 옆면의 너비는 1.35~1.46미터이다.","1,775자",광개토대왕릉비,train
한라산 꼭대기 분화구 호수 이름,"한라산은 제주도 한가운데에 솟은 산으로, 높이는 1,947미터이다. 산 전체는 경사가 완만한 방패 모양의 순상화산이지만, 정상 부근은 종을 엎어 놓은 듯 가파른 모양을 띤다. 꼭대기에는 지름 약 550미터의 분화구가 있고, 그 안에 물이 고인 호수를 백록담이라 부른다. 산자락과 섬 곳곳에는 오름이라 부르는 작은 화산체가 360개 넘게 흩어져 있다.
높이에 따라 식생이 크게 달라져, 낮은 곳에는 따뜻한 지역에서 자라는 난대림이, 정상 가까이에는 고산 식물이 자란다. 특히 한국 특산종인 구상나무가 정상 부근에 넓은 숲을 이룬다. 한라산은 1966년 10월 12일 천연기념물로 지정되었고, 1970년 3월 24일 국립공원이 되었다. 2002년에는 유네스코 생물권보전지역에 포함되었으며, 2007년 6월 27일에는 제주 화산섬과 용암 동굴의 일부로 유네스코 세계자연유산에 등재되었다.",백록담,한라산,train
농구 골대는 바닥에서 몇 m 높이에 있어?,"농구는 다섯 명씩 짝을 이룬 두 팀이 공을 상대편 바구니에 던져 넣어 점수를 겨루는 구기 종목이다. 1891년 미국 매사추세츠주 스프링필드의 YMCA에서 체육 교사로 일하던 제임스 네이스미스가 추운 겨울에도 실내에서 할 수 있는 운동으로 고안했다. 처음에는 복숭아 바구니를 체육관 난간에 매달아 골대로 썼고, 네이스미스는 열세 개 조항으로 된 규칙을 만들었다. 국제농구연맹 규칙에서 코트는 가로 28미터, 세로 15미터이며, 골대 바구니는 바닥에서 3.05미터 높이에 달린다. 경기는 10분짜리 쿼터 네 개로 진행되고, 공격하는 팀은 24초 안에 슛을 시도해야 한다. 일반 슛은 2점, 3점 선 밖에서 넣은 슛은 3점, 반칙으로 얻은 자유투는 한 개에 1점이다. 남자 농구는 1936년 베를린 올림픽에서 정식 종목이 되었고, 여자 농구는 40년 뒤인 1976년 몬트리올 올림픽에서 추가되었다.",3.05미터,농구,test
"탁구대는 길이 2.74미터, 너비 1.525미터, 높이 76센티미터이며, 네트 높이는 15.25센티미터이다","탁구는 가운데 네트를 친 탁자를 사이에 두고 라켓으로 작은 공을 번갈아 쳐 넘기는 구기 종목이다. 1880년대 영국 상류층 사람들이 저녁 식사 뒤 식탁 위에서 즐기던 놀이에서 비롯되었으며, 공이 탁자와 라켓에 부딪히는 소리를 따서 핑퐁이라고도 불렀다. 셀룰로이드 공과 고무를 붙인 라켓이 등장하면서 오늘날의 경기 모습이 갖추어졌다. 국제 경기를 관장하는 국제탁구연맹은 1926년에 창설되었다. 탁구대는 길이 2.74미터, 너비 1.525미터, 높이 76센티미터이며, 네트 높이는 15.25센티미터이다. 공의 지름은 2000년에 38밀리미터에서 40밀리미터로 커졌는데, 공이 느려지면서 랠리가 길어지고 관중이 경기를 따라가기 쉬워졌다. 점수 방식도 2001년 21점제에서 11점제로 바뀌었고, 10 대 10이 되면 먼저 2점을 앞서는 쪽이 게임을 가져간다. 탁구는 1988년 서울 올림픽에서 처음 정식 종목으로 채택되었다.",탁구대는,탁구,test
베트남에서는 음력 새해 명절을 뭐라고 불러?,"설날은 음력 1월 1일로, 한 해를 새로 여는 한국의 대표 명절이다. 양력 1월 1일을 신정이라 부르는 것과 구별해 구정이나 음력설이라고도 한다. 아침에는 조상에게 차례를 지내고, 웃어른께 세배를 올리며 덕담과 세뱃돈을 주고받는다. 새해에 새로 장만해 입는 옷은 설빔이라 하고, 흰 가래떡을 얇게 썰어 끓인 떡국을 먹으며 나이를 한 살 더 먹는다고 여긴다. 가족과 이웃이 모여 윷놀이나 연날리기, 널뛰기를 하며 명절을 즐겼다. 1895년 을미개혁으로 양력이 공식 역법이 되면서 음력 설은 오랫동안 공식 휴일 자리를 잃었다. 그러다 1985년 민속의 날이라는 이름으로 하루가 공휴일로 지정되었고, 1989년에는 설날이라는 본래 이름을 되찾으면서 전날과 다음 날을 더한 사흘 연휴가 되었다. 음력 새해를 쇠는 풍습은 한국만의 것이 아니어서, 중국에서는 춘절, 베트남에서는 뗏이라는 이름으로 큰 명절을 보낸다.",뗏,설날,train
"북쪽 끝에는 포트사이드, 남쪽 끝에는 수에즈 시가 자리한다","수에즈 운하는 이집트의 수에즈 지협을 파서 지중해와 홍해를 이은 운하로, 길이는 193.3킬로미터이다. 프랑스의 외교관 페르디낭 드 레셉스가 주도해 1859년 4월 25일 공사를 시작했고, 1869년 11월 17일 개통했다. 북쪽 끝에는 포트사이드, 남쪽 끝에는 수에즈 시가 자리한다. 두 바다의 수면 높이가 거의 같아 갑문이 없는 것이 특징이다. 이 운하가 생기면서 유럽과 아시아를 오가는 배는 아프리카 대륙 남쪽 끝을 돌아가지 않아도 되었다.
1956년 7월 이집트의 대통령 가말 압델 나세르가 운하를 국유화하자, 이를 둘러싸고 영국, 프랑스, 이스라엘이 이집트와 맞선 수에즈 위기가 벌어졌다. 1967년부터 1975년까지는 전쟁 때문에 운하가 닫혀 있었다. 2015년 8월 6일에는 기존 물길과 나란히 달리는 새 물길이 열려, 하루에 지날 수 있는 배가 49척에서 97척으로 늘었다. 2021년 3월에는 대형 컨테이너선이 물길을 비스듬히 가로막고 멈춰 서면서 6일 동안 통행이 끊기기도 했다.",북쪽,수에즈 운하,train
줄타기 공연에서 땅에 서서 줄 위 광대와 농담을 주고받는 역할은?,"줄타기는 공중에 매단 줄 위를 걸으며 여러 재주를 부리고, 노래와 재담을 섞어 관객과 함께 즐기는 한국의 전통 공연이다. 공연자는 역할에 따라 셋으로 나뉜다. 줄광대는 줄 위에서 재주를 선보이고, 어릿광대는 땅 위에 서서 줄광대와 말을 주고받으며 웃음을 이끌어 내며, 삼현육각재비는 장구와 피리, 해금 등으로 반주를 맡는다. 줄광대가 줄 위에서 보여 주는 기술은 대략 서른 가지에 이른다. 예전에는 주로 음력 4월 15일이나 단오, 추석 같은 명절에 판이 벌어졌다. 다른 나라의 줄타기가 곡예 기술 자체에 무게를 두는 데 비해, 한국의 줄타기는 이야기와 익살을 곁들여 공연자와 관객이 함께 어울린다는 점이 특징으로 꼽힌다. 줄 위의 광대는 재주를 부리는 틈틈이 노래를 부르거나 아래의 어릿광대에게 농담을 던져 구경꾼의 호응을 끌어낸다. 줄타기는 1976년 국가무형문화재 제58호로 지정되었고, 2011년 유네스코 인류무형유산 대표목록에 올랐다.",어릿광대,줄타기,train
동계 패럴림픽이 처음 열린 곳,"패럴림픽은 신체적 장애가 있는 선수들이 참가하는 국제 종합 스포츠 대회이다. 그 출발점은 1948년 영국 스토크맨더빌 병원에서 제2차 세계 대전 중 척수를 다친 참전 군인들을 위해 열린 운동 대회였다. 1960년 로마에서는 23개국의 선수 400명이 참가한 국제 대회가 열렸는데, 이 대회를 제1회 하계 패럴림픽으로 본다. 겨울 대회는 1976년 스웨덴 외른셸스비크에서 처음 열렸다. 1988년 서울 대회부터는 올림픽이 끝난 직후 같은 도시에서 같은 경기장을 써서 패럴림픽을 치르는 방식이 자리 잡았다. 대회를 관장하는 국제패럴림픽위원회는 1989년에 창설되었으며, 본부는 독일 본에 있다. 선수들은 신체 손상, 시각 장애, 지적 장애 등 모두 10개 범주로 나뉜 장애 유형과 정도에 따라 등급을 받아 비슷한 조건의 선수끼리 경쟁한다. 대회 이름에는 올림픽과 나란히 열리는 대회라는 뜻이 담겨 있다.",스웨덴 외른셸스비크,패럴림픽,train
고대 올림픽이 폐지된 해는 언제인가요?,"올림픽은 여름과 겨울에 각각 4년마다 세계 여러 나라의 선수들이 한곳에 모여 여러 종목을 겨루는 국제 종합 스포츠 대회이다. 고대 그리스의 제전에서 이름과 형식을 빌려 와 19세기 말에 되살렸다.

## 고대 올림픽
고대 올림픽은 기원전 776년 그리스 펠로폰네소스 반도 서쪽의 올림피아에서 처음 열렸다고 전한다. 신들의 왕 제우스에게 바치는 제전의 성격을 띠었으며, 4년에 한 번씩 열렸기 때문에 대회와 대회 사이의 4년을 올림피아드라고 불렀다. 기록에 남은 가장 오래된 종목은 경기장의 한쪽 끝에서 다른 끝까지 곧게 달리는 단거리 경주 스타디온이었다. 시간이 흐르면서 레슬링, 권투, 전차 경주, 오종 경기 같은 종목이 더해졌다. 우승자는 상금 대신 올리브 가지로 엮은 관을 받았지만, 고향으로 돌아가면 큰 명예와 대접을 누렸다. 참가할 수 있는 사람은 그리스 말을 쓰는 자유민 남성으로 한정되었고, 결혼한 여성은 경기를 구경하는 것조차 허락되지 않았다. 대회 기간에는 선수와 구경꾼이 안전하게 오갈 수 있도록 도시 국가들이 전쟁을 멈추는 휴전 관습을 지켰다. 이 제전은 천 년이 넘게 이어지다가 서기 393년 로마 황제 테오도시우스 1세가 이교 제전을 금지하면서 끝났다.

## 근대 올림픽의 부활
올림픽을 다시 열자고 앞장선 사람은 프랑스의 교육자 피에르 드 쿠베르탱이다. 그는 스포츠가 젊은이의 몸과 마음을 기르고 나라 사이의 이해를 넓힐 수 있다고 보았다. 1894년 6월 23일 파리 소르본 대학에서 열린 회의에서 국제올림픽위원회가 만들어졌고, 2년 뒤인 1896년 그리스 아테네에서 제1회 근대 올림픽이 열렸다. 이 대회에는 14개국에서 선수 241명이 참가했으며, 우승자에게는 은메달을 주었다. 이 대회의 마라톤에서는 그리스의 스피리돈 루이스가 우승해 개최국 관중을 크게 기쁘게 했다. 국제올림픽위원회의 초대 위원장은 그리스의 디미트리오스 비켈라스가 맡았고, 쿠베르탱은 1896년부터 1925년까지 두 번째 위원장으로 일했다. 1등부터 3등까지 금, 은, 동메달을 주는 방식은 1904년 미국 세인트루이스 대회에서 처음 자리를 잡았다. 여성 선수는 1900년 파리 대회에서 처음 경기에 나섰다. 대회가 늘 순조롭게 열린 것은 아니어서, 두 차례의 세계 대전 때문에 1916년, 1940년, 1944년 대회는 치러지지 못했다. 2020년 도쿄 대회는 코로나19 유행으로 한 해 미뤄져 2021년에 열렸다.

## 상징과 의식
올림픽을 대표하는 상징은 흰 바탕 위에 파랑, 노랑, 검정, 초록, 빨강의 다섯 고리가 서로 엮여 있는 오륜기이다. 이 깃발은 1914년에 고안되었고, 1920년 벨기에 앤트워프 대회에서 처음으로 경기장에 걸렸다. 다섯 고리는 다섯 대륙이 올림픽으로 이어진다는 뜻으로 풀이된다. 선수 대표가 규칙을 지키며 공정하게 겨루겠다고 다짐하는 선수 선서도 이 앤트워프 대회에서 처음 시작되었다. 올림픽 표어는 라틴어 문구로 알려진 '더 빠르게, 더 높이, 더 힘차게'이며, 2021년에는 여기에 '함께'라는 말이 덧붙었다. 경기장에 성화를 처음 밝힌 것은 1928년 암스테르담 대회였다. 그리스 올림피아에서 햇빛을 모아 불을 붙인 뒤 여러 사람이 이어 달리며 개최 도시까지 옮기는 성화 봉송은 1936년 베를린 대회에서 시작되었다. 개회식에서는 올림픽의 발상지인 그리스 선수단이 가장 먼저, 개최국 선수단이 가장 마지막에 입장하는 전통이 이어지고 있다. 폐회식에서는 올림픽기를 다음 개최 도시의 대표에게 넘겨주는 의식을 치러 다음 대회를 예고한다.

## 동계 올림픽
눈과 얼음 위에서 겨루는 종목을 따로 모은 동계 올림픽은 1924년 프랑스 샤모니에서 처음 열렸다. 이 대회는 처음에 국제 동계 스포츠 주간이라는 이름으로 치러졌다가 나중에 제1회 동계 올림픽으로 인정되었다. 오랫동안 동계 대회와 하계 대회는 같은 해에 열렸다. 그러다 두 대회를 2년 간격으로 번갈아 열기로 하면서, 1992년 프랑스 알베르빌 대회 다음 동계 대회는 2년 만인 1994년 노르웨이 릴레함메르에서 열렸다. 이때부터 하계 대회와 동계 대회가 짝수 해마다 번갈아 찾아오게 되었다. 동계 올림픽에서는 알파인 스키와 크로스컨트리 스키 같은 설상 종목, 스피드스케이팅과 피겨스케이팅 같은 빙상 종목, 봅슬레이와 루지 같은 썰매 종목, 그리고 아이스하키와 컬링 등이 치러진다.

## 국제올림픽위원회
국제올림픽위원회는 올림픽 운동 전체를 이끄는 비정부 국제기구로, 본부는 스위스 로잔에 있다. 올림픽 헌장을 바탕으로 대회의 개최지를 정하고, 어떤 종목을 대회에 넣을지 결정하며, 각 나라의 올림픽위원회를 승인한다. 대회를 준비하는 일은 개최 도시가 꾸리는 조직위원회가 맡고, 국제올림픽위원회는 그 과정을 감독한다. 경기 규칙과 선수 자격은 종목마다 있는 국제경기연맹이 정한다. 선수들이 금지 약물을 쓰지 못하도록 감시하는 일은 1999년에 세워진 세계반도핑기구와 함께 한다. 2016년 리우데자네이루 대회부터는 전쟁이나 박해를 피해 고국을 떠난 선수들이 난민 선수단을 꾸려 오륜기 아래에서 경기에 나서고 있다.
## 아마추어 규정의 변화
근대 올림픽은 오랫동안 운동으로 돈을 벌지 않는 아마추어 선수만 참가할 수 있다는 원칙을 지켰다. 이 원칙은 1980년대에 들어 크게 느슨해져, 국제올림픽위원회는 종목마다 국제경기연맹이 출전 자격을 정하도록 길을 열었다. 그 결과 1992년 바르셀로나 대회 남자 농구에는 미국 프로 리그의 스타 선수들이 처음 출전해 큰 관심을 모았다. 고대의 휴전 관습도 새롭게 조명되어, 1990년대부터 유엔 총회는 대회 때마다 올림픽 기간의 휴전을 호소하는 결의를 채택하고 있다.",서기 393년,올림픽,train
석굴암 창건을 시작한 신라 재상 이름,"석굴암은 경상북도 경주시 토함산 중턱에 자리한 통일신라 시대의 석굴 사원이다. 751년, 곧 경덕왕 10년에 재상 김대성이 짓기 시작했으며, 혜공왕 10년인 774년에 완성되었다. 처음 절 이름은 석불사였다. 화강암을 다듬어 인공으로 쌓은 굴 안쪽 한가운데에는 높이 약 3.4미터의 본존불이 앉아 있다. 본존불 둘레의 벽에는 십일면관음보살상, 십대제자상, 사천왕상, 금강역사상, 팔부신장 등 40점이 넘는 조각이 배치되어 있어, 불교 세계를 한 공간에 담아낸 구성을 보여 준다.
일제강점기인 1914년부터 1915년 사이에는 석굴 전체를 해체한 뒤 다시 조립하는 공사가 벌어졌다. 1962년 12월 20일 국보 제24호로 지정되었고, 1995년에는 가까이 있는 불국사와 함께 유네스코 세계유산에 이름을 올렸다. 한국 불교 조각을 대표하는 걸작으로 꼽히며, 해마다 많은 사람이 찾는다.",김대성,석굴암,train
최저임금위원회 위원 수는 모두 몇 명인가요?,"최저임금 제도는 나라가 임금의 최저 수준을 정해 사용자가 그보다 적게 주지 못하도록 하는 제도이다. 세계에서 처음으로 최저임금을 법으로 정한 나라는 1894년의 뉴질랜드이다. 대한민국에서는 1986년 12월 최저임금법이 제정되어 1988년 1월 1일부터 시행되었으며, 1987년 개정 헌법 제32조에 국가가 최저임금제를 시행해야 한다는 조항이 들어갔다. 처음에는 근로자 10명 이상인 제조업 사업장에만 적용되었고, 1990년과 2000년을 거치며 대상이 넓어져 지금은 근로자를 쓰는 모든 사업장에 적용된다. 해마다 최저임금은 최저임금위원회에서 정하는데, 위원회는 근로자 위원, 사용자 위원, 공익 위원 각 9명씩 모두 27명으로 꾸려진다. 고용노동부 장관은 다음 해 최저임금을 매년 8월 5일까지 고시해야 한다. 2025년 최저임금은 시간당 1만 30원이었고, 2026년에는 이보다 290원 오른 1만 320원으로 정해졌다. 한 달 209시간을 기준으로 환산하면 2026년의 월 최저임금은 215만 6,880원이다.",27명,최저임금 제도,train
"나일강은 아프리카 북동부를 흘러 지중해로 들어가는 강으로, 길이가 약 6,650킬로미터에 이르러 흔히 세계에서 가장 긴 강으로 꼽힌다","나일강은 아프리카 북동부를 흘러 지중해로 들어가는 강으로, 길이가 약 6,650킬로미터에 이르러 흔히 세계에서 가장 긴 강으로 꼽힌다. 크게 두 줄기로 이루어져 있는데, 백나일은 우간다·케냐·탄자니아에 걸친 빅토리아호에서, 청나일은 에티오피아의 타나호에서 시작한다. 두 줄기는 수단의 수도 하르툼에서 만나 하나의 강이 된다.
강은 이집트, 수단, 남수단, 에티오피아, 우간다, 케냐, 탄자니아, 르완다, 콩고 민주 공화국 등 여러 나라를 적시며, 유역 면적은 약 340만 제곱킬로미터이다. 하류의 이집트에서는 강이 부채꼴로 갈라지며 기름진 삼각주를 이룬다. 해마다 여름이면 에티오피아 고원에 내린 비로 강물이 불어나 넘쳤는데, 이 범람이 실어 온 흙 덕분에 고대 이집트 문명이 꽃필 수 있었다. 1970년 이집트 남부에 아스완 하이 댐이 완공되면서 범람은 거의 사라졌고, 댐 뒤로는 거대한 인공 호수인 나세르호가 생겼다.",나일강은,나일강,test
다윈이 세계를 돌 때 탄 측량선 이름,"『종의 기원』은 영국의 박물학자 찰스 다윈이 1859년 11월 24일 펴낸 책으로, 자연 선택에 의한 진화를 체계적으로 설명했다. 정식 제목은 『자연 선택에 의한 종의 기원, 또는 생존 경쟁에서 유리한 품종의 보존에 관하여』이다. 초판은 1,500부를 찍었는데 출간 첫날 모두 팔려 나갔다. 책의 요지는 환경에 더 잘 맞는 변이를 지닌 개체일수록 살아남아 자손을 남기기 쉽고, 이런 과정이 오랜 세월 쌓이면 새로운 종이 생겨난다는 것이다.
다윈은 1831년부터 1836년까지 영국 해군의 측량선 비글호를 타고 세계를 돌며 동식물과 화석, 지층을 관찰했다. 특히 갈라파고스 제도에서 섬마다 조금씩 다른 생물을 본 경험은 그의 생각에 큰 영향을 주었다. 비슷한 결론에 이른 앨프리드 러셀 월리스와 다윈의 논문은 책이 나오기 한 해 전인 1858년 함께 발표되었다. 다윈은 살아 있는 동안 여섯 판까지 책을 고쳐 냈으며, 1872년에 나온 제6판이 그가 마지막으로 손본 판이다.",비글호,종의 기원,test
경성방송국 호출 부호,"경성방송국은 1927년 2월 16일 서울 정동에서 방송을 시작한 한반도 최초의 라디오 방송국이다. 호출 부호는 JODK였고, 처음 송신 출력은 1킬로와트였다. 일본 제국 안에서 도쿄, 오사카, 나고야에 이어 네 번째로 세워진 방송국이었다. 개국 초기에는 하나의 전파로 일본어와 조선어 방송을 번갈아 내보냈는데, 일본어가 약 70%, 조선어가 약 30%를 차지했다. 1933년부터는 두 언어의 방송을 서로 다른 주파수로 나누어 내보내는 이중 방송이 시작되어 조선어 방송 시간이 크게 늘었다. 이후 부산, 평양, 대구 등 여러 도시에 지방 방송국이 세워지며 방송망이 넓어졌다. 라디오를 듣기 위해 신고한 수신기는 1927년 말 5,260대였으나 1944년에는 30만 대를 넘어섰다. 광복 뒤 이 방송국은 이름을 바꾸며 이어졌고, 오늘날 한국방송공사의 뿌리가 되었다.",JODK,경성방송국,train
마추픽추 건설을 명령한 잉카 황제,"마추픽추는 페루 남부 안데스산맥의 산마루에 자리한 잉카 제국의 도시 유적이다. 쿠스코에서 북서쪽으로 약 80킬로미터 떨어져 있으며, 해발 2,430미터 높이에서 아래로 흐르는 우루밤바강을 굽어본다. 1450년대에서 1460년대 무렵 잉카의 황제 파차쿠티의 명으로 세워진 것으로 알려져 있다.
신전과 집터, 계단식 밭 등 200개가 넘는 건축물이 남아 있으며, 돌을 정교하게 깎아 틈 없이 맞춰 쌓은 벽이 특징이다. 대표적인 유적으로는 해시계 구실을 한 것으로 여겨지는 인티와타나, 태양의 신전, 세 창문의 방 등이 있다. 에스파냐 정복자들이 이곳을 찾아내지 못한 덕분에 도시는 파괴를 피할 수 있었다. 1911년 미국의 탐험가 하이럼 빙엄이 이곳을 찾아가 조사한 뒤 세계에 널리 알렸다. 1983년 유네스코 세계유산으로 등재되었고, 2007년에는 신 세계 7대 불가사의 가운데 하나로 뽑혔다.",파차쿠티,마추픽추,train
"북쪽은 얕고 남쪽으로 갈수록 깊어져 가장 깊은 곳은 1,025미터에 이른다","카스피해는 유럽과 아시아 사이에 있는 세계에서 가장 넓은 호수로, 넓이가 약 371,000제곱킬로미터에 이른다. 바다라는 이름이 붙었지만 대양과 이어져 있지 않은 내륙의 물이다. 러시아, 아제르바이잔, 이란, 카자흐스탄, 투르크메니스탄 다섯 나라가 호숫가를 둘러싸고 있다. 수면은 해수면보다 약 27미터 낮고, 남북 길이는 약 1,200킬로미터이다.
북쪽은 얕고 남쪽으로 갈수록 깊어져 가장 깊은 곳은 1,025미터에 이른다. 물의 염분은 약 1.2퍼센트로 보통 바닷물의 3분의 1 정도이다. 가장 많은 물을 보내 주는 강은 유럽에서 가장 긴 강인 볼가강이다. 이 호수에는 철갑상어가 많이 살아 그 알로 만든 캐비아의 산지로 이름나 있으며, 호수 밑과 주변 땅에는 석유와 천연가스가 풍부하다. 동쪽 기슭의 카라보가즈골만은 물이 얕고 증발이 심해 염분이 매우 높은 석호이다.",북쪽은,카스피해,validation
카스피해,"카스피해는 유럽과 아시아 사이에 있는 세계에서 가장 넓은 호수로, 넓이가 약 371,000제곱킬로미터에 이른다. 바다라는 이름이 붙었지만 대양과 이어져 있지 않은 내륙의 물이다. 러시아, 아제르바이잔, 이란, 카자흐스탄, 투르크메니스탄 다섯 나라가 호숫가를 둘러싸고 있다. 수면은 해수면보다 약 27미터 낮고, 남북 길이는 약 1,200킬로미터이다.
북쪽은 얕고 남쪽으로 갈수록 깊어져 가장 깊은 곳은 1,025미터에 이른다. 물의 염분은 약 1.2퍼센트로 보통 바닷물의 3분의 1 정도이다. 가장 많은 물을 보내 주는 강은 유럽에서 가장 긴 강인 볼가강이다. 이 호수에는 철갑상어가 많이 살아 그 알로 만든 캐비아의 산지로 이름나 있으며, 호수 밑과 주변 땅에는 석유와 천연가스가 풍부하다. 동쪽 기슭의 카라보가즈골만은 물이 얕고 증발이 심해 염분이 매우 높은 석호이다.",카스피해,카스피해,train
윔블던 센터 코트에 개폐식 지붕이 생긴 해,"윔블던 선수권 대회는 영국 런던 남서부의 윔블던 지역에서 열리는 테니스 대회로, 4대 메이저 대회 가운데 가장 오래되었다. 1877년 올잉글랜드 론 테니스 앤드 크로케 클럽이 처음 열었고, 첫해에는 남자 단식만 치렀다. 여자 단식은 1884년에 시작되었다. 해마다 6월 말부터 7월 초까지 약 2주 동안 열리며, 메이저 대회 가운데 유일하게 잔디 코트에서 경기를 한다. 선수들은 거의 온통 흰색으로 된 옷을 입어야 한다는 엄격한 복장 규정을 지켜야 한다. 관중석에서는 딸기에 크림을 곁들여 먹는 것이 대회의 오랜 풍경으로 알려져 있다. 오랫동안 아마추어 선수만 출전할 수 있었으나 1968년부터 프로 선수에게도 문이 열렸다. 비가 자주 오는 날씨 탓에 경기가 미뤄지는 일이 잦자, 2009년 센터 코트에 여닫을 수 있는 지붕을 설치해 비가 와도 경기를 이어 갈 수 있게 되었다.",2009년,윔블던 선수권 대회,validation
서울과 부산을 잇는 경부선 영업 개시일,"한국의 철도는 19세기 말에 처음 놓인 뒤 전국을 잇는 간선망과 대도시의 도시 철도, 고속 철도로 발전해 왔다. 오늘날 대한민국의 간선 철도망과 간선 고속도로망은 길이가 각각 약 3,000킬로미터로 엇비슷하며, 선로 폭은 1,435밀리미터의 표준궤를 쓴다.

## 첫 철도, 경인선
한반도에 처음 놓인 철도는 경인선이다. 1899년 9월 18일 노량진과 제물포 사이 33.2킬로미터 구간에서 첫 열차가 달렸다. 이때 쓰인 기관차는 미국에서 들여온 모갈형 증기 기관차였다. 처음에는 한강을 건너지 못해 노량진에서 멈추었으나, 1900년 한강철교가 완공되면서 서울 도심까지 선로가 이어졌다. 한국에서는 오랫동안 경인선이 개통한 9월 18일을 철도의 날로 기념했다. 그러나 경인선이 외국 자본의 이권 속에 건설되었다는 점 등을 들어 날짜를 바꾸자는 의견이 나왔고, 2018년부터는 1894년 조선 정부가 공무아문 아래에 철도국을 처음 둔 날을 기려 6월 28일을 철도의 날로 삼고 있다.

## 간선 철도의 부설
20세기 초에는 한반도를 세로로 잇는 큰 노선들이 잇달아 놓였다. 서울과 부산을 잇는 경부선이 1905년 1월 1일 영업을 시작했고, 서울과 신의주를 잇는 경의선이 1906년에 개통했다. 1914년에는 대전과 목포를 잇는 호남선과 서울과 원산을 잇는 경원선이 문을 열었다. 서울의 관문 역할을 한 옛 서울역 건물은 1925년에 지어졌으며, 새 역사가 생긴 뒤에는 복합 문화 공간으로 쓰이고 있다. 이 노선들은 사람과 물자를 나르는 핵심 통로가 되었으나, 광복 뒤 남북이 나뉘면서 경의선과 경원선은 군사 분계선에서 끊겼다.

## 운영 조직의 변화
광복 뒤 철도는 정부 부처가 직접 운영했다. 1963년에는 교통부 소속의 철도청이 발족해 오랫동안 철도 운영과 건설을 함께 맡았다. 2000년대 들어 선로와 역 같은 시설을 만드는 일과 열차를 운행하는 일을 나누는 개혁이 추진되어, 2004년 시설을 맡는 한국철도시설공단이 세워졌고, 2005년 1월 1일에는 철도청이 한국철도공사로 바뀌어 열차 운영을 맡게 되었다. 한국철도시설공단은 2020년 국가철도공단으로 이름을 바꾸었다.

## 도시 철도
대도시 안을 오가는 지하철도 빠르게 늘었다. 서울 지하철 1호선이 1974년 8월 15일 서울역과 청량리 사이 약 7.8킬로미터 구간에서 처음 운행을 시작했으며, 이는 세계에서 스물두 번째로 문을 연 지하철이었다. 이후 부산이 1985년, 대구가 1997년, 인천이 1999년, 광주가 2004년, 대전이 2006년에 차례로 도시 철도를 개통해 서울을 포함한 여섯 도시가 지하철을 운영하게 되었다. 수도권에서는 지하철과 광역 전철이 서로 이어져 하나의 거대한 교통망을 이루고 있다.

## 고속 철도
2004년 4월 1일 한국 고속 철도 KTX가 경부선과 호남선에서 함께 운행을 시작하면서 최고 시속 300킬로미터로 달리는 고속 철도 시대가 열렸다. 첫 KTX 열차는 앞뒤의 동력차와 객차를 합쳐 20량이 한 편성을 이루었다. 개통 당시에는 프랑스의 고속 철도 기술을 들여와 차량을 만들었고, 2010년에는 국내 기술로 개발한 KTX-산천이 운행에 들어갔다. 고속 철도가 생기면서 서울과 부산을 오가는 시간이 크게 줄어, 두 도시를 하루 안에 오가는 일이 흔해졌다. 2016년 12월에는 서울 강남의 수서역을 출발하는 고속 열차 SRT가 운행을 시작해 경부선과 호남선 고속 철도에 또 하나의 출발지가 생겼다.

## 열차 등급과 수도권 전철
한국의 일반 열차는 여러 차례 이름과 등급이 바뀌었다. 1969년 서울과 부산 사이를 달리는 특급 열차 관광호가 등장했고, 이 열차는 1974년 새마을호로 이름이 바뀌어 오랫동안 가장 빠른 일반 열차의 대명사가 되었다. 2012년에는 서울과 춘천 사이를 오가는 ITX-청춘이, 2014년에는 새마을호를 대신할 ITX-새마을이 운행을 시작했다. 서울 지하철 1호선이 개통한 1974년 8월 15일에는 서울역과 인천, 서울역과 수원 사이의 국철 구간도 전기 철도로 바뀌어 지하철과 곧바로 이어졌는데, 이것이 수도권 전철의 출발점이다. 2024년 3월에는 수서와 동탄 사이에 수도권 광역급행철도가 처음 개통했다.

## 고속 철도망의 확장
KTX 개통 뒤에도 고속 철도 전용 선로는 계속 늘어났다. 2010년 11월 경부고속선의 동대구와 부산 사이 구간이 새 선로로 완성되었고, 2015년 4월에는 오송과 광주송정을 잇는 호남고속선이 개통해 호남 지역도 고속 철도의 혜택을 크게 누리게 되었다. 한편 남북을 잇는 철도를 되살리려는 시도도 있었다. 2007년 5월에는 경의선과 동해선에서 남북을 오가는 열차가 시험 운행을 했고, 같은 해 말부터 한동안 문산과 북쪽의 봉동 사이에 화물 열차가 오갔다.


## 철도와 생활
철도가 생활 깊숙이 들어오면서 요금과 이용 방식도 바뀌었다. 1984년부터 65세 이상 노인은 도시 철도를 요금 없이 탈 수 있게 되었다. 2004년 7월 서울의 대중교통 체계가 개편되면서 교통카드로 버스와 지하철을 갈아타면 거리에 따라 요금을 한 번에 계산하는 통합 요금제가 시행되었고, 이 방식은 2007년 경기도, 2009년 인천으로 넓혀져 수도권 전체의 제도가 되었다. 요즘은 대부분의 승차권을 휴대 전화로 예매하고 종이 승차권 없이 열차에 오른다.",1905년 1월 1일,한국의 철도,train
산조가야금 길이는 대략 얼마야?,"가야금은 오동나무 울림통 위에 명주실로 꼰 줄을 걸고 손가락으로 뜯어 소리를 내는 한국의 현악기이다. 전통 가야금의 줄은 열두 개이며, 줄마다 기러기발 모양의 받침인 안족을 괴어 음높이를 조절한다. 가야의 가실왕이 이 악기를 만들고 우륵에게 곡을 짓게 했으며, 우륵은 열두 곡을 지었다고 전한다. 가야가 기울자 우륵이 신라로 건너가면서 진흥왕 때 신라에 가야금 음악이 전해졌다. 가야금은 크게 두 가지로 나뉜다. 궁중 음악과 선비들의 풍류 음악에 쓰는 풍류가야금은 길이 약 151센티미터, 너비 약 28.5센티미터로 크고, 빠르고 화려한 산조를 연주하는 산조가야금은 길이 약 136센티미터, 너비 18~21센티미터 정도로 작다. 20세기 이후에는 음역을 넓히려고 줄 수를 늘린 개량 가야금이 여럿 만들어졌는데, 15현, 18현, 21현, 25현 등이 쓰인다. 맑고 부드러운 소리를 내어 독주와 합주, 노래 반주에 두루 쓰인다.",약 136센티미터,가야금,train
윔블던 센터 코트에 개폐식 지붕이 생긴 해,"윔블던 선수권 대회는 영국 런던 남서부의 윔블던 지역에서 열리는 테니스 대회로, 4대 메이저 대회 가운데 가장 오래되었다. 1877년 올잉글랜드 론 테니스 앤드 크로케 클럽이 처음 열었고, 첫해에는 남자 단식만 치렀다. 여자 단식은 1884년에 시작되었다. 해마다 6월 말부터 7월 초까지 약 2주 동안 열리며, 메이저 대회 가운데 유일하게 잔디 코트에서 경기를 한다. 선수들은 거의 온통 흰색으로 된 옷을 입어야 한다는 엄격한 복장 규정을 지켜야 한다. 관중석에서는 딸기에 크림을 곁들여 먹는 것이 대회의 오랜 풍경으로 알려져 있다. 오랫동안 아마추어 선수만 출전할 수 있었으나 1968년부터 프로 선수에게도 문이 열렸다. 비가 자주 오는 날씨 탓에 경기가 미뤄지는 일이 잦자, 2009년 센터 코트에 여닫을 수 있는 지붕을 설치해 비가 와도 경기를 이어 갈 수 있게 되었다.",2009년,윔블던 선수권 대회,train
천지에서 가장 깊은 곳은 몇 미터인가요?,"백두산은 한반도에서 가장 높은 산으로, 최고봉인 장군봉의 높이는 2,744미터이다. 중국에서는 창바이산이라고 부른다. 여러 차례 분출한 용암과 화산재가 층층이 쌓여 생긴 성층화산이며, 꼭대기에는 지름 약 5킬로미터, 깊이 850미터에 이르는 거대한 칼데라가 있다. 이 칼데라에 물이 고여 생긴 호수가 천지이다. 천지의 수면은 해발 약 2,150미터에 있고, 둘레는 14킬로미터, 평균 수심은 213미터이며 가장 깊은 곳은 384미터에 이른다.
백두산은 946년 무렵 크게 폭발해 100~150세제곱킬로미터에 이르는 화산재와 분출물을 쏟아 냈다. 기록에 남은 가장 최근의 분화는 1925년에 있었다. 이 산은 여러 큰 강의 발원지이기도 하다. 압록강은 서쪽으로 흘러 황해에 이르고, 두만강은 동쪽으로 흘러 동해로 들어가며, 쑹화강은 북쪽의 만주 벌판으로 흘러간다.",384미터,백두산,train
동의보감 간행 연도,"동의보감은 조선의 의관 허준이 편찬한 의학 백과사전이다. 선조의 명을 받아 1596년에 편찬을 시작했으며, 전란으로 작업이 멈추는 어려움을 겪은 끝에 1610년에 완성되었다. 책으로 찍어 펴낸 해는 1613년이다. 전체는 25권으로, 내경편 4권, 외형편 4권, 잡병편 11권, 탕액편 3권, 침구편 1권에 목차 2권이 더해져 있다.
내경편은 몸 안의 장기와 정기, 기운을 다루고, 외형편은 머리에서 발끝까지 겉으로 드러나는 부위를 다룬다. 잡병편은 여러 가지 병의 원인과 치료법을 설명하고, 탕액편은 약재의 성질과 쓰임을 정리했으며, 침구편은 침과 뜸 놓는 법을 적었다. 이렇게 분야별로 정리된 구성 덕분에 조선뿐 아니라 이웃 나라에서도 널리 읽혔다. 2009년 7월 31일 유네스코 세계기록유산에 등재되었고, 2015년 6월 22일에는 국보 제319호로 지정되었다.",1613년,동의보감,train
평창 동계 올림픽은 며칠부터 며칠까지 열렸나요?,"2018년 평창 동계 올림픽은 그해 2월 9일부터 25일까지 강원도 평창과 강릉, 정선 일대에서 열린 제23회 동계 올림픽으로, 한국에서 처음 열린 동계 올림픽이다. 평창은 2010년과 2014년 대회 유치에 잇따라 실패한 뒤 세 번째 도전 끝에, 2011년 남아프리카공화국 더반에서 열린 국제올림픽위원회 총회에서 독일 뮌헨과 프랑스 안시를 제치고 개최권을 얻었다. 설상 종목은 평창과 정선의 산악 지역에서, 빙상 종목은 강릉의 경기장들에서 치러졌다. 92개국에서 약 2,920명의 선수가 참가했고, 15개 종목에 걸린 세부 종목은 102개로 동계 올림픽 사상 처음 100개를 넘었다. 마스코트는 백호를 본뜬 수호랑이었고, 함께 열린 패럴림픽의 마스코트는 반달가슴곰 반다비였다. 여자 아이스하키에서는 남북 단일팀이 꾸려져 함께 경기에 나섰다. 대한민국은 금메달 5개, 은메달 8개, 동메달 4개로 모두 17개의 메달을 따 종합 7위를 기록했다.",2월 9일부터 25일까지,2018년 평창 동계 올림픽,train
레이저런 달리기 총 거리,"근대 5종은 한 선수가 성격이 다른 다섯 가지 종목을 모두 치러 합산 점수로 순위를 가리는 경기이다. 근대 올림픽을 되살린 피에르 드 쿠베르탱이 19세기 군대의 전령이 갖춰야 했던 능력, 곧 칼싸움과 헤엄, 말타기, 사격, 달리기에서 착안해 만들었다. 1912년 스톡홀름 올림픽에서 처음 치러졌고, 여자 경기는 2000년 시드니 올림픽에 추가되었다. 원래 여러 날에 걸쳐 열리던 경기는 1996년부터 하루에 모두 끝내는 방식으로 바뀌었다. 펜싱은 에페 종목으로, 수영은 200미터 자유형으로 치른다. 2009년에는 사격과 달리기를 하나로 묶은 레이저런이 도입되었는데, 3000미터를 달리는 도중 네 차례 사격장에 들러 과녁을 맞혀야 한다. 레이저런은 앞선 종목의 성적이 좋은 선수부터 먼저 출발하는 방식이어서 결승선을 먼저 통과한 선수가 곧 우승자가 된다. 2028년 로스앤젤레스 올림픽부터는 승마 대신 장애물 코스를 통과하는 종목이 들어간다. 국제 경기는 국제근대5종연맹이 관장한다.",3000미터,근대 5종,train
국립중앙박물관이 덕수궁 석조전을 쓰던 시기,"국립중앙박물관은 서울 용산구에 있는 대한민국의 대표 국립 박물관이다. 광복 뒤인 1945년 12월 3일 조선총독부박물관을 넘겨받아 국립박물관으로 문을 열었고, 1972년 7월 19일 지금의 이름으로 새로 출발했다. 그동안 자리를 여러 번 옮겨, 1955년부터 1968년까지는 덕수궁 석조전에, 1972년부터 1986년까지는 경복궁 안 건물에, 1986년부터 1995년까지는 옛 조선총독부 청사에 있었다. 청사 철거가 결정된 뒤 경복궁의 다른 건물로 임시로 옮겼다가, 2005년 10월 28일 용산의 옛 미군기지 반환 부지에 새로 지은 건물에서 개관했다. 이 건물은 길이 404미터, 가장 높은 곳이 43.08미터이며, 전시 공간은 3개 층에 6개 관, 50개 실로 나뉜다. 2024년 기준 소장품은 약 43만 8천 점이고, 2023년 한 해 동안 418만 명이 다녀갔다. 반가사유상, 경천사지 십층석탑, 인왕제색도, 월인석보 등이 대표 소장품으로 꼽힌다.",1955년부터 1968년까지,국립중앙박물관,train
베수비오 분화 장면을 편지로 기록한 사람은?,"폼페이는 이탈리아 남부 나폴리만 가까이에 있던 고대 로마의 도시로, 서기 79년 베수비오 화산이 분화하면서 화산재와 돌에 묻혔다. 분화가 시작된 날은 전통적으로 8월 24일로 알려져 있으며, 이때 이웃 도시 헤르쿨라네움도 함께 땅속에 묻혔다. 폼페이에서는 주민의 약 10퍼센트인 2,000명가량이 목숨을 잃은 것으로 추정된다. 분화 모습은 가까운 곳에서 이를 지켜본 소 플리니우스가 편지로 남겨 오늘날까지 전한다.
오랫동안 잊혔던 도시는 1592년 운하를 파는 공사 도중 일부가 드러났고, 본격적인 발굴은 1748년에 시작되었다. 1860년부터 1875년까지 발굴을 이끈 주세페 피오렐리는 화산재 속에 남은 빈 공간에 석고를 부어 희생자의 마지막 자세를 본뜨는 방법을 도입했다. 거리와 집, 벽화, 생활 도구가 거의 그대로 남아 있어 로마 시대 사람들의 일상을 들여다볼 수 있는 드문 자료가 되며, 1997년 유네스코 세계유산으로 등재되었다.",소 플리니우스,폼페이,train
모바일 신분증을 전국에서 받을 수 있게 된 날은?,"주민등록증은 주민등록법에 따라 대한민국 국민임을 증명하는 신분증으로, 만 17세 이상이면 발급받아야 한다. 카드에는 사진과 이름, 주민등록번호, 처음 발급받을 때의 주소가 적히고, 뒷면에는 오른손 엄지손가락 지문이 담긴다. 주민등록번호는 1968년 처음 도입되었는데, 그해 10월 말부터 모든 국민에게 12자리 번호가 매겨졌고 11월 21일부터 18세 이상 국민에게 주민등록증이 발급되었다. 당시 번호의 앞 여섯 자리는 등록 지역을, 뒤 여섯 자리는 성별과 등록 순서를 나타냈다. 1975년 법 개정으로 번호는 지금과 같은 13자리가 되었고, 앞자리에는 생년월일이 들어가게 되었다. 종이로 만들던 증은 1999년부터 이듬해까지 국제 규격에 맞춘 플라스틱 카드로 바뀌면서 위조를 막는 홀로그램이 들어갔다. 2025년 3월 14일부터는 스마트폰에 담아 쓰는 모바일 주민등록증을 전국에서 발급받을 수 있게 되었으며, 실물 카드와 같은 법적 효력을 가진다.",2025년 3월 14일,주민등록증,train
남한에서 가장 긴 강은?,"한반도는 아시아 대륙의 동쪽 끝에서 남쪽으로 길게 뻗어 나온 반도이다. 산이 많고 동쪽이 높으며, 세 방향이 바다로 둘러싸여 있어 지형이 매우 다채롭다. 아래에서는 한반도의 크기와 산줄기, 강과 평야, 바다, 그리고 눈여겨볼 만한 지형을 차례로 정리한다.
## 크기와 위치
한반도의 넓이는 223,663제곱킬로미터이며, 남북 길이는 약 1,000킬로미터에 이른다. 동쪽에는 동해, 서쪽에는 황해, 남쪽에는 남해가 있고, 북쪽은 압록강과 두만강을 경계로 대륙과 맞닿아 있다. 섬을 포함한 해안선의 길이는 1만 7,361킬로미터에 달한다. 연안에는 3,418개의 섬이 흩어져 있으며, 이 가운데 약 2,900개가 남쪽에 있다.
## 산지와 산맥
한반도는 전체 면적의 70퍼센트 이상이 산지이다. 오랜 세월에 걸쳐 동쪽 땅이 더 높이 들려 올라, 동쪽은 높고 가파르며 서쪽으로 갈수록 낮아지는 동고서저의 모양을 이룬다. 동해안을 따라 남북으로 달리는 태백산맥은 한반도의 등뼈에 해당한다. 원산 부근의 추가령 구조곡에서 시작해 부산 부근까지 약 500킬로미터 뻗어 있으며, 주로 편마암과 화강암으로 이루어져 있다. 이 산맥에서 가장 높은 곳은 설악산의 대청봉으로 높이는 1,708미터이고, 오대산, 태백산, 주왕산처럼 1,000미터가 넘는 산들이 줄지어 있다.
북부에서는 낭림산맥이 태백산맥과 함께 반도의 척추를 이루며, 가장 높은 와갈봉은 2,260미터이다. 남쪽에서는 소백산맥이 태백산맥에서 갈라져 서남쪽으로 약 350킬로미터 뻗어 여수 부근에 이른다. 소백산맥은 동쪽의 경상도와 서쪽의 충청도·전라도를 가르는 경계가 되며, 죽령, 문경새재, 추풍령 같은 고개가 예부터 두 지역을 잇는 길목 구실을 했다.
## 강과 평야
땅이 동쪽으로 높기 때문에 큰 강은 대부분 서쪽이나 남쪽으로 흘러 황해와 남해로 들어간다. 압록강은 790킬로미터를 흐르며, 하구에서는 북한의 신의주와 중국의 단둥이 강을 사이에 두고 마주 본다. 두만강은 547킬로미터를 흐르면서 북한과 중국의 국경이 되고, 하구 가까이에서는 북한과 러시아의 국경을 이룬다. 낙동강은 태백시에서 발원해 약 510킬로미터를 남쪽으로 흘러 부산의 을숙도 부근에서 바다로 빠지며, 남한에서 가장 긴 강이다. 한강은 태백의 검룡소에서 시작하는 남한강과 북쪽에서 내려오는 북한강이 양평의 양수리에서 합쳐져 서울을 가로지른다. 길이는 494킬로미터이고 유역 면적은 35,770제곱킬로미터로, 남한을 흐르는 강 가운데 가장 넓은 유역을 가졌다. 하류에서는 임진강을 받아들인 뒤 김포 부근에서 황해로 들어간다. 한강과 낙동강 다음으로 큰 금강은 장수군의 뜬봉샘에서 시작해 397.79킬로미터를 흐른 뒤 군산과 서천 사이에서 바다로 나가며, 하구에는 1990년 길이 1,841미터의 하굿둑이 완공되었다.
큰 강의 하류에는 넓은 평야가 펼쳐진다. 만경강과 동진강이 흐르는 호남평야는 동서 약 50킬로미터, 남북 약 80킬로미터에 걸친 약 3,500제곱킬로미터의 너른 들로, 한국의 대표적인 쌀 생산지이다. 낙동강 하류에는 강이 실어 온 흙이 쌓여 생긴 삼각주인 김해평야가 약 136제곱킬로미터 넓이로 펼쳐져 있다.
## 세 바다와 해안
동해는 넓이가 약 100만 제곱킬로미터이고 평균 수심이 1,752미터에 이르는 깊은 바다이며, 가장 깊은 곳은 3,762미터이다. 해안선이 단조롭고 곧게 뻗은 것이 특징이며, 남쪽에서 올라오는 동한 난류와 북쪽에서 내려오는 북한 한류가 이 바다에서 만난다. 반면 황해는 평균 수심이 약 45미터에 불과하고 가장 깊은 곳도 100미터가 되지 않는 얕은 바다이다. 약 2만 6천 년 전 마지막 빙기가 가장 추웠던 때에는 해수면이 낮아 황해 대부분이 육지였고, 약 1만 3천 년 전부터 바닷물이 다시 차올랐다. 황하와 양쯔강이 실어 오는 흙 때문에 물빛이 누렇게 보인다고 해서 황해라는 이름이 붙었다.
서해안과 남해안에는 리아스식 해안이 잘 발달해 있다. 이는 강물이 깎아 만든 골짜기가 빙기 뒤 높아진 바닷물에 잠겨 생긴 해안으로, 곶과 만이 많아 해안선이 복잡하고 작은 섬이 많다. 이름은 에스파냐 갈리시아 지방에서 강어귀를 가리키는 말에서 왔다. 물결이 잔잔해 양식업이 활발하지만, 해안을 따라 길을 내기는 어렵다.
## 화산 지형과 석회암 동굴
한반도 곳곳에는 화산 활동이 남긴 지형이 있다. 동해 한가운데의 울릉도는 넓이 72.86제곱킬로미터의 화산섬으로, 가장 높은 봉우리인 성인봉은 984미터이며 마지막 분화는 약 5천 년 전에 있었다. 섬은 포항에서 약 217킬로미터 떨어져 있고, 길이 56.5킬로미터의 해안은 대부분 높은 절벽으로 되어 있어 배를 대기가 쉽지 않다. 섬 북쪽의 나리분지는 화산이 무너져 생긴 칼데라로, 섬에서 유일하게 넓고 평평한 땅이다. 강원도 철원에서 경기도 포천과 연천으로 흐르는 한탄강은 길이 136킬로미터로, 옛 용암이 굳은 현무암 대지를 깎아 깊은 협곡과 주상 절리를 만들었다. 이 일대 1,165.61제곱킬로미터는 2020년 7월 국내 네 번째 유네스코 세계지질공원으로 인증되었다. 충청북도 단양에는 석회암이 지하수에 녹아 생긴 동굴이 많다. 그 가운데 고수동굴은 약 4억 5천만 년 전에 쌓인 석회암층에 생긴 동굴로, 주굴 600미터와 지굴 700미터를 합한 길이가 1,300미터이다. 종유석과 석순, 석주가 잘 발달해 1976년 천연기념물로 지정되었다.",낙동강,한반도의 지형,train
"폼페이에서는 주민의 약 10퍼센트인 2,000명가량이 목숨을 잃은 것으로 추정된다","폼페이는 이탈리아 남부 나폴리만 가까이에 있던 고대 로마의 도시로, 서기 79년 베수비오 화산이 분화하면서 화산재와 돌에 묻혔다. 분화가 시작된 날은 전통적으로 8월 24일로 알려져 있으며, 이때 이웃 도시 헤르쿨라네움도 함께 땅속에 묻혔다. 폼페이에서는 주민의 약 10퍼센트인 2,000명가량이 목숨을 잃은 것으로 추정된다. 분화 모습은 가까운 곳에서 이를 지켜본 소 플리니우스가 편지로 남겨 오늘날까지 전한다.
오랫동안 잊혔던 도시는 1592년 운하를 파는 공사 도중 일부가 드러났고, 본격적인 발굴은 1748년에 시작되었다. 1860년부터 1875년까지 발굴을 이끈 주세페 피오렐리는 화산재 속에 남은 빈 공간에 석고를 부어 희생자의 마지막 자세를 본뜨는 방법을 도입했다. 거리와 집, 벽화, 생활 도구가 거의 그대로 남아 있어 로마 시대 사람들의 일상을 들여다볼 수 있는 드문 자료가 되며, 1997년 유네스코 세계유산으로 등재되었다.",폼페이에서는,폼페이,train
가게에서 평이나 근 같은 단위를 쓰다 걸리면 과태료가 얼마야?,"대한민국은 길이는 미터, 넓이는 제곱미터, 부피는 세제곱미터, 무게는 그램처럼 미터법에 따른 단위를 법정 계량 단위로 쓴다. 국제 사회에서 미터법이 널리 퍼지는 계기는 1875년 파리에서 체결된 미터 협약이었다. 한국은 1959년 이 협약에 가입했고, 1961년 계량법을 만들어 미터법을 법정 단위로 정했다. 이어 1964년 1월 1일부터는 자와 되, 근처럼 전통적으로 쓰던 척관법 단위와 야드, 파운드 단위를 거래와 증명에 쓰지 못하게 하고 모든 계량을 미터법으로 하도록 했다. 그럼에도 집의 넓이를 평으로, 금의 무게를 돈으로, 고기의 무게를 근으로 말하는 습관은 오래 남았다. 정부는 2007년 7월 1일부터 평, 돈, 근을 비롯한 비법정 단위의 상거래 사용을 본격적으로 금지하고, 이를 어기면 최대 50만 원의 과태료를 물리도록 했다. 이에 따라 아파트 분양 광고 등에서는 넓이를 제곱미터로 표시하게 되었다. 한 평은 약 3.3제곱미터에 해당한다.",최대 50만 원,미터법과 법정 계량 단위,validation
강강술래는 주로 어느 지방에서 전승됐나요?,"강강술래는 추석 무렵 달 밝은 밤에 여성들이 손을 맞잡고 둥글게 원을 그리며 노래하고 춤추던 민속놀이이다. 전라남도 해남, 무안, 진도, 완도 같은 해안 지역에서 특히 활발하게 전해졌다. 앞소리꾼이 노랫말을 메기면 나머지 사람들이 '강강술래'라는 후렴으로 받으며 원을 돈다. 처음에는 느린 가락에 맞춰 천천히 돌다가 차츰 빨라지는데, 도중에 남생이놀이, 고사리꺾기, 청어엮기, 기와밟기, 덕석말이, 문지기놀이 같은 여러 놀이를 끼워 넣어 흥을 더한다. 놀이 하나하나는 거북을 흉내 내거나 물고기를 엮듯 줄을 짜는 등 생활 속 장면을 몸으로 옮긴 것이 많다. 임진왜란 때 이순신이 마을 부녀자들을 모아 산에서 원을 돌게 해 군사가 많아 보이도록 했다는 이야기가 전하지만, 이는 민간에서 붙인 유래담으로 여겨진다. 강강술래는 1966년 2월 15일 국가무형문화재 제8호로 지정되었고, 2009년 9월 유네스코 인류무형유산에 이름을 올렸다.","전라남도 해남, 무안, 진도, 완도",강강술래,train
헌법재판관 한 번 임기는 몇 년인가요?,"헌법재판소는 법률이 헌법에 맞는지를 판단하고 헌법과 관련된 분쟁을 해결하는 대한민국의 최고 헌법 기관이다. 1987년 헌법 개정에 따라 1988년 9월 1일 문을 열었다. 이전에도 헌법위원회가 법률의 위헌 여부를 심사하는 기구로 있었지만 실제 역할은 크지 않았다. 재판관은 모두 9명이며, 대통령이 임명하되 그 가운데 3명은 국회가 선출하고 3명은 대법원장이 지명한 사람을 임명한다. 재판관 임기는 6년이고 연임할 수 있다. 헌법재판소가 다루는 일은 다섯 가지이다. 법원의 제청에 따라 법률의 위헌 여부를 가리는 위헌법률심판, 고위 공직자의 파면 여부를 정하는 탄핵심판, 위헌 정당의 해산 여부를 정하는 정당해산심판, 국가 기관 사이의 권한 다툼을 푸는 권한쟁의심판, 공권력 때문에 기본권을 침해당한 국민이 직접 청구하는 헌법소원심판이 그것이다. 법률의 위헌 결정, 탄핵 결정, 정당 해산 결정, 헌법소원 인용 결정을 하려면 재판관 6명 이상이 찬성해야 한다. 청사는 서울 종로구 재동에 있다.",6년,헌법재판소,test
신라 가배 때 여섯 부 여자들이 편을 갈라 겨룬 솜씨,"추석은 음력 8월 15일로, 한 해 농사의 결실을 거두고 조상에게 감사하는 한국의 큰 명절이다. 한가위 또는 중추절이라고도 한다. 한가위라는 이름은 신라의 가배에서 비롯되었다고 본다. 삼국사기에 따르면 신라 유리왕 9년인 서기 32년, 왕이 도읍의 여섯 부 여자들을 두 편으로 나누어 음력 7월 16일부터 한 달 동안 길쌈 솜씨를 겨루게 하고, 8월 15일에 성과를 따져 진 편이 이긴 편에게 술과 음식을 대접하게 했다. 이때 진 편의 한 여자가 일어나 춤추며 탄식한 소리를 바탕으로 회소곡이라는 노래가 지어졌다고 한다. 추석날에는 햇곡식으로 차례를 지내고 조상의 산소를 찾아 성묘하며, 반달 모양으로 빚은 송편과 토란국을 먹는다. 광복 뒤 1949년에 추석 당일이 처음 공휴일이 되었고, 1986년에는 다음 날이 더해졌으며, 1989년부터 전날까지 포함한 사흘 연휴가 되었다. 연휴마다 고향을 찾는 사람들이 한꺼번에 움직여 전국의 도로와 철도가 크게 붐빈다.",길쌈,추석,validation
태권도가 올림픽 정식 종목이 된 대회,"태권도는 손과 발을 써서 치고 막고 차는 기술을 익히는 한국의 무술이자 올림픽 격투 종목이다. 1961년에 생긴 대한태수도협회가 1965년 대한태권도협회로 이름을 바꾸면서 태권도라는 이름이 널리 자리를 잡았다. 1972년에는 수련과 단증 심사를 맡는 중앙 도장인 국기원이 서울에 세워졌고, 이듬해인 1973년 국제 경기를 관장하는 세계태권도연맹이 창설되었다. 수련은 정해진 순서대로 공격과 방어 동작을 이어 가는 품새와, 두 사람이 실제로 맞서는 겨루기로 나뉘며, 실력은 띠의 색과 단으로 구분한다. 1988년 서울 올림픽에서 시범 종목으로 처음 선을 보였고, 2000년 시드니 올림픽부터 정식 종목이 되었다. 올림픽에서는 남녀 각각 네 체급으로 겨루며, 몸통에는 타격을 감지하는 전자 호구를 입혀 점수를 자동으로 판정한다. 오늘날 세계태권도연맹에는 아시아와 유럽, 아프리카, 아메리카, 오세아니아의 200여 개 나라가 가입해 있다.",2000년 시드니 올림픽,태권도,train
2002 한일 월드컵 결승전은 어느 도시에서 치러졌나?,"FIFA 월드컵은 국제축구연맹이 주관하여 4년마다 여는 남자 축구 국가 대항전으로, 단일 종목 대회로는 세계에서 가장 많은 관심을 받는 대회 가운데 하나이다. 나라마다 지역 예선을 거쳐 본선 진출권을 얻은 대표팀이 개최국에 모여 약 한 달 동안 우승을 다툰다.

## 대회의 시작
국제축구연맹은 1904년 파리에서 창설되었으며, 지금 본부는 스위스 취리히에 있다. 축구는 이미 올림픽 종목이었지만, 프로 선수의 출전 문제 등으로 축구만의 세계 대회를 따로 열자는 움직임이 커졌다. 그 결과 1930년 남아메리카의 우루과이에서 첫 월드컵이 열렸다. 우루과이는 1924년과 1928년 올림픽 축구에서 잇달아 우승한 강팀이었고, 1930년은 이 나라의 첫 헌법이 만들어진 지 100년이 되는 해이기도 했다. 유럽에서 배로 몇 주가 걸리는 먼 길이었던 탓에 첫 대회에는 13개 나라만 참가했으며, 개최국 우루과이가 초대 우승을 차지했다. 이후 대회는 4년 주기로 이어졌지만, 제2차 세계 대전의 영향으로 1942년과 1946년 대회는 열리지 못했다.

## 대회 방식과 규모
본선에 나서는 팀 수는 시대에 따라 늘어났다. 1978년 대회까지는 대체로 16개 팀이 본선에 올랐고, 1982년 스페인 대회에서 24개 팀으로, 1998년 프랑스 대회에서 32개 팀으로 늘었다. 본선은 먼저 몇 개 팀씩 조를 나누어 서로 한 번씩 맞붙는 조별 리그를 치르고, 여기서 살아남은 팀들이 한 번 지면 탈락하는 토너먼트로 우승팀을 가린다. 2026년 대회는 미국, 캐나다, 멕시코 세 나라가 함께 열면서 본선 참가국을 48개 팀으로, 전체 경기 수를 104경기로 크게 늘렸다. 대회는 보통 북반구의 여름인 6월과 7월에 열리지만, 한여름 더위가 심한 카타르에서 열린 2022년 대회는 처음으로 11월과 12월에 치러졌다. 이 대회는 중동 지역에서 열린 첫 월드컵이기도 했다.

## 우승 트로피
첫 대회부터 쓰인 트로피는 승리의 여신을 본뜬 모양이었다. 브라질이 1970년 대회에서 세 번째 우승을 차지하면서 이 트로피를 영구히 갖게 되었으나, 1983년 브라질에서 도난당한 뒤 끝내 되찾지 못했다. 지금의 트로피는 1974년 서독 대회부터 쓰였다. 18캐럿 금으로 만들었고 무게는 6.175킬로그램이며, 두 사람이 나선을 그리며 솟아올라 지구를 떠받치는 모습을 하고 있다. 받침 부분에는 역대 우승국의 이름이 새겨진다. 대회가 끝나면 가장 뛰어난 활약을 한 선수에게 골든볼을, 가장 많은 골을 넣은 선수에게 골든부트를 준다. 대회를 상징하는 마스코트는 1966년 잉글랜드 대회에서 처음 등장했다. 새 트로피는 어느 나라도 영구히 가질 수 없도록 정해져 있어, 우승국은 시상식이 끝나면 진품을 돌려주고 복제품을 받는다.

## 역대 우승국
2022년 대회까지 월드컵 우승을 맛본 나라는 모두 여덟 곳이다. 브라질이 1958년, 1962년, 1970년, 1994년, 2002년에 우승해 다섯 번으로 가장 많고, 독일과 이탈리아가 네 번씩, 아르헨티나가 세 번, 프랑스와 우루과이가 두 번씩 정상에 올랐다. 잉글랜드는 자국에서 열린 1966년 대회에서, 스페인은 2010년 남아프리카공화국 대회에서 한 번씩 우승했다. 이 시기까지의 우승국은 모두 유럽과 남아메리카의 나라였다. 아르헨티나는 2022년 카타르 대회 결승에서 프랑스를 승부차기 끝에 꺾고 세 번째 정상에 올랐다.

## 2002년 한일 월드컵
2002년 대회는 대한민국과 일본이 함께 열었다. 두 나라가 공동으로 개최한 첫 월드컵이자 아시아에서 열린 첫 월드컵이었다. 대회는 5월 31일 서울에서 열린 개막전으로 시작해 6월 30일 일본 요코하마에서 열린 결승전으로 막을 내렸다. 한국 대표팀은 조별 리그 첫 경기에서 폴란드를 꺾고 월드컵 본선 역사상 첫 승리를 거두었고, 이후 토너먼트에서도 승리를 이어 가며 4위에 올라 역대 최고 성적을 냈다. 경기가 열리는 날마다 거리와 광장에 많은 사람이 모여 함께 응원하는 모습이 화제가 되었다. 이 대회의 우승은 브라질이 차지했는데, 브라질에게는 다섯 번째 우승이었다.

## 한국과 월드컵
한국이 처음 월드컵 본선에 나간 것은 1954년 스위스 대회였다. 그 뒤 한동안 본선에 오르지 못하다가, 1986년 멕시코 대회부터 2022년 카타르 대회까지 열 번 연속으로 본선 무대를 밟았다. 2002년에 안방에서 4위에 오른 데 이어, 2010년 남아프리카공화국 대회에서는 처음으로 원정 월드컵 16강에 진출했다. 2002년 대회 때는 한국과 일본이 각각 10개씩, 모두 20개 경기장에서 64경기를 나누어 치렀다.

## 심판 기술의 발전
월드컵은 새로운 판정 기술을 선보이는 무대이기도 하다. 공이 골라인을 완전히 넘었는지를 기계로 판독하는 골라인 판독 기술은 2014년 브라질 대회에서 처음 쓰였다. 2018년 러시아 대회에서는 경기장 밖의 심판이 영상을 다시 보며 주심의 판정을 돕는 비디오 보조 심판이 처음 도입되어, 득점과 퇴장, 페널티킥처럼 승부를 가르는 장면을 영상으로 다시 확인하게 되었다.

## 여자 월드컵
국제축구연맹은 1991년 중국에서 첫 여자 월드컵을 열었다. 여자 대회도 남자 대회처럼 4년마다 열리며, 2023년 오스트레일리아와 뉴질랜드가 공동 개최한 대회까지 미국이 네 번 우승해 가장 많은 우승 기록을 가지고 있다. 2023년 대회에서는 스페인이 처음으로 정상에 올랐다.",일본 요코하마,FIFA 월드컵,train
다윈이 비글호를 타고 갈라파고스에 도착한 날,"갈라파고스 제도는 남아메리카 에콰도르에 속한 섬들로, 적도 부근의 태평양에 있으며 대륙에서 서쪽으로 약 1,000킬로미터 떨어져 있다. 화산 활동으로 생긴 19개의 섬과 그 둘레의 암초로 이루어져 있다. 1535년 파나마의 주교 토마스 데 베를랑가가 배를 타고 가다 우연히 이 섬들에 닿으면서 처음 알려졌다. 제도의 이름은 거대한 거북의 등딱지가 말안장을 닮았다 하여 안장을 뜻하는 옛 에스파냐어에서 왔다.
원래 사람이 살지 않던 곳이었으나, 지금은 산타크루스섬, 산크리스토발섬, 이사벨라섬 등 다섯 섬에 주민이 산다. 찰스 다윈은 1835년 9월 15일 비글호를 타고 이곳에 도착해 한 달가량 머물며 동식물을 관찰했다. 코끼리거북, 바다이구아나, 갈라파고스펭귄, 다윈핀치처럼 이곳에서만 볼 수 있는 고유종이 많다. 적도 가까이 있지만 차가운 훔볼트 해류가 흘러들어 독특한 기후가 나타난다. 1978년 유네스코 세계자연유산으로 등재되었다.",1835년 9월 15일,갈라파고스 제도,validation
산정특례를 받는 암 환자의 본인 부담 비율,"국민건강보험은 국민이 소득에 따라 보험료를 내고, 병에 걸리거나 다쳤을 때 진료비의 상당 부분을 보험에서 대신 치르도록 한 대한민국의 공적 의료 보장 제도이다. 법에 따라 국내에 사는 거의 모든 사람이 가입 대상이 되며, 하나의 공공 기관이 보험자 역할을 맡는 단일 보험 체계로 운영된다.

## 제도의 출발
의료보험에 관한 첫 법률은 1963년에 만들어진 의료보험법이다. 그러나 이 법은 가입 여부를 사업장의 선택에 맡겼기 때문에 실제로 보험에 든 사람은 매우 적었다. 제도가 본격적으로 움직이기 시작한 것은 1977년 7월 1일로, 이날부터 근로자 500명 이상인 사업장은 의무적으로 의료보험에 가입해야 했다. 이렇게 직장을 중심으로 시작된 보험은 1979년 공무원과 사립학교 교직원에게로 넓혀졌고, 이어 적용 사업장의 규모 기준도 차례로 낮아졌다.

## 전 국민 의료보험
직장에 다니지 않는 농어민과 자영업자는 한동안 보험 밖에 남아 있었다. 1988년 농어촌 지역 주민을 대상으로 한 지역 의료보험이 시행되었고, 이듬해인 1989년 7월 1일 도시 지역 주민까지 가입 대상이 되면서 모든 국민이 의료보험의 보호를 받게 되었다. 강제 적용을 시작한 지 12년 만의 일로, 다른 나라들과 비교해도 짧은 기간에 이룬 확대로 평가된다. 이 무렵 의료보험은 직장 가입자를 위한 직장 의료보험, 지역 주민을 위한 지역 의료보험, 공무원과 교직원을 위한 의료보험으로 나뉘어 있었고, 수많은 조합이 따로따로 보험을 운영했다.

## 보험자의 통합
조합마다 재정 형편이 달라 보험료와 혜택에 차이가 생기자 여러 조합을 하나로 묶는 작업이 이어졌다. 1998년 10월 지역 의료보험 조합들과 공무원·교직원 의료보험을 합쳐 국민의료보험관리공단이 출범했다. 2000년 7월 1일에는 여기에 139개 직장 의료보험 조합까지 통합되어 국민건강보험공단이 탄생했고, 제도의 이름도 의료보험에서 건강보험으로 바뀌었다. 같은 해 병원과 의원이 청구한 진료비가 알맞은지 따지고 진료의 질을 평가하는 건강보험심사평가원도 세워졌다. 조직을 합친 뒤에도 직장 가입자와 지역 가입자의 돈 주머니는 한동안 따로 관리되다가, 2003년 7월 두 재정이 하나로 통합되면서 사실상 통합이 마무리되었다.

## 보험료
가입자는 크게 직장 가입자와 지역 가입자로 나뉜다. 직장 가입자의 보험료는 매달 받는 보수에 보험료율을 곱해 정하며, 이를 근로자와 사업주가 절반씩 나누어 낸다. 보험료율은 2025년 7.09%였고, 2026년에는 7.19%로 올라 근로자와 사업주가 각각 3.595%씩 부담한다. 이에 따라 직장 가입자 한 사람이 내는 월평균 보험료는 2025년 15만 8,464원에서 2026년 16만 699원으로 늘었다. 지역 가입자는 월급이 따로 없으므로 소득과 재산 등을 점수로 바꾸어 보험료를 매긴다. 2022년 9월에는 지역 가입자 보험료에서 소득이 차지하는 비중을 높이고 재산에 매기는 몫을 줄이는 개편이 있었고, 2024년 2월부터는 자동차에 매기던 보험료가 없어졌다. 직장 가입자의 보험료에는 너무 많거나 적게 매겨지지 않도록 상한과 하한이 정해져 있다. 정부도 해마다 예산으로 보험 재정의 일부를 지원한다.

## 진료와 본인 부담
건강보험 가입자는 병원이나 약국을 이용할 때 전체 비용 가운데 일부만 직접 내고, 나머지는 공단이 의료 기관에 지급한다. 입원했을 때 환자가 내는 몫은 대체로 진료비의 20%이며, 외래 진료는 의료 기관의 종류와 규모에 따라 부담 비율이 달라진다. 큰 병으로 의료비가 한꺼번에 많이 들 때 가계가 무너지지 않도록, 한 해 동안 낸 본인 부담금이 정해진 한도를 넘으면 넘은 만큼을 돌려주는 본인부담상한제가 2004년에 도입되었다. 또한 병을 일찍 발견하기 위해 가입자에게 대체로 2년에 한 번씩 일반 건강 검진을 제공한다. 2024년 5월 20일부터는 다른 사람의 자격을 빌려 진료받는 일을 막기 위해, 병원이나 의원에서 진료를 받을 때 신분증 등으로 본인임을 확인하도록 했다. 생활이 어려워 의료급여를 받는 사람은 건강보험 대신 나라가 진료비를 지원하는 의료급여 제도의 적용을 받는다.

## 의료 기관과 가입자
대한민국의 병원과 의원, 약국은 원칙적으로 모두 건강보험 환자를 받아야 한다. 이를 요양기관 당연지정제라 하며, 환자는 어느 의료 기관을 찾아가든 같은 기준으로 건강보험 혜택을 받는다. 공단이 보험자가 된 2000년 7월에는 의사는 처방을 하고 약사는 약을 짓도록 역할을 나눈 의약분업도 함께 시행되었다. 직장 가입자에게 생계를 기대는 배우자나 부모, 자녀 같은 가족은 일정한 소득과 재산 기준을 넘지 않으면 피부양자가 되어 따로 보험료를 내지 않고 혜택을 받는다. 국내에 6개월 이상 머무는 외국인은 2019년 7월부터 건강보험 가입이 의무가 되었다. 암이나 희귀 질환처럼 치료비 부담이 큰 병을 앓는 환자에게는 본인 부담 비율을 크게 낮춰 주는 산정특례 제도가 있어, 암 환자는 진료비의 5%만 부담한다.

## 운영 기관
보험료를 걷고 가입자의 자격을 관리하며 진료비를 지급하는 일은 국민건강보험공단이 맡고, 의료 기관이 청구한 진료비가 알맞은지 심사하는 일은 건강보험심사평가원이 맡는다. 두 기관의 본부는 모두 원주에 있다. 건강보험 정책의 큰 틀과 보험료율은 보건복지부 장관 소속의 건강보험정책심의위원회에서 정한다.",진료비의 5%,국민건강보험,test
이 글에서 설명한 해구는 어떻게 생겨났다고 하나요?,"마리아나 해구는 서태평양 마리아나 제도의 동쪽 바다 밑에 있는 해구로, 지구에서 가장 깊은 곳이 이곳에 있다. 초승달 모양으로 길게 휘어 있으며, 길이는 약 2,550킬로미터, 너비는 약 69킬로미터이다. 가장 깊은 곳은 해구 남쪽 끝의 챌린저 해연으로, 수심이 약 10,984미터에 이른다. 이 이름은 1875년 이곳의 깊이를 처음 잰 영국의 탐사선 챌린저호에서 따왔다.
해구는 태평양판이 서쪽의 더 작은 마리아나판 아래로 파고들면서 생겼다. 약 1만 1천 미터 깊이에서는 물의 압력이 해수면 대기압의 약 1,071배에 달한다. 1960년 1월 23일 잠수정 트리에스테호가 돈 월시와 자크 피카르를 태우고 처음으로 해구 바닥에 닿았다. 2012년 3월 26일에는 영화감독 제임스 캐머런이 혼자 탄 잠수정 딥시 챌린저호로 10,908미터 깊이까지 내려갔다.",마리아나판 아래로 파고들면서,마리아나 해구,train
국민연금 제도가 실제로 운영되기 시작한 날,"국민연금은 소득이 있을 때 보험료를 내고, 나이가 들거나 장애를 입거나 가족을 잃어 소득이 줄었을 때 연금을 받도록 한 대한민국의 공적 연금 제도이다. 1973년 국민복지연금법이 만들어졌지만 시행되지 못했고, 1986년 이를 고친 국민연금법이 제정되어 1988년 1월 1일부터 제도가 운영되기 시작했다. 처음에는 근로자 10명 이상인 사업장만 대상이었으나, 1992년 5명 이상 사업장, 1995년 농어촌 지역으로 넓혀졌고, 1999년 도시 지역 주민까지 포함되면서 전 국민 연금 시대가 열렸다. 가입 대상은 국내에 사는 18세 이상 60세 미만 국민이다. 보험료율은 오랫동안 소득의 9%였고, 직장 가입자는 회사와 근로자가 절반씩 부담한다. 2025년 3월 국회를 통과한 개정 법에 따라 보험료율은 2026년부터 해마다 0.5%포인트씩 올라 2033년 13%에 이르고, 소득대체율은 2026년부터 43%로 조정된다. 급여에는 노령연금, 장애연금, 유족연금, 반환일시금이 있다. 제도 운영은 전주에 본부를 둔 국민연금공단이 맡는다.",1988년 1월 1일,국민연금,train
오륜기가 올림픽 경기장에 처음 게양된 대회는?,"올림픽은 여름과 겨울에 각각 4년마다 세계 여러 나라의 선수들이 한곳에 모여 여러 종목을 겨루는 국제 종합 스포츠 대회이다. 고대 그리스의 제전에서 이름과 형식을 빌려 와 19세기 말에 되살렸다.

## 고대 올림픽
고대 올림픽은 기원전 776년 그리스 펠로폰네소스 반도 서쪽의 올림피아에서 처음 열렸다고 전한다. 신들의 왕 제우스에게 바치는 제전의 성격을 띠었으며, 4년에 한 번씩 열렸기 때문에 대회와 대회 사이의 4년을 올림피아드라고 불렀다. 기록에 남은 가장 오래된 종목은 경기장의 한쪽 끝에서 다른 끝까지 곧게 달리는 단거리 경주 스타디온이었다. 시간이 흐르면서 레슬링, 권투, 전차 경주, 오종 경기 같은 종목이 더해졌다. 우승자는 상금 대신 올리브 가지로 엮은 관을 받았지만, 고향으로 돌아가면 큰 명예와 대접을 누렸다. 참가할 수 있는 사람은 그리스 말을 쓰는 자유민 남성으로 한정되었고, 결혼한 여성은 경기를 구경하는 것조차 허락되지 않았다. 대회 기간에는 선수와 구경꾼이 안전하게 오갈 수 있도록 도시 국가들이 전쟁을 멈추는 휴전 관습을 지켰다. 이 제전은 천 년이 넘게 이어지다가 서기 393년 로마 황제 테오도시우스 1세가 이교 제전을 금지하면서 끝났다.

## 근대 올림픽의 부활
올림픽을 다시 열자고 앞장선 사람은 프랑스의 교육자 피에르 드 쿠베르탱이다. 그는 스포츠가 젊은이의 몸과 마음을 기르고 나라 사이의 이해를 넓힐 수 있다고 보았다. 1894년 6월 23일 파리 소르본 대학에서 열린 회의에서 국제올림픽위원회가 만들어졌고, 2년 뒤인 1896년 그리스 아테네에서 제1회 근대 올림픽이 열렸다. 이 대회에는 14개국에서 선수 241명이 참가했으며, 우승자에게는 은메달을 주었다. 이 대회의 마라톤에서는 그리스의 스피리돈 루이스가 우승해 개최국 관중을 크게 기쁘게 했다. 국제올림픽위원회의 초대 위원장은 그리스의 디미트리오스 비켈라스가 맡았고, 쿠베르탱은 1896년부터 1925년까지 두 번째 위원장으로 일했다. 1등부터 3등까지 금, 은, 동메달을 주는 방식은 1904년 미국 세인트루이스 대회에서 처음 자리를 잡았다. 여성 선수는 1900년 파리 대회에서 처음 경기에 나섰다. 대회가 늘 순조롭게 열린 것은 아니어서, 두 차례의 세계 대전 때문에 1916년, 1940년, 1944년 대회는 치러지지 못했다. 2020년 도쿄 대회는 코로나19 유행으로 한 해 미뤄져 2021년에 열렸다.

## 상징과 의식
올림픽을 대표하는 상징은 흰 바탕 위에 파랑, 노랑, 검정, 초록, 빨강의 다섯 고리가 서로 엮여 있는 오륜기이다. 이 깃발은 1914년에 고안되었고, 1920년 벨기에 앤트워프 대회에서 처음으로 경기장에 걸렸다. 다섯 고리는 다섯 대륙이 올림픽으로 이어진다는 뜻으로 풀이된다. 선수 대표가 규칙을 지키며 공정하게 겨루겠다고 다짐하는 선수 선서도 이 앤트워프 대회에서 처음 시작되었다. 올림픽 표어는 라틴어 문구로 알려진 '더 빠르게, 더 높이, 더 힘차게'이며, 2021년에는 여기에 '함께'라는 말이 덧붙었다. 경기장에 성화를 처음 밝힌 것은 1928년 암스테르담 대회였다. 그리스 올림피아에서 햇빛을 모아 불을 붙인 뒤 여러 사람이 이어 달리며 개최 도시까지 옮기는 성화 봉송은 1936년 베를린 대회에서 시작되었다. 개회식에서는 올림픽의 발상지인 그리스 선수단이 가장 먼저, 개최국 선수단이 가장 마지막에 입장하는 전통이 이어지고 있다. 폐회식에서는 올림픽기를 다음 개최 도시의 대표에게 넘겨주는 의식을 치러 다음 대회를 예고한다.

## 동계 올림픽
눈과 얼음 위에서 겨루는 종목을 따로 모은 동계 올림픽은 1924년 프랑스 샤모니에서 처음 열렸다. 이 대회는 처음에 국제 동계 스포츠 주간이라는 이름으로 치러졌다가 나중에 제1회 동계 올림픽으로 인정되었다. 오랫동안 동계 대회와 하계 대회는 같은 해에 열렸다. 그러다 두 대회를 2년 간격으로 번갈아 열기로 하면서, 1992년 프랑스 알베르빌 대회 다음 동계 대회는 2년 만인 1994년 노르웨이 릴레함메르에서 열렸다. 이때부터 하계 대회와 동계 대회가 짝수 해마다 번갈아 찾아오게 되었다. 동계 올림픽에서는 알파인 스키와 크로스컨트리 스키 같은 설상 종목, 스피드스케이팅과 피겨스케이팅 같은 빙상 종목, 봅슬레이와 루지 같은 썰매 종목, 그리고 아이스하키와 컬링 등이 치러진다.

## 국제올림픽위원회
국제올림픽위원회는 올림픽 운동 전체를 이끄는 비정부 국제기구로, 본부는 스위스 로잔에 있다. 올림픽 헌장을 바탕으로 대회의 개최지를 정하고, 어떤 종목을 대회에 넣을지 결정하며, 각 나라의 올림픽위원회를 승인한다. 대회를 준비하는 일은 개최 도시가 꾸리는 조직위원회가 맡고, 국제올림픽위원회는 그 과정을 감독한다. 경기 규칙과 선수 자격은 종목마다 있는 국제경기연맹이 정한다. 선수들이 금지 약물을 쓰지 못하도록 감시하는 일은 1999년에 세워진 세계반도핑기구와 함께 한다. 2016년 리우데자네이루 대회부터는 전쟁이나 박해를 피해 고국을 떠난 선수들이 난민 선수단을 꾸려 오륜기 아래에서 경기에 나서고 있다.
## 아마추어 규정의 변화
근대 올림픽은 오랫동안 운동으로 돈을 벌지 않는 아마추어 선수만 참가할 수 있다는 원칙을 지켰다. 이 원칙은 1980년대에 들어 크게 느슨해져, 국제올림픽위원회는 종목마다 국제경기연맹이 출전 자격을 정하도록 길을 열었다. 그 결과 1992년 바르셀로나 대회 남자 농구에는 미국 프로 리그의 스타 선수들이 처음 출전해 큰 관심을 모았다. 고대의 휴전 관습도 새롭게 조명되어, 1990년대부터 유엔 총회는 대회 때마다 올림픽 기간의 휴전을 호소하는 결의를 채택하고 있다.",1920년 벨기에 앤트워프 대회,올림픽,test
대동여지도 축척은 어느 정도였나요,"대동여지도는 조선 후기의 지리학자 김정호가 1861년에 펴낸 전국 지도이다. 김정호의 호는 고산자이며, 그는 이보다 앞선 1834년에 청구도라는 지도를 만들기도 했다. 대동여지도는 모두 22첩으로 이루어져 있고, 첩마다 병풍처럼 접었다 펼 수 있어 필요한 지역만 꺼내 보기에 편리했다. 모든 첩을 이어 붙이면 가로 약 3.6미터, 세로 약 6.85미터에 이르는 큰 지도가 되며, 축척은 대략 21만 6천분의 1이다.
도로 위에는 10리마다 점을 찍어 두어, 길을 떠나는 사람이 남은 거리를 어렵지 않게 셈할 수 있게 했다. 지도는 나무판에 새겨 찍어 냈기 때문에 같은 지도를 여러 부 만들 수 있었다. 목판은 모두 126장으로 헤아려진다. 여러 기관에 전하는 인쇄본 가운데 세 건이 보물로 지정되어 있고, 지도를 찍은 목판도 2008년 보물이 되었다. 서울역사박물관이 가진 소장본은 21첩만 남아 있다.",21만 6천분의 1,대동여지도,test
콜로세움 공사를 마무리한 로마 황제는?,"콜로세움은 고대 로마의 원형 경기장으로, 정식 이름은 플라비우스 원형 경기장이다. 베스파시아누스 황제가 서기 70년에서 72년 사이에 공사를 시작했고, 그의 아들 티투스 황제가 80년에 완공했다. 타원형 건물의 길이는 189미터, 너비는 156미터이며 바깥벽의 높이는 48미터에 이른다. 석회암과 응회암, 콘크리트 등을 써서 지었으며, 최대 8만 7천 명의 관중을 들일 수 있었던 것으로 전한다.
이곳에서는 검투사 경기와 맹수 사냥 같은 구경거리가 열렸는데, 개막 행사 때에만 야생 동물 9,000마리 이상이 죽임을 당했다고 한다. 1349년의 큰 지진으로 남쪽 벽이 무너졌고, 그 뒤에는 떨어져 나온 돌이 다른 건물을 짓는 재료로 실려 가기도 했다. 2007년 신 세계 7대 불가사의 가운데 하나로 뽑혔으며, 2018년 한 해 동안 약 480만 명이 이곳을 찾았다. 오늘날에도 로마를 대표하는 건축물로 꼽힌다.",티투스,콜로세움,train
그는 어느 도시에서 태어났나요?,"요하네스 구텐베르크는 1398년 무렵 독일 마인츠에서 태어난 인쇄업자로, 유럽에서 금속 활자 인쇄술을 실용화한 인물이다. 그는 1440년 무렵부터 합금을 부어 활자를 만드는 방법을 연구했고, 금속 활자에 잘 묻는 기름 성분의 잉크를 썼으며, 포도를 짜던 압착기를 고쳐 인쇄기로 사용했다. 이 기술들을 하나로 묶은 덕분에 같은 책을 빠르고 많이 찍어 낼 수 있게 되었다.
대표적인 결과물은 한 쪽에 42줄씩 짜 넣은 이른바 42행 성서로, 1453년에서 1455년 사이에 완성되었다. 이 성서는 약 180부가 인쇄된 것으로 추정되며, 오늘날에는 49부 정도가 전한다. 인쇄 사업에 돈을 댄 요한 푸스트는 나중에 구텐베르크를 상대로 소송을 걸어 이겼고, 인쇄 설비를 넘겨받았다. 구텐베르크는 1468년 2월 3일 세상을 떠났다. 그가 퍼뜨린 인쇄술은 책값을 낮추고 지식이 빠르게 퍼지게 해, 르네상스와 종교 개혁이 유럽 곳곳으로 번지는 바탕이 되었다.",독일 마인츠,요하네스 구텐베르크,train
실업급여를 타려면 보험 가입 기간이 며칠 넘어야 하나요?,"고용보험은 일자리를 잃은 사람의 생활을 돕고, 실업을 예방하며 일하는 사람의 직업 능력을 키우기 위해 만든 대한민국의 사회 보험이다. 1993년 고용보험법이 제정되어 1995년 7월 1일부터 시행되었으며, 산재보험, 의료보험, 국민연금에 이어 네 번째로 도입된 사회 보험이다. 처음에는 근로자 30명 이상 사업장을 중심으로 적용되었으나, 외환위기로 실업자가 크게 늘어난 1998년에 근로자 1명 이상인 모든 사업장으로 대상이 넓어졌다. 사업은 크게 실직자에게 구직 기간의 생계비를 주는 실업급여, 고용 유지와 채용을 지원하는 고용안정 사업, 직업훈련을 돕는 직업능력개발 사업, 그리고 육아휴직급여 같은 모성 보호 급여로 이루어진다. 실업급여를 받으려면 일자리를 잃기 전 18개월 동안 보험에 가입한 기간이 180일 이상이어야 한다. 보험료는 근로자와 사업주가 함께 내고 정부도 일부를 지원한다. 2020년에는 예술인이, 2021년부터는 특수형태근로종사자가 차례로 고용보험에 들어왔다.",180일 이상,고용보험,train
X선으로 찍은 첫 인체 사진의 주인공은 누구의 손이었어?,"빌헬름 콘라트 뢴트겐은 1845년 프로이센의 레네프, 곧 오늘날 독일의 렘샤이트에서 태어난 물리학자이다. 뷔르츠부르크 대학교에서 음극선관을 연구하던 그는 1895년 11월 8일, 관을 검은 종이로 감싸 두었는데도 가까이 놓인 형광 물질이 빛을 내는 것을 보고 눈에 보이지 않는 새로운 광선이 있음을 알아냈다. 정체를 알 수 없다는 뜻에서 그는 이 광선에 X선이라는 이름을 붙였다. 같은 해 12월 22일에는 아내의 손을 X선으로 찍었는데, 손가락뼈와 반지가 또렷이 드러난 이 사진은 사람의 몸을 X선으로 찍은 첫 사진으로 꼽힌다.
X선은 곧 몸을 가르지 않고도 뼈와 몸속을 들여다보는 의료 도구로 쓰이기 시작했다. 뢴트겐은 이 발견으로 1901년 처음 시상된 노벨 물리학상을 받았다. 그는 모든 사람이 자유롭게 쓸 수 있도록 이 발견에 특허를 내지 않았다. 1923년 세상을 떠났으며, 2004년 111번 원소에는 그의 이름을 딴 뢴트게늄이라는 이름이 붙었다.",아내의 손,빌헬름 뢴트겐과 X선,validation
수비 전문 선수 리베로는 언제부터 뛰었어?,"배구는 여섯 명씩 이룬 두 팀이 네트를 사이에 두고 공을 손이나 팔로 쳐서 상대 코트에 떨어뜨리는 구기 종목이다. 1895년 미국 매사추세츠주 홀리오크의 YMCA 체육부장이던 윌리엄 G. 모건이 처음 고안했으며, 초기에는 민토넷이라는 이름으로 불렸다. 코트는 길이 18미터, 너비 9미터이고, 네트 높이는 남자 경기가 2.43미터, 여자 경기가 2.24미터이다. 한 세트는 먼저 25점을 얻는 팀이 가져가며, 두 팀이 두 세트씩 나눠 가진 뒤 치르는 다섯 번째 세트만 15점으로 끝낸다. 선수는 공을 올려 주는 세터, 가운데에서 가로막기를 맡는 미들 블로커, 측면 공격수 등으로 역할을 나눈다. 수비만 전담하며 다른 선수와 다른 색 유니폼을 입는 리베로는 1998년에 도입되었다. 배구는 1964년 제18회 도쿄 올림픽에서 처음으로 올림픽 종목으로 채택되었다.",1998년,배구,train
마젤란이 전사한 필리핀 섬 이름,"페르디난드 마젤란은 1480년 무렵 포르투갈에서 태어난 항해가로, 에스파냐 왕 카를로스 1세의 후원을 받아 서쪽으로 돌아 향료 제도에 이르는 뱃길을 찾아 나섰다. 원정대는 배 다섯 척과 선원 약 270명으로 꾸려져 1519년 9월 20일 에스파냐의 산루카르데바라메다 항구를 떠났다. 1520년 11월 28일 남아메리카 남쪽 끝의 좁은 물길을 빠져나왔으며, 이 해협에는 훗날 그의 이름이 붙었다. 해협을 지나 만난 넓은 바다에 그는 태평양이라는 이름을 지어 주었다.
그러나 마젤란은 1521년 4월 27일 필리핀의 막탄섬에서 추장 라푸라푸의 군대와 싸우다 숨졌다. 남은 선원들은 후안 세바스티안 엘카노의 지휘 아래 항해를 이어 갔고, 1522년 9월 6일 빅토리아호 한 척만이 출발했던 항구로 돌아왔다. 끝까지 살아 돌아온 선원은 18명뿐이었다. 에스파냐 왕실은 엘카노를 처음으로 세계를 일주한 사람으로 인정했다. 이 항해는 배를 타고 지구를 한 바퀴 돌 수 있다는 사실을 처음으로 실제로 보여 주었다.",막탄섬,마젤란의 세계 일주,train
대체공휴일이 실제로 처음 쉰 날은 며칠이야?,"대체공휴일은 공휴일이 일요일이나 다른 공휴일과 겹칠 때 그다음 첫 평일을 하루 더 쉬게 하는 제도이다. 대한민국에서는 1959년과 1989년에 비슷한 제도가 잠시 도입되었다가 이듬해 폐지된 적이 있다. 지금의 제도는 2013년에 마련되었는데, 처음에는 설날과 추석 연휴, 어린이날에만 적용되었다. 실제로 처음 적용된 날은 2014년 추석 연휴의 마지막 날인 9월 10일이었다. 2021년 6월 공휴일에 관한 법률이 국회를 통과해 7월 7일 공포되면서 삼일절, 광복절, 개천절, 한글날 같은 국경일에도 대체공휴일이 생기게 되었다. 2023년부터는 부처님 오신 날과 성탄절에도 적용된다. 처음에는 관공서에만 적용되었지만, 2018년 근로기준법 개정으로 민간 기업도 공휴일을 유급 휴일로 보장하게 되면서 2020년 근로자 300명 이상, 2021년 30명 이상, 2022년 5명 이상 사업장으로 차례로 넓어졌다. 한편 현충일처럼 대체공휴일이 적용되지 않는 공휴일도 있다.",9월 10일,대체공휴일,validation
스위핑,"컬링은 얼음판 위에서 둥근 돌을 미끄러뜨려 둥근 표적 안에 상대보다 가깝게 붙이는 겨울 종목이다. 16세기 스코틀랜드에서 시작되었다고 보며, 스코틀랜드 던블레인에서는 1511년이라는 연도가 새겨진 돌이 발견되었다. 스톤은 무게가 17.24~19.96킬로그램인 화강암으로 만드는데, 스코틀랜드 앞바다의 에일사 크레이그 섬에서 나는 돌을 으뜸으로 친다. 경기장인 시트는 길이가 약 45미터이고, 끝에 그려진 표적인 하우스는 지름이 3.66미터이다. 한 팀은 네 명이며, 한 엔드에 팀마다 스톤 여덟 개를 번갈아 던지고, 보통 10엔드로 승부를 가린다. 선수들이 스톤 앞의 얼음을 솔로 문지르는 스위핑은 얼음 표면의 작은 알갱이를 녹여 스톤이 더 멀리, 덜 휘어 가도록 만든다. 1924년 샤모니 동계 올림픽에서 처음 경기가 열렸으나 정식 종목이 된 것은 1998년 나가노 대회부터이다. 두 사람이 한 팀을 이뤄 스톤 다섯 개씩으로 겨루는 믹스더블은 2018년 올림픽에 처음 추가되었다.",스위핑,컬링,test
제1회 아시안 게임 개최 도시는?,"아시안 게임은 아시아 나라들이 4년마다 모여 여러 종목을 겨루는 종합 스포츠 대회이다. 아시아올림픽평의회가 국제올림픽위원회의 감독 아래 대회를 주관한다. 1982년 아시아올림픽평의회가 생기기 전까지는 아시안게임연맹이 대회를 이끌었다. 제1회 대회는 1951년 인도 뉴델리에서 열렸고, 11개국이 참가했다. 대한민국은 전쟁 중이던 탓에 첫 대회에만 나가지 못했고 그 뒤로는 빠짐없이 출전했다. 한국에서는 지금까지 세 번 대회가 열렸는데, 1986년 제10회 서울 대회, 2002년 제14회 부산 대회, 2014년 제17회 인천 대회가 그것이다. 원래 2022년 중국 항저우에서 열릴 예정이던 제19회 대회는 코로나19 유행 때문에 1년 미뤄져 2023년에 치러졌다. 올림픽과 마찬가지로 1위부터 3위까지 금, 은, 동메달을 주며, 올림픽에는 없는 아시아 지역의 전통 종목이 함께 치러지기도 한다.",인도 뉴델리,아시안 게임,train
쇼트트랙이 올림픽 정식 종목이 된 첫 대회,"쇼트트랙 스피드스케이팅은 짧은 타원형 트랙에서 여러 선수가 한꺼번에 출발해 들어오는 순서로 순위를 가리는 빙상 종목이다. 한 바퀴의 길이는 111.12미터이며, 가로 60미터, 세로 30미터 규격의 링크 안에 트랙을 그린다. 기록을 겨루는 400미터 트랙의 스피드스케이팅과 달리 순위를 다투기 때문에 자리싸움과 추월 작전이 승부를 가르고, 몸싸움이 잦은 만큼 반칙에 따른 실격도 흔하다. 곡선 구간이 많아 키가 큰 선수가 특별히 유리하지 않다는 평을 듣는다. 올림픽에는 1988년 캘거리 대회에서 시범 종목으로 처음 등장했고, 1992년 알베르빌 대회에서 정식 종목이 되었다. 현재 올림픽에서는 남녀 개인 500미터, 1000미터, 1500미터와 여자 3000미터 계주, 남자 5000미터 계주, 그리고 남녀가 함께 뛰는 2000미터 혼성 계주가 치러진다. 한국 선수들은 곡선에서 안쪽으로, 직선에서 바깥쪽으로 크게 도는 호리병 모양의 주법으로 잘 알려져 있다.",1992년 알베르빌 대회,쇼트트랙 스피드스케이팅,train
온돌문화는 국가무형문화재 몇 호야?,"온돌은 아궁이에서 땐 불의 뜨거운 연기를 방바닥 밑으로 지나가게 해 바닥 전체를 데우는 한국의 전통 난방 방식이다. 방 바깥쪽 아궁이에서 불을 지피면 열기가 불목을 넘어 방바닥 아래에 여러 줄로 낸 통로인 고래를 따라 흐르고, 그 위를 덮은 넓적한 돌인 구들장을 데운 뒤 굴뚝으로 빠져나간다. 굴뚝 가까이에는 개자리라는 깊은 홈을 파서 열기와 연기가 오래 머물다 나가도록 했다. 공기를 직접 데우는 벽난로와 달리 달궈진 바닥돌이 내는 복사열과 전도열로 방을 데우기 때문에, 불이 꺼진 뒤에도 따뜻함이 여러 시간 이어진다. 한반도 북부에서 아주 이른 시기의 흔적이 나타나며, 고려와 조선 시대를 거치며 상류층의 집에서 먼저 퍼졌고, 16세기에서 17세기 이후 일반 백성의 집에도 널리 쓰이게 되었다. 오늘날 주택은 대부분 뜨거운 물을 바닥 배관으로 돌리는 온수 보일러를 쓰지만, 바닥을 데워 생활하는 방식 자체는 그대로 이어지고 있다. 온돌을 만들고 쓰는 생활 문화는 2018년 국가무형문화재 제135호 온돌문화로 지정되었다.",제135호,온돌,test
뢴트겐이 X선을 발견한 날짜,"빌헬름 콘라트 뢴트겐은 1845년 프로이센의 레네프, 곧 오늘날 독일의 렘샤이트에서 태어난 물리학자이다. 뷔르츠부르크 대학교에서 음극선관을 연구하던 그는 1895년 11월 8일, 관을 검은 종이로 감싸 두었는데도 가까이 놓인 형광 물질이 빛을 내는 것을 보고 눈에 보이지 않는 새로운 광선이 있음을 알아냈다. 정체를 알 수 없다는 뜻에서 그는 이 광선에 X선이라는 이름을 붙였다. 같은 해 12월 22일에는 아내의 손을 X선으로 찍었는데, 손가락뼈와 반지가 또렷이 드러난 이 사진은 사람의 몸을 X선으로 찍은 첫 사진으로 꼽힌다.
X선은 곧 몸을 가르지 않고도 뼈와 몸속을 들여다보는 의료 도구로 쓰이기 시작했다. 뢴트겐은 이 발견으로 1901년 처음 시상된 노벨 물리학상을 받았다. 그는 모든 사람이 자유롭게 쓸 수 있도록 이 발견에 특허를 내지 않았다. 1923년 세상을 떠났으며, 2004년 111번 원소에는 그의 이름을 딴 뢴트게늄이라는 이름이 붙었다.",1895년 11월 8일,빌헬름 뢴트겐과 X선,train
그랜드캐니언이 국립공원으로 지정된 해는?,"그랜드 캐니언은 미국 애리조나주 북서부에 있는 거대한 협곡으로, 콜로라도강이 오랜 세월에 걸쳐 고원을 깎아 내며 만들었다. 콜로라도강이 협곡 안을 흐르는 구간의 길이는 약 446킬로미터이다. 협곡의 너비는 좁은 곳이 180미터 정도이고 넓은 곳은 30킬로미터에 이르며, 깊이는 약 1,600미터이다.
협곡의 벽에는 여러 시대의 지층이 차곡차곡 드러나 있어 아래로 내려갈수록 더 오래된 암석이 나타나며, 맨 아래쪽의 가장 오래된 바위는 약 18억 4천만 년 전에 만들어졌다. 북쪽 가장자리는 해발 약 2,438미터로, 약 2,133미터인 남쪽 가장자리보다 300미터 남짓 높다. 1869년과 1871년에는 존 웨슬리 파월이 이끈 탐험대가 배를 타고 강을 따라 내려가며 협곡을 조사했다. 그랜드 캐니언은 1908년 국립 기념물로 지정되었다가 1919년 국립 공원이 되었고, 1979년 유네스코 세계유산에 등재되었다.",1919년,그랜드 캐니언,train
이집트 상형문자 해독에 성공한 프랑스 학자는?,"로제타석은 기원전 196년 고대 이집트에서 만들어진 비석의 조각으로, 프톨레마이오스 5세를 기리고 신전과 사제들에게 베푼 혜택을 알리는 칙령이 새겨져 있다. 1799년 7월 15일, 나폴레옹의 이집트 원정에 참여한 장교 피에르 부샤르가 나일강 하구의 도시 로제타 근처에서 발견했다. 같은 내용이 세 가지 문자로 적혀 있는데, 위에서부터 이집트 상형 문자 14줄, 민중 문자 32줄, 고대 그리스 문자 51줄이다.
높이 114.4센티미터, 너비 72.3센티미터, 두께 27.3센티미터이고, 화강섬록암으로 되어 있으며 무게는 약 760킬로그램이다. 1801년 영국군이 프랑스군을 물리친 뒤 이 돌을 넘겨받았고, 1802년부터 런던의 영국 박물관에서 소장하고 있다. 영국의 토머스 영은 1814년 민중 문자 부분의 번역을 마쳤고, 프랑스의 장프랑수아 샹폴리옹은 그리스어와 콥트어를 견주어 연구한 끝에 1822년 상형 문자 해독 결과를 발표했다. 이 비석은 오랫동안 읽지 못하던 이집트 상형 문자를 푸는 열쇠가 되었다.",장프랑수아 샹폴리옹,로제타석,train
바이칼호에서 가장 깊은 곳 수심,"바이칼호는 러시아 시베리아 남쪽, 이르쿠츠크주와 부랴티야 공화국 사이에 있는 호수로, 세계에서 가장 깊은 호수이다. 가장 깊은 곳의 수심은 1,642미터이며, 길이는 636킬로미터, 넓이는 31,722제곱킬로미터이다. 담긴 물은 약 23,615세제곱킬로미터로, 지구 표면에 있는 민물의 약 20퍼센트에 해당한다. 약 2,500만~3,000만 년 전에 생긴 것으로 보여 지구에서 가장 오래된 호수 가운데 하나로 꼽힌다.
셀렝가강을 비롯한 여러 강이 흘러들지만, 호수에서 흘러 나가는 강은 앙가라강 하나뿐이다. 호수 안에는 섬이 27개 있으며, 가장 큰 섬은 올혼섬이다. 호수에 사는 수중 생물 종의 60퍼센트 이상이 이곳에만 사는 고유종인데, 민물에 사는 물범인 네르파가 대표적이다. 겨울에는 1월부터 5월까지 호수 표면이 얼어붙는다. 1996년 유네스코 세계유산으로 등재되었다.","1,642미터",바이칼호,train
쓰레기 종량제 전국 시행일,"쓰레기 종량제는 버리는 쓰레기의 양에 따라 처리 비용을 내도록 한 대한민국의 생활 폐기물 제도이다. 1994년 4월 일부 지역에서 시범 운영을 거친 뒤 1995년 1월 1일부터 전국에서 시행되었다. 그 전에는 집의 재산세나 건물 면적을 기준으로 쓰레기 수수료를 정액으로 걷었기 때문에, 쓰레기를 적게 버려도 비용이 줄지 않았다. 종량제에서는 각 가정이 지방자치단체가 정한 규격 봉투를 사서 그 안에 쓰레기를 담아 내놓는다. 봉투 값에 처리 비용이 들어 있으므로 쓰레기를 줄일수록 비용도 줄어든다. 봉투는 1리터짜리 작은 것부터 100리터짜리 큰 것까지 용도에 따라 여러 크기로 나온다. 종량제와 함께 캔, 플라스틱, 종이처럼 다시 쓸 수 있는 물건은 봉투에 넣지 않고 따로 모아 내놓는 분리배출도 자리를 잡았다. 이 제도는 오염을 일으킨 사람이 그 비용을 부담해야 한다는 원칙을 생활 쓰레기에 적용한 사례로 꼽힌다. 2013년부터는 음식물 쓰레기에도 양에 따라 비용을 내는 방식이 전국에 적용되었다.",1995년 1월 1일,쓰레기 종량제,train
그랜드 캐니언을 깎아 만든 강 이름,"그랜드 캐니언은 미국 애리조나주 북서부에 있는 거대한 협곡으로, 콜로라도강이 오랜 세월에 걸쳐 고원을 깎아 내며 만들었다. 콜로라도강이 협곡 안을 흐르는 구간의 길이는 약 446킬로미터이다. 협곡의 너비는 좁은 곳이 180미터 정도이고 넓은 곳은 30킬로미터에 이르며, 깊이는 약 1,600미터이다.
협곡의 벽에는 여러 시대의 지층이 차곡차곡 드러나 있어 아래로 내려갈수록 더 오래된 암석이 나타나며, 맨 아래쪽의 가장 오래된 바위는 약 18억 4천만 년 전에 만들어졌다. 북쪽 가장자리는 해발 약 2,438미터로, 약 2,133미터인 남쪽 가장자리보다 300미터 남짓 높다. 1869년과 1871년에는 존 웨슬리 파월이 이끈 탐험대가 배를 타고 강을 따라 내려가며 협곡을 조사했다. 그랜드 캐니언은 1908년 국립 기념물로 지정되었다가 1919년 국립 공원이 되었고, 1979년 유네스코 세계유산에 등재되었다.",콜로라도강,그랜드 캐니언,validation
실크로드 총길이는 얼마나 되나요,"실크로드는 고대부터 중세까지 중국과 중앙아시아, 서아시아, 지중해 세계를 이어 준 교역로를 통틀어 이르는 말로, 비단길이라고도 한다. 독일의 지리학자 페르디난트 폰 리히트호펜이 1877년에 이 이름을 널리 퍼뜨렸다. 길이 본격적으로 열린 것은 기원전 2세기로, 전한의 장건이 기원전 138년부터 기원전 126년까지 서역에 다녀오면서 중국과 중앙아시아 사이의 교류가 크게 늘었다.
동쪽 끝은 당시 장안이라 불린 오늘날의 시안이었고, 서쪽으로는 로마와 지중해 연안까지 닿았다. 전체 길이는 6,400킬로미터가 넘는다. 사막의 오아시스 도시를 잇는 오아시스길, 북쪽 초원을 가로지르는 초원길, 바다를 건너는 바닷길이 3대 간선으로 꼽힌다. 동쪽에서는 비단과 차, 도자기가, 서쪽에서는 말과 낙타, 포도주, 금 등이 오갔으며, 물건과 함께 종교와 기술, 예술도 전해졌다. 이 길은 15세기 중반까지 쓰였고, 2014년 6월에는 장안-톈산 회랑 구간이 유네스코 세계유산으로 등재되었다.","6,400킬로미터가 넘는다",실크로드,train
법정형이 사형이나 무기징역인 사건의 배심원 수,"국민참여재판은 일반 국민이 배심원으로 형사 재판에 참여해 유죄인지 무죄인지와 알맞은 형벌에 대해 의견을 내는 대한민국의 재판 제도이다. 2007년 국민의 형사재판 참여에 관한 법률이 제정되어 2008년 1월 1일부터 시행되었다. 모든 사건이 대상이 되는 것은 아니며, 지방법원 합의부가 1심을 맡는 형사 사건 가운데 피고인이 원할 때에만 열린다. 배심원은 해당 지역에 사는 만 20세 이상 국민 가운데 무작위로 뽑으며, 판사와 검사, 변호사 같은 법률 전문가는 배심원이 될 수 없다. 배심원 수는 사건의 무게에 따라 다르다. 법정형이 사형이나 무기징역인 사건은 9명, 그 밖의 사건은 7명이 참여하고, 피고인이 공소 사실의 주요 내용을 인정한 경우에는 5명으로 할 수 있다. 결원에 대비해 예비 배심원도 둔다. 배심원들의 평결은 판사를 법적으로 구속하지 않고 권고하는 효력만 가진다는 점에서 미국의 배심 재판과 다르다. 다만 판사가 평결과 다른 판결을 내릴 때에는 피고인에게 그 이유를 설명해야 한다.",9명,국민참여재판,train
단백질 아미노산 서열을 처음 밝혀낸 과학자,"인슐린은 이자(췌장)의 랑게르한스섬에 있는 베타 세포에서 만들어지는 호르몬으로, 혈액 속 포도당의 양을 낮추는 일을 한다. 이 호르몬이 모자라거나 제대로 작용하지 못하면 당뇨병이 생긴다. 1921년 캐나다 토론토 대학교의 프레더릭 밴팅과 찰스 베스트가 개의 이자에서 인슐린을 뽑아내는 데 성공했다. 이듬해인 1922년에는 14세 소년 레너드 톰프슨이 인슐린 주사를 맞은 첫 환자가 되었고, 그의 병세는 눈에 띄게 나아졌다.
1923년 노벨 생리의학상은 밴팅과 연구실 책임자였던 존 매클라우드에게 돌아갔다. 소의 인슐린은 아미노산 21개로 된 A 사슬과 30개로 된 B 사슬로 이루어져 있다. 1955년 영국의 프레더릭 생어는 인슐린을 이루는 아미노산의 순서를 밝혀, 단백질의 아미노산 서열을 처음으로 모두 알아냈다. 오늘날에는 유전자 재조합 기술로 사람 인슐린을 대량으로 만들어 당뇨병 치료에 쓰고 있다.",프레더릭 생어,인슐린,train
사해 근처 동굴에서 고대 두루마리가 나온 연도는?,"사해는 이스라엘, 팔레스타인, 요르단 사이에 있는 소금 호수이다. 수면이 해수면보다 약 430미터 낮아 지구 육지에서 가장 낮은 곳으로 꼽힌다. 물의 염분은 약 34퍼센트로 일반 바닷물보다 열 배 가까이 짜고, 칼슘과 마그네슘도 많이 녹아 있어 물고기가 살 수 없다. 사해라는 이름도 생물이 살지 못하는 바다라는 데서 비롯되었으며, 히브리어로는 소금 바다라는 뜻의 이름으로 부른다.
남북 길이는 67킬로미터, 동서 너비는 18킬로미터이다. 북쪽에서 요르단강이 흘러들지만 빠져나가는 물길이 없어, 뜨겁고 메마른 날씨 속에 물이 증발하면서 소금이 계속 쌓인다. 물의 밀도가 높아 사람이 몸에 힘을 주지 않아도 물 위에 쉽게 뜬다. 최근에는 흘러드는 물이 줄어 수면이 해마다 1미터가량 낮아지고 있다. 1947년에는 근처 동굴에서 고대의 두루마리 문서들이 발견되었는데, 이를 사해 문서라고 부른다.",1947년,사해,train
제임스 웹 망원경이 궤도를 도는 위치는 어디야?,"제임스 웹 우주 망원경은 2021년 12월 25일 남아메리카 프랑스령 기아나의 기아나 우주 센터에서 아리안 5 로켓에 실려 발사된 적외선 우주 망원경이다. 미국 항공우주국(NASA)이 개발을 주도했고, 유럽 우주국(ESA)과 캐나다 우주국(CSA)이 함께 참여했다. 이름은 1961년부터 1968년까지 NASA의 책임자로서 머큐리, 제미니, 아폴로 계획을 이끈 제임스 웹에게서 따왔다.
주거울은 지름 6.5미터로, 베릴륨으로 만든 육각형 조각 18개를 이어 붙이고 겉면에 금을 얇게 입혔다. 망원경은 지구에서 약 150만 킬로미터 떨어진 태양-지구 제2 라그랑주점(L2) 둘레를 돈다. 펼친 크기가 약 14미터×21미터인 차양은 머리카락처럼 얇은 막 다섯 겹으로 되어 있어 햇빛과 열을 가려 주며, 이 덕분에 관측 장비를 50켈빈 아래의 매우 낮은 온도로 유지할 수 있다. 관측하는 빛의 파장은 0.6~28.3마이크로미터이며, 첫 공식 사진은 2022년 7월 12일에 공개되었다.",제2 라그랑주점(L2),제임스 웹 우주 망원경,train
제임스 웹 망원경 발사일,"제임스 웹 우주 망원경은 2021년 12월 25일 남아메리카 프랑스령 기아나의 기아나 우주 센터에서 아리안 5 로켓에 실려 발사된 적외선 우주 망원경이다. 미국 항공우주국(NASA)이 개발을 주도했고, 유럽 우주국(ESA)과 캐나다 우주국(CSA)이 함께 참여했다. 이름은 1961년부터 1968년까지 NASA의 책임자로서 머큐리, 제미니, 아폴로 계획을 이끈 제임스 웹에게서 따왔다.
주거울은 지름 6.5미터로, 베릴륨으로 만든 육각형 조각 18개를 이어 붙이고 겉면에 금을 얇게 입혔다. 망원경은 지구에서 약 150만 킬로미터 떨어진 태양-지구 제2 라그랑주점(L2) 둘레를 돈다. 펼친 크기가 약 14미터×21미터인 차양은 머리카락처럼 얇은 막 다섯 겹으로 되어 있어 햇빛과 열을 가려 주며, 이 덕분에 관측 장비를 50켈빈 아래의 매우 낮은 온도로 유지할 수 있다. 관측하는 빛의 파장은 0.6~28.3마이크로미터이며, 첫 공식 사진은 2022년 7월 12일에 공개되었다.",2021년 12월 25일,제임스 웹 우주 망원경,train
받을 수 있는 사람은 만 65세 이상이면서 소득 인정액이 하위 70%에 드는 노인이다,"기초연금은 소득과 재산이 적은 노인에게 나라가 다달이 일정한 금액을 지급하는 대한민국의 노후 소득 보장 제도이다. 보험료를 내고 받는 국민연금과 달리 세금으로 재원을 마련한다. 뿌리는 1991년의 노령수당으로, 1998년 경로연금, 2008년 기초노령연금으로 이름과 내용이 바뀌어 왔다. 지금의 기초연금은 2014년 7월 1일부터 시행되었다. 받을 수 있는 사람은 만 65세 이상이면서 소득 인정액이 하위 70%에 드는 노인이다. 처음 월 최대 지급액은 20만 원이었고, 2018년 25만 원, 2021년 30만 원으로 올랐으며 이후에도 물가에 맞춰 조금씩 오르고 있다. 부부가 함께 받으면 각자의 금액에서 20%씩 줄여 지급하고, 국민연금을 많이 받는 사람은 그 액수에 따라 기초연금이 깎일 수 있다. 제도가 만들어질 무렵인 2013년에는 노인 가운데 정기적인 연금을 받는 사람이 약 29%에 그쳐, 노인 빈곤율이 경제협력개발기구 회원국 가운데 매우 높은 편이었다.",받을,기초연금,train
해인사 대장경판 현재 남은 판 수,"합천 해인사 대장경판은 고려 시대에 불교 경전을 나무판에 새긴 것으로, 흔히 팔만대장경이라 부른다. 몽골군이 고려를 거듭 침략하자 조정은 부처의 힘에 기대어 나라를 지키려는 뜻으로 이 사업을 벌였다. 1236년 강화도에 대장도감을 설치해 새기기 시작했고, 1251년까지 16년 동안 작업이 이어졌다. 현재 남은 판은 일제강점기에 새로 만든 36판을 포함해 모두 81,352장이다.
경판 한 장의 길이는 68~78센티미터, 폭은 약 24센티미터, 두께는 2.7~3.5센티미터 정도이고, 무게는 보통 3~3.5킬로그램이며 무거운 것은 4.4킬로그램에 이른다. 재료로는 주로 산벚나무와 돌배나무를 썼다. 경판은 경상남도 합천군 가야면에 있는 해인사의 장경판전에 보관되어 있다. 1962년 12월 20일 국보 제32호로 지정되었고, 2007년 유네스코 세계기록유산으로 등재되었다.","81,352장",합천 해인사 대장경판,train
마리아나 해구 바닥에 처음 도달한 잠수정은?,"마리아나 해구는 서태평양 마리아나 제도의 동쪽 바다 밑에 있는 해구로, 지구에서 가장 깊은 곳이 이곳에 있다. 초승달 모양으로 길게 휘어 있으며, 길이는 약 2,550킬로미터, 너비는 약 69킬로미터이다. 가장 깊은 곳은 해구 남쪽 끝의 챌린저 해연으로, 수심이 약 10,984미터에 이른다. 이 이름은 1875년 이곳의 깊이를 처음 잰 영국의 탐사선 챌린저호에서 따왔다.
해구는 태평양판이 서쪽의 더 작은 마리아나판 아래로 파고들면서 생겼다. 약 1만 1천 미터 깊이에서는 물의 압력이 해수면 대기압의 약 1,071배에 달한다. 1960년 1월 23일 잠수정 트리에스테호가 돈 월시와 자크 피카르를 태우고 처음으로 해구 바닥에 닿았다. 2012년 3월 26일에는 영화감독 제임스 캐머런이 혼자 탄 잠수정 딥시 챌린저호로 10,908미터 깊이까지 내려갔다.",트리에스테호,마리아나 해구,train
금융실명제 긴급명령이 법률로 바뀐 해,"금융실명제는 은행 예금이나 증권 거래 같은 모든 금융 거래를 반드시 거래자 본인의 실제 이름으로 하도록 한 제도이다. 대한민국에서는 1993년 8월 12일 오후 8시, 대통령 긴급재정경제명령 제16호로 전격 시행되었다. 그 전에는 남의 이름이나 가짜 이름으로 계좌를 만드는 차명 거래와 가명 거래가 흔해 돈의 흐름을 추적하기 어려웠다. 앞서 1982년 7월 3일 정부가 실명제를 실시하겠다고 발표한 적이 있으나 반발 속에 미뤄졌다. 1993년 시행 때에는 이미 있던 가명 계좌를 실명으로 바꿀 수 있도록 약 2개월의 기간을 주었고, 실명 확인을 거치지 않은 계좌에서는 돈을 찾지 못하게 했다. 또 실명으로 바꾸면서 한꺼번에 3천만 원 이상을 찾으면 국세청에 알리도록 했다. 긴급명령은 1997년 금융실명거래 및 비밀보장에 관한 법률로 대체되었다. 제도 시행으로 불법 자금의 흐름을 따라갈 수 있게 되었다는 평가가 있는 한편, 시행 초기에는 주가가 크게 떨어지는 등 금융 시장이 흔들리기도 했다. 1995년에는 부동산을 다른 사람 이름으로 등기하지 못하게 하는 부동산실명제가 뒤따랐다.",1997년,금융실명제,train
현행 5자리 우편번호 시행일은 언제야?,"대한민국의 우편번호는 우편물을 지역별로 빠르게 가려 보내기 위해 주소에 덧붙이는 번호로, 1970년 7월 1일 처음 도입되었다. 처음에는 우체국을 기준으로 120-01 같은 모양의 다섯 자리 번호를 썼다. 1988년에는 행정 구역을 기준으로 한 122-090 같은 여섯 자리 번호로 바뀌었고, 2000년에도 한 차례 손질을 거쳤다. 2014년 도로명주소가 전면 시행된 뒤 이듬해인 2015년 8월 1일부터는 국가기초구역번호를 그대로 우편번호로 쓰는 다섯 자리 체계가 시행되고 있다. 국가기초구역은 도로와 하천처럼 쉽게 바뀌지 않는 경계로 나눈 구역으로, 새 우편번호는 03488처럼 다섯 자리 숫자로 적는다. 번호의 앞자리는 지역을 나타내며, 서울은 01부터 09까지로 시작하고 가장 끝인 제주는 63으로 시작한다. 2023년 11월 기준으로 약 3만 4,605개의 우편번호가 약 640만 개의 도로명주소에 나뉘어 붙어 있다.",2015년 8월 1일,대한민국의 우편번호,train
국민건강보험공단은 언제 생겼어?,"국민건강보험은 국민이 소득에 따라 보험료를 내고, 병에 걸리거나 다쳤을 때 진료비의 상당 부분을 보험에서 대신 치르도록 한 대한민국의 공적 의료 보장 제도이다. 법에 따라 국내에 사는 거의 모든 사람이 가입 대상이 되며, 하나의 공공 기관이 보험자 역할을 맡는 단일 보험 체계로 운영된다.

## 제도의 출발
의료보험에 관한 첫 법률은 1963년에 만들어진 의료보험법이다. 그러나 이 법은 가입 여부를 사업장의 선택에 맡겼기 때문에 실제로 보험에 든 사람은 매우 적었다. 제도가 본격적으로 움직이기 시작한 것은 1977년 7월 1일로, 이날부터 근로자 500명 이상인 사업장은 의무적으로 의료보험에 가입해야 했다. 이렇게 직장을 중심으로 시작된 보험은 1979년 공무원과 사립학교 교직원에게로 넓혀졌고, 이어 적용 사업장의 규모 기준도 차례로 낮아졌다.

## 전 국민 의료보험
직장에 다니지 않는 농어민과 자영업자는 한동안 보험 밖에 남아 있었다. 1988년 농어촌 지역 주민을 대상으로 한 지역 의료보험이 시행되었고, 이듬해인 1989년 7월 1일 도시 지역 주민까지 가입 대상이 되면서 모든 국민이 의료보험의 보호를 받게 되었다. 강제 적용을 시작한 지 12년 만의 일로, 다른 나라들과 비교해도 짧은 기간에 이룬 확대로 평가된다. 이 무렵 의료보험은 직장 가입자를 위한 직장 의료보험, 지역 주민을 위한 지역 의료보험, 공무원과 교직원을 위한 의료보험으로 나뉘어 있었고, 수많은 조합이 따로따로 보험을 운영했다.

## 보험자의 통합
조합마다 재정 형편이 달라 보험료와 혜택에 차이가 생기자 여러 조합을 하나로 묶는 작업이 이어졌다. 1998년 10월 지역 의료보험 조합들과 공무원·교직원 의료보험을 합쳐 국민의료보험관리공단이 출범했다. 2000년 7월 1일에는 여기에 139개 직장 의료보험 조합까지 통합되어 국민건강보험공단이 탄생했고, 제도의 이름도 의료보험에서 건강보험으로 바뀌었다. 같은 해 병원과 의원이 청구한 진료비가 알맞은지 따지고 진료의 질을 평가하는 건강보험심사평가원도 세워졌다. 조직을 합친 뒤에도 직장 가입자와 지역 가입자의 돈 주머니는 한동안 따로 관리되다가, 2003년 7월 두 재정이 하나로 통합되면서 사실상 통합이 마무리되었다.

## 보험료
가입자는 크게 직장 가입자와 지역 가입자로 나뉜다. 직장 가입자의 보험료는 매달 받는 보수에 보험료율을 곱해 정하며, 이를 근로자와 사업주가 절반씩 나누어 낸다. 보험료율은 2025년 7.09%였고, 2026년에는 7.19%로 올라 근로자와 사업주가 각각 3.595%씩 부담한다. 이에 따라 직장 가입자 한 사람이 내는 월평균 보험료는 2025년 15만 8,464원에서 2026년 16만 699원으로 늘었다. 지역 가입자는 월급이 따로 없으므로 소득과 재산 등을 점수로 바꾸어 보험료를 매긴다. 2022년 9월에는 지역 가입자 보험료에서 소득이 차지하는 비중을 높이고 재산에 매기는 몫을 줄이는 개편이 있었고, 2024년 2월부터는 자동차에 매기던 보험료가 없어졌다. 직장 가입자의 보험료에는 너무 많거나 적게 매겨지지 않도록 상한과 하한이 정해져 있다. 정부도 해마다 예산으로 보험 재정의 일부를 지원한다.

## 진료와 본인 부담
건강보험 가입자는 병원이나 약국을 이용할 때 전체 비용 가운데 일부만 직접 내고, 나머지는 공단이 의료 기관에 지급한다. 입원했을 때 환자가 내는 몫은 대체로 진료비의 20%이며, 외래 진료는 의료 기관의 종류와 규모에 따라 부담 비율이 달라진다. 큰 병으로 의료비가 한꺼번에 많이 들 때 가계가 무너지지 않도록, 한 해 동안 낸 본인 부담금이 정해진 한도를 넘으면 넘은 만큼을 돌려주는 본인부담상한제가 2004년에 도입되었다. 또한 병을 일찍 발견하기 위해 가입자에게 대체로 2년에 한 번씩 일반 건강 검진을 제공한다. 2024년 5월 20일부터는 다른 사람의 자격을 빌려 진료받는 일을 막기 위해, 병원이나 의원에서 진료를 받을 때 신분증 등으로 본인임을 확인하도록 했다. 생활이 어려워 의료급여를 받는 사람은 건강보험 대신 나라가 진료비를 지원하는 의료급여 제도의 적용을 받는다.

## 의료 기관과 가입자
대한민국의 병원과 의원, 약국은 원칙적으로 모두 건강보험 환자를 받아야 한다. 이를 요양기관 당연지정제라 하며, 환자는 어느 의료 기관을 찾아가든 같은 기준으로 건강보험 혜택을 받는다. 공단이 보험자가 된 2000년 7월에는 의사는 처방을 하고 약사는 약을 짓도록 역할을 나눈 의약분업도 함께 시행되었다. 직장 가입자에게 생계를 기대는 배우자나 부모, 자녀 같은 가족은 일정한 소득과 재산 기준을 넘지 않으면 피부양자가 되어 따로 보험료를 내지 않고 혜택을 받는다. 국내에 6개월 이상 머무는 외국인은 2019년 7월부터 건강보험 가입이 의무가 되었다. 암이나 희귀 질환처럼 치료비 부담이 큰 병을 앓는 환자에게는 본인 부담 비율을 크게 낮춰 주는 산정특례 제도가 있어, 암 환자는 진료비의 5%만 부담한다.

## 운영 기관
보험료를 걷고 가입자의 자격을 관리하며 진료비를 지급하는 일은 국민건강보험공단이 맡고, 의료 기관이 청구한 진료비가 알맞은지 심사하는 일은 건강보험심사평가원이 맡는다. 두 기관의 본부는 모두 원주에 있다. 건강보험 정책의 큰 틀과 보험료율은 보건복지부 장관 소속의 건강보험정책심의위원회에서 정한다.",2000년 7월 1일,국민건강보험,train
윔블던 테니스 대회 코트 재질은?,"윔블던 선수권 대회는 영국 런던 남서부의 윔블던 지역에서 열리는 테니스 대회로, 4대 메이저 대회 가운데 가장 오래되었다. 1877년 올잉글랜드 론 테니스 앤드 크로케 클럽이 처음 열었고, 첫해에는 남자 단식만 치렀다. 여자 단식은 1884년에 시작되었다. 해마다 6월 말부터 7월 초까지 약 2주 동안 열리며, 메이저 대회 가운데 유일하게 잔디 코트에서 경기를 한다. 선수들은 거의 온통 흰색으로 된 옷을 입어야 한다는 엄격한 복장 규정을 지켜야 한다. 관중석에서는 딸기에 크림을 곁들여 먹는 것이 대회의 오랜 풍경으로 알려져 있다. 오랫동안 아마추어 선수만 출전할 수 있었으나 1968년부터 프로 선수에게도 문이 열렸다. 비가 자주 오는 날씨 탓에 경기가 미뤄지는 일이 잦자, 2009년 센터 코트에 여닫을 수 있는 지붕을 설치해 비가 와도 경기를 이어 갈 수 있게 되었다.",잔디 코트,윔블던 선수권 대회,train
한산 모시짜기 유네스코 등재 연도,"한산 모시짜기는 충청남도 서천군 한산면 일대에서 전해 오는, 모시풀 껍질에서 실을 얻어 옷감을 짜는 기술이다. 원료가 되는 저마는 한 해에 세 번 거두는데, 5월에서 6월 초, 8월 초에서 중순, 10월 초에서 중순이 그 시기이다. 베어 낸 줄기의 겉껍질을 벗겨 태모시를 만들고, 이를 이로 가늘게 쪼개는 모시째기, 쪼갠 올을 무릎에 대고 비벼 잇는 모시삼기를 거친다. 이어 실을 뭉치로 만드는 모시굿 만들기, 날실의 길이와 올 수를 맞추는 모시날기, 풀을 먹여 실을 다듬는 모시매기를 지나 베틀에서 모시짜기를 하고 마지막으로 표백한다. 모시의 곱기는 새라는 단위로 나타내며 7새부터 15새까지 있는데, 10새 이상의 고운 것을 세모시라 부른다. 한산 모시짜기는 1967년 1월 16일 국가무형문화재 제14호로 지정되었고, 2011년 유네스코 인류무형유산 대표목록에 올랐다. 서천에서는 이 전통을 알리는 한산모시문화제가 해마다 열린다.",2011년,한산 모시짜기,train
부산 영화의전당 개관일,"부산국제영화제는 1996년 9월 13일부터 21일까지 첫 회가 열린 한국의 국제 영화제이다. 첫 행사에서는 31개국의 영화 169편이 상영되었고, 관객은 18만 4,071명이 찾았다. 초기에는 해운대 수영만 요트경기장에 야외 상영장을 두고 원도심인 남포동 극장가를 함께 썼다. 2011년 9월 29일 해운대구 센텀시티에 전용관인 영화의전당이 문을 열면서 행사의 중심이 그곳으로 옮겨졌다. 같은 해 2월에는 부산의 로마자 표기에 맞추어 영문 약칭을 PIFF에서 BIFF로 바꾸었다. 대표 부문인 뉴 커런츠는 아시아 신인 감독의 첫 번째나 두 번째 장편 영화를 대상으로 한다. 영화제는 오랫동안 10월 초에 열렸으나 2025년에는 9월 17일부터 26일까지 개최되었고, 이때부터 아시아 영화를 대상으로 다섯 개 부문을 시상하는 경쟁 영화제로 성격을 바꾸었다.",2011년 9월 29일,부산국제영화제,train
최저임금을 세계 최초로 법제화한 나라는?,"최저임금 제도는 나라가 임금의 최저 수준을 정해 사용자가 그보다 적게 주지 못하도록 하는 제도이다. 세계에서 처음으로 최저임금을 법으로 정한 나라는 1894년의 뉴질랜드이다. 대한민국에서는 1986년 12월 최저임금법이 제정되어 1988년 1월 1일부터 시행되었으며, 1987년 개정 헌법 제32조에 국가가 최저임금제를 시행해야 한다는 조항이 들어갔다. 처음에는 근로자 10명 이상인 제조업 사업장에만 적용되었고, 1990년과 2000년을 거치며 대상이 넓어져 지금은 근로자를 쓰는 모든 사업장에 적용된다. 해마다 최저임금은 최저임금위원회에서 정하는데, 위원회는 근로자 위원, 사용자 위원, 공익 위원 각 9명씩 모두 27명으로 꾸려진다. 고용노동부 장관은 다음 해 최저임금을 매년 8월 5일까지 고시해야 한다. 2025년 최저임금은 시간당 1만 30원이었고, 2026년에는 이보다 290원 오른 1만 320원으로 정해졌다. 한 달 209시간을 기준으로 환산하면 2026년의 월 최저임금은 215만 6,880원이다.",뉴질랜드,최저임금 제도,train
조선왕조실록에 담긴 기간은 몇 년이야?,"조선왕조실록은 태조부터 철종까지 25대 임금, 472년 동안 일어난 일을 날짜 순서대로 적은 조선의 공식 역사 기록이다. 모두 1,894권 888책이며, 글자 수는 약 4,964만 자에 이른다. 사관이 그때그때 적어 둔 사초를 바탕으로 임금이 세상을 떠난 뒤 춘추관에서 편찬했고, 재위 중인 임금은 이 기록을 볼 수 없었다.
완성된 실록은 여러 곳의 사고에 나누어 보관했다. 1592년 임진왜란 때 춘추관·충주·성주 사고의 실록은 불에 타 없어지고 전주 사고본만 살아남았다. 전쟁 뒤에는 이를 바탕으로 다시 찍어 정족산·태백산·적상산·오대산 등의 사고에 두었다. 1973년 12월 31일 국보 제151호로 지정되었고, 1997년 10월 1일 유네스코 세계기록유산이 되었다. 고종과 순종의 실록은 일제강점기에 편찬되어 전통적인 편찬 규칙을 따르지 않았다는 이유로 보통 조선왕조실록에 포함하지 않는다.",472년,조선왕조실록,test
제주 해녀들이 고무 잠수복을 입기 시작한 건 언제부터야?,"제주 해녀는 산소통 같은 장비 없이 바닷속으로 들어가 전복, 소라, 성게, 미역 따위를 캐는 제주의 여성 잠수부이다. 물질에 쓰는 도구로는 물에 띄워 몸을 의지하는 테왁, 잡은 것을 담는 그물 주머니인 망사리, 바위에 붙은 전복을 떼어 내는 쇠붙이 빗창, 돌을 뒤집거나 틈을 긁는 까꾸리 등이 있다. 수심 5미터에서는 한 번에 약 32초를 물속에 머물고 물 위에서 46초가량 쉬며, 10미터 깊이에서는 약 43초 잠수한 뒤 85초가량 숨을 고른다. 예전에는 무명으로 지은 물옷을 입어 한 번에 30분에서 1시간 정도밖에 일하지 못했지만, 1970년대에 일본에서 고무 잠수복이 들어오면서 작업 시간이 3~5시간 이상으로 늘었다. 2012년 무렵부터는 바다에서 눈에 잘 띄는 주황색 잠수복을 입기 시작했다. 해녀들은 실력에 따라 함께 작업하고 수확을 나누며 서로의 안전을 돌보는 공동체를 이룬다. 다만 고령화가 뚜렷해 2020년 서귀포시 해녀 1,579명 가운데 91.3%인 1,442명이 60세 이상이었다. 제주 해녀 문화는 2016년 유네스코 인류무형유산에 등재되었고, 해녀는 국가무형문화재 제132호로 지정되었다.",1970년대,제주 해녀 문화,validation
한국인 최초 에베레스트 등정자,"에베레스트산은 히말라야산맥에 있는 세계에서 가장 높은 산으로, 네팔과 중국 티베트 자치구의 경계에 솟아 있다. 2020년 네팔과 중국이 함께 발표한 높이는 8,848.86미터이다. 네팔에서는 세상의 정상이라는 뜻의 사가르마타, 티베트에서는 초모룽마라고 부른다. 영어 이름은 19세기 인도에서 측량 사업을 이끈 영국의 측량가 조지 에베레스트에게서 따왔다.
1953년 5월 29일 뉴질랜드의 에드먼드 힐러리와 셰르파인 텐징 노르가이가 처음으로 정상에 올랐다. 한국인으로는 1977년 고상돈이 처음 정상을 밟았다. 정상 부근의 바위는 옛 바다 밑에 쌓인 석회암인데, 이는 인도판과 유라시아판이 부딪치면서 해저 지층이 높이 밀려 올라갔음을 보여 준다. 꼭대기 부근은 공기가 매우 희박하고 기온도 낮아서, 대부분의 등반가는 산소통을 메고 정상에 오른다.",고상돈,에베레스트산,train
기초생활보장 급여 종류는 몇 가지인가요?,"국민기초생활보장제도는 소득이 일정 기준에 못 미치는 가구에 나라가 생계비와 의료비 등을 지원해 최저한의 생활을 보장하는 대한민국의 공공 부조 제도이다. 이 제도로 지원을 받는 사람을 기초생활수급자라 한다. 1961년에 만들어진 생활보호법은 일할 능력이 없는 사람을 주로 보호했는데, 1997년 외환위기 이후 실업과 빈곤이 크게 늘자 이를 대신할 새 제도가 마련되었다. 국민기초생활보장법은 1999년 9월 7일 제정되어 2000년 10월 1일부터 시행되었다. 급여는 생계급여, 의료급여, 주거급여, 교육급여, 아이를 낳았을 때의 해산급여, 수급자가 숨졌을 때의 장제급여, 일할 능력이 있는 사람의 자립을 돕는 자활급여의 일곱 가지이다. 2015년 7월에는 모든 급여를 한 기준으로 묶어 주던 방식을 바꿔, 기준 중위소득에 맞춰 급여마다 선정 기준을 달리 정하는 맞춤형 급여 체계로 개편되었다. 수급자로 뽑힌 뒤 처음 1년 동안은 자격이 유지되고, 그 뒤로는 6개월이나 1년마다 다시 조사한다.",일곱 가지,국민기초생활보장제도,train
종묘제례악 보태평 정대업 곡 수,"종묘제례악은 조선 왕실이 역대 임금과 왕비의 신주를 모신 서울 종묘에서 제사를 올릴 때 연주하던 음악으로, 기악과 노래, 춤이 한데 어우러진다. 중심이 되는 곡은 보태평과 정대업인데, 앞의 것은 선왕들의 문덕을, 뒤의 것은 무공을 기린다. 두 곡은 1449년 세종이 처음 지었고, 세조 9년인 1463년에 제례에 맞게 다듬어진 뒤 이듬해부터 종묘 제향에 쓰였다. 보태평과 정대업은 각각 11곡으로 이루어진다. 음악에 맞춰 여러 줄로 늘어선 무용수가 추는 춤을 일무라 하며, 보태평을 연주할 때는 문무를, 정대업을 연주할 때는 무무를 춘다. 연주에는 편종과 편경, 박, 축, 어, 해금, 대금, 아쟁, 태평소 등 여러 악기가 동원된다. 1946년 이후 한동안 제향 연주가 끊겼다가 1971년에 다시 이어졌다. 1964년 12월 7일 국가무형문화재 제1호로 지정되었고, 2001년에는 종묘제례와 함께 유네스코 인류구전 및 무형유산 걸작으로 선정되었다. 요즘은 해마다 5월 첫째 일요일과 11월 첫째 토요일에 종묘에서 봉행되는 제례에 맞춰 연주된다.",11곡,종묘제례악,train
전국체육대회의 뿌리가 된 대회는 무엇인가요?,"전국체육대회는 대한민국의 시도 대표 선수들이 한자리에 모여 여러 종목을 겨루는 국내 최대의 종합 체육 대회이다. 그 뿌리는 1920년 조선체육회가 창립된 해에 열린 제1회 전조선야구대회로, 이 대회는 그해 11월 4일부터 6일까지 배재고보 운동장에서 치러졌다. 이후 여러 종목이 더해지며 규모를 키웠으나, 1938년 조선체육회가 일제에 의해 강제로 해산되면서 대회도 끊겼다. 광복 뒤인 1945년에 다시 열렸다. 해마다 10월에 시작해 일주일 동안 열리고, 개최지는 시도가 돌아가며 맡는다. 17개 시도에서 모인 2만 명 안팎의 선수가 40개가 넘는 종목에서 기량을 겨룬다. 종목별 성적은 점수로 바꾸어 더하고, 그 합계로 시도의 종합 순위를 매긴다. 1972년에는 초등학교부와 중학교부를 떼어 내 전국소년체육대회를 따로 열기 시작했다. 2019년에는 서울에서 제100회 대회가 열렸다.",제1회 전조선야구대회,전국체육대회,train
태양계 위성 중에서 가장 큰 것,"목성은 태양계에서 가장 큰 행성으로, 적도 지름이 142,984킬로미터이고 질량은 지구의 약 318배이다. 태양에서 평균 5.2천문단위 떨어져 있으며, 한 번 공전하는 데 약 11.86년이 걸린다. 반면 자전은 매우 빨라 하루의 길이가 9시간 50분 남짓에 불과하다. 단단한 표면이 없는 거대 가스 행성으로, 대기는 대부분 수소이고 나머지는 주로 헬륨이다. 남반구에 보이는 거대한 소용돌이 폭풍인 대적점은 가로 길이만으로도 지구 지름보다 길다.
1610년 갈릴레오 갈릴레이는 망원경으로 목성 둘레를 도는 위성 네 개를 발견했다. 이오, 유로파, 가니메데, 칼리스토로 이루어진 이 위성들을 갈릴레이 위성이라 부른다. 그 가운데 가니메데는 지름이 5,262킬로미터로 태양계 위성 가운데 가장 크며 행성인 수성보다도 크다. 지금까지 확인된 목성의 위성은 90개가 넘는다. 1994년 7월에는 슈메이커-레비 9 혜성의 조각들이 목성에 잇달아 부딪쳤다. 갈릴레오 궤도선이 1995년부터 2003년까지 목성을 조사했고, 주노 탐사선은 2016년 7월 4일 목성에 도착했다.",가니메데,목성,validation
평창 올림픽 세부 종목 수는 몇 개였어?,"2018년 평창 동계 올림픽은 그해 2월 9일부터 25일까지 강원도 평창과 강릉, 정선 일대에서 열린 제23회 동계 올림픽으로, 한국에서 처음 열린 동계 올림픽이다. 평창은 2010년과 2014년 대회 유치에 잇따라 실패한 뒤 세 번째 도전 끝에, 2011년 남아프리카공화국 더반에서 열린 국제올림픽위원회 총회에서 독일 뮌헨과 프랑스 안시를 제치고 개최권을 얻었다. 설상 종목은 평창과 정선의 산악 지역에서, 빙상 종목은 강릉의 경기장들에서 치러졌다. 92개국에서 약 2,920명의 선수가 참가했고, 15개 종목에 걸린 세부 종목은 102개로 동계 올림픽 사상 처음 100개를 넘었다. 마스코트는 백호를 본뜬 수호랑이었고, 함께 열린 패럴림픽의 마스코트는 반달가슴곰 반다비였다. 여자 아이스하키에서는 남북 단일팀이 꾸려져 함께 경기에 나섰다. 대한민국은 금메달 5개, 은메달 8개, 동메달 4개로 모두 17개의 메달을 따 종합 7위를 기록했다.",102개,2018년 평창 동계 올림픽,train
석굴암과 불국사가 세계유산이 된 해는?,"석굴암은 경상북도 경주시 토함산 중턱에 자리한 통일신라 시대의 석굴 사원이다. 751년, 곧 경덕왕 10년에 재상 김대성이 짓기 시작했으며, 혜공왕 10년인 774년에 완성되었다. 처음 절 이름은 석불사였다. 화강암을 다듬어 인공으로 쌓은 굴 안쪽 한가운데에는 높이 약 3.4미터의 본존불이 앉아 있다. 본존불 둘레의 벽에는 십일면관음보살상, 십대제자상, 사천왕상, 금강역사상, 팔부신장 등 40점이 넘는 조각이 배치되어 있어, 불교 세계를 한 공간에 담아낸 구성을 보여 준다.
일제강점기인 1914년부터 1915년 사이에는 석굴 전체를 해체한 뒤 다시 조립하는 공사가 벌어졌다. 1962년 12월 20일 국보 제24호로 지정되었고, 1995년에는 가까이 있는 불국사와 함께 유네스코 세계유산에 이름을 올렸다. 한국 불교 조각을 대표하는 걸작으로 꼽히며, 해마다 많은 사람이 찾는다.",1995년,석굴암,train
현충일이 일요일이면 대체휴일이 생기나요?,"대체공휴일은 공휴일이 일요일이나 다른 공휴일과 겹칠 때 그다음 첫 평일을 하루 더 쉬게 하는 제도이다. 대한민국에서는 1959년과 1989년에 비슷한 제도가 잠시 도입되었다가 이듬해 폐지된 적이 있다. 지금의 제도는 2013년에 마련되었는데, 처음에는 설날과 추석 연휴, 어린이날에만 적용되었다. 실제로 처음 적용된 날은 2014년 추석 연휴의 마지막 날인 9월 10일이었다. 2021년 6월 공휴일에 관한 법률이 국회를 통과해 7월 7일 공포되면서 삼일절, 광복절, 개천절, 한글날 같은 국경일에도 대체공휴일이 생기게 되었다. 2023년부터는 부처님 오신 날과 성탄절에도 적용된다. 처음에는 관공서에만 적용되었지만, 2018년 근로기준법 개정으로 민간 기업도 공휴일을 유급 휴일로 보장하게 되면서 2020년 근로자 300명 이상, 2021년 30명 이상, 2022년 5명 이상 사업장으로 차례로 넓어졌다. 한편 현충일처럼 대체공휴일이 적용되지 않는 공휴일도 있다.",현충일처럼 대체공휴일이 적용되지 않는,대체공휴일,train
누리호가 처음으로 위성을 궤도에 올린 날,"누리호는 한국항공우주연구원이 중심이 되어 국내 기술로 개발한 3단형 우주 발사체로, 한국형 발사체라고도 부른다. 개발은 2010년에 시작되어 2021년 6월에 마무리되었다. 전체 길이는 47.2미터, 무게는 약 200톤이며, 1단에는 75톤급 액체 엔진 네 기가 묶여 있다. 발사는 고흥군 외나로도에 있는 나로우주센터에서 이루어진다.
2021년 10월 21일 첫 발사에서는 비행 과정은 모두 거쳤지만 실어 보낸 위성 모사체를 궤도에 올리지 못했다. 2022년 6월 21일 두 번째 발사에서는 성능 검증 위성을 목표 궤도에 올리는 데 성공했고, 이로써 한국은 1톤 이상의 위성을 자체 발사체로 쏘아 올린 일곱 번째 나라가 되었다. 2023년 5월 25일 세 번째 발사에서는 차세대 소형 위성 2호를 비롯한 여러 위성을 실어 날랐다. 네 번째 발사는 2025년 11월 27일에 있었으며, 차세대 중형 위성 3호 등 13기의 위성을 실었다. 누리호는 고도 700킬로미터의 태양 동기 궤도에 1.5톤을 올리는 것을 목표로 설계되었다.",2022년 6월 21일,누리호,train
금융실명제가 전격 시행된 날짜와 시각은?,"금융실명제는 은행 예금이나 증권 거래 같은 모든 금융 거래를 반드시 거래자 본인의 실제 이름으로 하도록 한 제도이다. 대한민국에서는 1993년 8월 12일 오후 8시, 대통령 긴급재정경제명령 제16호로 전격 시행되었다. 그 전에는 남의 이름이나 가짜 이름으로 계좌를 만드는 차명 거래와 가명 거래가 흔해 돈의 흐름을 추적하기 어려웠다. 앞서 1982년 7월 3일 정부가 실명제를 실시하겠다고 발표한 적이 있으나 반발 속에 미뤄졌다. 1993년 시행 때에는 이미 있던 가명 계좌를 실명으로 바꿀 수 있도록 약 2개월의 기간을 주었고, 실명 확인을 거치지 않은 계좌에서는 돈을 찾지 못하게 했다. 또 실명으로 바꾸면서 한꺼번에 3천만 원 이상을 찾으면 국세청에 알리도록 했다. 긴급명령은 1997년 금융실명거래 및 비밀보장에 관한 법률로 대체되었다. 제도 시행으로 불법 자금의 흐름을 따라갈 수 있게 되었다는 평가가 있는 한편, 시행 초기에는 주가가 크게 떨어지는 등 금융 시장이 흔들리기도 했다. 1995년에는 부동산을 다른 사람 이름으로 등기하지 못하게 하는 부동산실명제가 뒤따랐다.",1993년 8월 12일 오후 8시,금융실명제,train
2022년 대회까지 월드컵 최다 우승국은 어디인가요?,"FIFA 월드컵은 국제축구연맹이 주관하여 4년마다 여는 남자 축구 국가 대항전으로, 단일 종목 대회로는 세계에서 가장 많은 관심을 받는 대회 가운데 하나이다. 나라마다 지역 예선을 거쳐 본선 진출권을 얻은 대표팀이 개최국에 모여 약 한 달 동안 우승을 다툰다.

## 대회의 시작
국제축구연맹은 1904년 파리에서 창설되었으며, 지금 본부는 스위스 취리히에 있다. 축구는 이미 올림픽 종목이었지만, 프로 선수의 출전 문제 등으로 축구만의 세계 대회를 따로 열자는 움직임이 커졌다. 그 결과 1930년 남아메리카의 우루과이에서 첫 월드컵이 열렸다. 우루과이는 1924년과 1928년 올림픽 축구에서 잇달아 우승한 강팀이었고, 1930년은 이 나라의 첫 헌법이 만들어진 지 100년이 되는 해이기도 했다. 유럽에서 배로 몇 주가 걸리는 먼 길이었던 탓에 첫 대회에는 13개 나라만 참가했으며, 개최국 우루과이가 초대 우승을 차지했다. 이후 대회는 4년 주기로 이어졌지만, 제2차 세계 대전의 영향으로 1942년과 1946년 대회는 열리지 못했다.

## 대회 방식과 규모
본선에 나서는 팀 수는 시대에 따라 늘어났다. 1978년 대회까지는 대체로 16개 팀이 본선에 올랐고, 1982년 스페인 대회에서 24개 팀으로, 1998년 프랑스 대회에서 32개 팀으로 늘었다. 본선은 먼저 몇 개 팀씩 조를 나누어 서로 한 번씩 맞붙는 조별 리그를 치르고, 여기서 살아남은 팀들이 한 번 지면 탈락하는 토너먼트로 우승팀을 가린다. 2026년 대회는 미국, 캐나다, 멕시코 세 나라가 함께 열면서 본선 참가국을 48개 팀으로, 전체 경기 수를 104경기로 크게 늘렸다. 대회는 보통 북반구의 여름인 6월과 7월에 열리지만, 한여름 더위가 심한 카타르에서 열린 2022년 대회는 처음으로 11월과 12월에 치러졌다. 이 대회는 중동 지역에서 열린 첫 월드컵이기도 했다.

## 우승 트로피
첫 대회부터 쓰인 트로피는 승리의 여신을 본뜬 모양이었다. 브라질이 1970년 대회에서 세 번째 우승을 차지하면서 이 트로피를 영구히 갖게 되었으나, 1983년 브라질에서 도난당한 뒤 끝내 되찾지 못했다. 지금의 트로피는 1974년 서독 대회부터 쓰였다. 18캐럿 금으로 만들었고 무게는 6.175킬로그램이며, 두 사람이 나선을 그리며 솟아올라 지구를 떠받치는 모습을 하고 있다. 받침 부분에는 역대 우승국의 이름이 새겨진다. 대회가 끝나면 가장 뛰어난 활약을 한 선수에게 골든볼을, 가장 많은 골을 넣은 선수에게 골든부트를 준다. 대회를 상징하는 마스코트는 1966년 잉글랜드 대회에서 처음 등장했다. 새 트로피는 어느 나라도 영구히 가질 수 없도록 정해져 있어, 우승국은 시상식이 끝나면 진품을 돌려주고 복제품을 받는다.

## 역대 우승국
2022년 대회까지 월드컵 우승을 맛본 나라는 모두 여덟 곳이다. 브라질이 1958년, 1962년, 1970년, 1994년, 2002년에 우승해 다섯 번으로 가장 많고, 독일과 이탈리아가 네 번씩, 아르헨티나가 세 번, 프랑스와 우루과이가 두 번씩 정상에 올랐다. 잉글랜드는 자국에서 열린 1966년 대회에서, 스페인은 2010년 남아프리카공화국 대회에서 한 번씩 우승했다. 이 시기까지의 우승국은 모두 유럽과 남아메리카의 나라였다. 아르헨티나는 2022년 카타르 대회 결승에서 프랑스를 승부차기 끝에 꺾고 세 번째 정상에 올랐다.

## 2002년 한일 월드컵
2002년 대회는 대한민국과 일본이 함께 열었다. 두 나라가 공동으로 개최한 첫 월드컵이자 아시아에서 열린 첫 월드컵이었다. 대회는 5월 31일 서울에서 열린 개막전으로 시작해 6월 30일 일본 요코하마에서 열린 결승전으로 막을 내렸다. 한국 대표팀은 조별 리그 첫 경기에서 폴란드를 꺾고 월드컵 본선 역사상 첫 승리를 거두었고, 이후 토너먼트에서도 승리를 이어 가며 4위에 올라 역대 최고 성적을 냈다. 경기가 열리는 날마다 거리와 광장에 많은 사람이 모여 함께 응원하는 모습이 화제가 되었다. 이 대회의 우승은 브라질이 차지했는데, 브라질에게는 다섯 번째 우승이었다.

## 한국과 월드컵
한국이 처음 월드컵 본선에 나간 것은 1954년 스위스 대회였다. 그 뒤 한동안 본선에 오르지 못하다가, 1986년 멕시코 대회부터 2022년 카타르 대회까지 열 번 연속으로 본선 무대를 밟았다. 2002년에 안방에서 4위에 오른 데 이어, 2010년 남아프리카공화국 대회에서는 처음으로 원정 월드컵 16강에 진출했다. 2002년 대회 때는 한국과 일본이 각각 10개씩, 모두 20개 경기장에서 64경기를 나누어 치렀다.

## 심판 기술의 발전
월드컵은 새로운 판정 기술을 선보이는 무대이기도 하다. 공이 골라인을 완전히 넘었는지를 기계로 판독하는 골라인 판독 기술은 2014년 브라질 대회에서 처음 쓰였다. 2018년 러시아 대회에서는 경기장 밖의 심판이 영상을 다시 보며 주심의 판정을 돕는 비디오 보조 심판이 처음 도입되어, 득점과 퇴장, 페널티킥처럼 승부를 가르는 장면을 영상으로 다시 확인하게 되었다.

## 여자 월드컵
국제축구연맹은 1991년 중국에서 첫 여자 월드컵을 열었다. 여자 대회도 남자 대회처럼 4년마다 열리며, 2023년 오스트레일리아와 뉴질랜드가 공동 개최한 대회까지 미국이 네 번 우승해 가장 많은 우승 기록을 가지고 있다. 2023년 대회에서는 스페인이 처음으로 정상에 올랐다.",브라질,FIFA 월드컵,test
방사성 탄소로 측정 가능한 연대는 최대 몇 년 전까지인가요?,"방사성 탄소 연대 측정은 생물의 유해에 남은 탄소-14의 양을 재어 그 생물이 죽은 뒤 얼마나 시간이 흘렀는지 알아내는 방법이다. 미국 시카고 대학교의 윌러드 리비와 동료들이 1949년에 개발했으며, 리비는 이 업적으로 1960년 노벨 화학상을 받았다. 대기 높은 곳에서는 우주선이 만들어 낸 중성자가 질소-14와 부딪혀 탄소-14가 끊임없이 생겨난다.
살아 있는 생물은 먹고 숨 쉬는 동안 이 탄소를 몸에 받아들이지만, 죽고 나면 더는 받아들이지 못하고 몸속 탄소-14는 일정한 속도로 줄어든다. 탄소-14의 반감기는 약 5,730년이어서, 남은 양을 재면 죽은 시점을 거꾸로 셈할 수 있다. 이 방법으로는 대략 6만 년 전까지의 연대를 잴 수 있으며, 나무나 뼈, 숯처럼 유기물이 든 유물에 쓰인다. 대기 속 탄소-14의 비율은 시대에 따라 조금씩 달랐기 때문에, 오래 산 나무의 나이테를 이용해 측정값을 보정한다. 가속기 질량 분석법을 쓰면 아주 적은 시료로도 정확하게 잴 수 있다.",대략 6만 년 전까지,방사성 탄소 연대 측정,train
임진왜란 첫날 부산진성을 지키다 숨진 장수,"임진왜란은 1592년부터 1598년까지 일본이 두 차례에 걸쳐 조선을 침략하면서 벌어진 전쟁이다. 1597년에 다시 시작된 두 번째 침략은 따로 정유재란이라 부르기도 한다. 일본을 통일한 도요토미 히데요시는 명나라를 치러 가는 길을 내 달라는 요구를 내세워 조선을 공격했고, 조선을 돕기 위해 명나라까지 뛰어들면서 동아시아 여러 나라가 얽힌 큰 전쟁이 되었다.
## 전쟁의 시작
1592년 음력 4월 13일, 양력으로는 5월 23일에 일본군이 부산 앞바다에 몰려와 상륙했다. 일본이 동원한 병력은 약 20만 명에 이르렀다. 일본군은 곧바로 부산진성과 동래성을 공격해 무너뜨렸는데, 부산진성을 지키던 첨사 정발과 동래성을 지키던 부사 송상현이 이 싸움에서 목숨을 잃었다. 일본군은 여러 갈래로 나뉘어 빠르게 북쪽으로 올라왔다.
## 한양과 평양의 함락
조정은 신립을 도순변사로 삼아 적을 막게 했다. 그러나 신립은 음력 4월 28일, 양력 6월 7일 충주 탄금대에서 고니시 유키나가가 이끄는 일본군에 크게 패하고 전사했으며, 조선군 상당수가 물러나다 강물에 빠져 목숨을 잃었다. 이 소식이 전해지자 선조는 도성을 떠나 북쪽으로 피란길에 올랐고, 결국 압록강 가의 의주까지 옮겨 갔다. 그 사이 한양과 평양이 차례로 일본군의 손에 들어갔다. 전쟁 초기 육지에서 조선군은 제대로 맞서지 못하고 밀려났다.
## 바다에서의 승리
육지의 사정과 달리 바다에서는 전라좌도 수군절도사 이순신이 이끄는 수군이 잇달아 승리를 거두었다. 조선 수군은 음력 5월 7일, 양력 6월 16일 거제의 옥포에서 일본 배 26척을 가라앉히며 전쟁의 첫 해전 승리를 올렸다. 이어 음력 7월 8일에는 한산도 앞바다에서 일본 수군의 주력과 맞섰다. 조선 수군에는 판옥선 위에 쇠못을 박은 덮개를 씌운 거북선도 있었는데, 이순신이 전쟁 직전에 완성한 이 배는 1592년 사천 해전에서 처음 실전에 나섰다. 한산도에서 이순신은 좁은 견내량에 머물던 적선을 넓은 바다로 끌어낸 뒤, 학이 날개를 펼친 듯 배를 둥글게 벌려 세우는 학익진으로 에워싸 크게 무찔렀다. 이 싸움에는 이억기와 원균의 함대도 함께해 조선 수군은 거북선을 포함해 56척에 이르렀고, 일본 쪽 지휘관은 와키자카 야스하루였다. 한산도 대첩 이후 일본군은 바닷길로 군량과 병력을 실어 나르려던 계획에 큰 차질을 빚었다.
## 육지의 반격과 의병
곳곳에서 백성과 선비들이 스스로 일어난 의병도 일본군을 괴롭혔다. 경상도의 곽재우, 충청도의 조헌, 전라도의 고경명 등이 이름난 의병장이다. 경상도 의령에서 가장 먼저 의병을 일으킨 곽재우는 붉은 옷을 입고 앞장서 싸워 홍의장군이라 불렸으며, 정암진에서 남강을 건너려던 일본군을 막아 곡창인 전라도로 가는 길을 지켰다. 1592년 음력 10월에는 진주 목사 김시민이 3,800명 남짓한 군사로 3만 명에 이르는 일본군을 막아 내 진주성을 지켰으나, 그 자신은 싸움 중에 입은 상처로 세상을 떠났다. 1593년 음력 2월 12일에는 전라도 순찰사 권율이 한강을 등진 낮은 산에 자리한 행주산성에서 일본군의 대군을 물리쳤다. 성안의 조선군은 화차와 비격진천뢰 같은 무기를 써 가며 일곱 차례에 걸친 총공격을 모두 막아 냈고, 일본군 장수 우키타 히데이에는 크게 다쳤다. 한산도, 진주성, 행주산성의 세 싸움은 흔히 임진왜란의 3대 대첩으로 꼽힌다.
## 명나라의 참전과 협상
조선의 요청을 받은 명나라는 첫 번째 침략 때 약 4만 8천 명의 군대를 보냈다. 1593년 음력 1월 명나라 장수 이여송이 이끄는 군대가 조선군과 함께 평양성을 되찾았다. 행주산성 싸움이 끝나고 두 달쯤 뒤 일본군은 한양에서 물러나 남쪽 해안으로 내려갔다. 이후 1594년부터 1596년까지 명과 일본 사이에 휴전 협상이 이어졌지만, 서로의 요구가 크게 달라 결국 결렬되었다.
## 정유재란과 전쟁의 끝
1597년 일본군이 다시 쳐들어오면서 정유재란이 시작되었다. 이 무렵 이순신은 모함을 받아 자리에서 물러나 있었고, 그 뒤를 이은 원균은 칠천량 해전에서 크게 져 조선 수군은 거의 무너졌다. 다시 삼도수군통제사가 된 이순신은 아직 전선 열두 척이 남아 있다며 싸울 뜻을 굽히지 않았다. 그는 음력 9월 16일 진도와 해남 사이의 좁은 물길인 울돌목에서 단 13척의 배로 130척이 넘는 일본 함대를 맞아, 한 척도 잃지 않고 적선 30척가량을 격파했다. 이것이 명량 해전이다. 1598년 도요토미 히데요시가 죽자 일본군은 철수를 시작했다. 조선과 명나라의 연합 수군은 음력 11월 19일, 양력으로 12월 16일 남해의 노량 앞바다에서 시마즈 요시히로가 이끌고 물러가던 일본 함대를 가로막았다. 명나라 수군을 이끈 장수는 진린이었다. 조명 연합 수군은 이 싸움에서 이겼지만 이순신은 적의 총탄을 맞고 전사했다. 노량 해전을 끝으로 7년에 걸친 전쟁은 막을 내렸다.
## 전쟁이 남긴 것
7년 동안 이어진 전쟁은 깊은 상처를 남겼다. 전쟁 전체에서 군인과 민간인을 합쳐 100만 명이 넘는 사람이 목숨을 잃은 것으로 추정되며, 5만~6만 명가량의 조선 사람이 일본으로 끌려갔다. 농사짓던 땅이 크게 줄어 나라 살림이 어려워졌고, 수많은 문화재가 불타거나 바다 건너로 옮겨졌다. 끌려간 사람들 가운데에는 도자기를 빚는 장인도 많았는데, 이들의 솜씨는 일본의 도자기 생산이 크게 발전하는 바탕이 되었다. 조선을 돕느라 막대한 은을 쏟아부은 명나라는 재정이 흔들렸고, 그 사이 만주에서는 여진이 세력을 키우면서 동아시아의 힘의 판도가 바뀌기 시작했다. 조선과 일본은 1609년 기유약조를 맺어 전쟁 뒤 끊겼던 교류를 다시 열었다.",정발,임진왜란,train
종량제 봉투는 몇 리터부터 몇 리터까지 있어?,"쓰레기 종량제는 버리는 쓰레기의 양에 따라 처리 비용을 내도록 한 대한민국의 생활 폐기물 제도이다. 1994년 4월 일부 지역에서 시범 운영을 거친 뒤 1995년 1월 1일부터 전국에서 시행되었다. 그 전에는 집의 재산세나 건물 면적을 기준으로 쓰레기 수수료를 정액으로 걷었기 때문에, 쓰레기를 적게 버려도 비용이 줄지 않았다. 종량제에서는 각 가정이 지방자치단체가 정한 규격 봉투를 사서 그 안에 쓰레기를 담아 내놓는다. 봉투 값에 처리 비용이 들어 있으므로 쓰레기를 줄일수록 비용도 줄어든다. 봉투는 1리터짜리 작은 것부터 100리터짜리 큰 것까지 용도에 따라 여러 크기로 나온다. 종량제와 함께 캔, 플라스틱, 종이처럼 다시 쓸 수 있는 물건은 봉투에 넣지 않고 따로 모아 내놓는 분리배출도 자리를 잡았다. 이 제도는 오염을 일으킨 사람이 그 비용을 부담해야 한다는 원칙을 생활 쓰레기에 적용한 사례로 꼽힌다. 2013년부터는 음식물 쓰레기에도 양에 따라 비용을 내는 방식이 전국에 적용되었다.",1리터짜리 작은 것부터 100리터짜리 큰 것까지,쓰레기 종량제,test
고종실록과 순종실록을 조선왕조실록에서 빼는 까닭,"조선왕조실록은 태조부터 철종까지 25대 임금, 472년 동안 일어난 일을 날짜 순서대로 적은 조선의 공식 역사 기록이다. 모두 1,894권 888책이며, 글자 수는 약 4,964만 자에 이른다. 사관이 그때그때 적어 둔 사초를 바탕으로 임금이 세상을 떠난 뒤 춘추관에서 편찬했고, 재위 중인 임금은 이 기록을 볼 수 없었다.
완성된 실록은 여러 곳의 사고에 나누어 보관했다. 1592년 임진왜란 때 춘추관·충주·성주 사고의 실록은 불에 타 없어지고 전주 사고본만 살아남았다. 전쟁 뒤에는 이를 바탕으로 다시 찍어 정족산·태백산·적상산·오대산 등의 사고에 두었다. 1973년 12월 31일 국보 제151호로 지정되었고, 1997년 10월 1일 유네스코 세계기록유산이 되었다. 고종과 순종의 실록은 일제강점기에 편찬되어 전통적인 편찬 규칙을 따르지 않았다는 이유로 보통 조선왕조실록에 포함하지 않는다.",전통적인 편찬 규칙을 따르지 않았다,조선왕조실록,train
페니실린은 어떤 원리로 세균을 죽이나요?,"페니실린은 푸른곰팡이에서 얻은 항생 물질로, 세균 감염을 약으로 다스리는 시대를 연 물질이다. 1928년 영국 런던의 세인트메리 병원에서 일하던 스코틀랜드 출신 미생물학자 알렉산더 플레밍이 처음 발견했다. 그는 포도상구균을 기르던 배양 접시에 푸른곰팡이가 우연히 자라났는데, 곰팡이 둘레에서는 세균이 자라지 못한 것을 보고 이 물질의 존재를 알아차렸다. 곰팡이의 학명에서 이름을 따 이 물질을 페니실린이라 불렀다. 플레밍은 이보다 앞선 1922년 세균을 녹이는 효소인 리소자임을 찾아내기도 했다.
발견 뒤 한동안은 약으로 쓰이지 못했으나, 1939년 이후 옥스퍼드 대학교의 하워드 플로리와 에른스트 체인이 페니실린을 정제하고 대량으로 만들어 내는 길을 열었다. 세 사람은 1945년 노벨 생리의학상을 함께 받았다. 페니실린은 세균이 세포벽을 만드는 데 필요한 효소에 달라붙어 세포벽을 약하게 만들고, 그 결과 세균은 터져서 죽게 된다.",세포벽을 약하게 만들고,페니실린,test
킬리만자로를 처음 등정한 독일 지리학자는?,"킬리만자로산은 탄자니아 북동부, 케냐와의 국경 가까이에 홀로 우뚝 솟은 산으로 아프리카에서 가장 높다. 적도에서 남쪽으로 약 340킬로미터 떨어진 남위 3도 부근에 있다. 산은 키보, 마웬시, 시라 세 개의 화산체로 이루어져 있는데, 이 가운데 가장 높고 가장 늦게 생긴 키보의 정상이 해발 5,895미터이다. 키보 분화구 가장자리의 가장 높은 지점은 우후루 봉이라 부른다.
1889년 10월 6일 독일의 지리학자 한스 마이어와 오스트리아의 산악인 루트비히 푸르트셸러가 처음으로 정상에 올랐다. 적도와 가까운 곳이지만 높은 고도 덕분에 정상 부근에는 얼음과 빙하가 남아 있고, 서쪽 사면의 빙하는 해발 4,167미터까지 내려와 있다. 그러나 1912년 10월부터 2011년 6월 사이에 산을 덮고 있던 얼음의 약 85퍼센트가 사라졌다. 산기슭의 열대 숲에서 고산 황무지, 얼음 덮인 꼭대기까지 높이에 따라 전혀 다른 자연 환경이 층층이 이어진다. 1973년 산 일대가 국립 공원으로 지정되었다.",한스 마이어,킬리만자로산,train
5만원권이 처음 나온 날짜,"5만 원권은 한국은행이 2009년 6월 23일 처음 발행한 은행권으로, 현재 대한민국에서 가장 큰 액면의 지폐이다. 1973년 1만 원권이 나온 뒤 36년 만에 새로 등장한 최고액권이었다. 앞면에는 조선 시대의 서화가 신사임당의 초상이 들어갔고, 그 옆에는 신사임당의 작품으로 전하는 묵포도도와 초충도수병 가운데 가지 그림이 보조 도안으로 쓰였다. 뒷면에는 어몽룡의 월매도와 이정의 풍죽도가 겹쳐 놓인 듯 배치되었는데, 다른 은행권과 달리 그림이 세로 방향으로 인쇄된 것이 특징이다. 위조를 막기 위해 보는 각도에 따라 무늬가 바뀌는 띠형 홀로그램, 지폐 속에 일부가 드러나는 입체형 부분노출은선, 숫자 크기가 점점 커지는 가로 확대형 기번호 등 여러 장치를 넣었다. 이 밖에도 빛에 비춰야 보이는 숨은 그림과 색이 바뀌는 잉크, 아주 작은 글자인 미세 문자 등이 함께 쓰였다. 현재 쓰이는 은행권은 1천 원, 5천 원, 1만 원, 5만 원의 네 가지이다.",2009년 6월 23일,5만 원권,train
이 글에서 다룬 민요는 국가무형문화재 몇 호로 지정됐나?,"아리랑은 '아리랑'이라는 말이 든 후렴을 공통으로 지닌 한국 민요를 두루 이르는 이름이다. 지역마다 가락과 노랫말이 달라 수많은 갈래가 있으며, 그 가운데 강원도의 정선아리랑, 전라남도의 진도아리랑, 경상남도의 밀양아리랑이 널리 알려져 있다. 한반도 중부의 태백산맥 일대, 특히 정선 지역에서 불리던 노래가 여러 고장으로 퍼져 나갔다는 견해가 있다. 1926년에는 나운규가 만든 무성 영화 '아리랑'이 개봉해 큰 인기를 끌었고, 이 영화와 함께 퍼진 경기 지방 가락의 아리랑이 오늘날 가장 흔히 불린다. 가락이 단순해 누구나 쉽게 따라 부를 수 있고 그때그때 새 노랫말을 지어 붙일 수 있어, 아리랑은 세대와 지역을 넘어 함께 부르는 노래로 이어져 왔다. 대한민국은 2012년 아리랑을 유네스코 인류무형유산에 올렸고, 북한도 2014년 따로 등재했다. 국내에서는 2015년 9월 국가무형문화재 제129호로 지정되었는데, 특정 보유자나 보유단체를 인정하지 않고 지정한 첫 사례였다.",제129호,아리랑,train
장기요양보험을 운영하는 곳은 어디야?,"노인장기요양보험은 나이가 많거나 노인성 질병 때문에 혼자 일상생활을 하기 어려운 사람에게 목욕, 식사, 간병 같은 돌봄 서비스를 지원하는 대한민국의 사회 보험이다. 2007년 노인장기요양보험법이 제정되었고, 2008년 7월 1일부터 시행되었다. 대상은 65세 이상 노인, 그리고 65세 미만이더라도 치매나 뇌혈관성 질환 같은 노인성 질병을 가진 사람이다. 신청을 받으면 심신 상태를 조사해 장기요양등급을 정하는데, 처음에는 세 등급이었으나 2014년 다섯 등급으로 늘었고, 이후 가벼운 치매 노인을 위한 인지지원등급이 더해졌다. 급여는 요양보호사가 집으로 찾아오거나 낮 동안 시설에 머무는 재가급여, 요양원 같은 시설에 입소하는 시설급여, 가족이 돌볼 때 현금을 주는 특별현금급여로 나뉜다. 이용자는 비용의 일부를 직접 내는데, 재가급여는 15%, 시설급여는 20%가 본인 부담이다. 제도는 국민건강보험공단이 운영하며, 장기요양보험료는 건강보험료에 더해 함께 거둔다.",국민건강보험공단,노인장기요양보험,train
남북이 씨름을 유네스코 무형유산으로 함께 등재한 날,"씨름은 두 사람이 허리와 다리에 맨 샅바를 서로 붙잡고 힘과 기술로 상대를 넘어뜨리는 한국의 전통 겨루기이다. 발바닥을 뺀 몸의 어느 부분이든 먼저 땅에 닿는 쪽이 진다. 기술은 크게 다리를 걸거나 감는 다리기술, 허리를 틀어 상대를 들거나 돌려 넘기는 허리기술, 손으로 상대의 다리나 몸을 잡아채는 손기술로 나뉜다. 경기는 지름 8미터의 둥근 모래판에서 열리며, 주심 한 명과 부심 두 명이 판정을 맡는다. 씨름의 오랜 역사는 4세기 무렵 고구려 고분 벽화에 두 사람이 맞붙은 모습이 그려진 데서 확인할 수 있고, 조선 후기에는 김홍도의 풍속화에 구경꾼에 둘러싸인 씨름판이 담길 만큼 널리 즐겼다. 1980년대에는 프로 경기가 출범해 큰 인기를 누렸다. 2018년 11월 26일 모리셔스 포트루이스에서 열린 제13차 무형유산 정부간위원회에서 씨름은 남북한이 함께 신청한 유산으로는 처음으로 유네스코 인류무형유산에 공동 등재되었다.",2018년 11월 26일,씨름,train
42행 성서는 현재 몇 부 정도 전해지나,"요하네스 구텐베르크는 1398년 무렵 독일 마인츠에서 태어난 인쇄업자로, 유럽에서 금속 활자 인쇄술을 실용화한 인물이다. 그는 1440년 무렵부터 합금을 부어 활자를 만드는 방법을 연구했고, 금속 활자에 잘 묻는 기름 성분의 잉크를 썼으며, 포도를 짜던 압착기를 고쳐 인쇄기로 사용했다. 이 기술들을 하나로 묶은 덕분에 같은 책을 빠르고 많이 찍어 낼 수 있게 되었다.
대표적인 결과물은 한 쪽에 42줄씩 짜 넣은 이른바 42행 성서로, 1453년에서 1455년 사이에 완성되었다. 이 성서는 약 180부가 인쇄된 것으로 추정되며, 오늘날에는 49부 정도가 전한다. 인쇄 사업에 돈을 댄 요한 푸스트는 나중에 구텐베르크를 상대로 소송을 걸어 이겼고, 인쇄 설비를 넘겨받았다. 구텐베르크는 1468년 2월 3일 세상을 떠났다. 그가 퍼뜨린 인쇄술은 책값을 낮추고 지식이 빠르게 퍼지게 해, 르네상스와 종교 개혁이 유럽 곳곳으로 번지는 바탕이 되었다.",49부 정도,요하네스 구텐베르크,test
1평은 몇 제곱미터인가요,"대한민국은 길이는 미터, 넓이는 제곱미터, 부피는 세제곱미터, 무게는 그램처럼 미터법에 따른 단위를 법정 계량 단위로 쓴다. 국제 사회에서 미터법이 널리 퍼지는 계기는 1875년 파리에서 체결된 미터 협약이었다. 한국은 1959년 이 협약에 가입했고, 1961년 계량법을 만들어 미터법을 법정 단위로 정했다. 이어 1964년 1월 1일부터는 자와 되, 근처럼 전통적으로 쓰던 척관법 단위와 야드, 파운드 단위를 거래와 증명에 쓰지 못하게 하고 모든 계량을 미터법으로 하도록 했다. 그럼에도 집의 넓이를 평으로, 금의 무게를 돈으로, 고기의 무게를 근으로 말하는 습관은 오래 남았다. 정부는 2007년 7월 1일부터 평, 돈, 근을 비롯한 비법정 단위의 상거래 사용을 본격적으로 금지하고, 이를 어기면 최대 50만 원의 과태료를 물리도록 했다. 이에 따라 아파트 분양 광고 등에서는 넓이를 제곱미터로 표시하게 되었다. 한 평은 약 3.3제곱미터에 해당한다.",약 3.3제곱미터,미터법과 법정 계량 단위,train
택견에서 기본이 되는 발 옮기기 동작을 뭐라고 해?,"택견은 발을 리듬감 있게 옮기며 상대를 차거나 걸어 넘어뜨리는 한국의 전통 무예이다. 몸놀림의 바탕은 삼각형을 그리듯 발을 옮겨 딛는 품밟기이며, 손으로 잡고 밀고 당기는 손질, 발로 차는 발길질, 다리를 걸어 넘어뜨리는 기술 등이 어우러진다. 주먹을 곧게 지르거나 발의 옆날로 차는 동작을 쓰지 않고 상대를 넘어뜨리는 기술을 허용한다는 점에서 태권도와 뚜렷이 다르다. 이름이 기록에 처음 나타나는 것은 18세기로, 1798년에 편찬된 어휘집 재물보에는 맨손으로 겨루는 놀이를 당시 탁견이라 불렀다는 풀이가 실려 있다. 조선 후기 화가 유숙이 그린 대쾌도에도 사람들이 모여 택견과 씨름을 구경하는 장면이 담겼다. 일제 강점기를 지나며 명맥이 크게 약해졌으나, 1983년 무예로는 처음으로 국가무형문화재 제76호에 지정되면서 다시 살아났다. 2011년에는 유네스코 인류무형유산 대표목록에 올랐고, 2020년부터는 전국체육대회의 정식 종목으로 치러진다.",품밟기,택견,validation
임진왜란 때 불타지 않고 살아남은 실록은 어느 사고 것이었나요,"조선왕조실록은 태조부터 철종까지 25대 임금, 472년 동안 일어난 일을 날짜 순서대로 적은 조선의 공식 역사 기록이다. 모두 1,894권 888책이며, 글자 수는 약 4,964만 자에 이른다. 사관이 그때그때 적어 둔 사초를 바탕으로 임금이 세상을 떠난 뒤 춘추관에서 편찬했고, 재위 중인 임금은 이 기록을 볼 수 없었다.
완성된 실록은 여러 곳의 사고에 나누어 보관했다. 1592년 임진왜란 때 춘추관·충주·성주 사고의 실록은 불에 타 없어지고 전주 사고본만 살아남았다. 전쟁 뒤에는 이를 바탕으로 다시 찍어 정족산·태백산·적상산·오대산 등의 사고에 두었다. 1973년 12월 31일 국보 제151호로 지정되었고, 1997년 10월 1일 유네스코 세계기록유산이 되었다. 고종과 순종의 실록은 일제강점기에 편찬되어 전통적인 편찬 규칙을 따르지 않았다는 이유로 보통 조선왕조실록에 포함하지 않는다.",전주 사고본,조선왕조실록,train
삼국사기는 어떤 서술 체재로 쓰였나?,"삼국사기는 고려 인종의 명을 받아 김부식이 편찬을 이끌어 1145년에 펴낸 역사책이다. 김부식은 이 작업에서 감수국사를 맡아 책임자 역할을 했다. 이 책은 신라, 고구려, 백제 세 나라의 역사를 다루며, 나라에서 펴낸 역사서로는 가장 이른 것이자 오늘날 전하는 한국의 역사책 가운데 가장 오래되었다.
모두 50권으로, 임금의 행적을 연대순으로 적은 본기 28권, 연표 3권, 제도와 문물을 분야별로 정리한 잡지 9권, 여러 인물의 생애를 적은 열전 10권으로 짜여 있다. 본기는 다시 신라본기 12권, 고구려본기 10권, 백제본기 6권으로 나뉜다. 본기와 열전을 뼈대로 역사를 나누어 서술하는 이런 방식을 기전체라고 한다. 삼국사기는 뒤에 일연이 쓴 삼국유사와 함께 한국 고대사를 연구하는 데 가장 기본이 되는 자료로 쓰인다. 전하는 판본 가운데 두 종류는 2018년 보물에서 국보로 승격되었다.",기전체,삼국사기,train
한탄강 일대가 유네스코 세계지질공원이 된 시기,"한반도는 아시아 대륙의 동쪽 끝에서 남쪽으로 길게 뻗어 나온 반도이다. 산이 많고 동쪽이 높으며, 세 방향이 바다로 둘러싸여 있어 지형이 매우 다채롭다. 아래에서는 한반도의 크기와 산줄기, 강과 평야, 바다, 그리고 눈여겨볼 만한 지형을 차례로 정리한다.
## 크기와 위치
한반도의 넓이는 223,663제곱킬로미터이며, 남북 길이는 약 1,000킬로미터에 이른다. 동쪽에는 동해, 서쪽에는 황해, 남쪽에는 남해가 있고, 북쪽은 압록강과 두만강을 경계로 대륙과 맞닿아 있다. 섬을 포함한 해안선의 길이는 1만 7,361킬로미터에 달한다. 연안에는 3,418개의 섬이 흩어져 있으며, 이 가운데 약 2,900개가 남쪽에 있다.
## 산지와 산맥
한반도는 전체 면적의 70퍼센트 이상이 산지이다. 오랜 세월에 걸쳐 동쪽 땅이 더 높이 들려 올라, 동쪽은 높고 가파르며 서쪽으로 갈수록 낮아지는 동고서저의 모양을 이룬다. 동해안을 따라 남북으로 달리는 태백산맥은 한반도의 등뼈에 해당한다. 원산 부근의 추가령 구조곡에서 시작해 부산 부근까지 약 500킬로미터 뻗어 있으며, 주로 편마암과 화강암으로 이루어져 있다. 이 산맥에서 가장 높은 곳은 설악산의 대청봉으로 높이는 1,708미터이고, 오대산, 태백산, 주왕산처럼 1,000미터가 넘는 산들이 줄지어 있다.
북부에서는 낭림산맥이 태백산맥과 함께 반도의 척추를 이루며, 가장 높은 와갈봉은 2,260미터이다. 남쪽에서는 소백산맥이 태백산맥에서 갈라져 서남쪽으로 약 350킬로미터 뻗어 여수 부근에 이른다. 소백산맥은 동쪽의 경상도와 서쪽의 충청도·전라도를 가르는 경계가 되며, 죽령, 문경새재, 추풍령 같은 고개가 예부터 두 지역을 잇는 길목 구실을 했다.
## 강과 평야
땅이 동쪽으로 높기 때문에 큰 강은 대부분 서쪽이나 남쪽으로 흘러 황해와 남해로 들어간다. 압록강은 790킬로미터를 흐르며, 하구에서는 북한의 신의주와 중국의 단둥이 강을 사이에 두고 마주 본다. 두만강은 547킬로미터를 흐르면서 북한과 중국의 국경이 되고, 하구 가까이에서는 북한과 러시아의 국경을 이룬다. 낙동강은 태백시에서 발원해 약 510킬로미터를 남쪽으로 흘러 부산의 을숙도 부근에서 바다로 빠지며, 남한에서 가장 긴 강이다. 한강은 태백의 검룡소에서 시작하는 남한강과 북쪽에서 내려오는 북한강이 양평의 양수리에서 합쳐져 서울을 가로지른다. 길이는 494킬로미터이고 유역 면적은 35,770제곱킬로미터로, 남한을 흐르는 강 가운데 가장 넓은 유역을 가졌다. 하류에서는 임진강을 받아들인 뒤 김포 부근에서 황해로 들어간다. 한강과 낙동강 다음으로 큰 금강은 장수군의 뜬봉샘에서 시작해 397.79킬로미터를 흐른 뒤 군산과 서천 사이에서 바다로 나가며, 하구에는 1990년 길이 1,841미터의 하굿둑이 완공되었다.
큰 강의 하류에는 넓은 평야가 펼쳐진다. 만경강과 동진강이 흐르는 호남평야는 동서 약 50킬로미터, 남북 약 80킬로미터에 걸친 약 3,500제곱킬로미터의 너른 들로, 한국의 대표적인 쌀 생산지이다. 낙동강 하류에는 강이 실어 온 흙이 쌓여 생긴 삼각주인 김해평야가 약 136제곱킬로미터 넓이로 펼쳐져 있다.
## 세 바다와 해안
동해는 넓이가 약 100만 제곱킬로미터이고 평균 수심이 1,752미터에 이르는 깊은 바다이며, 가장 깊은 곳은 3,762미터이다. 해안선이 단조롭고 곧게 뻗은 것이 특징이며, 남쪽에서 올라오는 동한 난류와 북쪽에서 내려오는 북한 한류가 이 바다에서 만난다. 반면 황해는 평균 수심이 약 45미터에 불과하고 가장 깊은 곳도 100미터가 되지 않는 얕은 바다이다. 약 2만 6천 년 전 마지막 빙기가 가장 추웠던 때에는 해수면이 낮아 황해 대부분이 육지였고, 약 1만 3천 년 전부터 바닷물이 다시 차올랐다. 황하와 양쯔강이 실어 오는 흙 때문에 물빛이 누렇게 보인다고 해서 황해라는 이름이 붙었다.
서해안과 남해안에는 리아스식 해안이 잘 발달해 있다. 이는 강물이 깎아 만든 골짜기가 빙기 뒤 높아진 바닷물에 잠겨 생긴 해안으로, 곶과 만이 많아 해안선이 복잡하고 작은 섬이 많다. 이름은 에스파냐 갈리시아 지방에서 강어귀를 가리키는 말에서 왔다. 물결이 잔잔해 양식업이 활발하지만, 해안을 따라 길을 내기는 어렵다.
## 화산 지형과 석회암 동굴
한반도 곳곳에는 화산 활동이 남긴 지형이 있다. 동해 한가운데의 울릉도는 넓이 72.86제곱킬로미터의 화산섬으로, 가장 높은 봉우리인 성인봉은 984미터이며 마지막 분화는 약 5천 년 전에 있었다. 섬은 포항에서 약 217킬로미터 떨어져 있고, 길이 56.5킬로미터의 해안은 대부분 높은 절벽으로 되어 있어 배를 대기가 쉽지 않다. 섬 북쪽의 나리분지는 화산이 무너져 생긴 칼데라로, 섬에서 유일하게 넓고 평평한 땅이다. 강원도 철원에서 경기도 포천과 연천으로 흐르는 한탄강은 길이 136킬로미터로, 옛 용암이 굳은 현무암 대지를 깎아 깊은 협곡과 주상 절리를 만들었다. 이 일대 1,165.61제곱킬로미터는 2020년 7월 국내 네 번째 유네스코 세계지질공원으로 인증되었다. 충청북도 단양에는 석회암이 지하수에 녹아 생긴 동굴이 많다. 그 가운데 고수동굴은 약 4억 5천만 년 전에 쌓인 석회암층에 생긴 동굴로, 주굴 600미터와 지굴 700미터를 합한 길이가 1,300미터이다. 종유석과 석순, 석주가 잘 발달해 1976년 천연기념물로 지정되었다.",2020년 7월,한반도의 지형,train
수에즈 운하에는 왜 갑문이 필요 없지?,"수에즈 운하는 이집트의 수에즈 지협을 파서 지중해와 홍해를 이은 운하로, 길이는 193.3킬로미터이다. 프랑스의 외교관 페르디낭 드 레셉스가 주도해 1859년 4월 25일 공사를 시작했고, 1869년 11월 17일 개통했다. 북쪽 끝에는 포트사이드, 남쪽 끝에는 수에즈 시가 자리한다. 두 바다의 수면 높이가 거의 같아 갑문이 없는 것이 특징이다. 이 운하가 생기면서 유럽과 아시아를 오가는 배는 아프리카 대륙 남쪽 끝을 돌아가지 않아도 되었다.
1956년 7월 이집트의 대통령 가말 압델 나세르가 운하를 국유화하자, 이를 둘러싸고 영국, 프랑스, 이스라엘이 이집트와 맞선 수에즈 위기가 벌어졌다. 1967년부터 1975년까지는 전쟁 때문에 운하가 닫혀 있었다. 2015년 8월 6일에는 기존 물길과 나란히 달리는 새 물길이 열려, 하루에 지날 수 있는 배가 49척에서 97척으로 늘었다. 2021년 3월에는 대형 컨테이너선이 물길을 비스듬히 가로막고 멈춰 서면서 6일 동안 통행이 끊기기도 했다.",두 바다의 수면 높이가 거의 같아,수에즈 운하,test
우리나라에 우편번호가 처음 도입된 날,"대한민국의 우편번호는 우편물을 지역별로 빠르게 가려 보내기 위해 주소에 덧붙이는 번호로, 1970년 7월 1일 처음 도입되었다. 처음에는 우체국을 기준으로 120-01 같은 모양의 다섯 자리 번호를 썼다. 1988년에는 행정 구역을 기준으로 한 122-090 같은 여섯 자리 번호로 바뀌었고, 2000년에도 한 차례 손질을 거쳤다. 2014년 도로명주소가 전면 시행된 뒤 이듬해인 2015년 8월 1일부터는 국가기초구역번호를 그대로 우편번호로 쓰는 다섯 자리 체계가 시행되고 있다. 국가기초구역은 도로와 하천처럼 쉽게 바뀌지 않는 경계로 나눈 구역으로, 새 우편번호는 03488처럼 다섯 자리 숫자로 적는다. 번호의 앞자리는 지역을 나타내며, 서울은 01부터 09까지로 시작하고 가장 끝인 제주는 63으로 시작한다. 2023년 11월 기준으로 약 3만 4,605개의 우편번호가 약 640만 개의 도로명주소에 나뉘어 붙어 있다.",1970년 7월 1일,대한민국의 우편번호,train
단백질 아미노산 서열을 처음 밝혀낸 과학자,"인슐린은 이자(췌장)의 랑게르한스섬에 있는 베타 세포에서 만들어지는 호르몬으로, 혈액 속 포도당의 양을 낮추는 일을 한다. 이 호르몬이 모자라거나 제대로 작용하지 못하면 당뇨병이 생긴다. 1921년 캐나다 토론토 대학교의 프레더릭 밴팅과 찰스 베스트가 개의 이자에서 인슐린을 뽑아내는 데 성공했다. 이듬해인 1922년에는 14세 소년 레너드 톰프슨이 인슐린 주사를 맞은 첫 환자가 되었고, 그의 병세는 눈에 띄게 나아졌다.
1923년 노벨 생리의학상은 밴팅과 연구실 책임자였던 존 매클라우드에게 돌아갔다. 소의 인슐린은 아미노산 21개로 된 A 사슬과 30개로 된 B 사슬로 이루어져 있다. 1955년 영국의 프레더릭 생어는 인슐린을 이루는 아미노산의 순서를 밝혀, 단백질의 아미노산 서열을 처음으로 모두 알아냈다. 오늘날에는 유전자 재조합 기술로 사람 인슐린을 대량으로 만들어 당뇨병 치료에 쓰고 있다.",프레더릭 생어,인슐린,test
"사해는 이스라엘, 팔레스타인, 요르단 사이에 있는 소금 호수이다","사해는 이스라엘, 팔레스타인, 요르단 사이에 있는 소금 호수이다. 수면이 해수면보다 약 430미터 낮아 지구 육지에서 가장 낮은 곳으로 꼽힌다. 물의 염분은 약 34퍼센트로 일반 바닷물보다 열 배 가까이 짜고, 칼슘과 마그네슘도 많이 녹아 있어 물고기가 살 수 없다. 사해라는 이름도 생물이 살지 못하는 바다라는 데서 비롯되었으며, 히브리어로는 소금 바다라는 뜻의 이름으로 부른다.
남북 길이는 67킬로미터, 동서 너비는 18킬로미터이다. 북쪽에서 요르단강이 흘러들지만 빠져나가는 물길이 없어, 뜨겁고 메마른 날씨 속에 물이 증발하면서 소금이 계속 쌓인다. 물의 밀도가 높아 사람이 몸에 힘을 주지 않아도 물 위에 쉽게 뜬다. 최근에는 흘러드는 물이 줄어 수면이 해마다 1미터가량 낮아지고 있다. 1947년에는 근처 동굴에서 고대의 두루마리 문서들이 발견되었는데, 이를 사해 문서라고 부른다.",사해는,사해,test
"대항해 시대에 포르투갈 출신 항해가가 에스파냐 왕의 후원으로 서쪽 항로를 찾아 떠났다가 필리핀에서 전투 중에 숨졌다고 하던데, 그 뒤 남은 선원들을 이끌고 항해를 끝마쳐서 에스파냐 왕실로부터 처음으로 세계를 한 바퀴 돈 사람으로 인정받은 인물은 누구인가요?","페르디난드 마젤란은 1480년 무렵 포르투갈에서 태어난 항해가로, 에스파냐 왕 카를로스 1세의 후원을 받아 서쪽으로 돌아 향료 제도에 이르는 뱃길을 찾아 나섰다. 원정대는 배 다섯 척과 선원 약 270명으로 꾸려져 1519년 9월 20일 에스파냐의 산루카르데바라메다 항구를 떠났다. 1520년 11월 28일 남아메리카 남쪽 끝의 좁은 물길을 빠져나왔으며, 이 해협에는 훗날 그의 이름이 붙었다. 해협을 지나 만난 넓은 바다에 그는 태평양이라는 이름을 지어 주었다.
그러나 마젤란은 1521년 4월 27일 필리핀의 막탄섬에서 추장 라푸라푸의 군대와 싸우다 숨졌다. 남은 선원들은 후안 세바스티안 엘카노의 지휘 아래 항해를 이어 갔고, 1522년 9월 6일 빅토리아호 한 척만이 출발했던 항구로 돌아왔다. 끝까지 살아 돌아온 선원은 18명뿐이었다. 에스파냐 왕실은 엘카노를 처음으로 세계를 일주한 사람으로 인정했다. 이 항해는 배를 타고 지구를 한 바퀴 돌 수 있다는 사실을 처음으로 실제로 보여 주었다.",후안 세바스티안 엘카노,마젤란의 세계 일주,train
만 18세 투표권이 처음 적용된 선거는 무엇인가요?,"선거권 연령은 선거에서 투표할 수 있는 최소 나이를 말한다. 대한민국의 선거권 연령은 1948년 정부 수립 당시 21세로 정해졌다. 1960년에 20세로 낮아졌고, 이후 오랫동안 유지되다가 2005년 공직선거법 개정으로 19세가 되었다. 2005년 개정 때에도 18세로 낮추자는 주장이 있었으나 협상 끝에 19세로 정해졌다. 이후 2019년 말 국회를 통과한 공직선거법 개정으로 선거권 연령은 만 18세로 다시 낮아졌고, 2020년 4월 15일에 치러진 제21대 국회의원 선거부터 적용되었다. 이로써 생일이 지난 고등학교 3학년 학생 가운데 일부도 투표에 참여할 수 있게 되었다. 2022년에는 국회의원과 지방 선거에 출마할 수 있는 피선거권 나이도 만 25세에서 만 18세로 낮아졌다. 선거권 연령을 만 18세로 두는 것은 경제협력개발기구 회원국 대부분과 같은 기준이다.",제21대 국회의원 선거,선거권 연령,train
갓 담근 김치의 톡 쏘는 맛을 내는 젖산균 무리는?,"김치는 소금에 절인 배추나 무 같은 채소를 고춧가루, 파, 마늘, 젓갈 등의 양념으로 버무려 발효시킨 한국의 전통 음식이다. 밥상에 거의 빠지지 않는 반찬이며, 계절과 지역에 따라 재료와 담그는 법이 크게 달라진다.

## 이름과 옛 기록
김치라는 말은 채소를 소금물에 담근다는 뜻의 한자어 침채에서 비롯되었다고 보는 견해가 널리 알려져 있다. 한글 기록에서는 16세기의 딤채가 17세기에서 18세기 사이에 짐채로 바뀌었고, 19세기에 이르러 김치라는 말이 자리를 잡았다. 김치를 가리키는 옛말로는 지도 쓰였는데, 오늘날 오이지나 짠지 같은 음식 이름에 그 흔적이 남아 있다. 채소를 절여 오래 두고 먹는 풍습은 삼국 시대부터 있었던 것으로 보인다. 고려 시대인 1241년에 나온 이규보의 문집에는 무를 소금에 절여 겨울에 대비하는 모습이 시로 남아 있다. 조선 시대인 1670년 무렵에 쓰인 조리서 음식디미방에는 여러 가지 김치 담그는 법이 실려 있다.

## 고추와 배추
오늘날처럼 붉은 김치가 된 것은 비교적 뒤의 일이다. 고추는 16세기 말에서 17세기 초 무렵 한반도에 들어왔고, 1766년에 편찬된 증보산림경제에 이르러 김치에 고추를 쓰는 방법이 본격적으로 기록되었다. 그 전의 김치는 소금에 절이거나 천초 같은 향신료로 맛을 낸 것이 많았다. 고추는 매운맛을 더할 뿐 아니라 김치가 쉽게 물러지거나 상하는 것을 늦추는 데에도 도움을 주어 빠르게 퍼졌다. 재료도 달라져, 오랫동안 무로 담근 김치가 중심이었으나 속이 꽉 찬 배추가 널리 재배되면서 20세기부터는 배추김치가 가장 흔한 김치가 되었다.

## 김치의 종류
김치의 종류는 200가지가 넘는다고 한다. 통배추를 절여 양념을 켜켜이 넣은 배추김치, 무를 네모나게 썰어 버무린 깍두기, 작은 무를 무청째 담근 총각김치, 어린 열무로 담그는 열무김치가 대표적이다. 무를 통째로 소금물에 담가 국물을 함께 먹는 동치미와 무와 배추를 얇게 썰어 담그는 나박김치 같은 물김치도 있고, 고춧가루를 쓰지 않아 맛이 맑은 백김치도 있다. 대체로 날씨가 따뜻한 남쪽 지방의 김치는 짜고 양념이 진하며, 추운 북쪽 지방의 김치는 간이 싱겁고 국물이 넉넉한 편이다. 개성 지방의 보쌈김치는 넓은 배추 잎으로 여러 재료를 보자기처럼 감싸 담그는 것으로 이름이 났고, 전라남도 여수의 돌산 지역은 톡 쏘는 맛의 갓으로 담그는 갓김치로 잘 알려져 있다. 푹 익은 김치는 그대로 먹을 뿐 아니라 김치찌개나 김치볶음밥 같은 요리의 재료로도 널리 쓰인다.

## 발효의 원리
김치의 맛은 젖산균의 발효에서 나온다. 담근 지 얼마 되지 않았을 때는 류코노스톡 무리의 젖산균이 많아 상큼하고 톡 쏘는 맛이 나고, 시간이 지나면 락토바실러스 무리가 늘어나면서 신맛이 강해진다. 낮은 온도에서 천천히 익힐수록 맛이 고르고 오래가기 때문에, 예전에는 김칫독을 땅에 묻어 겨울을 났다. 요즘은 온도를 세밀하게 맞추는 김치 전용 냉장고가 그 역할을 대신한다.

## 김장과 문화유산
김장은 초겨울에 겨우내 먹을 김치를 한꺼번에 담그는 일로, 가족과 이웃이 모여 일손을 나누고 담근 김치를 함께 나누는 풍습이다. 이 김장 문화는 2013년 12월 5일 아제르바이잔 바쿠에서 열린 제8차 무형유산 정부간위원회에서 유네스코 인류무형유산 대표목록에 올랐다. 2015년에는 북한의 김치 담그기 풍습도 따로 등재되었다. 국내에서는 2017년 김치 담그기가 국가무형문화재 제133호로 지정되었다. 2020년에는 11월 22일이 법정 기념일인 김치의 날로 정해졌는데, 김치 재료 하나하나가 모여 스물두 가지 효능을 낸다는 뜻을 날짜에 담았다. 식품을 주제로 한 법정 기념일은 김치의 날이 처음이다.

## 담그는 과정
배추김치를 담글 때는 먼저 배추를 반으로 갈라 소금이나 소금물에 몇 시간에서 하룻밤 정도 절인다. 절인 배추는 맑은 물에 여러 번 헹군 뒤 물기를 뺀다. 그동안 무채에 고춧가루, 다진 마늘과 생강, 파, 젓갈 등을 섞어 김칫소를 만든다. 물기를 뺀 배추의 잎 사이사이에 김칫소를 고루 넣은 다음, 겉잎으로 감싸 항아리나 통에 차곡차곡 담아 익힌다. 김장은 흔히 입동 전후에 하는데, 날씨가 추워지면서 배추가 달고 단단해지고, 담근 김치가 낮은 기온에서 천천히 익기 때문이다.

## 연구와 국제 규격
김치는 2001년 국제식품규격위원회에서 국제 식품 규격으로 채택되어, 김치를 무엇으로 어떻게 만들어야 하는지에 대한 국제적인 기준이 마련되었다. 2010년에는 김치의 과학적 연구와 산업 발전을 위해 광주에 세계김치연구소가 세워졌다. 김치냉장고는 1990년대 중반부터 가정에 빠르게 퍼져, 김칫독을 땅에 묻던 모습을 도시에서는 거의 볼 수 없게 되었다. 김치 담그기는 국가무형문화재로 지정될 때 특정 보유자나 단체를 두지 않았는데, 온 국민이 함께 이어 온 문화라는 점을 인정한 것이다.


## 김치와 식생활
김치는 채소를 주재료로 하므로 식이섬유가 풍부하고, 발효 과정에서 생기는 젖산균을 함께 먹을 수 있다는 점에서 건강식으로 관심을 받아 왔다. 다만 소금과 젓갈이 들어가 나트륨이 많은 편이어서, 간을 줄여 싱겁게 담그려는 시도도 꾸준히 이어지고 있다. 김장철이 다가오면 배추와 무, 고추 같은 재료의 값이 집집마다 큰 관심거리가 되고, 이웃끼리 날을 달리해 서로의 김장을 돕는 품앗이도 여전히 볼 수 있다.",류코노스톡,김치,train
지리산에서 제일 높은 봉우리,"지리산은 한반도 남부에 넓게 자리 잡은 산으로, 남원시·구례군·하동군·산청군·함양군에 걸쳐 있어 세 개 도의 경계를 이룬다. 최고봉인 천왕봉의 높이는 1,916.77미터이다. 서쪽의 노고단(1,507미터)에서 중간의 반야봉(1,732미터)을 거쳐 동쪽의 천왕봉까지 높은 봉우리가 긴 능선으로 이어진다.
1967년 12월 29일 대한민국에서 처음으로 국립공원으로 지정되었으며, 공원 면적은 약 483제곱킬로미터로 산악형 국립공원 가운데 넓은 편에 속한다. 칠선계곡, 뱀사골, 피아골, 한신계곡 같은 깊은 골짜기가 발달해 있고, 화엄사, 쌍계사, 실상사, 연곡사, 대원사 등 역사가 오랜 절들이 산 곳곳에 자리하고 있다. 한때 거의 자취를 감춘 반달가슴곰을 다시 살려 내는 복원 사업이 이 산에서 이루어지고 있으며, 지금까지 여러 마리의 곰이 숲으로 방사되었다.",천왕봉,지리산,train
보이저 1호 발사 날짜,"보이저 1호는 미국 항공우주국(NASA)이 1977년 9월 5일 발사한 무인 우주 탐사선이다. 쌍둥이 탐사선인 보이저 2호는 이보다 앞선 같은 해 8월 20일에 먼저 발사되었다. 발사 당시 무게는 815킬로그램이었으며, 햇빛이 약한 먼 우주에서도 전기를 얻도록 플루토늄-238이 붕괴할 때 나오는 열을 이용하는 원자력 전지 세 개를 달았다.
보이저 1호는 1979년 3월 5일 목성에 약 34만 9천 킬로미터까지 다가갔고, 1980년 11월 12일에는 토성에 약 12만 4천 킬로미터까지 접근해 두 행성과 위성들의 모습을 보내왔다. 1990년 2월 14일에는 약 60억 킬로미터 떨어진 곳에서 뒤를 돌아 지구를 찍었는데, 먼지 같은 점 하나로 보이는 이 사진은 창백한 푸른 점이라는 이름으로 널리 알려졌다. 2012년 8월 25일에는 태양풍이 미치는 범위를 벗어나 성간 공간에 들어선 첫 인공 물체가 되었다. 탐사선에는 지구의 사진과 소리, 55개 언어로 된 인사말, 여러 나라의 음악을 담은 골든 레코드가 실려 있다. 보이저 1호는 지금도 지구에서 가장 멀리 떨어진 인공 물체이다.",1977년 9월 5일,보이저 1호,validation
1948년 정부 수립 때 선거권은 몇 살부터 있었어?,"선거권 연령은 선거에서 투표할 수 있는 최소 나이를 말한다. 대한민국의 선거권 연령은 1948년 정부 수립 당시 21세로 정해졌다. 1960년에 20세로 낮아졌고, 이후 오랫동안 유지되다가 2005년 공직선거법 개정으로 19세가 되었다. 2005년 개정 때에도 18세로 낮추자는 주장이 있었으나 협상 끝에 19세로 정해졌다. 이후 2019년 말 국회를 통과한 공직선거법 개정으로 선거권 연령은 만 18세로 다시 낮아졌고, 2020년 4월 15일에 치러진 제21대 국회의원 선거부터 적용되었다. 이로써 생일이 지난 고등학교 3학년 학생 가운데 일부도 투표에 참여할 수 있게 되었다. 2022년에는 국회의원과 지방 선거에 출마할 수 있는 피선거권 나이도 만 25세에서 만 18세로 낮아졌다. 선거권 연령을 만 18세로 두는 것은 경제협력개발기구 회원국 대부분과 같은 기준이다.",21세,선거권 연령,train
제너가 우두를 처음 접종한 소년 이름,"에드워드 제너는 1749년 5월 17일 잉글랜드 글로스터셔의 버클리에서 태어난 의사로, 천연두를 막는 우두 접종법을 개발했다. 당시 시골에서는 소젖을 짜다가 가벼운 병인 우두에 걸렸던 사람은 천연두에 잘 걸리지 않는다는 이야기가 전해지고 있었다. 제너는 이를 시험하려고 1796년 5월 14일, 우두에 걸린 젖 짜는 여성 세라 넬름스의 손에 생긴 물집에서 고름을 뽑아 여덟 살 소년 제임스 핍스에게 접종했다. 뒤이어 소년에게 천연두 고름을 넣었으나 병은 나타나지 않았다. 그는 1798년 이 실험을 비롯한 사례들을 정리해 책으로 펴냈다.
라틴어로 암소를 뜻하는 바카에서 오늘날 백신이라는 말이 생겨났다. 제너는 1823년 1월 26일 세상을 떠났지만, 그의 방법은 세계 곳곳으로 퍼져 나갔다. 세계 보건 기구(WHO)는 1980년 5월 8일 천연두가 지구에서 사라졌다고 공식 선언했다. 자연적으로 감염된 마지막 환자는 1977년 소말리아에서 나왔다.",제임스 핍스,에드워드 제너와 우두 접종,train
이 글에서 해례본 집필에 참여했다고 나오는 학자들은 누구누구야?,"훈민정음은 조선의 제4대 임금 세종이 만든 문자 체계이자, 그 글자의 원리를 풀이해 펴낸 책의 이름이다. 이름에는 백성을 가르치는 바른 소리라는 뜻이 담겨 있다. 세종은 재위 25년째인 1443년에 새 글자를 완성했고, 1446년에 이를 나라 안에 널리 알렸다. 처음 만들었을 때 글자는 모두 28자였다. 글자의 짜임과 쓰는 법을 설명한 해례본은 집현전 학자들이 함께 지었으며, 정인지·신숙주·성삼문·최항·박팽년 등이 집필에 참여했다.
해례본은 오백 년 가까이 행방을 알 수 없다가 1940년 경상북도 안동에서 한 부가 나왔고, 2008년에는 상주에서 또 다른 한 부가 확인되었다. 안동에서 나온 책은 1962년 국보 제70호로 지정되었으며, 1997년에는 유네스코 세계기록유산 목록에 올랐다. 당시 양반층 일부는 한자를 두고 새 글자를 쓰는 데 반대했지만, 배우고 쓰기 쉽다는 장점 덕분에 이 문자는 오늘날 한글이라는 이름으로 한국어를 적는 공식 문자가 되었다.",정인지·신숙주·성삼문·최항·박팽년,훈민정음,train
한산도 대첩에서 이순신이 펼친 진법 이름,"임진왜란은 1592년부터 1598년까지 일본이 두 차례에 걸쳐 조선을 침략하면서 벌어진 전쟁이다. 1597년에 다시 시작된 두 번째 침략은 따로 정유재란이라 부르기도 한다. 일본을 통일한 도요토미 히데요시는 명나라를 치러 가는 길을 내 달라는 요구를 내세워 조선을 공격했고, 조선을 돕기 위해 명나라까지 뛰어들면서 동아시아 여러 나라가 얽힌 큰 전쟁이 되었다.
## 전쟁의 시작
1592년 음력 4월 13일, 양력으로는 5월 23일에 일본군이 부산 앞바다에 몰려와 상륙했다. 일본이 동원한 병력은 약 20만 명에 이르렀다. 일본군은 곧바로 부산진성과 동래성을 공격해 무너뜨렸는데, 부산진성을 지키던 첨사 정발과 동래성을 지키던 부사 송상현이 이 싸움에서 목숨을 잃었다. 일본군은 여러 갈래로 나뉘어 빠르게 북쪽으로 올라왔다.
## 한양과 평양의 함락
조정은 신립을 도순변사로 삼아 적을 막게 했다. 그러나 신립은 음력 4월 28일, 양력 6월 7일 충주 탄금대에서 고니시 유키나가가 이끄는 일본군에 크게 패하고 전사했으며, 조선군 상당수가 물러나다 강물에 빠져 목숨을 잃었다. 이 소식이 전해지자 선조는 도성을 떠나 북쪽으로 피란길에 올랐고, 결국 압록강 가의 의주까지 옮겨 갔다. 그 사이 한양과 평양이 차례로 일본군의 손에 들어갔다. 전쟁 초기 육지에서 조선군은 제대로 맞서지 못하고 밀려났다.
## 바다에서의 승리
육지의 사정과 달리 바다에서는 전라좌도 수군절도사 이순신이 이끄는 수군이 잇달아 승리를 거두었다. 조선 수군은 음력 5월 7일, 양력 6월 16일 거제의 옥포에서 일본 배 26척을 가라앉히며 전쟁의 첫 해전 승리를 올렸다. 이어 음력 7월 8일에는 한산도 앞바다에서 일본 수군의 주력과 맞섰다. 조선 수군에는 판옥선 위에 쇠못을 박은 덮개를 씌운 거북선도 있었는데, 이순신이 전쟁 직전에 완성한 이 배는 1592년 사천 해전에서 처음 실전에 나섰다. 한산도에서 이순신은 좁은 견내량에 머물던 적선을 넓은 바다로 끌어낸 뒤, 학이 날개를 펼친 듯 배를 둥글게 벌려 세우는 학익진으로 에워싸 크게 무찔렀다. 이 싸움에는 이억기와 원균의 함대도 함께해 조선 수군은 거북선을 포함해 56척에 이르렀고, 일본 쪽 지휘관은 와키자카 야스하루였다. 한산도 대첩 이후 일본군은 바닷길로 군량과 병력을 실어 나르려던 계획에 큰 차질을 빚었다.
## 육지의 반격과 의병
곳곳에서 백성과 선비들이 스스로 일어난 의병도 일본군을 괴롭혔다. 경상도의 곽재우, 충청도의 조헌, 전라도의 고경명 등이 이름난 의병장이다. 경상도 의령에서 가장 먼저 의병을 일으킨 곽재우는 붉은 옷을 입고 앞장서 싸워 홍의장군이라 불렸으며, 정암진에서 남강을 건너려던 일본군을 막아 곡창인 전라도로 가는 길을 지켰다. 1592년 음력 10월에는 진주 목사 김시민이 3,800명 남짓한 군사로 3만 명에 이르는 일본군을 막아 내 진주성을 지켰으나, 그 자신은 싸움 중에 입은 상처로 세상을 떠났다. 1593년 음력 2월 12일에는 전라도 순찰사 권율이 한강을 등진 낮은 산에 자리한 행주산성에서 일본군의 대군을 물리쳤다. 성안의 조선군은 화차와 비격진천뢰 같은 무기를 써 가며 일곱 차례에 걸친 총공격을 모두 막아 냈고, 일본군 장수 우키타 히데이에는 크게 다쳤다. 한산도, 진주성, 행주산성의 세 싸움은 흔히 임진왜란의 3대 대첩으로 꼽힌다.
## 명나라의 참전과 협상
조선의 요청을 받은 명나라는 첫 번째 침략 때 약 4만 8천 명의 군대를 보냈다. 1593년 음력 1월 명나라 장수 이여송이 이끄는 군대가 조선군과 함께 평양성을 되찾았다. 행주산성 싸움이 끝나고 두 달쯤 뒤 일본군은 한양에서 물러나 남쪽 해안으로 내려갔다. 이후 1594년부터 1596년까지 명과 일본 사이에 휴전 협상이 이어졌지만, 서로의 요구가 크게 달라 결국 결렬되었다.
## 정유재란과 전쟁의 끝
1597년 일본군이 다시 쳐들어오면서 정유재란이 시작되었다. 이 무렵 이순신은 모함을 받아 자리에서 물러나 있었고, 그 뒤를 이은 원균은 칠천량 해전에서 크게 져 조선 수군은 거의 무너졌다. 다시 삼도수군통제사가 된 이순신은 아직 전선 열두 척이 남아 있다며 싸울 뜻을 굽히지 않았다. 그는 음력 9월 16일 진도와 해남 사이의 좁은 물길인 울돌목에서 단 13척의 배로 130척이 넘는 일본 함대를 맞아, 한 척도 잃지 않고 적선 30척가량을 격파했다. 이것이 명량 해전이다. 1598년 도요토미 히데요시가 죽자 일본군은 철수를 시작했다. 조선과 명나라의 연합 수군은 음력 11월 19일, 양력으로 12월 16일 남해의 노량 앞바다에서 시마즈 요시히로가 이끌고 물러가던 일본 함대를 가로막았다. 명나라 수군을 이끈 장수는 진린이었다. 조명 연합 수군은 이 싸움에서 이겼지만 이순신은 적의 총탄을 맞고 전사했다. 노량 해전을 끝으로 7년에 걸친 전쟁은 막을 내렸다.
## 전쟁이 남긴 것
7년 동안 이어진 전쟁은 깊은 상처를 남겼다. 전쟁 전체에서 군인과 민간인을 합쳐 100만 명이 넘는 사람이 목숨을 잃은 것으로 추정되며, 5만~6만 명가량의 조선 사람이 일본으로 끌려갔다. 농사짓던 땅이 크게 줄어 나라 살림이 어려워졌고, 수많은 문화재가 불타거나 바다 건너로 옮겨졌다. 끌려간 사람들 가운데에는 도자기를 빚는 장인도 많았는데, 이들의 솜씨는 일본의 도자기 생산이 크게 발전하는 바탕이 되었다. 조선을 돕느라 막대한 은을 쏟아부은 명나라는 재정이 흔들렸고, 그 사이 만주에서는 여진이 세력을 키우면서 동아시아의 힘의 판도가 바뀌기 시작했다. 조선과 일본은 1609년 기유약조를 맺어 전쟁 뒤 끊겼던 교류를 다시 열었다.",학익진,임진왜란,train
초창기 농구에서 골대 대신 쓴 물건,"농구는 다섯 명씩 짝을 이룬 두 팀이 공을 상대편 바구니에 던져 넣어 점수를 겨루는 구기 종목이다. 1891년 미국 매사추세츠주 스프링필드의 YMCA에서 체육 교사로 일하던 제임스 네이스미스가 추운 겨울에도 실내에서 할 수 있는 운동으로 고안했다. 처음에는 복숭아 바구니를 체육관 난간에 매달아 골대로 썼고, 네이스미스는 열세 개 조항으로 된 규칙을 만들었다. 국제농구연맹 규칙에서 코트는 가로 28미터, 세로 15미터이며, 골대 바구니는 바닥에서 3.05미터 높이에 달린다. 경기는 10분짜리 쿼터 네 개로 진행되고, 공격하는 팀은 24초 안에 슛을 시도해야 한다. 일반 슛은 2점, 3점 선 밖에서 넣은 슛은 3점, 반칙으로 얻은 자유투는 한 개에 1점이다. 남자 농구는 1936년 베를린 올림픽에서 정식 종목이 되었고, 여자 농구는 40년 뒤인 1976년 몬트리올 올림픽에서 추가되었다.",복숭아 바구니,농구,train
파나마 운하 중간에 있는 인공 호수,"파나마 운하는 중앙아메리카의 파나마 지협을 가로질러 대서양과 태평양을 잇는 운하로, 길이는 약 82킬로미터이다. 먼저 공사에 나선 나라는 프랑스였다. 페르디낭 드 레셉스가 1881년 공사를 시작했으나 열대 질병과 험한 지형 때문에 끝내 뜻을 이루지 못했다. 이후 미국이 공사를 넘겨받아 1914년 8월 15일 운하를 개통했다. 공사 기간 동안 수많은 노동자가 황열병과 말라리아 같은 병으로 목숨을 잃었다.
운하 가운데 지대가 바다보다 높기 때문에, 배는 갑문을 거치며 계단을 오르내리듯 물 높이를 맞추면서 해발 26미터에 있는 인공 호수 가툰호를 건넌다. 갑문은 미라플로레스, 페드로 미겔, 가툰 세 곳에 있다. 배 한 척이 운하를 다 지나는 데는 8~10시간 정도 걸린다. 미국이 관리하던 운하는 1999년 말 파나마 정부로 넘겨졌다. 2016년 6월 26일에는 더 큰 배가 지날 수 있도록 새 갑문을 갖춘 확장 운하가 문을 열었다.",가툰호,파나마 운하,train
하회별신굿탈놀이 국가무형문화재 지정 번호,"하회별신굿탈놀이는 경상북도 안동시 풍천면 하회마을에서 마을 수호신에게 올리는 별신굿의 한 부분으로 행해진 탈놀이이다. 12세기 중엽 무렵부터 전해졌다고 보며, 예전에는 정초에 마을 사람들이 직접 탈을 쓰고 놀이판을 벌였다. 등장하는 탈은 주지, 각시, 중, 양반, 선비, 초랭이, 이매, 부네, 할미, 백정 등이며, 사자처럼 생긴 주지탈은 두 개가 한 쌍을 이룬다. 탈은 오리나무를 깎아 모양을 잡은 뒤 옻과 안료를 두세 겹 덧칠해 완성한다. 놀이는 주지 두 마리가 춤추는 장면으로 문을 열어 모두 아홉 마당으로 이어지며, 양반과 선비의 허세, 파계한 승려의 모습 등을 웃음거리로 삼아 꼬집는다. 이 놀이에 쓰이던 하회탈은 이웃 마을의 병산탈과 함께 국보로 지정되어 있다. 탈놀이 자체는 1980년 11월 17일 국가무형문화재 제69호가 되었고, 2022년에는 여러 지역의 탈놀이와 함께 '한국의 탈춤'이라는 이름으로 유네스코 인류무형유산에 등재되었다.",제69호,하회별신굿탈놀이,validation
"한국전쟁 때 성의 일부가 부서졌으나, 이 의궤에 남은 기록을 근거로 옛 모습대로 복원할 수 있었다","수원 화성은 조선 제22대 임금 정조가 경기도 수원에 쌓게 한 성곽이다. 1794년에 공사를 시작해 1796년에 끝냈으니 2년 남짓한 짧은 기간에 완성한 셈이다. 설계에 참여한 정약용은 무거운 돌을 적은 힘으로 들어 올리는 거중기를 고안했고, 이 도구는 공사를 빠르게 마치는 데 한몫했다. 성벽의 둘레는 5.74킬로미터이다. 성의 네 방향에는 북쪽의 장안문, 남쪽의 팔달문, 동쪽의 창룡문, 서쪽의 화서문이 있다.
공사가 끝난 뒤 조정은 축성 과정을 꼼꼼하게 기록한 『화성성역의궤』를 펴냈다. 한국전쟁 때 성의 일부가 부서졌으나, 이 의궤에 남은 기록을 근거로 옛 모습대로 복원할 수 있었다. 1963년 1월 21일 사적 제3호로 지정되었고, 1997년 유네스코 세계유산에 등재되었다. 동양과 서양의 축성 기술을 함께 받아들인 성곽으로 평가받으며, 오늘날에는 성벽을 따라 걷는 길이 수원의 대표적인 명소가 되었다.",한국전쟁,수원 화성,train
하회마을 탈놀이는 모두 몇 마당으로 짜여 있지?,"하회별신굿탈놀이는 경상북도 안동시 풍천면 하회마을에서 마을 수호신에게 올리는 별신굿의 한 부분으로 행해진 탈놀이이다. 12세기 중엽 무렵부터 전해졌다고 보며, 예전에는 정초에 마을 사람들이 직접 탈을 쓰고 놀이판을 벌였다. 등장하는 탈은 주지, 각시, 중, 양반, 선비, 초랭이, 이매, 부네, 할미, 백정 등이며, 사자처럼 생긴 주지탈은 두 개가 한 쌍을 이룬다. 탈은 오리나무를 깎아 모양을 잡은 뒤 옻과 안료를 두세 겹 덧칠해 완성한다. 놀이는 주지 두 마리가 춤추는 장면으로 문을 열어 모두 아홉 마당으로 이어지며, 양반과 선비의 허세, 파계한 승려의 모습 등을 웃음거리로 삼아 꼬집는다. 이 놀이에 쓰이던 하회탈은 이웃 마을의 병산탈과 함께 국보로 지정되어 있다. 탈놀이 자체는 1980년 11월 17일 국가무형문화재 제69호가 되었고, 2022년에는 여러 지역의 탈놀이와 함께 '한국의 탈춤'이라는 이름으로 유네스코 인류무형유산에 등재되었다.",아홉 마당,하회별신굿탈놀이,train
줄타기 반주에는 어떤 악기를 써?,"줄타기는 공중에 매단 줄 위를 걸으며 여러 재주를 부리고, 노래와 재담을 섞어 관객과 함께 즐기는 한국의 전통 공연이다. 공연자는 역할에 따라 셋으로 나뉜다. 줄광대는 줄 위에서 재주를 선보이고, 어릿광대는 땅 위에 서서 줄광대와 말을 주고받으며 웃음을 이끌어 내며, 삼현육각재비는 장구와 피리, 해금 등으로 반주를 맡는다. 줄광대가 줄 위에서 보여 주는 기술은 대략 서른 가지에 이른다. 예전에는 주로 음력 4월 15일이나 단오, 추석 같은 명절에 판이 벌어졌다. 다른 나라의 줄타기가 곡예 기술 자체에 무게를 두는 데 비해, 한국의 줄타기는 이야기와 익살을 곁들여 공연자와 관객이 함께 어울린다는 점이 특징으로 꼽힌다. 줄 위의 광대는 재주를 부리는 틈틈이 노래를 부르거나 아래의 어릿광대에게 농담을 던져 구경꾼의 호응을 끌어낸다. 줄타기는 1976년 국가무형문화재 제58호로 지정되었고, 2011년 유네스코 인류무형유산 대표목록에 올랐다.","장구와 피리, 해금",줄타기,train
고창 화순 강화 고인돌 세계유산 등재 날짜,"고인돌은 큰 바위를 받침돌 위에 얹거나 땅 위에 놓아 만든 선사 시대의 무덤으로, 거석 기념물의 한 종류이다. 한국은 세계적으로 고인돌이 많이 모여 있는 곳이며, 그 가운데 청동기 시대 고인돌이 빽빽하게 분포한 고창, 화순, 강화 세 지역의 유적은 2000년 12월 2일 유네스코 세계유산으로 함께 등재되었다.
고창군 죽림리 일대에는 500기가 넘는 고인돌이 모여 있다. 화순에서는 좁은 지역 안에 596기가량이 몰려 있고, 춘양면 대신리에 있는 고인돌의 덮개돌은 무게가 280톤 정도로 국내에서 가장 무거운 것으로 알려져 있다. 강화에서는 고려산 기슭을 따라 부근리, 삼거리, 오상리 등에 120기 남짓이 분포하며, 해발 280미터에 이르는 높은 곳에서도 고인돌이 발견된다. 한곳에 수백 기가 몰려 있고 형식도 다양한 이 유적들은 청동기 시대의 사회 구조와 동북아시아 선사 문화의 교류를 밝히는 데 중요한 자료로 쓰인다.",2000년 12월 2일,고창·화순·강화 고인돌 유적,test
주 40시간제 근로기준법 개정안이 국회 본회의를 통과한 날,"주 40시간 근무제는 법으로 정한 근로 시간을 하루 8시간, 한 주 40시간으로 줄인 제도로, 토요일에 쉬는 주 5일 근무가 자리 잡는 계기가 되었다. 1953년 근로기준법이 처음 만들어졌을 때 법정 근로 시간은 한 주 48시간이었고, 1989년 법 개정으로 44시간이 되었다. 주 40시간으로 줄이는 근로기준법 개정안은 2003년 8월 29일 국회 본회의를 통과해 같은 해 9월 15일 공포되었다. 제도는 사업장 규모에 따라 차례로 적용되었다. 2004년 7월 공기업과 금융, 보험 업종, 그리고 근로자 1,000명 이상 사업장부터 시작해, 2005년 300명 이상, 2006년 100명 이상, 2007년 50명 이상, 2008년 20명 이상 사업장으로 넓어졌다. 마지막으로 2011년 7월 1일 근로자 5명 이상 20명 미만 사업장까지 적용되면서 제도가 사실상 모두 자리를 잡았다. 법 개정 때 연차 유급 휴가도 손질되어, 한 해 동안 8할 이상 출근한 근로자에게 15일의 휴가를 주고 근속 기간에 따라 늘리되 최대 25일로 정했다.",2003년 8월 29일,주 40시간 근무제,test
1962년 화폐 개혁 때 환을 원으로 바꾼 교환 비율은?,"1962년 화폐 개혁은 그해 6월 10일 정부가 긴급통화조치로 화폐 단위를 환에서 원으로 바꾸고, 옛 돈 10환을 새 돈 1원으로 맞바꾸게 한 조치이다. 대한민국의 중앙은행인 한국은행은 1950년에 세워졌다. 1953년에는 전쟁으로 치솟은 물가를 잡으려고 원을 환으로 바꾸며 100원을 1환으로 교환하는 개혁이 있었는데, 1962년의 조치는 그 단위를 다시 원으로 되돌린 것이다. 금융통화운영위원회는 바로 전날인 6월 9일 1원, 5원, 10원, 50원, 100원, 500원의 여섯 가지 새 은행권 발행을 의결했고, 6월 10일부터 한국은행 본점과 지점을 통해 새 돈을 풀었다. 옛 돈의 유통과 거래는 금지되었으며, 옛 화폐로 된 현금과 예금을 묶어 두는 긴급금융조치도 함께 시행되었다. 정부는 숨어 있는 자금을 끌어내 경제 개발에 쓰고 지나치게 풀린 돈을 거둬 물가를 안정시키겠다는 목적을 내세웠다. 이때 되돌아온 원은 오늘날까지 대한민국의 화폐 단위로 쓰이며, 기호는 ₩, 국제 표준 부호는 KRW이다.",옛 돈 10환을 새 돈 1원으로,1962년 화폐 개혁,train
헌법재판소는 법률이 헌법에 맞는지를 판단하고 헌법과 관련된 분쟁을 해결하는 대한민국의 최고 헌법 기관이다,"헌법재판소는 법률이 헌법에 맞는지를 판단하고 헌법과 관련된 분쟁을 해결하는 대한민국의 최고 헌법 기관이다. 1987년 헌법 개정에 따라 1988년 9월 1일 문을 열었다. 이전에도 헌법위원회가 법률의 위헌 여부를 심사하는 기구로 있었지만 실제 역할은 크지 않았다. 재판관은 모두 9명이며, 대통령이 임명하되 그 가운데 3명은 국회가 선출하고 3명은 대법원장이 지명한 사람을 임명한다. 재판관 임기는 6년이고 연임할 수 있다. 헌법재판소가 다루는 일은 다섯 가지이다. 법원의 제청에 따라 법률의 위헌 여부를 가리는 위헌법률심판, 고위 공직자의 파면 여부를 정하는 탄핵심판, 위헌 정당의 해산 여부를 정하는 정당해산심판, 국가 기관 사이의 권한 다툼을 푸는 권한쟁의심판, 공권력 때문에 기본권을 침해당한 국민이 직접 청구하는 헌법소원심판이 그것이다. 법률의 위헌 결정, 탄핵 결정, 정당 해산 결정, 헌법소원 인용 결정을 하려면 재판관 6명 이상이 찬성해야 한다. 청사는 서울 종로구 재동에 있다.",헌법재판소는,헌법재판소,train
1923년 노벨 생리의학상은 밴팅과 연구실 책임자였던 존 매클라우드에게 돌아갔다,"인슐린은 이자(췌장)의 랑게르한스섬에 있는 베타 세포에서 만들어지는 호르몬으로, 혈액 속 포도당의 양을 낮추는 일을 한다. 이 호르몬이 모자라거나 제대로 작용하지 못하면 당뇨병이 생긴다. 1921년 캐나다 토론토 대학교의 프레더릭 밴팅과 찰스 베스트가 개의 이자에서 인슐린을 뽑아내는 데 성공했다. 이듬해인 1922년에는 14세 소년 레너드 톰프슨이 인슐린 주사를 맞은 첫 환자가 되었고, 그의 병세는 눈에 띄게 나아졌다.
1923년 노벨 생리의학상은 밴팅과 연구실 책임자였던 존 매클라우드에게 돌아갔다. 소의 인슐린은 아미노산 21개로 된 A 사슬과 30개로 된 B 사슬로 이루어져 있다. 1955년 영국의 프레더릭 생어는 인슐린을 이루는 아미노산의 순서를 밝혀, 단백질의 아미노산 서열을 처음으로 모두 알아냈다. 오늘날에는 유전자 재조합 기술로 사람 인슐린을 대량으로 만들어 당뇨병 치료에 쓰고 있다.",1923년,인슐린,train
해당 문서에서 소금층이 가장 두꺼운 곳은 몇 미터라고 했어?,"우유니 소금 사막은 볼리비아 남서부의 포토시주와 오루로주에 걸쳐 있는 세계에서 가장 넓은 소금 평원이다. 넓이는 약 10,600제곱킬로미터이며, 안데스산맥의 해발 약 3,660미터 고원에 펼쳐져 있다. 먼 옛날 이 일대를 덮고 있던 커다란 호수들이 메마른 기후 속에서 증발하면서 바닥에 소금이 두껍게 쌓여 만들어졌다. 소금층의 두께는 곳에 따라 1미터에서 120미터에 이르며, 묻혀 있는 소금은 적어도 100억 톤으로 추정된다.
이곳 소금물에는 전지의 재료가 되는 리튬도 많이 녹아 있어, 약 2,100만 톤의 리튬이 확인되었다. 우기인 12월부터 3월 사이에는 평원 위에 얕게 물이 고여 하늘을 그대로 비추기 때문에 세계에서 가장 큰 거울이라는 별명이 붙었다. 땅의 높낮이 차이가 1미터도 되지 않을 만큼 평평해서, 인공위성의 고도 측정 장비를 보정하는 데에도 쓰인다. 평원 한가운데에는 선인장으로 뒤덮인 잉카와시섬이 있고, 여러 종의 홍학이 날아든다.",120미터,우유니 소금 사막,train
대피라미드가 세계에서 가장 높은 건축물 자리를 내준 해는?,"기자의 대피라미드는 이집트 제4왕조의 파라오 쿠푸의 무덤으로, 카이로 근교 기자 고원에 서 있는 세 피라미드 가운데 가장 크다. 기원전 2560년 무렵 완성되었으며, 짓는 데 14년에서 20년가량 걸린 것으로 추정된다. 공사를 이끈 건축가는 헤미우누로 알려져 있다. 처음 높이는 약 146.8미터였으나 겉을 덮은 마감돌이 떨어져 나가 지금은 138.9미터이다.
밑변 한 변의 길이는 약 230.4미터이고, 네 변의 길이 차이가 58밀리미터에 불과할 만큼 정밀하게 지어졌으며, 네 면은 동서남북을 정확히 향한다. 평균 2.5톤짜리 돌 약 230만 개가 쓰였고 전체 무게는 약 590만 톤에 이른다. 1311년 잉글랜드의 링컨 대성당이 완성되기 전까지 약 3,800년 동안 사람이 만든 건축물 가운데 가장 높았다. 내부에는 왕의 방과 왕비의 방, 그리고 바닥의 암반을 파 들어간 미완성 방이 있다. 고대 세계의 7대 불가사의 가운데 지금까지 남아 있는 것은 이 피라미드 하나뿐이다.",1311년,기자의 대피라미드,train
이 지문에서 소개한 시험은 처음 도입된 해에 몇 번 치러졌나?,"대학수학능력시험은 대학에서 공부하는 데 필요한 능력을 측정하기 위해 치르는 대한민국의 대학 입학 시험으로, 흔히 수능이라 줄여 부른다. 여러 과목의 암기 지식을 묻던 학력고사를 대신해 도입되었으며, 첫 시험은 1994학년도 입시를 위해 1993년에 치러졌다. 첫해에는 8월과 11월 두 차례 시험을 보았으나, 이듬해부터 한 해에 한 번만 보는 방식으로 바뀌었다. 문제 출제와 시험 관리는 1998년에 세워진 한국교육과정평가원이 맡는다. 시험 영역은 국어, 수학, 영어, 한국사, 사회·과학·직업 탐구, 제2외국어와 한문으로 이루어진다. 2017학년도부터 한국사가 모든 수험생이 반드시 치러야 하는 필수 영역이 되었고, 2018학년도부터 영어는 정해진 점수만 넘으면 같은 등급을 주는 절대평가로 바뀌었다. 2022학년도부터는 국어와 수학에서 공통 과목과 선택 과목을 함께 보는 방식이 도입되었다. 성적표에는 표준점수, 백분위, 그리고 1등급부터 9등급까지의 등급이 적힌다. 시험은 해마다 11월 중순의 목요일에 전국에서 동시에 치러진다.",두 차례,대학수학능력시험,validation
도로명주소 전면 시행일은?,"도로명주소는 도로마다 이름을 붙이고, 그 도로를 따라 늘어선 건물에 차례로 번호를 매겨 위치를 나타내는 주소 체계이다. 이전까지는 1918년 무렵 토지 조사를 거치며 만들어진 지번주소를 썼는데, 땅을 나누고 합치는 일이 거듭되면서 번호가 뒤섞여 주소만으로 위치를 찾기가 어려워졌다. 정부는 1996년 시범 사업을 시작했고, 2007년 관련 법을 만들어 2009년 지금의 도로명주소법이라는 이름을 붙였다. 2011년 7월 29일 새 주소를 고시한 뒤 2013년 말까지는 옛 주소와 함께 쓰게 했고, 2014년 1월 1일부터 전면 시행했다. 도로는 너비와 차로 수에 따라 셋으로 나뉜다. 8차로 이상이거나 폭이 40미터를 넘으면 대로, 2차로에서 7차로 사이면 로, 그보다 좁은 길은 길이라 부른다. 건물번호는 도로가 시작하는 쪽에서 볼 때 왼쪽 건물에 홀수를, 오른쪽 건물에 짝수를 붙인다. 번호를 매기는 기준 간격은 대로와 로에서 20미터, 길에서 10미터여서, 번호만으로 도로 시작점에서의 거리를 어림할 수 있다.",2014년 1월 1일,도로명주소,train
조선의 비 측정 제도가 유럽보다 앞섰나요?,"측우기는 비가 내린 양을 재려고 조선 세종 때 만든 기구이다. 1441년, 곧 세종 23년에 처음 만들어졌으며, 세종과 당시 세자였던 문종, 장영실을 비롯한 여러 관리가 제작에 힘을 보탰다. 원통 모양 그릇의 길이는 1자 5치로 약 32센티미터, 지름은 7치로 약 15센티미터였다. 처음에는 쇠로 만들었고, 나중에는 구리나 도자기, 질그릇으로도 만들었다. 측우기를 올려놓는 돌 받침은 측우대라고 부른다.
조선은 같은 규격의 측우기를 전국 관아에 두고 강우량을 보고하게 해, 나라 전체가 통일된 방법으로 비의 양을 기록하는 제도를 갖추었다. 이는 유럽에서 강우량을 재는 기구가 나온 때보다 약 200년 이른 것으로 평가된다. 지금 남아 있는 가장 오래된 측우기는 1837년에 만들어 공주의 충청 감영에 두었던 것이다. 이 측우기는 보물 제561호로 지정되었다가, 측우대 두 점과 함께 국보로 승격되었다.",약 200년 이른,측우기,train
마그나 카르타를 승인한 잉글랜드 왕,"마그나 카르타는 1215년 6월 15일 잉글랜드의 존 왕이 템스강 가의 러니미드에서 귀족들의 요구를 받아들여 승인한 문서이다. 라틴어 이름은 자유의 큰 헌장이라는 뜻이며, 한국어로는 흔히 대헌장이라고 옮긴다. 왕이 제멋대로 세금을 걷거나 사람을 가두지 못하게 왕권을 제한하는 내용을 담았으며, 18세기 이후에는 모두 63개 조항으로 나누어 정리되었다.
그러나 교황 인노첸시오 3세는 같은 해 8월 24일 이 문서가 무효라고 선언했다. 이후 1216년, 1217년, 1225년에 내용을 손본 판이 다시 발행되었고, 1297년에도 이를 재확인하는 문서가 나왔다. 1215년에 작성된 사본은 지금 네 부가 남아 있는데, 영국 도서관에 두 부, 링컨 대성당과 솔즈베리 대성당에 한 부씩 보관되어 있다. 이 문서는 법이 왕보다 위에 있다는 생각을 보여 주는 상징으로 여겨지며, 뒷날 여러 나라의 헌법과 인권 문서가 만들어지는 데 영향을 주었다.",존 왕,마그나 카르타,train
로제타석 소장 박물관,"로제타석은 기원전 196년 고대 이집트에서 만들어진 비석의 조각으로, 프톨레마이오스 5세를 기리고 신전과 사제들에게 베푼 혜택을 알리는 칙령이 새겨져 있다. 1799년 7월 15일, 나폴레옹의 이집트 원정에 참여한 장교 피에르 부샤르가 나일강 하구의 도시 로제타 근처에서 발견했다. 같은 내용이 세 가지 문자로 적혀 있는데, 위에서부터 이집트 상형 문자 14줄, 민중 문자 32줄, 고대 그리스 문자 51줄이다.
높이 114.4센티미터, 너비 72.3센티미터, 두께 27.3센티미터이고, 화강섬록암으로 되어 있으며 무게는 약 760킬로그램이다. 1801년 영국군이 프랑스군을 물리친 뒤 이 돌을 넘겨받았고, 1802년부터 런던의 영국 박물관에서 소장하고 있다. 영국의 토머스 영은 1814년 민중 문자 부분의 번역을 마쳤고, 프랑스의 장프랑수아 샹폴리옹은 그리스어와 콥트어를 견주어 연구한 끝에 1822년 상형 문자 해독 결과를 발표했다. 이 비석은 오랫동안 읽지 못하던 이집트 상형 문자를 푸는 열쇠가 되었다.",영국 박물관,로제타석,train
제100회 전국체전은 어느 도시에서 열렸어?,"전국체육대회는 대한민국의 시도 대표 선수들이 한자리에 모여 여러 종목을 겨루는 국내 최대의 종합 체육 대회이다. 그 뿌리는 1920년 조선체육회가 창립된 해에 열린 제1회 전조선야구대회로, 이 대회는 그해 11월 4일부터 6일까지 배재고보 운동장에서 치러졌다. 이후 여러 종목이 더해지며 규모를 키웠으나, 1938년 조선체육회가 일제에 의해 강제로 해산되면서 대회도 끊겼다. 광복 뒤인 1945년에 다시 열렸다. 해마다 10월에 시작해 일주일 동안 열리고, 개최지는 시도가 돌아가며 맡는다. 17개 시도에서 모인 2만 명 안팎의 선수가 40개가 넘는 종목에서 기량을 겨룬다. 종목별 성적은 점수로 바꾸어 더하고, 그 합계로 시도의 종합 순위를 매긴다. 1972년에는 초등학교부와 중학교부를 떼어 내 전국소년체육대회를 따로 열기 시작했다. 2019년에는 서울에서 제100회 대회가 열렸다.",서울,전국체육대회,train
천지에서 가장 깊은 곳은 몇 미터인가요?,"백두산은 한반도에서 가장 높은 산으로, 최고봉인 장군봉의 높이는 2,744미터이다. 중국에서는 창바이산이라고 부른다. 여러 차례 분출한 용암과 화산재가 층층이 쌓여 생긴 성층화산이며, 꼭대기에는 지름 약 5킬로미터, 깊이 850미터에 이르는 거대한 칼데라가 있다. 이 칼데라에 물이 고여 생긴 호수가 천지이다. 천지의 수면은 해발 약 2,150미터에 있고, 둘레는 14킬로미터, 평균 수심은 213미터이며 가장 깊은 곳은 384미터에 이른다.
백두산은 946년 무렵 크게 폭발해 100~150세제곱킬로미터에 이르는 화산재와 분출물을 쏟아 냈다. 기록에 남은 가장 최근의 분화는 1925년에 있었다. 이 산은 여러 큰 강의 발원지이기도 하다. 압록강은 서쪽으로 흘러 황해에 이르고, 두만강은 동쪽으로 흘러 동해로 들어가며, 쑹화강은 북쪽의 만주 벌판으로 흘러간다.",384미터,백두산,test
와트의 개량으로 증기기관 연료 소비는 얼마나 줄었나요?,"산업 혁명은 18세기 중엽 영국에서 시작되어, 기계와 새로운 동력이 사람과 가축의 힘을 대신하게 된 생산 방식의 큰 변화를 말한다. 그 영향은 이후 서유럽과 북아메리카로 퍼져 나가 사람들의 일하는 방식과 사는 곳, 사회의 모습까지 바꾸어 놓았다.
## 시기와 이름
산업 혁명의 시기는 보통 1760년 무렵부터 1820년에서 1840년 사이까지로 본다. 산업 혁명이라는 표현은 1844년 프리드리히 엥겔스가 사용했고, 영국의 경제사학자 아널드 토인비가 1884년 펴낸 강의록에서 이 말을 18세기 영국의 변화를 설명하는 용어로 굳혔다.
## 면직물 공업의 기계화
변화는 면직물을 만드는 공업에서 먼저 두드러졌다. 1764년에서 1765년 무렵 잉글랜드 랭커셔의 제임스 하그리브스는 한 사람이 여러 가닥의 실을 한꺼번에 뽑을 수 있는 제니 방적기를 만들었고, 1770년 특허를 받았다. 처음에는 가락이 8개였으나 개량을 거치며 120개까지 늘었다. 리처드 아크라이트는 물레바퀴의 힘으로 돌아가는 수력 방적기로 1769년 특허를 얻었고, 1771년 크롬퍼드에 이 기계를 들인 공장을 세웠다. 1779년 새뮤얼 크럼프턴은 두 기계의 장점을 합친 뮬 방적기를 내놓았다. 실을 뽑는 속도가 빨라지자 천을 짜는 일도 기계화가 필요해졌고, 1785년 에드먼드 카트라이트가 동력으로 움직이는 역직기의 특허를 받았다.
## 증기 기관의 발전
1712년 토머스 뉴커먼은 광산에 고인 물을 퍼내기 위한 증기 기관을 만들었다. 이 기관은 실린더 안의 증기를 식혀 생긴 빈 공간으로 대기압이 피스톤을 밀어 넣는 원리였으나 연료가 많이 들었다. 1736년 스코틀랜드의 그리녹에서 태어난 제임스 와트는 글래스고 대학교에서 과학 기구를 만들며 증기 기관을 연구했다. 그는 증기를 식히는 응축기를 실린더와 따로 떼어 낸 장치를 고안해 1769년 특허를 받았다. 이 개량으로 연료 소비가 뉴커먼 기관의 4분의 1 이하로 줄었다. 와트는 1775년 매슈 볼턴과 손잡고 증기 기관을 만들어 팔았으며, 1819년 세상을 떠났다. 일률의 단위인 와트는 그의 이름에서 나왔다. 증기의 힘은 바다에서도 쓰여, 미국의 로버트 풀턴은 증기선을 실용화했다.
## 석탄과 철
기계와 증기 기관, 철도를 만들려면 많은 철이 필요했다. 에이브러햄 다비는 잉글랜드 슈롭셔의 콜브룩데일에서 나무 숯 대신 석탄을 구워 만든 코크스로 철광석을 녹이는 용광로를 1709년 1월 10일 처음 가동했다. 숲의 나무에 기대지 않고도 철을 대량으로 생산할 길이 열리면서, 석탄과 철은 산업 혁명을 떠받치는 두 기둥이 되었다. 그의 손자 에이브러햄 다비 3세는 1777년 11월부터 1779년 7월까지 근처 세번강 위에 주철로 된 다리를 세웠다. 경간이 30.63미터인 이 다리는 주철로 만든 세계 첫 큰 다리로, 1781년 1월 1일 통행이 시작되었다. 다리가 있는 아이언브리지 협곡은 1986년 유네스코 세계유산으로 등재되었다.
## 철도의 시대
증기 기관을 바퀴 위에 올린 기관차는 교통을 크게 바꾸었다. 1781년 뉴캐슬 근처에서 태어난 조지 스티븐슨은 1814년 탄광에서 석탄을 끄는 자신의 첫 증기 기관차를 만들었다. 그의 기관차 로코모션 1호는 1825년 9월 27일 개통한 스톡턴-달링턴 철도를 달렸다. 약 40킬로미터 길이의 이 철도는 내륙의 탄광에서 해안으로 석탄을 실어 나르는 것이 주된 목적이었으며, 증기 기관차를 쓴 세계 최초의 공공 철도로 꼽힌다. 1829년 10월 열린 레인힐 시험에서는 스티븐슨 부자가 설계한 로켓호가 우승했다. 1830년 9월 15일에는 약 50킬로미터 길이의 리버풀-맨체스터 철도가 문을 열었는데, 이는 두 도시를 잇는 세계 첫 도시 간 철도였다. 개통식 날 리버풀 출신 하원 의원 윌리엄 허스키슨이 로켓호에 치여 숨지는 사고도 있었다. 스티븐슨이 쓴 1,435밀리미터의 궤간은 뒷날 여러 나라에서 표준 궤간이 되었다.
## 만국 박람회
1851년 5월 1일부터 10월 15일까지 런던 하이드 파크에서는 앨버트 공이 앞장선 만국 박람회가 열렸다. 조지프 팩스턴이 설계한 유리와 철골 건물인 수정궁에 영국과 여러 나라에서 보내온 약 1만 3천 점의 출품물이 전시되었고, 다섯 달 반 동안 600만 명이 넘는 사람이 이곳을 찾았다. 이 박람회는 산업 혁명이 이룬 기계와 기술을 세계에 드러내 보이는 자리가 되었다.
## 사회의 변화
공장에 기계를 모아 놓고 많은 노동자가 함께 일하는 공장제가 자리 잡으면서, 일자리를 찾아 농촌을 떠나 도시로 옮겨 가는 사람이 크게 늘었다. 도시는 빠르게 커졌지만 주거와 위생 환경은 나빠졌고, 어린이까지 긴 시간 공장에서 일하는 일이 흔했다. 이런 현실 속에서 노동 조건을 고치려는 운동과 새로운 사회사상이 나타났고, 노동자를 보호하는 법도 차례로 만들어졌다. 1802년 영국 의회는 로버트 필이 제안한 법으로 섬유 공장 도제의 노동 시간을 하루 12시간으로 제한하고 밤일을 금지했지만, 감독이 제대로 이루어지지 않았다. 1833년 공장법은 9세 미만 어린이를 섬유 공장에서 일하지 못하게 하고 18세 미만의 밤일을 막았으며, 전문 공장 감독관을 두어 법을 지키는지 살피게 했다. 1847년의 이른바 10시간 법은 여성과 18세 미만 노동자가 섬유 공장에서 일하는 시간을 사실상 하루 10시간으로 줄였다. 한편 공장을 가진 산업 자본가 계층의 힘이 커지면서 이들이 정치에도 목소리를 내기 시작했다.",뉴커먼 기관의 4분의 1 이하,산업 혁명,train
폼페이 발굴이 본격적으로 시작된 연도,"폼페이는 이탈리아 남부 나폴리만 가까이에 있던 고대 로마의 도시로, 서기 79년 베수비오 화산이 분화하면서 화산재와 돌에 묻혔다. 분화가 시작된 날은 전통적으로 8월 24일로 알려져 있으며, 이때 이웃 도시 헤르쿨라네움도 함께 땅속에 묻혔다. 폼페이에서는 주민의 약 10퍼센트인 2,000명가량이 목숨을 잃은 것으로 추정된다. 분화 모습은 가까운 곳에서 이를 지켜본 소 플리니우스가 편지로 남겨 오늘날까지 전한다.
오랫동안 잊혔던 도시는 1592년 운하를 파는 공사 도중 일부가 드러났고, 본격적인 발굴은 1748년에 시작되었다. 1860년부터 1875년까지 발굴을 이끈 주세페 피오렐리는 화산재 속에 남은 빈 공간에 석고를 부어 희생자의 마지막 자세를 본뜨는 방법을 도입했다. 거리와 집, 벽화, 생활 도구가 거의 그대로 남아 있어 로마 시대 사람들의 일상을 들여다볼 수 있는 드문 자료가 되며, 1997년 유네스코 세계유산으로 등재되었다.",1748년,폼페이,train
현재 월드컵 우승 트로피의 무게,"FIFA 월드컵은 국제축구연맹이 주관하여 4년마다 여는 남자 축구 국가 대항전으로, 단일 종목 대회로는 세계에서 가장 많은 관심을 받는 대회 가운데 하나이다. 나라마다 지역 예선을 거쳐 본선 진출권을 얻은 대표팀이 개최국에 모여 약 한 달 동안 우승을 다툰다.

## 대회의 시작
국제축구연맹은 1904년 파리에서 창설되었으며, 지금 본부는 스위스 취리히에 있다. 축구는 이미 올림픽 종목이었지만, 프로 선수의 출전 문제 등으로 축구만의 세계 대회를 따로 열자는 움직임이 커졌다. 그 결과 1930년 남아메리카의 우루과이에서 첫 월드컵이 열렸다. 우루과이는 1924년과 1928년 올림픽 축구에서 잇달아 우승한 강팀이었고, 1930년은 이 나라의 첫 헌법이 만들어진 지 100년이 되는 해이기도 했다. 유럽에서 배로 몇 주가 걸리는 먼 길이었던 탓에 첫 대회에는 13개 나라만 참가했으며, 개최국 우루과이가 초대 우승을 차지했다. 이후 대회는 4년 주기로 이어졌지만, 제2차 세계 대전의 영향으로 1942년과 1946년 대회는 열리지 못했다.

## 대회 방식과 규모
본선에 나서는 팀 수는 시대에 따라 늘어났다. 1978년 대회까지는 대체로 16개 팀이 본선에 올랐고, 1982년 스페인 대회에서 24개 팀으로, 1998년 프랑스 대회에서 32개 팀으로 늘었다. 본선은 먼저 몇 개 팀씩 조를 나누어 서로 한 번씩 맞붙는 조별 리그를 치르고, 여기서 살아남은 팀들이 한 번 지면 탈락하는 토너먼트로 우승팀을 가린다. 2026년 대회는 미국, 캐나다, 멕시코 세 나라가 함께 열면서 본선 참가국을 48개 팀으로, 전체 경기 수를 104경기로 크게 늘렸다. 대회는 보통 북반구의 여름인 6월과 7월에 열리지만, 한여름 더위가 심한 카타르에서 열린 2022년 대회는 처음으로 11월과 12월에 치러졌다. 이 대회는 중동 지역에서 열린 첫 월드컵이기도 했다.

## 우승 트로피
첫 대회부터 쓰인 트로피는 승리의 여신을 본뜬 모양이었다. 브라질이 1970년 대회에서 세 번째 우승을 차지하면서 이 트로피를 영구히 갖게 되었으나, 1983년 브라질에서 도난당한 뒤 끝내 되찾지 못했다. 지금의 트로피는 1974년 서독 대회부터 쓰였다. 18캐럿 금으로 만들었고 무게는 6.175킬로그램이며, 두 사람이 나선을 그리며 솟아올라 지구를 떠받치는 모습을 하고 있다. 받침 부분에는 역대 우승국의 이름이 새겨진다. 대회가 끝나면 가장 뛰어난 활약을 한 선수에게 골든볼을, 가장 많은 골을 넣은 선수에게 골든부트를 준다. 대회를 상징하는 마스코트는 1966년 잉글랜드 대회에서 처음 등장했다. 새 트로피는 어느 나라도 영구히 가질 수 없도록 정해져 있어, 우승국은 시상식이 끝나면 진품을 돌려주고 복제품을 받는다.

## 역대 우승국
2022년 대회까지 월드컵 우승을 맛본 나라는 모두 여덟 곳이다. 브라질이 1958년, 1962년, 1970년, 1994년, 2002년에 우승해 다섯 번으로 가장 많고, 독일과 이탈리아가 네 번씩, 아르헨티나가 세 번, 프랑스와 우루과이가 두 번씩 정상에 올랐다. 잉글랜드는 자국에서 열린 1966년 대회에서, 스페인은 2010년 남아프리카공화국 대회에서 한 번씩 우승했다. 이 시기까지의 우승국은 모두 유럽과 남아메리카의 나라였다. 아르헨티나는 2022년 카타르 대회 결승에서 프랑스를 승부차기 끝에 꺾고 세 번째 정상에 올랐다.

## 2002년 한일 월드컵
2002년 대회는 대한민국과 일본이 함께 열었다. 두 나라가 공동으로 개최한 첫 월드컵이자 아시아에서 열린 첫 월드컵이었다. 대회는 5월 31일 서울에서 열린 개막전으로 시작해 6월 30일 일본 요코하마에서 열린 결승전으로 막을 내렸다. 한국 대표팀은 조별 리그 첫 경기에서 폴란드를 꺾고 월드컵 본선 역사상 첫 승리를 거두었고, 이후 토너먼트에서도 승리를 이어 가며 4위에 올라 역대 최고 성적을 냈다. 경기가 열리는 날마다 거리와 광장에 많은 사람이 모여 함께 응원하는 모습이 화제가 되었다. 이 대회의 우승은 브라질이 차지했는데, 브라질에게는 다섯 번째 우승이었다.

## 한국과 월드컵
한국이 처음 월드컵 본선에 나간 것은 1954년 스위스 대회였다. 그 뒤 한동안 본선에 오르지 못하다가, 1986년 멕시코 대회부터 2022년 카타르 대회까지 열 번 연속으로 본선 무대를 밟았다. 2002년에 안방에서 4위에 오른 데 이어, 2010년 남아프리카공화국 대회에서는 처음으로 원정 월드컵 16강에 진출했다. 2002년 대회 때는 한국과 일본이 각각 10개씩, 모두 20개 경기장에서 64경기를 나누어 치렀다.

## 심판 기술의 발전
월드컵은 새로운 판정 기술을 선보이는 무대이기도 하다. 공이 골라인을 완전히 넘었는지를 기계로 판독하는 골라인 판독 기술은 2014년 브라질 대회에서 처음 쓰였다. 2018년 러시아 대회에서는 경기장 밖의 심판이 영상을 다시 보며 주심의 판정을 돕는 비디오 보조 심판이 처음 도입되어, 득점과 퇴장, 페널티킥처럼 승부를 가르는 장면을 영상으로 다시 확인하게 되었다.

## 여자 월드컵
국제축구연맹은 1991년 중국에서 첫 여자 월드컵을 열었다. 여자 대회도 남자 대회처럼 4년마다 열리며, 2023년 오스트레일리아와 뉴질랜드가 공동 개최한 대회까지 미국이 네 번 우승해 가장 많은 우승 기록을 가지고 있다. 2023년 대회에서는 스페인이 처음으로 정상에 올랐다.",6.175킬로그램,FIFA 월드컵,train
컬링 스톤 재료가 되는 암석은?,"컬링은 얼음판 위에서 둥근 돌을 미끄러뜨려 둥근 표적 안에 상대보다 가깝게 붙이는 겨울 종목이다. 16세기 스코틀랜드에서 시작되었다고 보며, 스코틀랜드 던블레인에서는 1511년이라는 연도가 새겨진 돌이 발견되었다. 스톤은 무게가 17.24~19.96킬로그램인 화강암으로 만드는데, 스코틀랜드 앞바다의 에일사 크레이그 섬에서 나는 돌을 으뜸으로 친다. 경기장인 시트는 길이가 약 45미터이고, 끝에 그려진 표적인 하우스는 지름이 3.66미터이다. 한 팀은 네 명이며, 한 엔드에 팀마다 스톤 여덟 개를 번갈아 던지고, 보통 10엔드로 승부를 가린다. 선수들이 스톤 앞의 얼음을 솔로 문지르는 스위핑은 얼음 표면의 작은 알갱이를 녹여 스톤이 더 멀리, 덜 휘어 가도록 만든다. 1924년 샤모니 동계 올림픽에서 처음 경기가 열렸으나 정식 종목이 된 것은 1998년 나가노 대회부터이다. 두 사람이 한 팀을 이뤄 스톤 다섯 개씩으로 겨루는 믹스더블은 2018년 올림픽에 처음 추가되었다.",화강암,컬링,test
마추픽추 해발 높이,"마추픽추는 페루 남부 안데스산맥의 산마루에 자리한 잉카 제국의 도시 유적이다. 쿠스코에서 북서쪽으로 약 80킬로미터 떨어져 있으며, 해발 2,430미터 높이에서 아래로 흐르는 우루밤바강을 굽어본다. 1450년대에서 1460년대 무렵 잉카의 황제 파차쿠티의 명으로 세워진 것으로 알려져 있다.
신전과 집터, 계단식 밭 등 200개가 넘는 건축물이 남아 있으며, 돌을 정교하게 깎아 틈 없이 맞춰 쌓은 벽이 특징이다. 대표적인 유적으로는 해시계 구실을 한 것으로 여겨지는 인티와타나, 태양의 신전, 세 창문의 방 등이 있다. 에스파냐 정복자들이 이곳을 찾아내지 못한 덕분에 도시는 파괴를 피할 수 있었다. 1911년 미국의 탐험가 하이럼 빙엄이 이곳을 찾아가 조사한 뒤 세계에 널리 알렸다. 1983년 유네스코 세계유산으로 등재되었고, 2007년에는 신 세계 7대 불가사의 가운데 하나로 뽑혔다.","해발 2,430미터",마추픽추,train
핼리 혜성 핵 크기는 어느 정도야?,"핼리 혜성은 약 75~76년마다 태양 가까이 돌아오는 주기 혜성으로, 맨눈으로 볼 수 있는 단주기 혜성으로는 유일하다. 이름은 영국의 천문학자 에드먼드 핼리에게서 왔다. 핼리는 예전에 나타난 혜성들의 기록을 비교해 이들이 같은 천체라고 보고 1758년에 다시 돌아올 것이라 예측했다. 그가 세상을 떠난 뒤 혜성이 실제로 나타나면서 예측이 옳았음이 확인되었다.
가장 최근 태양에 가장 가까이 다가간 때는 1986년 2월 9일이었고, 다음 근일점 통과는 2061년 7월 28일로 예상된다. 1986년 접근 때에는 여러 탐사선이 혜성을 찾아갔으며, 유럽의 조토 탐사선은 혜성의 핵을 가까이에서 촬영했다. 핵의 크기는 가로 14.9킬로미터, 세로 8.2킬로미터 정도이고, 주로 얼음과 먼지로 이루어져 있다. 해마다 5월 무렵의 물병자리 에타 유성우와 10월 무렵의 오리온자리 유성우는 이 혜성이 흘린 부스러기가 지구 대기로 떨어지며 생긴다. 1066년에 나타난 모습은 바이외 태피스트리에 수놓여 전한다.","가로 14.9킬로미터, 세로 8.2킬로미터",핼리 혜성,train
마추픽추를 세계에 알린 미국 탐험가는?,"마추픽추는 페루 남부 안데스산맥의 산마루에 자리한 잉카 제국의 도시 유적이다. 쿠스코에서 북서쪽으로 약 80킬로미터 떨어져 있으며, 해발 2,430미터 높이에서 아래로 흐르는 우루밤바강을 굽어본다. 1450년대에서 1460년대 무렵 잉카의 황제 파차쿠티의 명으로 세워진 것으로 알려져 있다.
신전과 집터, 계단식 밭 등 200개가 넘는 건축물이 남아 있으며, 돌을 정교하게 깎아 틈 없이 맞춰 쌓은 벽이 특징이다. 대표적인 유적으로는 해시계 구실을 한 것으로 여겨지는 인티와타나, 태양의 신전, 세 창문의 방 등이 있다. 에스파냐 정복자들이 이곳을 찾아내지 못한 덕분에 도시는 파괴를 피할 수 있었다. 1911년 미국의 탐험가 하이럼 빙엄이 이곳을 찾아가 조사한 뒤 세계에 널리 알렸다. 1983년 유네스코 세계유산으로 등재되었고, 2007년에는 신 세계 7대 불가사의 가운데 하나로 뽑혔다.",하이럼 빙엄,마추픽추,train
해녀들이 전복 캘 때 쓰는 쇠붙이 도구 이름,"제주 해녀는 산소통 같은 장비 없이 바닷속으로 들어가 전복, 소라, 성게, 미역 따위를 캐는 제주의 여성 잠수부이다. 물질에 쓰는 도구로는 물에 띄워 몸을 의지하는 테왁, 잡은 것을 담는 그물 주머니인 망사리, 바위에 붙은 전복을 떼어 내는 쇠붙이 빗창, 돌을 뒤집거나 틈을 긁는 까꾸리 등이 있다. 수심 5미터에서는 한 번에 약 32초를 물속에 머물고 물 위에서 46초가량 쉬며, 10미터 깊이에서는 약 43초 잠수한 뒤 85초가량 숨을 고른다. 예전에는 무명으로 지은 물옷을 입어 한 번에 30분에서 1시간 정도밖에 일하지 못했지만, 1970년대에 일본에서 고무 잠수복이 들어오면서 작업 시간이 3~5시간 이상으로 늘었다. 2012년 무렵부터는 바다에서 눈에 잘 띄는 주황색 잠수복을 입기 시작했다. 해녀들은 실력에 따라 함께 작업하고 수확을 나누며 서로의 안전을 돌보는 공동체를 이룬다. 다만 고령화가 뚜렷해 2020년 서귀포시 해녀 1,579명 가운데 91.3%인 1,442명이 60세 이상이었다. 제주 해녀 문화는 2016년 유네스코 인류무형유산에 등재되었고, 해녀는 국가무형문화재 제132호로 지정되었다.",빗창,제주 해녀 문화,train
"두 사람은 달 표면에서 2시간 31분가량 머물며 실험 장비를 설치했고, 월석과 흙 21.55킬로그램을 모아 왔다","아폴로 11호는 사람을 처음으로 달에 내려 보낸 미국의 우주 비행 임무이다. 1969년 7월 16일 미국 플로리다주 케네디 우주 센터에서 새턴 5호 로켓에 실려 발사되었다. 승무원은 선장 닐 암스트롱, 달 착륙선 조종사 버즈 올드린, 사령선 조종사 마이클 콜린스 세 사람이었다. 사령선의 이름은 컬럼비아, 달 착륙선의 이름은 이글이었다.
암스트롱과 올드린이 탄 이글은 협정 세계시 기준 1969년 7월 20일 20시 17분에 달의 고요의 바다에 내려앉았다. 그동안 콜린스는 컬럼비아를 타고 달 궤도를 돌며 두 사람을 기다렸다. 두 사람은 달 표면에서 2시간 31분가량 머물며 실험 장비를 설치했고, 월석과 흙 21.55킬로그램을 모아 왔다. 세 사람은 1969년 7월 24일 태평양 바다에 내려앉아 무사히 지구로 돌아왔다. 이 임무로 미국은 1960년대가 끝나기 전에 사람을 달에 보내겠다는 목표를 이루었다.",두,아폴로 11호,train
농구를 처음 만든 사람은 누구예요?,"농구는 다섯 명씩 짝을 이룬 두 팀이 공을 상대편 바구니에 던져 넣어 점수를 겨루는 구기 종목이다. 1891년 미국 매사추세츠주 스프링필드의 YMCA에서 체육 교사로 일하던 제임스 네이스미스가 추운 겨울에도 실내에서 할 수 있는 운동으로 고안했다. 처음에는 복숭아 바구니를 체육관 난간에 매달아 골대로 썼고, 네이스미스는 열세 개 조항으로 된 규칙을 만들었다. 국제농구연맹 규칙에서 코트는 가로 28미터, 세로 15미터이며, 골대 바구니는 바닥에서 3.05미터 높이에 달린다. 경기는 10분짜리 쿼터 네 개로 진행되고, 공격하는 팀은 24초 안에 슛을 시도해야 한다. 일반 슛은 2점, 3점 선 밖에서 넣은 슛은 3점, 반칙으로 얻은 자유투는 한 개에 1점이다. 남자 농구는 1936년 베를린 올림픽에서 정식 종목이 되었고, 여자 농구는 40년 뒤인 1976년 몬트리올 올림픽에서 추가되었다.",제임스 네이스미스,농구,train
기초연금 월 최대액이 30만 원으로 오른 해,"기초연금은 소득과 재산이 적은 노인에게 나라가 다달이 일정한 금액을 지급하는 대한민국의 노후 소득 보장 제도이다. 보험료를 내고 받는 국민연금과 달리 세금으로 재원을 마련한다. 뿌리는 1991년의 노령수당으로, 1998년 경로연금, 2008년 기초노령연금으로 이름과 내용이 바뀌어 왔다. 지금의 기초연금은 2014년 7월 1일부터 시행되었다. 받을 수 있는 사람은 만 65세 이상이면서 소득 인정액이 하위 70%에 드는 노인이다. 처음 월 최대 지급액은 20만 원이었고, 2018년 25만 원, 2021년 30만 원으로 올랐으며 이후에도 물가에 맞춰 조금씩 오르고 있다. 부부가 함께 받으면 각자의 금액에서 20%씩 줄여 지급하고, 국민연금을 많이 받는 사람은 그 액수에 따라 기초연금이 깎일 수 있다. 제도가 만들어질 무렵인 2013년에는 노인 가운데 정기적인 연금을 받는 사람이 약 29%에 그쳐, 노인 빈곤율이 경제협력개발기구 회원국 가운데 매우 높은 편이었다.",2021년,기초연금,train
판소리 공연에서 북을 치며 장단을 맞추는 사람은 뭐라고 부르나요?,"판소리는 소리꾼 한 명이 고수의 북 장단에 맞춰 긴 이야기를 노래와 말, 몸짓으로 풀어내는 한국의 전통 성악이다. 18세기에 생겨난 것으로 보며, 소리꾼은 노래로 부르는 창 사이사이에 아니리라 부르는 말로 줄거리를 잇고, 발림이라 하는 손짓과 몸짓으로 장면을 그려 보인다. 고수와 청중은 '얼씨구', '좋다' 같은 추임새를 넣어 소리꾼의 흥을 돋운다. 오늘날까지 온전히 전해지는 작품은 춘향가, 심청가, 흥보가, 적벽가, 수궁가의 다섯 마당이다. 부르는 방식에 따라 여러 유파로 나뉘는데, 동편제는 꾸밈을 줄이고 타고난 성량을 힘차게 내세우며, 서편제는 계면조를 많이 써서 애절한 느낌을 살린다. 두 유파의 중간 성격을 띠면서 소리의 높낮이가 뚜렷한 갈래는 중고제라 한다. 조선 후기에는 권삼득, 송흥록, 모흥갑, 신만엽 등이 이름을 떨쳐 흔히 8명창으로 꼽힌다. 판소리는 1964년 12월 24일 국가무형문화재 제5호로 지정되었고, 2003년 11월 7일에는 유네스코 인류구전 및 무형유산 걸작으로 선정되었다.",고수,판소리,train
배심원 평결을 판사가 꼭 따라야 하나요?,"국민참여재판은 일반 국민이 배심원으로 형사 재판에 참여해 유죄인지 무죄인지와 알맞은 형벌에 대해 의견을 내는 대한민국의 재판 제도이다. 2007년 국민의 형사재판 참여에 관한 법률이 제정되어 2008년 1월 1일부터 시행되었다. 모든 사건이 대상이 되는 것은 아니며, 지방법원 합의부가 1심을 맡는 형사 사건 가운데 피고인이 원할 때에만 열린다. 배심원은 해당 지역에 사는 만 20세 이상 국민 가운데 무작위로 뽑으며, 판사와 검사, 변호사 같은 법률 전문가는 배심원이 될 수 없다. 배심원 수는 사건의 무게에 따라 다르다. 법정형이 사형이나 무기징역인 사건은 9명, 그 밖의 사건은 7명이 참여하고, 피고인이 공소 사실의 주요 내용을 인정한 경우에는 5명으로 할 수 있다. 결원에 대비해 예비 배심원도 둔다. 배심원들의 평결은 판사를 법적으로 구속하지 않고 권고하는 효력만 가진다는 점에서 미국의 배심 재판과 다르다. 다만 판사가 평결과 다른 판결을 내릴 때에는 피고인에게 그 이유를 설명해야 한다.",권고하는 효력만 가진다,국민참여재판,train
투르 드 프랑스에서 산악 왕이 입는 옷은 어떤 무늬야?,"투르 드 프랑스는 해마다 7월에 약 3주 동안 프랑스 곳곳을 달리는 프로 도로 사이클 대회이다. 1903년 한 스포츠 신문의 편집장 앙리 데그랑주가 경쟁 신문의 자전거 대회에 맞서 신문 판매를 늘리려는 목적으로 처음 열었다. 대회는 20여 개의 구간으로 이루어지며, 전체 거리는 해마다 달라 대략 3,000킬로미터에서 4,000킬로미터에 이른다. 종합 우승자는 모든 구간의 기록을 더한 시간이 가장 짧은 선수이다. 구간마다 종합 선두는 노란색 저지를, 구간 순위에 따른 점수 부문 선두는 초록색 저지를, 산악 구간 성적이 가장 좋은 선수는 흰 바탕에 빨간 물방울무늬 저지를 입는다. 1975년부터는 파리 샹젤리제 거리에서 마지막 구간을 마무리하고 있다. 두 차례 세계 대전 기간을 빼고는 거의 해마다 열렸다. 이탈리아의 지로 디탈리아, 스페인의 부엘타 아 에스파냐와 함께 3대 그랜드 투어로 불린다.",흰 바탕에 빨간 물방울무늬 저지,투르 드 프랑스,validation
김치에 고추를 넣는 법이 본격적으로 적힌 옛 책 이름,"김치는 소금에 절인 배추나 무 같은 채소를 고춧가루, 파, 마늘, 젓갈 등의 양념으로 버무려 발효시킨 한국의 전통 음식이다. 밥상에 거의 빠지지 않는 반찬이며, 계절과 지역에 따라 재료와 담그는 법이 크게 달라진다.

## 이름과 옛 기록
김치라는 말은 채소를 소금물에 담근다는 뜻의 한자어 침채에서 비롯되었다고 보는 견해가 널리 알려져 있다. 한글 기록에서는 16세기의 딤채가 17세기에서 18세기 사이에 짐채로 바뀌었고, 19세기에 이르러 김치라는 말이 자리를 잡았다. 김치를 가리키는 옛말로는 지도 쓰였는데, 오늘날 오이지나 짠지 같은 음식 이름에 그 흔적이 남아 있다. 채소를 절여 오래 두고 먹는 풍습은 삼국 시대부터 있었던 것으로 보인다. 고려 시대인 1241년에 나온 이규보의 문집에는 무를 소금에 절여 겨울에 대비하는 모습이 시로 남아 있다. 조선 시대인 1670년 무렵에 쓰인 조리서 음식디미방에는 여러 가지 김치 담그는 법이 실려 있다.

## 고추와 배추
오늘날처럼 붉은 김치가 된 것은 비교적 뒤의 일이다. 고추는 16세기 말에서 17세기 초 무렵 한반도에 들어왔고, 1766년에 편찬된 증보산림경제에 이르러 김치에 고추를 쓰는 방법이 본격적으로 기록되었다. 그 전의 김치는 소금에 절이거나 천초 같은 향신료로 맛을 낸 것이 많았다. 고추는 매운맛을 더할 뿐 아니라 김치가 쉽게 물러지거나 상하는 것을 늦추는 데에도 도움을 주어 빠르게 퍼졌다. 재료도 달라져, 오랫동안 무로 담근 김치가 중심이었으나 속이 꽉 찬 배추가 널리 재배되면서 20세기부터는 배추김치가 가장 흔한 김치가 되었다.

## 김치의 종류
김치의 종류는 200가지가 넘는다고 한다. 통배추를 절여 양념을 켜켜이 넣은 배추김치, 무를 네모나게 썰어 버무린 깍두기, 작은 무를 무청째 담근 총각김치, 어린 열무로 담그는 열무김치가 대표적이다. 무를 통째로 소금물에 담가 국물을 함께 먹는 동치미와 무와 배추를 얇게 썰어 담그는 나박김치 같은 물김치도 있고, 고춧가루를 쓰지 않아 맛이 맑은 백김치도 있다. 대체로 날씨가 따뜻한 남쪽 지방의 김치는 짜고 양념이 진하며, 추운 북쪽 지방의 김치는 간이 싱겁고 국물이 넉넉한 편이다. 개성 지방의 보쌈김치는 넓은 배추 잎으로 여러 재료를 보자기처럼 감싸 담그는 것으로 이름이 났고, 전라남도 여수의 돌산 지역은 톡 쏘는 맛의 갓으로 담그는 갓김치로 잘 알려져 있다. 푹 익은 김치는 그대로 먹을 뿐 아니라 김치찌개나 김치볶음밥 같은 요리의 재료로도 널리 쓰인다.

## 발효의 원리
김치의 맛은 젖산균의 발효에서 나온다. 담근 지 얼마 되지 않았을 때는 류코노스톡 무리의 젖산균이 많아 상큼하고 톡 쏘는 맛이 나고, 시간이 지나면 락토바실러스 무리가 늘어나면서 신맛이 강해진다. 낮은 온도에서 천천히 익힐수록 맛이 고르고 오래가기 때문에, 예전에는 김칫독을 땅에 묻어 겨울을 났다. 요즘은 온도를 세밀하게 맞추는 김치 전용 냉장고가 그 역할을 대신한다.

## 김장과 문화유산
김장은 초겨울에 겨우내 먹을 김치를 한꺼번에 담그는 일로, 가족과 이웃이 모여 일손을 나누고 담근 김치를 함께 나누는 풍습이다. 이 김장 문화는 2013년 12월 5일 아제르바이잔 바쿠에서 열린 제8차 무형유산 정부간위원회에서 유네스코 인류무형유산 대표목록에 올랐다. 2015년에는 북한의 김치 담그기 풍습도 따로 등재되었다. 국내에서는 2017년 김치 담그기가 국가무형문화재 제133호로 지정되었다. 2020년에는 11월 22일이 법정 기념일인 김치의 날로 정해졌는데, 김치 재료 하나하나가 모여 스물두 가지 효능을 낸다는 뜻을 날짜에 담았다. 식품을 주제로 한 법정 기념일은 김치의 날이 처음이다.

## 담그는 과정
배추김치를 담글 때는 먼저 배추를 반으로 갈라 소금이나 소금물에 몇 시간에서 하룻밤 정도 절인다. 절인 배추는 맑은 물에 여러 번 헹군 뒤 물기를 뺀다. 그동안 무채에 고춧가루, 다진 마늘과 생강, 파, 젓갈 등을 섞어 김칫소를 만든다. 물기를 뺀 배추의 잎 사이사이에 김칫소를 고루 넣은 다음, 겉잎으로 감싸 항아리나 통에 차곡차곡 담아 익힌다. 김장은 흔히 입동 전후에 하는데, 날씨가 추워지면서 배추가 달고 단단해지고, 담근 김치가 낮은 기온에서 천천히 익기 때문이다.

## 연구와 국제 규격
김치는 2001년 국제식품규격위원회에서 국제 식품 규격으로 채택되어, 김치를 무엇으로 어떻게 만들어야 하는지에 대한 국제적인 기준이 마련되었다. 2010년에는 김치의 과학적 연구와 산업 발전을 위해 광주에 세계김치연구소가 세워졌다. 김치냉장고는 1990년대 중반부터 가정에 빠르게 퍼져, 김칫독을 땅에 묻던 모습을 도시에서는 거의 볼 수 없게 되었다. 김치 담그기는 국가무형문화재로 지정될 때 특정 보유자나 단체를 두지 않았는데, 온 국민이 함께 이어 온 문화라는 점을 인정한 것이다.


## 김치와 식생활
김치는 채소를 주재료로 하므로 식이섬유가 풍부하고, 발효 과정에서 생기는 젖산균을 함께 먹을 수 있다는 점에서 건강식으로 관심을 받아 왔다. 다만 소금과 젓갈이 들어가 나트륨이 많은 편이어서, 간을 줄여 싱겁게 담그려는 시도도 꾸준히 이어지고 있다. 김장철이 다가오면 배추와 무, 고추 같은 재료의 값이 집집마다 큰 관심거리가 되고, 이웃끼리 날을 달리해 서로의 김장을 돕는 품앗이도 여전히 볼 수 있다.",증보산림경제,김치,train
오만원권 뒷면에는 어떤 그림이 들어가 있나요?,"5만 원권은 한국은행이 2009년 6월 23일 처음 발행한 은행권으로, 현재 대한민국에서 가장 큰 액면의 지폐이다. 1973년 1만 원권이 나온 뒤 36년 만에 새로 등장한 최고액권이었다. 앞면에는 조선 시대의 서화가 신사임당의 초상이 들어갔고, 그 옆에는 신사임당의 작품으로 전하는 묵포도도와 초충도수병 가운데 가지 그림이 보조 도안으로 쓰였다. 뒷면에는 어몽룡의 월매도와 이정의 풍죽도가 겹쳐 놓인 듯 배치되었는데, 다른 은행권과 달리 그림이 세로 방향으로 인쇄된 것이 특징이다. 위조를 막기 위해 보는 각도에 따라 무늬가 바뀌는 띠형 홀로그램, 지폐 속에 일부가 드러나는 입체형 부분노출은선, 숫자 크기가 점점 커지는 가로 확대형 기번호 등 여러 장치를 넣었다. 이 밖에도 빛에 비춰야 보이는 숨은 그림과 색이 바뀌는 잉크, 아주 작은 글자인 미세 문자 등이 함께 쓰였다. 현재 쓰이는 은행권은 1천 원, 5천 원, 1만 원, 5만 원의 네 가지이다.",어몽룡의 월매도와 이정의 풍죽도,5만 원권,train
종묘 제례 때 무용수들이 줄지어 서서 추는 춤은 뭐라고 해?,"종묘제례악은 조선 왕실이 역대 임금과 왕비의 신주를 모신 서울 종묘에서 제사를 올릴 때 연주하던 음악으로, 기악과 노래, 춤이 한데 어우러진다. 중심이 되는 곡은 보태평과 정대업인데, 앞의 것은 선왕들의 문덕을, 뒤의 것은 무공을 기린다. 두 곡은 1449년 세종이 처음 지었고, 세조 9년인 1463년에 제례에 맞게 다듬어진 뒤 이듬해부터 종묘 제향에 쓰였다. 보태평과 정대업은 각각 11곡으로 이루어진다. 음악에 맞춰 여러 줄로 늘어선 무용수가 추는 춤을 일무라 하며, 보태평을 연주할 때는 문무를, 정대업을 연주할 때는 무무를 춘다. 연주에는 편종과 편경, 박, 축, 어, 해금, 대금, 아쟁, 태평소 등 여러 악기가 동원된다. 1946년 이후 한동안 제향 연주가 끊겼다가 1971년에 다시 이어졌다. 1964년 12월 7일 국가무형문화재 제1호로 지정되었고, 2001년에는 종묘제례와 함께 유네스코 인류구전 및 무형유산 걸작으로 선정되었다. 요즘은 해마다 5월 첫째 일요일과 11월 첫째 토요일에 종묘에서 봉행되는 제례에 맞춰 연주된다.",일무,종묘제례악,train
팔만대장경 경판을 만들 때 주로 쓴 나무는?,"합천 해인사 대장경판은 고려 시대에 불교 경전을 나무판에 새긴 것으로, 흔히 팔만대장경이라 부른다. 몽골군이 고려를 거듭 침략하자 조정은 부처의 힘에 기대어 나라를 지키려는 뜻으로 이 사업을 벌였다. 1236년 강화도에 대장도감을 설치해 새기기 시작했고, 1251년까지 16년 동안 작업이 이어졌다. 현재 남은 판은 일제강점기에 새로 만든 36판을 포함해 모두 81,352장이다.
경판 한 장의 길이는 68~78센티미터, 폭은 약 24센티미터, 두께는 2.7~3.5센티미터 정도이고, 무게는 보통 3~3.5킬로그램이며 무거운 것은 4.4킬로그램에 이른다. 재료로는 주로 산벚나무와 돌배나무를 썼다. 경판은 경상남도 합천군 가야면에 있는 해인사의 장경판전에 보관되어 있다. 1962년 12월 20일 국보 제32호로 지정되었고, 2007년 유네스코 세계기록유산으로 등재되었다.",산벚나무와 돌배나무,합천 해인사 대장경판,train
한국 표준시는 동경 몇 도를 기준으로 해?,"한국 표준시는 협정 세계시보다 9시간 빠른 UTC+9를 쓰며, 동경 135도 경선을 기준으로 한다. 이 경선은 한반도가 아닌 일본을 지나므로, 실제 태양이 가장 높이 뜨는 시각은 서울에서 낮 12시 30분 무렵이다. 한국에서 처음 표준시가 정해진 것은 1908년으로, 이때는 한반도 중앙을 지나는 동경 127.5도를 기준으로 한 UTC+8:30을 썼다. 일제 강점기인 1912년 일본과 같은 UTC+9로 바뀌었고, 광복 뒤인 1954년에 다시 UTC+8:30으로 돌아갔다가 1961년부터 지금의 UTC+9를 이어 쓰고 있다. 여름철에 시계를 한 시간 앞당기는 서머타임은 1987년과 1988년 서울 올림픽을 앞두고 시행되었으나 생활 리듬을 흐트러뜨린다는 지적 속에 그 뒤로는 쓰지 않는다. 표준 경선을 127.5도로 바꾸자는 법안이 여러 차례 나왔지만, 국제 표준과의 호환 등을 이유로 채택되지 않았다. 북한은 2015년부터 2018년까지 UTC+8:30인 평양시를 따로 썼다가 다시 UTC+9로 돌아왔다.",동경 135도,한국 표준시,train
수원 화성의 북문 이름이 뭐지?,"수원 화성은 조선 제22대 임금 정조가 경기도 수원에 쌓게 한 성곽이다. 1794년에 공사를 시작해 1796년에 끝냈으니 2년 남짓한 짧은 기간에 완성한 셈이다. 설계에 참여한 정약용은 무거운 돌을 적은 힘으로 들어 올리는 거중기를 고안했고, 이 도구는 공사를 빠르게 마치는 데 한몫했다. 성벽의 둘레는 5.74킬로미터이다. 성의 네 방향에는 북쪽의 장안문, 남쪽의 팔달문, 동쪽의 창룡문, 서쪽의 화서문이 있다.
공사가 끝난 뒤 조정은 축성 과정을 꼼꼼하게 기록한 『화성성역의궤』를 펴냈다. 한국전쟁 때 성의 일부가 부서졌으나, 이 의궤에 남은 기록을 근거로 옛 모습대로 복원할 수 있었다. 1963년 1월 21일 사적 제3호로 지정되었고, 1997년 유네스코 세계유산에 등재되었다. 동양과 서양의 축성 기술을 함께 받아들인 성곽으로 평가받으며, 오늘날에는 성벽을 따라 걷는 길이 수원의 대표적인 명소가 되었다.",장안문,수원 화성,train
콜로세움은 관중을 최대 몇 명까지 받을 수 있었나,"콜로세움은 고대 로마의 원형 경기장으로, 정식 이름은 플라비우스 원형 경기장이다. 베스파시아누스 황제가 서기 70년에서 72년 사이에 공사를 시작했고, 그의 아들 티투스 황제가 80년에 완공했다. 타원형 건물의 길이는 189미터, 너비는 156미터이며 바깥벽의 높이는 48미터에 이른다. 석회암과 응회암, 콘크리트 등을 써서 지었으며, 최대 8만 7천 명의 관중을 들일 수 있었던 것으로 전한다.
이곳에서는 검투사 경기와 맹수 사냥 같은 구경거리가 열렸는데, 개막 행사 때에만 야생 동물 9,000마리 이상이 죽임을 당했다고 한다. 1349년의 큰 지진으로 남쪽 벽이 무너졌고, 그 뒤에는 떨어져 나온 돌이 다른 건물을 짓는 재료로 실려 가기도 했다. 2007년 신 세계 7대 불가사의 가운데 하나로 뽑혔으며, 2018년 한 해 동안 약 480만 명이 이곳을 찾았다. 오늘날에도 로마를 대표하는 건축물로 꼽힌다.",8만 7천 명,콜로세움,train
사해로 흘러드는 강 이름,"사해는 이스라엘, 팔레스타인, 요르단 사이에 있는 소금 호수이다. 수면이 해수면보다 약 430미터 낮아 지구 육지에서 가장 낮은 곳으로 꼽힌다. 물의 염분은 약 34퍼센트로 일반 바닷물보다 열 배 가까이 짜고, 칼슘과 마그네슘도 많이 녹아 있어 물고기가 살 수 없다. 사해라는 이름도 생물이 살지 못하는 바다라는 데서 비롯되었으며, 히브리어로는 소금 바다라는 뜻의 이름으로 부른다.
남북 길이는 67킬로미터, 동서 너비는 18킬로미터이다. 북쪽에서 요르단강이 흘러들지만 빠져나가는 물길이 없어, 뜨겁고 메마른 날씨 속에 물이 증발하면서 소금이 계속 쌓인다. 물의 밀도가 높아 사람이 몸에 힘을 주지 않아도 물 위에 쉽게 뜬다. 최근에는 흘러드는 물이 줄어 수면이 해마다 1미터가량 낮아지고 있다. 1947년에는 근처 동굴에서 고대의 두루마리 문서들이 발견되었는데, 이를 사해 문서라고 부른다.",요르단강,사해,train
1896년 아테네 제1회 근대 올림픽 참가 선수 수,"올림픽은 여름과 겨울에 각각 4년마다 세계 여러 나라의 선수들이 한곳에 모여 여러 종목을 겨루는 국제 종합 스포츠 대회이다. 고대 그리스의 제전에서 이름과 형식을 빌려 와 19세기 말에 되살렸다.

## 고대 올림픽
고대 올림픽은 기원전 776년 그리스 펠로폰네소스 반도 서쪽의 올림피아에서 처음 열렸다고 전한다. 신들의 왕 제우스에게 바치는 제전의 성격을 띠었으며, 4년에 한 번씩 열렸기 때문에 대회와 대회 사이의 4년을 올림피아드라고 불렀다. 기록에 남은 가장 오래된 종목은 경기장의 한쪽 끝에서 다른 끝까지 곧게 달리는 단거리 경주 스타디온이었다. 시간이 흐르면서 레슬링, 권투, 전차 경주, 오종 경기 같은 종목이 더해졌다. 우승자는 상금 대신 올리브 가지로 엮은 관을 받았지만, 고향으로 돌아가면 큰 명예와 대접을 누렸다. 참가할 수 있는 사람은 그리스 말을 쓰는 자유민 남성으로 한정되었고, 결혼한 여성은 경기를 구경하는 것조차 허락되지 않았다. 대회 기간에는 선수와 구경꾼이 안전하게 오갈 수 있도록 도시 국가들이 전쟁을 멈추는 휴전 관습을 지켰다. 이 제전은 천 년이 넘게 이어지다가 서기 393년 로마 황제 테오도시우스 1세가 이교 제전을 금지하면서 끝났다.

## 근대 올림픽의 부활
올림픽을 다시 열자고 앞장선 사람은 프랑스의 교육자 피에르 드 쿠베르탱이다. 그는 스포츠가 젊은이의 몸과 마음을 기르고 나라 사이의 이해를 넓힐 수 있다고 보았다. 1894년 6월 23일 파리 소르본 대학에서 열린 회의에서 국제올림픽위원회가 만들어졌고, 2년 뒤인 1896년 그리스 아테네에서 제1회 근대 올림픽이 열렸다. 이 대회에는 14개국에서 선수 241명이 참가했으며, 우승자에게는 은메달을 주었다. 이 대회의 마라톤에서는 그리스의 스피리돈 루이스가 우승해 개최국 관중을 크게 기쁘게 했다. 국제올림픽위원회의 초대 위원장은 그리스의 디미트리오스 비켈라스가 맡았고, 쿠베르탱은 1896년부터 1925년까지 두 번째 위원장으로 일했다. 1등부터 3등까지 금, 은, 동메달을 주는 방식은 1904년 미국 세인트루이스 대회에서 처음 자리를 잡았다. 여성 선수는 1900년 파리 대회에서 처음 경기에 나섰다. 대회가 늘 순조롭게 열린 것은 아니어서, 두 차례의 세계 대전 때문에 1916년, 1940년, 1944년 대회는 치러지지 못했다. 2020년 도쿄 대회는 코로나19 유행으로 한 해 미뤄져 2021년에 열렸다.

## 상징과 의식
올림픽을 대표하는 상징은 흰 바탕 위에 파랑, 노랑, 검정, 초록, 빨강의 다섯 고리가 서로 엮여 있는 오륜기이다. 이 깃발은 1914년에 고안되었고, 1920년 벨기에 앤트워프 대회에서 처음으로 경기장에 걸렸다. 다섯 고리는 다섯 대륙이 올림픽으로 이어진다는 뜻으로 풀이된다. 선수 대표가 규칙을 지키며 공정하게 겨루겠다고 다짐하는 선수 선서도 이 앤트워프 대회에서 처음 시작되었다. 올림픽 표어는 라틴어 문구로 알려진 '더 빠르게, 더 높이, 더 힘차게'이며, 2021년에는 여기에 '함께'라는 말이 덧붙었다. 경기장에 성화를 처음 밝힌 것은 1928년 암스테르담 대회였다. 그리스 올림피아에서 햇빛을 모아 불을 붙인 뒤 여러 사람이 이어 달리며 개최 도시까지 옮기는 성화 봉송은 1936년 베를린 대회에서 시작되었다. 개회식에서는 올림픽의 발상지인 그리스 선수단이 가장 먼저, 개최국 선수단이 가장 마지막에 입장하는 전통이 이어지고 있다. 폐회식에서는 올림픽기를 다음 개최 도시의 대표에게 넘겨주는 의식을 치러 다음 대회를 예고한다.

## 동계 올림픽
눈과 얼음 위에서 겨루는 종목을 따로 모은 동계 올림픽은 1924년 프랑스 샤모니에서 처음 열렸다. 이 대회는 처음에 국제 동계 스포츠 주간이라는 이름으로 치러졌다가 나중에 제1회 동계 올림픽으로 인정되었다. 오랫동안 동계 대회와 하계 대회는 같은 해에 열렸다. 그러다 두 대회를 2년 간격으로 번갈아 열기로 하면서, 1992년 프랑스 알베르빌 대회 다음 동계 대회는 2년 만인 1994년 노르웨이 릴레함메르에서 열렸다. 이때부터 하계 대회와 동계 대회가 짝수 해마다 번갈아 찾아오게 되었다. 동계 올림픽에서는 알파인 스키와 크로스컨트리 스키 같은 설상 종목, 스피드스케이팅과 피겨스케이팅 같은 빙상 종목, 봅슬레이와 루지 같은 썰매 종목, 그리고 아이스하키와 컬링 등이 치러진다.

## 국제올림픽위원회
국제올림픽위원회는 올림픽 운동 전체를 이끄는 비정부 국제기구로, 본부는 스위스 로잔에 있다. 올림픽 헌장을 바탕으로 대회의 개최지를 정하고, 어떤 종목을 대회에 넣을지 결정하며, 각 나라의 올림픽위원회를 승인한다. 대회를 준비하는 일은 개최 도시가 꾸리는 조직위원회가 맡고, 국제올림픽위원회는 그 과정을 감독한다. 경기 규칙과 선수 자격은 종목마다 있는 국제경기연맹이 정한다. 선수들이 금지 약물을 쓰지 못하도록 감시하는 일은 1999년에 세워진 세계반도핑기구와 함께 한다. 2016년 리우데자네이루 대회부터는 전쟁이나 박해를 피해 고국을 떠난 선수들이 난민 선수단을 꾸려 오륜기 아래에서 경기에 나서고 있다.
## 아마추어 규정의 변화
근대 올림픽은 오랫동안 운동으로 돈을 벌지 않는 아마추어 선수만 참가할 수 있다는 원칙을 지켰다. 이 원칙은 1980년대에 들어 크게 느슨해져, 국제올림픽위원회는 종목마다 국제경기연맹이 출전 자격을 정하도록 길을 열었다. 그 결과 1992년 바르셀로나 대회 남자 농구에는 미국 프로 리그의 스타 선수들이 처음 출전해 큰 관심을 모았다. 고대의 휴전 관습도 새롭게 조명되어, 1990년대부터 유엔 총회는 대회 때마다 올림픽 기간의 휴전을 호소하는 결의를 채택하고 있다.",선수 241명,올림픽,train
강릉단오제 관노가면극은 다른 탈놀이와 뭐가 달라요?,"강릉단오제는 강원도 강릉에서 단오 무렵 대관령의 신을 모시며 벌이는 지역 축제이다. 모시는 신 가운데 대관령국사성황은 강릉 출신 승려인 범일국사이고, 대관령국사여성황은 강릉의 정씨 여인으로 전한다. 축제는 음력 4월 5일 제사에 올릴 술을 빚는 신주빚기로 막을 올린다. 음력 4월 보름에는 대관령에서 국사성황을 모셔 와 시내에 머물게 하고, 음력 5월 3일부터 7일까지 남대천 단오장에서 본격적인 행사가 펼쳐진다. 행사의 중심은 유교식 제례, 무당이 벌이는 단오굿, 그리고 관노가면극의 세 가지이다. 관노가면극은 조선 시대 관아에 딸린 노비들이 하던 탈놀이로, 대사 없이 몸짓과 춤만으로 이야기를 풀어 간다. 강릉단오제는 1967년 1월 16일 국가무형문화재 제13호로 지정되었고, 2005년 11월 25일 유네스코 인류구전 및 무형유산 걸작에 올랐다.",대사 없이 몸짓과 춤만으로,강릉단오제,test
서울 올림픽에서 한국은 종합 순위 몇 위를 했나요?,"1988년 서울 올림픽은 그해 9월 17일부터 10월 2일까지 16일 동안 서울에서 열린 제24회 하계 올림픽이다. 개최지는 1981년 9월 30일 서독 바덴바덴에서 열린 국제올림픽위원회 총회에서 결정되었는데, 서울이 52표를 얻어 27표에 그친 일본 나고야를 눌렀다. 대회에는 160개국에서 선수 약 8,400명이 참가했다. 1980년 모스크바 대회와 1984년 로스앤젤레스 대회가 동서 진영의 잇따른 불참으로 반쪽 대회에 그쳤던 것과 달리, 서울 대회에는 소련과 동독을 비롯한 동서 양 진영의 나라들이 12년 만에 거의 모두 모였다. 마스코트는 상모를 쓴 아기 호랑이 호돌이였다. 탁구가 처음 정식 종목으로 채택되었고, 테니스는 1924년 이후 64년 만에 정식 종목으로 돌아왔으며, 태권도와 야구는 시범 종목으로 치러졌다. 주요 경기는 잠실의 서울올림픽주경기장을 중심으로 열렸다. 개최국 대한민국은 금메달 12개를 따내 종합 4위에 올랐다.",종합 4위,1988년 서울 올림픽,train
"벽과 기둥에는 천상의 무희인 압사라를 새긴 조각이 약 1,796점 남아 있다","앙코르 와트는 캄보디아 시엠레아프주에 있는 거대한 사원으로, 12세기 크메르 제국의 왕 수리야바르만 2세 때 지어졌다. 수리야바르만 2세는 1113년부터 1150년 무렵까지 나라를 다스렸다. 처음에는 힌두교의 신 비슈누에게 바친 사원이었으나, 뒤에 불교 사원으로 쓰이게 되었다. 사원을 둘러싼 해자는 너비가 190미터, 둘레가 약 5킬로미터에 이른다.
가운데에 솟은 탑을 네 개의 탑이 둘러싸 모두 다섯 개의 탑이 중심부를 이루며, 가장 높은 중앙탑은 지면에서 약 65미터 높이이다. 대부분의 크메르 사원이 동쪽을 향하는 것과 달리 정문이 서쪽을 향하고 있다는 점이 특징이다. 벽과 기둥에는 천상의 무희인 압사라를 새긴 조각이 약 1,796점 남아 있다. 19세기 중반 프랑스의 박물학자 앙리 무오가 여행기를 통해 이 사원을 유럽에 널리 알렸다. 1992년 앙코르 유적의 일부로 유네스코 세계유산에 등재되었으며, 캄보디아 국기에도 이 사원의 모습이 그려져 있다.",벽과,앙코르 와트,train
추임새,"판소리는 소리꾼 한 명이 고수의 북 장단에 맞춰 긴 이야기를 노래와 말, 몸짓으로 풀어내는 한국의 전통 성악이다. 18세기에 생겨난 것으로 보며, 소리꾼은 노래로 부르는 창 사이사이에 아니리라 부르는 말로 줄거리를 잇고, 발림이라 하는 손짓과 몸짓으로 장면을 그려 보인다. 고수와 청중은 '얼씨구', '좋다' 같은 추임새를 넣어 소리꾼의 흥을 돋운다. 오늘날까지 온전히 전해지는 작품은 춘향가, 심청가, 흥보가, 적벽가, 수궁가의 다섯 마당이다. 부르는 방식에 따라 여러 유파로 나뉘는데, 동편제는 꾸밈을 줄이고 타고난 성량을 힘차게 내세우며, 서편제는 계면조를 많이 써서 애절한 느낌을 살린다. 두 유파의 중간 성격을 띠면서 소리의 높낮이가 뚜렷한 갈래는 중고제라 한다. 조선 후기에는 권삼득, 송흥록, 모흥갑, 신만엽 등이 이름을 떨쳐 흔히 8명창으로 꼽힌다. 판소리는 1964년 12월 24일 국가무형문화재 제5호로 지정되었고, 2003년 11월 7일에는 유네스코 인류구전 및 무형유산 걸작으로 선정되었다.",추임새,판소리,train
추석의 다른 이름은 뭐가 있어?,"추석은 음력 8월 15일로, 한 해 농사의 결실을 거두고 조상에게 감사하는 한국의 큰 명절이다. 한가위 또는 중추절이라고도 한다. 한가위라는 이름은 신라의 가배에서 비롯되었다고 본다. 삼국사기에 따르면 신라 유리왕 9년인 서기 32년, 왕이 도읍의 여섯 부 여자들을 두 편으로 나누어 음력 7월 16일부터 한 달 동안 길쌈 솜씨를 겨루게 하고, 8월 15일에 성과를 따져 진 편이 이긴 편에게 술과 음식을 대접하게 했다. 이때 진 편의 한 여자가 일어나 춤추며 탄식한 소리를 바탕으로 회소곡이라는 노래가 지어졌다고 한다. 추석날에는 햇곡식으로 차례를 지내고 조상의 산소를 찾아 성묘하며, 반달 모양으로 빚은 송편과 토란국을 먹는다. 광복 뒤 1949년에 추석 당일이 처음 공휴일이 되었고, 1986년에는 다음 날이 더해졌으며, 1989년부터 전날까지 포함한 사흘 연휴가 되었다. 연휴마다 고향을 찾는 사람들이 한꺼번에 움직여 전국의 도로와 철도가 크게 붐빈다.",한가위 또는 중추절,추석,train
가곡에서 3장과 4장 사이에 들어가는 간주를 무엇이라 하지?,"가곡은 시조시를 노랫말로 삼아 작은 규모의 국악 관현악 반주에 맞추어 부르는 전통 성악이다. 반주에는 거문고, 가야금, 해금, 대금, 단소, 장구 등이 쓰인다. 한 곡은 다섯 장으로 짜이며, 노래가 시작되기 전에 반주만 흐르는 대여음이 있고 3장과 4장 사이에는 중여음이라는 간주가 들어간다. 조선 전기에 불리던 느린 곡들이 점차 빠른 곡 중심으로 바뀌었고, 조선 후기의 삭대엽에서 오늘날 가곡의 틀이 갖추어졌다. 지금 전해지는 가곡은 우조와 계면조의 곡을 아울러 남자가 부르는 남창 26곡과 여자가 부르는 여창 15곡을 더해 모두 41곡이다. 여창은 남창의 가락을 여성의 음역에 맞게 조금 고친 것이 많다. 같은 시조를 노래하더라도 가곡은 시조창보다 반주 편성이 크고 음악 형식이 정교하다는 점에서 구별된다. 가곡은 국가무형문화재 제30호로 지정되어 있으며, 2010년 유네스코 인류무형유산 대표목록에 등재되었다.",중여음,가곡 (전통 성악),train
K리그1은 몇 라운드를 마친 뒤 상위 스플릿과 하위 스플릿으로 갈리나요?,"K리그는 한국프로축구연맹이 운영하는 대한민국의 프로 축구 리그이다. 1983년 수퍼리그라는 이름으로 출범했으며, 첫해에는 프로 구단 두 곳과 실업 구단 세 곳을 합쳐 다섯 팀이 참가했다. 대회 이름은 1984년 축구대제전, 1987년 한국프로축구대회로 바뀌었고, 리그를 관장하는 한국프로축구연맹은 1994년 7월 30일에 설립되었다. 2013년에는 1부와 2부로 리그를 나누고 성적에 따라 오르내리는 승강제를 도입하면서 1부를 K리그 클래식, 2부를 K리그 챌린지라 불렀다. 2018년에 두 이름은 각각 K리그1과 K리그2로 바뀌었다. 2025년 시즌 기준으로 1부인 K리그1에는 열두 개 구단이 참가하며, 33라운드까지 치른 뒤 상위 여섯 팀은 파이널 A, 하위 여섯 팀은 파이널 B로 나뉘어 다섯 경기를 더 치러 모두 38라운드로 시즌을 마친다. 파이널 A에서는 우승과 아시아 대회 출전권을, 파이널 B에서는 강등을 피하기 위한 경쟁이 벌어진다.",33라운드,K리그,train
러더퍼드가 원자핵 모형을 제안한 해는 언제인가요?,"어니스트 러더퍼드는 1871년 뉴질랜드에서 태어난 물리학자로, 원자 한가운데에 원자핵이 있다는 사실을 밝혀냈다. 그는 1898년 방사선에 투과력이 서로 다른 두 종류가 있음을 알아내고 이를 알파선과 베타선으로 나누었다. 방사성 원소가 붕괴하면서 다른 원소로 바뀐다는 연구로 1908년 노벨 화학상을 받았다.
1909년 그의 지도 아래 한스 가이거와 어니스트 마스든은 얇은 금박에 알파 입자를 쏘는 실험을 했다. 대부분의 입자는 금박을 그대로 뚫고 지나갔지만, 아주 드물게 크게 튕겨 나오는 입자가 있었다. 러더퍼드는 이 결과를 바탕으로 1911년 원자의 질량과 양전하가 아주 작은 중심부에 몰려 있다는 원자핵 모형을 내놓았다. 1919년에는 양성자를 발견했으며, 같은 해 영국 케임브리지 대학교 캐번디시 연구소의 소장이 되었다. 그는 1937년에 세상을 떠났고, 104번 원소 러더포듐은 그의 이름을 딴 것이다.",1911년,러더퍼드와 원자핵,test
고인돌,"고인돌은 큰 바위를 받침돌 위에 얹거나 땅 위에 놓아 만든 선사 시대의 무덤으로, 거석 기념물의 한 종류이다. 한국은 세계적으로 고인돌이 많이 모여 있는 곳이며, 그 가운데 청동기 시대 고인돌이 빽빽하게 분포한 고창, 화순, 강화 세 지역의 유적은 2000년 12월 2일 유네스코 세계유산으로 함께 등재되었다.
고창군 죽림리 일대에는 500기가 넘는 고인돌이 모여 있다. 화순에서는 좁은 지역 안에 596기가량이 몰려 있고, 춘양면 대신리에 있는 고인돌의 덮개돌은 무게가 280톤 정도로 국내에서 가장 무거운 것으로 알려져 있다. 강화에서는 고려산 기슭을 따라 부근리, 삼거리, 오상리 등에 120기 남짓이 분포하며, 해발 280미터에 이르는 높은 곳에서도 고인돌이 발견된다. 한곳에 수백 기가 몰려 있고 형식도 다양한 이 유적들은 청동기 시대의 사회 구조와 동북아시아 선사 문화의 교류를 밝히는 데 중요한 자료로 쓰인다.",고인돌,고창·화순·강화 고인돌 유적,train
"한산 모시짜기는 충청남도 서천군 한산면 일대에서 전해 오는, 모시풀 껍질에서 실을 얻어 옷감을 짜는 기술이다","한산 모시짜기는 충청남도 서천군 한산면 일대에서 전해 오는, 모시풀 껍질에서 실을 얻어 옷감을 짜는 기술이다. 원료가 되는 저마는 한 해에 세 번 거두는데, 5월에서 6월 초, 8월 초에서 중순, 10월 초에서 중순이 그 시기이다. 베어 낸 줄기의 겉껍질을 벗겨 태모시를 만들고, 이를 이로 가늘게 쪼개는 모시째기, 쪼갠 올을 무릎에 대고 비벼 잇는 모시삼기를 거친다. 이어 실을 뭉치로 만드는 모시굿 만들기, 날실의 길이와 올 수를 맞추는 모시날기, 풀을 먹여 실을 다듬는 모시매기를 지나 베틀에서 모시짜기를 하고 마지막으로 표백한다. 모시의 곱기는 새라는 단위로 나타내며 7새부터 15새까지 있는데, 10새 이상의 고운 것을 세모시라 부른다. 한산 모시짜기는 1967년 1월 16일 국가무형문화재 제14호로 지정되었고, 2011년 유네스코 인류무형유산 대표목록에 올랐다. 서천에서는 이 전통을 알리는 한산모시문화제가 해마다 열린다.",한산,한산 모시짜기,test
부동산실명제는 언제 도입됐나요?,"금융실명제는 은행 예금이나 증권 거래 같은 모든 금융 거래를 반드시 거래자 본인의 실제 이름으로 하도록 한 제도이다. 대한민국에서는 1993년 8월 12일 오후 8시, 대통령 긴급재정경제명령 제16호로 전격 시행되었다. 그 전에는 남의 이름이나 가짜 이름으로 계좌를 만드는 차명 거래와 가명 거래가 흔해 돈의 흐름을 추적하기 어려웠다. 앞서 1982년 7월 3일 정부가 실명제를 실시하겠다고 발표한 적이 있으나 반발 속에 미뤄졌다. 1993년 시행 때에는 이미 있던 가명 계좌를 실명으로 바꿀 수 있도록 약 2개월의 기간을 주었고, 실명 확인을 거치지 않은 계좌에서는 돈을 찾지 못하게 했다. 또 실명으로 바꾸면서 한꺼번에 3천만 원 이상을 찾으면 국세청에 알리도록 했다. 긴급명령은 1997년 금융실명거래 및 비밀보장에 관한 법률로 대체되었다. 제도 시행으로 불법 자금의 흐름을 따라갈 수 있게 되었다는 평가가 있는 한편, 시행 초기에는 주가가 크게 떨어지는 등 금융 시장이 흔들리기도 했다. 1995년에는 부동산을 다른 사람 이름으로 등기하지 못하게 하는 부동산실명제가 뒤따랐다.",1995년,금융실명제,train
바둑돌 한 벌은 흑백 각각 몇 개씩이야?,"바둑은 가로세로 열아홉 줄이 그어진 판 위에 두 사람이 흑돌과 백돌을 번갈아 놓으며 더 넓은 집을 차지하는 쪽이 이기는 놀이이다. 줄이 만나는 점은 모두 361개이고, 판 위의 몇몇 점은 화점이라 하여 굵은 점으로 표시해 둔다. 돌은 흑이 181개, 백이 180개로 한 벌을 이룬다. 한번 놓은 돌은 옮길 수 없으며, 상대 돌에 사방이 완전히 둘러싸인 돌은 잡혀서 판에서 들어낸다. 돌을 놓을 수 없는 자리인 착수 금지점과, 같은 모양이 끝없이 되풀이되지 않도록 한 수를 쉬고 다시 따내게 하는 패의 규칙이 있다. 먼저 두는 흑이 유리하므로 백에게 덤을 주는데, 흔히 6집 반이나 7집 반이다. 중국에서 비롯되었다고 보며 요임금과 순임금이 만들었다는 전설이 전한다. 삼국사기에는 바둑을 즐기던 백제 개로왕에게 고구려의 승려 도림이 바둑으로 접근했다는 이야기가 실려 있다. 바둑은 2010년 광저우 아시안 게임에서 정식 종목으로 치러졌다.","흑이 181개, 백이 180개",바둑,train
8차로 넘는 큰 도로는 도로명에서 어떻게 구분해?,"도로명주소는 도로마다 이름을 붙이고, 그 도로를 따라 늘어선 건물에 차례로 번호를 매겨 위치를 나타내는 주소 체계이다. 이전까지는 1918년 무렵 토지 조사를 거치며 만들어진 지번주소를 썼는데, 땅을 나누고 합치는 일이 거듭되면서 번호가 뒤섞여 주소만으로 위치를 찾기가 어려워졌다. 정부는 1996년 시범 사업을 시작했고, 2007년 관련 법을 만들어 2009년 지금의 도로명주소법이라는 이름을 붙였다. 2011년 7월 29일 새 주소를 고시한 뒤 2013년 말까지는 옛 주소와 함께 쓰게 했고, 2014년 1월 1일부터 전면 시행했다. 도로는 너비와 차로 수에 따라 셋으로 나뉜다. 8차로 이상이거나 폭이 40미터를 넘으면 대로, 2차로에서 7차로 사이면 로, 그보다 좁은 길은 길이라 부른다. 건물번호는 도로가 시작하는 쪽에서 볼 때 왼쪽 건물에 홀수를, 오른쪽 건물에 짝수를 붙인다. 번호를 매기는 기준 간격은 대로와 로에서 20미터, 길에서 10미터여서, 번호만으로 도로 시작점에서의 거리를 어림할 수 있다.",대로,도로명주소,train
한국 최초의 TV 방송국 이름은?,"한국에서 텔레비전 방송이 처음 시작된 것은 1956년 5월 12일 HLKZ-TV가 개국하면서이다. 세계에서 열다섯 번째, 아시아에서는 일본과 태국, 필리핀에 이어 네 번째였으며, 서울 종로구 관철동에 스튜디오 하나와 방송용 카메라 두 대를 갖추고 출발했다. 이 방송국은 오래 이어지지 못했고, 그곳에서 일하던 사람들 상당수가 1961년 12월 31일 개국한 국영 KBS 텔레비전으로 자리를 옮겨 본격적인 텔레비전 시대를 열었다. 흑백으로만 나오던 화면은 1980년 12월 1일 KBS 1TV가 컬러 시험 방송을 내보내면서 바뀌기 시작했다. 같은 달 22일부터 다른 채널들도 컬러 방송에 합류했고, 1981년 1월 1일부터 본격적인 컬러 방송이 이루어졌다. 한국의 컬러 방송은 세계에서 81번째로 늦은 편이었다. 이후 기술 발전에 따라 아날로그 방송은 2012년 12월 31일 끝났고, 지상파는 디지털 방송으로 완전히 넘어갔다.",HLKZ-TV,한국의 텔레비전 방송,train
앙코르 와트 정문은 어느 쪽을 보고 있나요?,"앙코르 와트는 캄보디아 시엠레아프주에 있는 거대한 사원으로, 12세기 크메르 제국의 왕 수리야바르만 2세 때 지어졌다. 수리야바르만 2세는 1113년부터 1150년 무렵까지 나라를 다스렸다. 처음에는 힌두교의 신 비슈누에게 바친 사원이었으나, 뒤에 불교 사원으로 쓰이게 되었다. 사원을 둘러싼 해자는 너비가 190미터, 둘레가 약 5킬로미터에 이른다.
가운데에 솟은 탑을 네 개의 탑이 둘러싸 모두 다섯 개의 탑이 중심부를 이루며, 가장 높은 중앙탑은 지면에서 약 65미터 높이이다. 대부분의 크메르 사원이 동쪽을 향하는 것과 달리 정문이 서쪽을 향하고 있다는 점이 특징이다. 벽과 기둥에는 천상의 무희인 압사라를 새긴 조각이 약 1,796점 남아 있다. 19세기 중반 프랑스의 박물학자 앙리 무오가 여행기를 통해 이 사원을 유럽에 널리 알렸다. 1992년 앙코르 유적의 일부로 유네스코 세계유산에 등재되었으며, 캄보디아 국기에도 이 사원의 모습이 그려져 있다.",서쪽,앙코르 와트,train
누리호,"누리호는 한국항공우주연구원이 중심이 되어 국내 기술로 개발한 3단형 우주 발사체로, 한국형 발사체라고도 부른다. 개발은 2010년에 시작되어 2021년 6월에 마무리되었다. 전체 길이는 47.2미터, 무게는 약 200톤이며, 1단에는 75톤급 액체 엔진 네 기가 묶여 있다. 발사는 고흥군 외나로도에 있는 나로우주센터에서 이루어진다.
2021년 10월 21일 첫 발사에서는 비행 과정은 모두 거쳤지만 실어 보낸 위성 모사체를 궤도에 올리지 못했다. 2022년 6월 21일 두 번째 발사에서는 성능 검증 위성을 목표 궤도에 올리는 데 성공했고, 이로써 한국은 1톤 이상의 위성을 자체 발사체로 쏘아 올린 일곱 번째 나라가 되었다. 2023년 5월 25일 세 번째 발사에서는 차세대 소형 위성 2호를 비롯한 여러 위성을 실어 날랐다. 네 번째 발사는 2025년 11월 27일에 있었으며, 차세대 중형 위성 3호 등 13기의 위성을 실었다. 누리호는 고도 700킬로미터의 태양 동기 궤도에 1.5톤을 올리는 것을 목표로 설계되었다.",누리호,누리호,train
탄소 연대 측정법을 개발한 미국 과학자,"방사성 탄소 연대 측정은 생물의 유해에 남은 탄소-14의 양을 재어 그 생물이 죽은 뒤 얼마나 시간이 흘렀는지 알아내는 방법이다. 미국 시카고 대학교의 윌러드 리비와 동료들이 1949년에 개발했으며, 리비는 이 업적으로 1960년 노벨 화학상을 받았다. 대기 높은 곳에서는 우주선이 만들어 낸 중성자가 질소-14와 부딪혀 탄소-14가 끊임없이 생겨난다.
살아 있는 생물은 먹고 숨 쉬는 동안 이 탄소를 몸에 받아들이지만, 죽고 나면 더는 받아들이지 못하고 몸속 탄소-14는 일정한 속도로 줄어든다. 탄소-14의 반감기는 약 5,730년이어서, 남은 양을 재면 죽은 시점을 거꾸로 셈할 수 있다. 이 방법으로는 대략 6만 년 전까지의 연대를 잴 수 있으며, 나무나 뼈, 숯처럼 유기물이 든 유물에 쓰인다. 대기 속 탄소-14의 비율은 시대에 따라 조금씩 달랐기 때문에, 오래 산 나무의 나이테를 이용해 측정값을 보정한다. 가속기 질량 분석법을 쓰면 아주 적은 시료로도 정확하게 잴 수 있다.",윌러드 리비,방사성 탄소 연대 측정,train
소년체전이 전국체전에서 분리된 해,"전국체육대회는 대한민국의 시도 대표 선수들이 한자리에 모여 여러 종목을 겨루는 국내 최대의 종합 체육 대회이다. 그 뿌리는 1920년 조선체육회가 창립된 해에 열린 제1회 전조선야구대회로, 이 대회는 그해 11월 4일부터 6일까지 배재고보 운동장에서 치러졌다. 이후 여러 종목이 더해지며 규모를 키웠으나, 1938년 조선체육회가 일제에 의해 강제로 해산되면서 대회도 끊겼다. 광복 뒤인 1945년에 다시 열렸다. 해마다 10월에 시작해 일주일 동안 열리고, 개최지는 시도가 돌아가며 맡는다. 17개 시도에서 모인 2만 명 안팎의 선수가 40개가 넘는 종목에서 기량을 겨룬다. 종목별 성적은 점수로 바꾸어 더하고, 그 합계로 시도의 종합 순위를 매긴다. 1972년에는 초등학교부와 중학교부를 떼어 내 전국소년체육대회를 따로 열기 시작했다. 2019년에는 서울에서 제100회 대회가 열렸다.",1972년,전국체육대회,train
프로야구 정규 시즌에 팀마다 치르는 경기 수,"KBO 리그는 한국야구위원회가 운영하는 대한민국의 프로 야구 리그이다. 1981년 12월 11일 출범 계획이 공표되었고, 이듬해인 1982년 여섯 개 구단으로 첫 시즌을 치렀다. 이후 구단이 차례로 늘어 지금은 열 개 구단이 참가한다. 정규 시즌에는 팀마다 144경기씩, 리그 전체로는 720경기를 치른다. 정규 시즌이 끝나면 상위 다섯 팀이 가을 야구에 나서는데, 4위와 5위가 먼저 와일드카드 결정전을 벌이고, 그 승자가 3위와 준플레이오프를, 다시 그 승자가 2위와 플레이오프를 치른 뒤, 마지막 승자가 정규 시즌 1위와 한국시리즈에서 우승을 다툰다. 외국인 선수 제도는 1998년에 도입되어, 구단마다 정해진 인원 안에서 외국인 선수를 영입해 경기에 내보낸다. 2024년 정규 시즌에는 관중 1,002만 758명이 경기장을 찾아 리그 사상 처음으로 한 시즌 관중 천만 명을 넘어섰다.",144경기,KBO 리그,validation
마그나카르타를 무효라고 선언한 교황은?,"마그나 카르타는 1215년 6월 15일 잉글랜드의 존 왕이 템스강 가의 러니미드에서 귀족들의 요구를 받아들여 승인한 문서이다. 라틴어 이름은 자유의 큰 헌장이라는 뜻이며, 한국어로는 흔히 대헌장이라고 옮긴다. 왕이 제멋대로 세금을 걷거나 사람을 가두지 못하게 왕권을 제한하는 내용을 담았으며, 18세기 이후에는 모두 63개 조항으로 나누어 정리되었다.
그러나 교황 인노첸시오 3세는 같은 해 8월 24일 이 문서가 무효라고 선언했다. 이후 1216년, 1217년, 1225년에 내용을 손본 판이 다시 발행되었고, 1297년에도 이를 재확인하는 문서가 나왔다. 1215년에 작성된 사본은 지금 네 부가 남아 있는데, 영국 도서관에 두 부, 링컨 대성당과 솔즈베리 대성당에 한 부씩 보관되어 있다. 이 문서는 법이 왕보다 위에 있다는 생각을 보여 주는 상징으로 여겨지며, 뒷날 여러 나라의 헌법과 인권 문서가 만들어지는 데 영향을 주었다.",인노첸시오 3세,마그나 카르타,train
끊겼던 종묘 제향 음악이 다시 연주되기 시작한 해는 언제야?,"종묘제례악은 조선 왕실이 역대 임금과 왕비의 신주를 모신 서울 종묘에서 제사를 올릴 때 연주하던 음악으로, 기악과 노래, 춤이 한데 어우러진다. 중심이 되는 곡은 보태평과 정대업인데, 앞의 것은 선왕들의 문덕을, 뒤의 것은 무공을 기린다. 두 곡은 1449년 세종이 처음 지었고, 세조 9년인 1463년에 제례에 맞게 다듬어진 뒤 이듬해부터 종묘 제향에 쓰였다. 보태평과 정대업은 각각 11곡으로 이루어진다. 음악에 맞춰 여러 줄로 늘어선 무용수가 추는 춤을 일무라 하며, 보태평을 연주할 때는 문무를, 정대업을 연주할 때는 무무를 춘다. 연주에는 편종과 편경, 박, 축, 어, 해금, 대금, 아쟁, 태평소 등 여러 악기가 동원된다. 1946년 이후 한동안 제향 연주가 끊겼다가 1971년에 다시 이어졌다. 1964년 12월 7일 국가무형문화재 제1호로 지정되었고, 2001년에는 종묘제례와 함께 유네스코 인류구전 및 무형유산 걸작으로 선정되었다. 요즘은 해마다 5월 첫째 일요일과 11월 첫째 토요일에 종묘에서 봉행되는 제례에 맞춰 연주된다.",1971년,종묘제례악,train
에베레스트산 공식 높이는 몇 미터인가요?,"에베레스트산은 히말라야산맥에 있는 세계에서 가장 높은 산으로, 네팔과 중국 티베트 자치구의 경계에 솟아 있다. 2020년 네팔과 중국이 함께 발표한 높이는 8,848.86미터이다. 네팔에서는 세상의 정상이라는 뜻의 사가르마타, 티베트에서는 초모룽마라고 부른다. 영어 이름은 19세기 인도에서 측량 사업을 이끈 영국의 측량가 조지 에베레스트에게서 따왔다.
1953년 5월 29일 뉴질랜드의 에드먼드 힐러리와 셰르파인 텐징 노르가이가 처음으로 정상에 올랐다. 한국인으로는 1977년 고상돈이 처음 정상을 밟았다. 정상 부근의 바위는 옛 바다 밑에 쌓인 석회암인데, 이는 인도판과 유라시아판이 부딪치면서 해저 지층이 높이 밀려 올라갔음을 보여 준다. 꼭대기 부근은 공기가 매우 희박하고 기온도 낮아서, 대부분의 등반가는 산소통을 메고 정상에 오른다.","8,848.86미터",에베레스트산,train
한국 프로야구 한 시즌 관중이 처음 1000만 명을 돌파한 해는?,"KBO 리그는 한국야구위원회가 운영하는 대한민국의 프로 야구 리그이다. 1981년 12월 11일 출범 계획이 공표되었고, 이듬해인 1982년 여섯 개 구단으로 첫 시즌을 치렀다. 이후 구단이 차례로 늘어 지금은 열 개 구단이 참가한다. 정규 시즌에는 팀마다 144경기씩, 리그 전체로는 720경기를 치른다. 정규 시즌이 끝나면 상위 다섯 팀이 가을 야구에 나서는데, 4위와 5위가 먼저 와일드카드 결정전을 벌이고, 그 승자가 3위와 준플레이오프를, 다시 그 승자가 2위와 플레이오프를 치른 뒤, 마지막 승자가 정규 시즌 1위와 한국시리즈에서 우승을 다툰다. 외국인 선수 제도는 1998년에 도입되어, 구단마다 정해진 인원 안에서 외국인 선수를 영입해 경기에 내보낸다. 2024년 정규 시즌에는 관중 1,002만 758명이 경기장을 찾아 리그 사상 처음으로 한 시즌 관중 천만 명을 넘어섰다.",2024년,KBO 리그,train
"1981년 서독 바덴바덴에서 열린 국제올림픽위원회 총회에서 1988년 하계 올림픽 개최지를 정하는 투표를 했다고 들었는데, 그때 서울과 마지막까지 경쟁한 일본 도시는 어디였고, 서울이 몇 표를 받아 이겼는지, 또 상대 도시는 몇 표를 받았는지 한꺼번에 알고 싶습니다.","1988년 서울 올림픽은 그해 9월 17일부터 10월 2일까지 16일 동안 서울에서 열린 제24회 하계 올림픽이다. 개최지는 1981년 9월 30일 서독 바덴바덴에서 열린 국제올림픽위원회 총회에서 결정되었는데, 서울이 52표를 얻어 27표에 그친 일본 나고야를 눌렀다. 대회에는 160개국에서 선수 약 8,400명이 참가했다. 1980년 모스크바 대회와 1984년 로스앤젤레스 대회가 동서 진영의 잇따른 불참으로 반쪽 대회에 그쳤던 것과 달리, 서울 대회에는 소련과 동독을 비롯한 동서 양 진영의 나라들이 12년 만에 거의 모두 모였다. 마스코트는 상모를 쓴 아기 호랑이 호돌이였다. 탁구가 처음 정식 종목으로 채택되었고, 테니스는 1924년 이후 64년 만에 정식 종목으로 돌아왔으며, 태권도와 야구는 시범 종목으로 치러졌다. 주요 경기는 잠실의 서울올림픽주경기장을 중심으로 열렸다. 개최국 대한민국은 금메달 12개를 따내 종합 4위에 올랐다.",서울이 52표를 얻어 27표에 그친 일본 나고야,1988년 서울 올림픽,train
경복궁이라는 이름을 붙인 사람은 누구야?,"경복궁은 조선을 세운 태조가 1395년에 지은 궁궐로, 조선 왕조가 처음으로 세운 법궁이다. 궁궐의 이름은 정도전이 지었는데, 《시경》의 한 구절에서 큰 복을 누린다는 뜻의 두 글자를 따왔다. 1592년 임진왜란 때 불에 탄 뒤 오랫동안 빈터로 남아 있다가, 고종 2년인 1865년 흥선대원군이 앞장서서 다시 짓기 시작해 1868년 7월에 공사를 마쳤다.
임금이 신하들의 하례를 받고 나라의 큰 의식을 치르던 정전은 근정전이며, 궁의 남쪽 정문은 광화문이다. 연못 가운데에 세운 누각인 경회루는 1867년에 다시 지어졌고, 궁궐 북쪽의 향원정은 1867년부터 1873년 사이에 세워졌다. 궁궐의 넓이는 432,703제곱미터이다. 1963년 1월 21일 사적 제117호로 지정되었다. 일제강점기에 헐리거나 옮겨진 전각을 되살리는 복원 사업이 1990년부터 이어지고 있는데, 처음에는 2030년까지 마칠 계획이었으나 완료 목표가 2045년으로 늦춰졌다.",정도전,경복궁,train
황해 평균 수심은 몇 미터야?,"한반도는 아시아 대륙의 동쪽 끝에서 남쪽으로 길게 뻗어 나온 반도이다. 산이 많고 동쪽이 높으며, 세 방향이 바다로 둘러싸여 있어 지형이 매우 다채롭다. 아래에서는 한반도의 크기와 산줄기, 강과 평야, 바다, 그리고 눈여겨볼 만한 지형을 차례로 정리한다.
## 크기와 위치
한반도의 넓이는 223,663제곱킬로미터이며, 남북 길이는 약 1,000킬로미터에 이른다. 동쪽에는 동해, 서쪽에는 황해, 남쪽에는 남해가 있고, 북쪽은 압록강과 두만강을 경계로 대륙과 맞닿아 있다. 섬을 포함한 해안선의 길이는 1만 7,361킬로미터에 달한다. 연안에는 3,418개의 섬이 흩어져 있으며, 이 가운데 약 2,900개가 남쪽에 있다.
## 산지와 산맥
한반도는 전체 면적의 70퍼센트 이상이 산지이다. 오랜 세월에 걸쳐 동쪽 땅이 더 높이 들려 올라, 동쪽은 높고 가파르며 서쪽으로 갈수록 낮아지는 동고서저의 모양을 이룬다. 동해안을 따라 남북으로 달리는 태백산맥은 한반도의 등뼈에 해당한다. 원산 부근의 추가령 구조곡에서 시작해 부산 부근까지 약 500킬로미터 뻗어 있으며, 주로 편마암과 화강암으로 이루어져 있다. 이 산맥에서 가장 높은 곳은 설악산의 대청봉으로 높이는 1,708미터이고, 오대산, 태백산, 주왕산처럼 1,000미터가 넘는 산들이 줄지어 있다.
북부에서는 낭림산맥이 태백산맥과 함께 반도의 척추를 이루며, 가장 높은 와갈봉은 2,260미터이다. 남쪽에서는 소백산맥이 태백산맥에서 갈라져 서남쪽으로 약 350킬로미터 뻗어 여수 부근에 이른다. 소백산맥은 동쪽의 경상도와 서쪽의 충청도·전라도를 가르는 경계가 되며, 죽령, 문경새재, 추풍령 같은 고개가 예부터 두 지역을 잇는 길목 구실을 했다.
## 강과 평야
땅이 동쪽으로 높기 때문에 큰 강은 대부분 서쪽이나 남쪽으로 흘러 황해와 남해로 들어간다. 압록강은 790킬로미터를 흐르며, 하구에서는 북한의 신의주와 중국의 단둥이 강을 사이에 두고 마주 본다. 두만강은 547킬로미터를 흐르면서 북한과 중국의 국경이 되고, 하구 가까이에서는 북한과 러시아의 국경을 이룬다. 낙동강은 태백시에서 발원해 약 510킬로미터를 남쪽으로 흘러 부산의 을숙도 부근에서 바다로 빠지며, 남한에서 가장 긴 강이다. 한강은 태백의 검룡소에서 시작하는 남한강과 북쪽에서 내려오는 북한강이 양평의 양수리에서 합쳐져 서울을 가로지른다. 길이는 494킬로미터이고 유역 면적은 35,770제곱킬로미터로, 남한을 흐르는 강 가운데 가장 넓은 유역을 가졌다. 하류에서는 임진강을 받아들인 뒤 김포 부근에서 황해로 들어간다. 한강과 낙동강 다음으로 큰 금강은 장수군의 뜬봉샘에서 시작해 397.79킬로미터를 흐른 뒤 군산과 서천 사이에서 바다로 나가며, 하구에는 1990년 길이 1,841미터의 하굿둑이 완공되었다.
큰 강의 하류에는 넓은 평야가 펼쳐진다. 만경강과 동진강이 흐르는 호남평야는 동서 약 50킬로미터, 남북 약 80킬로미터에 걸친 약 3,500제곱킬로미터의 너른 들로, 한국의 대표적인 쌀 생산지이다. 낙동강 하류에는 강이 실어 온 흙이 쌓여 생긴 삼각주인 김해평야가 약 136제곱킬로미터 넓이로 펼쳐져 있다.
## 세 바다와 해안
동해는 넓이가 약 100만 제곱킬로미터이고 평균 수심이 1,752미터에 이르는 깊은 바다이며, 가장 깊은 곳은 3,762미터이다. 해안선이 단조롭고 곧게 뻗은 것이 특징이며, 남쪽에서 올라오는 동한 난류와 북쪽에서 내려오는 북한 한류가 이 바다에서 만난다. 반면 황해는 평균 수심이 약 45미터에 불과하고 가장 깊은 곳도 100미터가 되지 않는 얕은 바다이다. 약 2만 6천 년 전 마지막 빙기가 가장 추웠던 때에는 해수면이 낮아 황해 대부분이 육지였고, 약 1만 3천 년 전부터 바닷물이 다시 차올랐다. 황하와 양쯔강이 실어 오는 흙 때문에 물빛이 누렇게 보인다고 해서 황해라는 이름이 붙었다.
서해안과 남해안에는 리아스식 해안이 잘 발달해 있다. 이는 강물이 깎아 만든 골짜기가 빙기 뒤 높아진 바닷물에 잠겨 생긴 해안으로, 곶과 만이 많아 해안선이 복잡하고 작은 섬이 많다. 이름은 에스파냐 갈리시아 지방에서 강어귀를 가리키는 말에서 왔다. 물결이 잔잔해 양식업이 활발하지만, 해안을 따라 길을 내기는 어렵다.
## 화산 지형과 석회암 동굴
한반도 곳곳에는 화산 활동이 남긴 지형이 있다. 동해 한가운데의 울릉도는 넓이 72.86제곱킬로미터의 화산섬으로, 가장 높은 봉우리인 성인봉은 984미터이며 마지막 분화는 약 5천 년 전에 있었다. 섬은 포항에서 약 217킬로미터 떨어져 있고, 길이 56.5킬로미터의 해안은 대부분 높은 절벽으로 되어 있어 배를 대기가 쉽지 않다. 섬 북쪽의 나리분지는 화산이 무너져 생긴 칼데라로, 섬에서 유일하게 넓고 평평한 땅이다. 강원도 철원에서 경기도 포천과 연천으로 흐르는 한탄강은 길이 136킬로미터로, 옛 용암이 굳은 현무암 대지를 깎아 깊은 협곡과 주상 절리를 만들었다. 이 일대 1,165.61제곱킬로미터는 2020년 7월 국내 네 번째 유네스코 세계지질공원으로 인증되었다. 충청북도 단양에는 석회암이 지하수에 녹아 생긴 동굴이 많다. 그 가운데 고수동굴은 약 4억 5천만 년 전에 쌓인 석회암층에 생긴 동굴로, 주굴 600미터와 지굴 700미터를 합한 길이가 1,300미터이다. 종유석과 석순, 석주가 잘 발달해 1976년 천연기념물로 지정되었다.",약 45미터,한반도의 지형,train
지리산에서 되살리는 사업을 벌이고 있는 동물은?,"지리산은 한반도 남부에 넓게 자리 잡은 산으로, 남원시·구례군·하동군·산청군·함양군에 걸쳐 있어 세 개 도의 경계를 이룬다. 최고봉인 천왕봉의 높이는 1,916.77미터이다. 서쪽의 노고단(1,507미터)에서 중간의 반야봉(1,732미터)을 거쳐 동쪽의 천왕봉까지 높은 봉우리가 긴 능선으로 이어진다.
1967년 12월 29일 대한민국에서 처음으로 국립공원으로 지정되었으며, 공원 면적은 약 483제곱킬로미터로 산악형 국립공원 가운데 넓은 편에 속한다. 칠선계곡, 뱀사골, 피아골, 한신계곡 같은 깊은 골짜기가 발달해 있고, 화엄사, 쌍계사, 실상사, 연곡사, 대원사 등 역사가 오랜 절들이 산 곳곳에 자리하고 있다. 한때 거의 자취를 감춘 반달가슴곰을 다시 살려 내는 복원 사업이 이 산에서 이루어지고 있으며, 지금까지 여러 마리의 곰이 숲으로 방사되었다.",반달가슴곰,지리산,validation
마라톤이라는 경기 이름의 유래가 된 곳은?,"마라톤은 42.195킬로미터를 달리는 장거리 달리기 경기로, 육상에서 가장 긴 도로 종목 가운데 하나이다. 이름은 기원전 490년 아테네군과 페르시아군이 맞붙은 전투가 벌어진 그리스의 마라톤 평원에서 왔다. 전령이 승전 소식을 알리려고 아테네까지 쉬지 않고 달린 뒤 숨졌다는 이야기가 널리 퍼져 있지만, 이는 훗날 덧붙여진 전설로 보는 견해가 많다. 이 고사를 기념해 1896년 아테네에서 열린 제1회 근대 올림픽에서 마라톤이 처음 치러졌다. 초기에는 대회마다 거리가 조금씩 달랐는데, 1908년 런던 올림픽에서 쓰인 26마일 385야드가 1921년 공식 거리로 정해졌다. 여자 마라톤은 1984년 로스앤젤레스 올림픽에서 처음 정식 종목이 되었다. 대회 코스에는 보통 5킬로미터마다 물과 음료를 마실 수 있는 급수대가 놓인다. 요즘은 선수 신발이나 번호표에 전자 칩을 달아 구간 통과 시각을 재고, 차를 타는 등의 부정행위도 가려낸다.",그리스의 마라톤 평원,마라톤,train
애동지에 팥죽 대신 먹던 음식,"동지는 24절기 가운데 스물두 번째 절기로, 태양이 황경 270도에 이르는 양력 12월 21일이나 22일 무렵이다. 북반구에서는 한 해 가운데 낮이 가장 짧고 밤이 가장 긴 날로, 서울의 낮 길이는 9시간 34분 안팎이다. 다만 해가 가장 낮게 뜨는 날일 뿐 가장 추운 날은 아니어서, 추위는 보통 이후의 소한 무렵에 절정을 이룬다. 동지를 지나면 낮이 다시 길어지므로 예로부터 작은설이라 부르며 새해를 맞는 날처럼 여겼다. 이날에는 붉은 팥으로 죽을 쑤고 찹쌀가루로 빚은 새알심을 넣어 먹었으며, 팥의 붉은색이 나쁜 기운을 쫓는다고 믿어 집 안 곳곳에 팥죽을 뿌리기도 했다. 동지가 음력 11월 10일 이전에 들면 애동지, 11일에서 20일 사이면 중동지, 21일 이후면 노동지라 불렀는데, 애동지에는 아이들에게 좋지 않다고 하여 팥죽 대신 팥떡을 해 먹는 곳이 많았다. 또 새해 달력을 서로 선물하는 풍습도 있었다.",팥떡,동지,train
카시니 탐사선을 일부러 토성 대기에 떨어뜨린 이유가 뭐야?,"카시니-하위헌스는 토성과 그 위성들을 조사하려고 미국 항공우주국(NASA)과 유럽 우주국(ESA), 이탈리아 우주국이 함께 만든 탐사선이다. 토성 둘레를 돈 카시니 궤도선은 NASA가, 위성 타이탄에 내려간 하위헌스 탐사정은 ESA가 맡았다. 이름은 토성 고리의 틈과 여러 위성을 찾아낸 천문학자 조반니 도메니코 카시니, 그리고 타이탄을 발견하고 토성 고리의 정체를 처음 밝힌 크리스티안 하위헌스에게서 따왔다.
탐사선은 1997년 10월 15일 미국 케이프커내버럴에서 발사되었고, 발사 무게는 5,712킬로그램이었다. 2004년 7월 1일 토성 궤도에 들어섰으며, 2005년 1월 14일에는 하위헌스 탐사정이 타이탄 표면에 내려앉았다. 카시니는 위성 엔켈라두스의 남극 부근에서 물기둥이 뿜어져 나오는 모습을 발견했다. 연료가 바닥나 가자 NASA는 지구의 미생물이 생명체가 살 만한 위성을 오염시키는 일을 막으려고 탐사선을 토성 대기로 뛰어들게 했다. 그랜드 피날레라 불린 이 마지막 임무 끝에 2017년 9월 15일 탐사가 끝났다.",생명체가 살 만한 위성을 오염시키는 일을 막으려고,카시니-하위헌스,train
KTX 최고 속도는 시속 몇 km인가요?,"한국의 철도는 19세기 말에 처음 놓인 뒤 전국을 잇는 간선망과 대도시의 도시 철도, 고속 철도로 발전해 왔다. 오늘날 대한민국의 간선 철도망과 간선 고속도로망은 길이가 각각 약 3,000킬로미터로 엇비슷하며, 선로 폭은 1,435밀리미터의 표준궤를 쓴다.

## 첫 철도, 경인선
한반도에 처음 놓인 철도는 경인선이다. 1899년 9월 18일 노량진과 제물포 사이 33.2킬로미터 구간에서 첫 열차가 달렸다. 이때 쓰인 기관차는 미국에서 들여온 모갈형 증기 기관차였다. 처음에는 한강을 건너지 못해 노량진에서 멈추었으나, 1900년 한강철교가 완공되면서 서울 도심까지 선로가 이어졌다. 한국에서는 오랫동안 경인선이 개통한 9월 18일을 철도의 날로 기념했다. 그러나 경인선이 외국 자본의 이권 속에 건설되었다는 점 등을 들어 날짜를 바꾸자는 의견이 나왔고, 2018년부터는 1894년 조선 정부가 공무아문 아래에 철도국을 처음 둔 날을 기려 6월 28일을 철도의 날로 삼고 있다.

## 간선 철도의 부설
20세기 초에는 한반도를 세로로 잇는 큰 노선들이 잇달아 놓였다. 서울과 부산을 잇는 경부선이 1905년 1월 1일 영업을 시작했고, 서울과 신의주를 잇는 경의선이 1906년에 개통했다. 1914년에는 대전과 목포를 잇는 호남선과 서울과 원산을 잇는 경원선이 문을 열었다. 서울의 관문 역할을 한 옛 서울역 건물은 1925년에 지어졌으며, 새 역사가 생긴 뒤에는 복합 문화 공간으로 쓰이고 있다. 이 노선들은 사람과 물자를 나르는 핵심 통로가 되었으나, 광복 뒤 남북이 나뉘면서 경의선과 경원선은 군사 분계선에서 끊겼다.

## 운영 조직의 변화
광복 뒤 철도는 정부 부처가 직접 운영했다. 1963년에는 교통부 소속의 철도청이 발족해 오랫동안 철도 운영과 건설을 함께 맡았다. 2000년대 들어 선로와 역 같은 시설을 만드는 일과 열차를 운행하는 일을 나누는 개혁이 추진되어, 2004년 시설을 맡는 한국철도시설공단이 세워졌고, 2005년 1월 1일에는 철도청이 한국철도공사로 바뀌어 열차 운영을 맡게 되었다. 한국철도시설공단은 2020년 국가철도공단으로 이름을 바꾸었다.

## 도시 철도
대도시 안을 오가는 지하철도 빠르게 늘었다. 서울 지하철 1호선이 1974년 8월 15일 서울역과 청량리 사이 약 7.8킬로미터 구간에서 처음 운행을 시작했으며, 이는 세계에서 스물두 번째로 문을 연 지하철이었다. 이후 부산이 1985년, 대구가 1997년, 인천이 1999년, 광주가 2004년, 대전이 2006년에 차례로 도시 철도를 개통해 서울을 포함한 여섯 도시가 지하철을 운영하게 되었다. 수도권에서는 지하철과 광역 전철이 서로 이어져 하나의 거대한 교통망을 이루고 있다.

## 고속 철도
2004년 4월 1일 한국 고속 철도 KTX가 경부선과 호남선에서 함께 운행을 시작하면서 최고 시속 300킬로미터로 달리는 고속 철도 시대가 열렸다. 첫 KTX 열차는 앞뒤의 동력차와 객차를 합쳐 20량이 한 편성을 이루었다. 개통 당시에는 프랑스의 고속 철도 기술을 들여와 차량을 만들었고, 2010년에는 국내 기술로 개발한 KTX-산천이 운행에 들어갔다. 고속 철도가 생기면서 서울과 부산을 오가는 시간이 크게 줄어, 두 도시를 하루 안에 오가는 일이 흔해졌다. 2016년 12월에는 서울 강남의 수서역을 출발하는 고속 열차 SRT가 운행을 시작해 경부선과 호남선 고속 철도에 또 하나의 출발지가 생겼다.

## 열차 등급과 수도권 전철
한국의 일반 열차는 여러 차례 이름과 등급이 바뀌었다. 1969년 서울과 부산 사이를 달리는 특급 열차 관광호가 등장했고, 이 열차는 1974년 새마을호로 이름이 바뀌어 오랫동안 가장 빠른 일반 열차의 대명사가 되었다. 2012년에는 서울과 춘천 사이를 오가는 ITX-청춘이, 2014년에는 새마을호를 대신할 ITX-새마을이 운행을 시작했다. 서울 지하철 1호선이 개통한 1974년 8월 15일에는 서울역과 인천, 서울역과 수원 사이의 국철 구간도 전기 철도로 바뀌어 지하철과 곧바로 이어졌는데, 이것이 수도권 전철의 출발점이다. 2024년 3월에는 수서와 동탄 사이에 수도권 광역급행철도가 처음 개통했다.

## 고속 철도망의 확장
KTX 개통 뒤에도 고속 철도 전용 선로는 계속 늘어났다. 2010년 11월 경부고속선의 동대구와 부산 사이 구간이 새 선로로 완성되었고, 2015년 4월에는 오송과 광주송정을 잇는 호남고속선이 개통해 호남 지역도 고속 철도의 혜택을 크게 누리게 되었다. 한편 남북을 잇는 철도를 되살리려는 시도도 있었다. 2007년 5월에는 경의선과 동해선에서 남북을 오가는 열차가 시험 운행을 했고, 같은 해 말부터 한동안 문산과 북쪽의 봉동 사이에 화물 열차가 오갔다.


## 철도와 생활
철도가 생활 깊숙이 들어오면서 요금과 이용 방식도 바뀌었다. 1984년부터 65세 이상 노인은 도시 철도를 요금 없이 탈 수 있게 되었다. 2004년 7월 서울의 대중교통 체계가 개편되면서 교통카드로 버스와 지하철을 갈아타면 거리에 따라 요금을 한 번에 계산하는 통합 요금제가 시행되었고, 이 방식은 2007년 경기도, 2009년 인천으로 넓혀져 수도권 전체의 제도가 되었다. 요즘은 대부분의 승차권을 휴대 전화로 예매하고 종이 승차권 없이 열차에 오른다.",시속 300킬로미터,한국의 철도,train
동의보감을 편찬한 의관은 누구인가요?,"동의보감은 조선의 의관 허준이 편찬한 의학 백과사전이다. 선조의 명을 받아 1596년에 편찬을 시작했으며, 전란으로 작업이 멈추는 어려움을 겪은 끝에 1610년에 완성되었다. 책으로 찍어 펴낸 해는 1613년이다. 전체는 25권으로, 내경편 4권, 외형편 4권, 잡병편 11권, 탕액편 3권, 침구편 1권에 목차 2권이 더해져 있다.
내경편은 몸 안의 장기와 정기, 기운을 다루고, 외형편은 머리에서 발끝까지 겉으로 드러나는 부위를 다룬다. 잡병편은 여러 가지 병의 원인과 치료법을 설명하고, 탕액편은 약재의 성질과 쓰임을 정리했으며, 침구편은 침과 뜸 놓는 법을 적었다. 이렇게 분야별로 정리된 구성 덕분에 조선뿐 아니라 이웃 나라에서도 널리 읽혔다. 2009년 7월 31일 유네스코 세계기록유산에 등재되었고, 2015년 6월 22일에는 국보 제319호로 지정되었다.",허준,동의보감,test
첨성대는 돌을 몇 개나 써서 쌓았어?,"경주 첨성대는 신라 선덕여왕 때 세운 돌 구조물로, 천문을 살피던 시설로 알려져 있다. 선덕여왕은 632년부터 647년까지 나라를 다스렸으며, 첨성대를 세운 해는 기록에 따라 633년 또는 647년으로 전한다. 높이는 9.4미터, 밑면의 지름은 6.09미터이고, 다듬은 돌 362개를 27단으로 쌓아 올렸다. 몸통 한가운데인 13단에서 15단 사이에는 정남쪽을 향한 네모난 창이 뚫려 있고, 안쪽은 12단 높이까지 흙으로 메워져 있다. 맨 꼭대기에는 우물 정(井) 자 모양으로 짠 2단의 돌이 얹혀 있다.
1962년 12월 20일 국보 제31호로 지정되었다. 오랜 세월에 걸쳐 북쪽으로 7.2센티미터가량 기울었고, 2016년 경주에서 지진이 일어났을 때는 석축 틈이 약 1.2센티미터 벌어졌다. 그러나 국내외 연구진이 조사한 결과 구조 자체는 안정적인 것으로 판단되었다.",362개,경주 첨성대,validation
우유니 소금사막 해발 고도는 얼마야?,"우유니 소금 사막은 볼리비아 남서부의 포토시주와 오루로주에 걸쳐 있는 세계에서 가장 넓은 소금 평원이다. 넓이는 약 10,600제곱킬로미터이며, 안데스산맥의 해발 약 3,660미터 고원에 펼쳐져 있다. 먼 옛날 이 일대를 덮고 있던 커다란 호수들이 메마른 기후 속에서 증발하면서 바닥에 소금이 두껍게 쌓여 만들어졌다. 소금층의 두께는 곳에 따라 1미터에서 120미터에 이르며, 묻혀 있는 소금은 적어도 100억 톤으로 추정된다.
이곳 소금물에는 전지의 재료가 되는 리튬도 많이 녹아 있어, 약 2,100만 톤의 리튬이 확인되었다. 우기인 12월부터 3월 사이에는 평원 위에 얕게 물이 고여 하늘을 그대로 비추기 때문에 세계에서 가장 큰 거울이라는 별명이 붙었다. 땅의 높낮이 차이가 1미터도 되지 않을 만큼 평평해서, 인공위성의 고도 측정 장비를 보정하는 데에도 쓰인다. 평원 한가운데에는 선인장으로 뒤덮인 잉카와시섬이 있고, 여러 종의 홍학이 날아든다.","해발 약 3,660미터",우유니 소금 사막,train
씨름에서 승패는 어떻게 결정되나요?,"씨름은 두 사람이 허리와 다리에 맨 샅바를 서로 붙잡고 힘과 기술로 상대를 넘어뜨리는 한국의 전통 겨루기이다. 발바닥을 뺀 몸의 어느 부분이든 먼저 땅에 닿는 쪽이 진다. 기술은 크게 다리를 걸거나 감는 다리기술, 허리를 틀어 상대를 들거나 돌려 넘기는 허리기술, 손으로 상대의 다리나 몸을 잡아채는 손기술로 나뉜다. 경기는 지름 8미터의 둥근 모래판에서 열리며, 주심 한 명과 부심 두 명이 판정을 맡는다. 씨름의 오랜 역사는 4세기 무렵 고구려 고분 벽화에 두 사람이 맞붙은 모습이 그려진 데서 확인할 수 있고, 조선 후기에는 김홍도의 풍속화에 구경꾼에 둘러싸인 씨름판이 담길 만큼 널리 즐겼다. 1980년대에는 프로 경기가 출범해 큰 인기를 누렸다. 2018년 11월 26일 모리셔스 포트루이스에서 열린 제13차 무형유산 정부간위원회에서 씨름은 남북한이 함께 신청한 유산으로는 처음으로 유네스코 인류무형유산에 공동 등재되었다.",먼저 땅에 닿는 쪽이 진다,씨름,train
티베트 사람들은 에베레스트를 뭐라고 불러?,"에베레스트산은 히말라야산맥에 있는 세계에서 가장 높은 산으로, 네팔과 중국 티베트 자치구의 경계에 솟아 있다. 2020년 네팔과 중국이 함께 발표한 높이는 8,848.86미터이다. 네팔에서는 세상의 정상이라는 뜻의 사가르마타, 티베트에서는 초모룽마라고 부른다. 영어 이름은 19세기 인도에서 측량 사업을 이끈 영국의 측량가 조지 에베레스트에게서 따왔다.
1953년 5월 29일 뉴질랜드의 에드먼드 힐러리와 셰르파인 텐징 노르가이가 처음으로 정상에 올랐다. 한국인으로는 1977년 고상돈이 처음 정상을 밟았다. 정상 부근의 바위는 옛 바다 밑에 쌓인 석회암인데, 이는 인도판과 유라시아판이 부딪치면서 해저 지층이 높이 밀려 올라갔음을 보여 준다. 꼭대기 부근은 공기가 매우 희박하고 기온도 낮아서, 대부분의 등반가는 산소통을 메고 정상에 오른다.",초모룽마,에베레스트산,test
이 문서에서 다룬 개혁 때 새로 찍어 낸 은행권은 몇 종류였나?,"1962년 화폐 개혁은 그해 6월 10일 정부가 긴급통화조치로 화폐 단위를 환에서 원으로 바꾸고, 옛 돈 10환을 새 돈 1원으로 맞바꾸게 한 조치이다. 대한민국의 중앙은행인 한국은행은 1950년에 세워졌다. 1953년에는 전쟁으로 치솟은 물가를 잡으려고 원을 환으로 바꾸며 100원을 1환으로 교환하는 개혁이 있었는데, 1962년의 조치는 그 단위를 다시 원으로 되돌린 것이다. 금융통화운영위원회는 바로 전날인 6월 9일 1원, 5원, 10원, 50원, 100원, 500원의 여섯 가지 새 은행권 발행을 의결했고, 6월 10일부터 한국은행 본점과 지점을 통해 새 돈을 풀었다. 옛 돈의 유통과 거래는 금지되었으며, 옛 화폐로 된 현금과 예금을 묶어 두는 긴급금융조치도 함께 시행되었다. 정부는 숨어 있는 자금을 끌어내 경제 개발에 쓰고 지나치게 풀린 돈을 거둬 물가를 안정시키겠다는 목적을 내세웠다. 이때 되돌아온 원은 오늘날까지 대한민국의 화폐 단위로 쓰이며, 기호는 ₩, 국제 표준 부호는 KRW이다.",여섯 가지,1962년 화폐 개혁,train
1평은 몇 제곱미터인가요,"대한민국은 길이는 미터, 넓이는 제곱미터, 부피는 세제곱미터, 무게는 그램처럼 미터법에 따른 단위를 법정 계량 단위로 쓴다. 국제 사회에서 미터법이 널리 퍼지는 계기는 1875년 파리에서 체결된 미터 협약이었다. 한국은 1959년 이 협약에 가입했고, 1961년 계량법을 만들어 미터법을 법정 단위로 정했다. 이어 1964년 1월 1일부터는 자와 되, 근처럼 전통적으로 쓰던 척관법 단위와 야드, 파운드 단위를 거래와 증명에 쓰지 못하게 하고 모든 계량을 미터법으로 하도록 했다. 그럼에도 집의 넓이를 평으로, 금의 무게를 돈으로, 고기의 무게를 근으로 말하는 습관은 오래 남았다. 정부는 2007년 7월 1일부터 평, 돈, 근을 비롯한 비법정 단위의 상거래 사용을 본격적으로 금지하고, 이를 어기면 최대 50만 원의 과태료를 물리도록 했다. 이에 따라 아파트 분양 광고 등에서는 넓이를 제곱미터로 표시하게 되었다. 한 평은 약 3.3제곱미터에 해당한다.",약 3.3제곱미터,미터법과 법정 계량 단위,test
"서베를린을 에워싼 전체 경계의 길이는 약 155킬로미터였고, 그 가운데 동베를린과 서베를린 사이를 가른 구간은 43.1킬로미터였다","베를린 장벽은 동독 정부가 서베를린을 둘러싸고 세운 장벽으로, 냉전 시대 독일 분단을 상징하는 구조물이었다. 1961년 8월 13일 새벽 동독 당국은 예고 없이 경계를 막는 공사에 들어갔다. 서베를린을 에워싼 전체 경계의 길이는 약 155킬로미터였고, 그 가운데 동베를린과 서베를린 사이를 가른 구간은 43.1킬로미터였다. 콘크리트 벽의 높이는 3.6미터였으며, 경계를 지키는 감시탑은 302개에 달했다. 장벽을 넘으려다 목숨을 잃은 사람의 수는 조사에 따라 136명에서 200명이 넘는 것까지 차이가 난다.
1989년 11월 9일 동독 정부 대변인 귄터 샤보브스키가 기자 회견에서 여행 제한을 풀겠다고 발표하자 시민들이 검문소로 몰려들었고, 그날 밤 국경이 열렸다. 장벽은 1990년 6월부터 본격적으로 철거되었으며, 동서독은 1990년 10월 3일 하나의 나라로 통일되었다. 남은 벽의 일부는 그림을 그려 넣은 야외 전시 공간인 이스트사이드 갤러리로 보존되어 있다.",서베를린을,베를린 장벽,train
폴란드 이름을 따서 지은 원소,"마리 퀴리는 1867년 11월 7일 당시 러시아의 지배를 받던 폴란드 바르샤바에서 태어난 물리학자이자 화학자이다. 프랑스 파리로 건너가 공부했고, 1895년 물리학자 피에르 퀴리와 결혼했다. 부부는 우라늄 광석을 연구하다가 1898년 새로운 방사성 원소 두 가지를 찾아냈다. 하나는 마리의 조국 폴란드의 이름을 따서 폴로늄이라 했고, 다른 하나는 라듐이라 이름 붙였다. 라듐은 1902년 순수한 상태로 분리되었다.
퀴리 부부는 방사능 연구의 공로로 앙리 베크렐과 함께 1903년 노벨 물리학상을 받았다. 1906년 피에르가 사고로 세상을 떠난 뒤 마리는 소르본 대학교 최초의 여성 교수가 되었다. 1911년에는 노벨 화학상을 단독으로 받아, 서로 다른 두 과학 분야에서 노벨상을 받은 첫 사람이 되었다. 오랫동안 방사선에 노출된 탓에 골수와 혈액에 병이 생겨 1934년 7월 4일 세상을 떠났다. 1995년 4월 그의 유해는 남편의 유해와 함께 파리의 팡테옹으로 옮겨졌다.",폴로늄,마리 퀴리,train
허블 망원경 주거울 지름이 얼마야?,"허블 우주 망원경은 1990년 4월 24일 우주 왕복선 디스커버리호에 실려 발사된 우주 망원경이다. 이름은 우주가 팽창하고 있음을 밝힌 미국의 천문학자 에드윈 허블에게서 따왔다. 주거울의 지름은 2.4미터, 망원경 전체 길이는 13.2미터, 무게는 약 11,100킬로그램이다. 지상 약 540킬로미터 높이의 궤도를 약 95분마다 한 바퀴씩 돈다.
발사 직후인 1990년 5월, 주거울의 모양이 설계와 조금 달라 상이 흐리게 맺히는 구면 수차 문제가 드러났다. 1993년 첫 번째 정비 임무에서 우주비행사들이 보정 장치와 새 카메라를 설치해 이 문제를 바로잡았다. 허블은 1993년부터 2009년까지 모두 다섯 차례 우주비행사의 정비를 받았다. 1995년에는 하늘의 작은 영역을 오랫동안 들여다본 허블 딥 필드 사진을 찍어 셀 수 없이 많은 먼 은하를 보여 주었다. 허블의 관측 자료는 우주의 나이를 약 137억 년으로 좁히고, 우주가 갈수록 빠르게 팽창한다는 증거를 찾는 데 기여했다.",2.4미터,허블 우주 망원경,train
김정호가 1834년에 만든 지도 이름,"대동여지도는 조선 후기의 지리학자 김정호가 1861년에 펴낸 전국 지도이다. 김정호의 호는 고산자이며, 그는 이보다 앞선 1834년에 청구도라는 지도를 만들기도 했다. 대동여지도는 모두 22첩으로 이루어져 있고, 첩마다 병풍처럼 접었다 펼 수 있어 필요한 지역만 꺼내 보기에 편리했다. 모든 첩을 이어 붙이면 가로 약 3.6미터, 세로 약 6.85미터에 이르는 큰 지도가 되며, 축척은 대략 21만 6천분의 1이다.
도로 위에는 10리마다 점을 찍어 두어, 길을 떠나는 사람이 남은 거리를 어렵지 않게 셈할 수 있게 했다. 지도는 나무판에 새겨 찍어 냈기 때문에 같은 지도를 여러 부 만들 수 있었다. 목판은 모두 126장으로 헤아려진다. 여러 기관에 전하는 인쇄본 가운데 세 건이 보물로 지정되어 있고, 지도를 찍은 목판도 2008년 보물이 되었다. 서울역사박물관이 가진 소장본은 21첩만 남아 있다.",청구도,대동여지도,train
판소리가 유네스코 무형유산 걸작으로 뽑힌 날짜,"판소리는 소리꾼 한 명이 고수의 북 장단에 맞춰 긴 이야기를 노래와 말, 몸짓으로 풀어내는 한국의 전통 성악이다. 18세기에 생겨난 것으로 보며, 소리꾼은 노래로 부르는 창 사이사이에 아니리라 부르는 말로 줄거리를 잇고, 발림이라 하는 손짓과 몸짓으로 장면을 그려 보인다. 고수와 청중은 '얼씨구', '좋다' 같은 추임새를 넣어 소리꾼의 흥을 돋운다. 오늘날까지 온전히 전해지는 작품은 춘향가, 심청가, 흥보가, 적벽가, 수궁가의 다섯 마당이다. 부르는 방식에 따라 여러 유파로 나뉘는데, 동편제는 꾸밈을 줄이고 타고난 성량을 힘차게 내세우며, 서편제는 계면조를 많이 써서 애절한 느낌을 살린다. 두 유파의 중간 성격을 띠면서 소리의 높낮이가 뚜렷한 갈래는 중고제라 한다. 조선 후기에는 권삼득, 송흥록, 모흥갑, 신만엽 등이 이름을 떨쳐 흔히 8명창으로 꼽힌다. 판소리는 1964년 12월 24일 국가무형문화재 제5호로 지정되었고, 2003년 11월 7일에는 유네스코 인류구전 및 무형유산 걸작으로 선정되었다.",2003년 11월 7일,판소리,test
"2011년에는 유네스코 인류무형유산 대표목록에 올랐고, 2020년부터는 전국체육대회의 정식 종목으로 치러진다","택견은 발을 리듬감 있게 옮기며 상대를 차거나 걸어 넘어뜨리는 한국의 전통 무예이다. 몸놀림의 바탕은 삼각형을 그리듯 발을 옮겨 딛는 품밟기이며, 손으로 잡고 밀고 당기는 손질, 발로 차는 발길질, 다리를 걸어 넘어뜨리는 기술 등이 어우러진다. 주먹을 곧게 지르거나 발의 옆날로 차는 동작을 쓰지 않고 상대를 넘어뜨리는 기술을 허용한다는 점에서 태권도와 뚜렷이 다르다. 이름이 기록에 처음 나타나는 것은 18세기로, 1798년에 편찬된 어휘집 재물보에는 맨손으로 겨루는 놀이를 당시 탁견이라 불렀다는 풀이가 실려 있다. 조선 후기 화가 유숙이 그린 대쾌도에도 사람들이 모여 택견과 씨름을 구경하는 장면이 담겼다. 일제 강점기를 지나며 명맥이 크게 약해졌으나, 1983년 무예로는 처음으로 국가무형문화재 제76호에 지정되면서 다시 살아났다. 2011년에는 유네스코 인류무형유산 대표목록에 올랐고, 2020년부터는 전국체육대회의 정식 종목으로 치러진다.",2011년에는,택견,train
파나마 운하는 언제 처음 열렸나요?,"파나마 운하는 중앙아메리카의 파나마 지협을 가로질러 대서양과 태평양을 잇는 운하로, 길이는 약 82킬로미터이다. 먼저 공사에 나선 나라는 프랑스였다. 페르디낭 드 레셉스가 1881년 공사를 시작했으나 열대 질병과 험한 지형 때문에 끝내 뜻을 이루지 못했다. 이후 미국이 공사를 넘겨받아 1914년 8월 15일 운하를 개통했다. 공사 기간 동안 수많은 노동자가 황열병과 말라리아 같은 병으로 목숨을 잃었다.
운하 가운데 지대가 바다보다 높기 때문에, 배는 갑문을 거치며 계단을 오르내리듯 물 높이를 맞추면서 해발 26미터에 있는 인공 호수 가툰호를 건넌다. 갑문은 미라플로레스, 페드로 미겔, 가툰 세 곳에 있다. 배 한 척이 운하를 다 지나는 데는 8~10시간 정도 걸린다. 미국이 관리하던 운하는 1999년 말 파나마 정부로 넘겨졌다. 2016년 6월 26일에는 더 큰 배가 지날 수 있도록 새 갑문을 갖춘 확장 운하가 문을 열었다.",1914년 8월 15일,파나마 운하,train
세종이 만든 새 글자는 처음에 모두 몇 자였나요?,"훈민정음은 조선의 제4대 임금 세종이 만든 문자 체계이자, 그 글자의 원리를 풀이해 펴낸 책의 이름이다. 이름에는 백성을 가르치는 바른 소리라는 뜻이 담겨 있다. 세종은 재위 25년째인 1443년에 새 글자를 완성했고, 1446년에 이를 나라 안에 널리 알렸다. 처음 만들었을 때 글자는 모두 28자였다. 글자의 짜임과 쓰는 법을 설명한 해례본은 집현전 학자들이 함께 지었으며, 정인지·신숙주·성삼문·최항·박팽년 등이 집필에 참여했다.
해례본은 오백 년 가까이 행방을 알 수 없다가 1940년 경상북도 안동에서 한 부가 나왔고, 2008년에는 상주에서 또 다른 한 부가 확인되었다. 안동에서 나온 책은 1962년 국보 제70호로 지정되었으며, 1997년에는 유네스코 세계기록유산 목록에 올랐다. 당시 양반층 일부는 한자를 두고 새 글자를 쓰는 데 반대했지만, 배우고 쓰기 쉽다는 장점 덕분에 이 문자는 오늘날 한글이라는 이름으로 한국어를 적는 공식 문자가 되었다.",28자,훈민정음,test
베를린 장벽 감시탑 개수,"베를린 장벽은 동독 정부가 서베를린을 둘러싸고 세운 장벽으로, 냉전 시대 독일 분단을 상징하는 구조물이었다. 1961년 8월 13일 새벽 동독 당국은 예고 없이 경계를 막는 공사에 들어갔다. 서베를린을 에워싼 전체 경계의 길이는 약 155킬로미터였고, 그 가운데 동베를린과 서베를린 사이를 가른 구간은 43.1킬로미터였다. 콘크리트 벽의 높이는 3.6미터였으며, 경계를 지키는 감시탑은 302개에 달했다. 장벽을 넘으려다 목숨을 잃은 사람의 수는 조사에 따라 136명에서 200명이 넘는 것까지 차이가 난다.
1989년 11월 9일 동독 정부 대변인 귄터 샤보브스키가 기자 회견에서 여행 제한을 풀겠다고 발표하자 시민들이 검문소로 몰려들었고, 그날 밤 국경이 열렸다. 장벽은 1990년 6월부터 본격적으로 철거되었으며, 동서독은 1990년 10월 3일 하나의 나라로 통일되었다. 남은 벽의 일부는 그림을 그려 넣은 야외 전시 공간인 이스트사이드 갤러리로 보존되어 있다.",302개,베를린 장벽,train
행주산성 전투를 승리로 이끈 조선 장수는?,"임진왜란은 1592년부터 1598년까지 일본이 두 차례에 걸쳐 조선을 침략하면서 벌어진 전쟁이다. 1597년에 다시 시작된 두 번째 침략은 따로 정유재란이라 부르기도 한다. 일본을 통일한 도요토미 히데요시는 명나라를 치러 가는 길을 내 달라는 요구를 내세워 조선을 공격했고, 조선을 돕기 위해 명나라까지 뛰어들면서 동아시아 여러 나라가 얽힌 큰 전쟁이 되었다.
## 전쟁의 시작
1592년 음력 4월 13일, 양력으로는 5월 23일에 일본군이 부산 앞바다에 몰려와 상륙했다. 일본이 동원한 병력은 약 20만 명에 이르렀다. 일본군은 곧바로 부산진성과 동래성을 공격해 무너뜨렸는데, 부산진성을 지키던 첨사 정발과 동래성을 지키던 부사 송상현이 이 싸움에서 목숨을 잃었다. 일본군은 여러 갈래로 나뉘어 빠르게 북쪽으로 올라왔다.
## 한양과 평양의 함락
조정은 신립을 도순변사로 삼아 적을 막게 했다. 그러나 신립은 음력 4월 28일, 양력 6월 7일 충주 탄금대에서 고니시 유키나가가 이끄는 일본군에 크게 패하고 전사했으며, 조선군 상당수가 물러나다 강물에 빠져 목숨을 잃었다. 이 소식이 전해지자 선조는 도성을 떠나 북쪽으로 피란길에 올랐고, 결국 압록강 가의 의주까지 옮겨 갔다. 그 사이 한양과 평양이 차례로 일본군의 손에 들어갔다. 전쟁 초기 육지에서 조선군은 제대로 맞서지 못하고 밀려났다.
## 바다에서의 승리
육지의 사정과 달리 바다에서는 전라좌도 수군절도사 이순신이 이끄는 수군이 잇달아 승리를 거두었다. 조선 수군은 음력 5월 7일, 양력 6월 16일 거제의 옥포에서 일본 배 26척을 가라앉히며 전쟁의 첫 해전 승리를 올렸다. 이어 음력 7월 8일에는 한산도 앞바다에서 일본 수군의 주력과 맞섰다. 조선 수군에는 판옥선 위에 쇠못을 박은 덮개를 씌운 거북선도 있었는데, 이순신이 전쟁 직전에 완성한 이 배는 1592년 사천 해전에서 처음 실전에 나섰다. 한산도에서 이순신은 좁은 견내량에 머물던 적선을 넓은 바다로 끌어낸 뒤, 학이 날개를 펼친 듯 배를 둥글게 벌려 세우는 학익진으로 에워싸 크게 무찔렀다. 이 싸움에는 이억기와 원균의 함대도 함께해 조선 수군은 거북선을 포함해 56척에 이르렀고, 일본 쪽 지휘관은 와키자카 야스하루였다. 한산도 대첩 이후 일본군은 바닷길로 군량과 병력을 실어 나르려던 계획에 큰 차질을 빚었다.
## 육지의 반격과 의병
곳곳에서 백성과 선비들이 스스로 일어난 의병도 일본군을 괴롭혔다. 경상도의 곽재우, 충청도의 조헌, 전라도의 고경명 등이 이름난 의병장이다. 경상도 의령에서 가장 먼저 의병을 일으킨 곽재우는 붉은 옷을 입고 앞장서 싸워 홍의장군이라 불렸으며, 정암진에서 남강을 건너려던 일본군을 막아 곡창인 전라도로 가는 길을 지켰다. 1592년 음력 10월에는 진주 목사 김시민이 3,800명 남짓한 군사로 3만 명에 이르는 일본군을 막아 내 진주성을 지켰으나, 그 자신은 싸움 중에 입은 상처로 세상을 떠났다. 1593년 음력 2월 12일에는 전라도 순찰사 권율이 한강을 등진 낮은 산에 자리한 행주산성에서 일본군의 대군을 물리쳤다. 성안의 조선군은 화차와 비격진천뢰 같은 무기를 써 가며 일곱 차례에 걸친 총공격을 모두 막아 냈고, 일본군 장수 우키타 히데이에는 크게 다쳤다. 한산도, 진주성, 행주산성의 세 싸움은 흔히 임진왜란의 3대 대첩으로 꼽힌다.
## 명나라의 참전과 협상
조선의 요청을 받은 명나라는 첫 번째 침략 때 약 4만 8천 명의 군대를 보냈다. 1593년 음력 1월 명나라 장수 이여송이 이끄는 군대가 조선군과 함께 평양성을 되찾았다. 행주산성 싸움이 끝나고 두 달쯤 뒤 일본군은 한양에서 물러나 남쪽 해안으로 내려갔다. 이후 1594년부터 1596년까지 명과 일본 사이에 휴전 협상이 이어졌지만, 서로의 요구가 크게 달라 결국 결렬되었다.
## 정유재란과 전쟁의 끝
1597년 일본군이 다시 쳐들어오면서 정유재란이 시작되었다. 이 무렵 이순신은 모함을 받아 자리에서 물러나 있었고, 그 뒤를 이은 원균은 칠천량 해전에서 크게 져 조선 수군은 거의 무너졌다. 다시 삼도수군통제사가 된 이순신은 아직 전선 열두 척이 남아 있다며 싸울 뜻을 굽히지 않았다. 그는 음력 9월 16일 진도와 해남 사이의 좁은 물길인 울돌목에서 단 13척의 배로 130척이 넘는 일본 함대를 맞아, 한 척도 잃지 않고 적선 30척가량을 격파했다. 이것이 명량 해전이다. 1598년 도요토미 히데요시가 죽자 일본군은 철수를 시작했다. 조선과 명나라의 연합 수군은 음력 11월 19일, 양력으로 12월 16일 남해의 노량 앞바다에서 시마즈 요시히로가 이끌고 물러가던 일본 함대를 가로막았다. 명나라 수군을 이끈 장수는 진린이었다. 조명 연합 수군은 이 싸움에서 이겼지만 이순신은 적의 총탄을 맞고 전사했다. 노량 해전을 끝으로 7년에 걸친 전쟁은 막을 내렸다.
## 전쟁이 남긴 것
7년 동안 이어진 전쟁은 깊은 상처를 남겼다. 전쟁 전체에서 군인과 민간인을 합쳐 100만 명이 넘는 사람이 목숨을 잃은 것으로 추정되며, 5만~6만 명가량의 조선 사람이 일본으로 끌려갔다. 농사짓던 땅이 크게 줄어 나라 살림이 어려워졌고, 수많은 문화재가 불타거나 바다 건너로 옮겨졌다. 끌려간 사람들 가운데에는 도자기를 빚는 장인도 많았는데, 이들의 솜씨는 일본의 도자기 생산이 크게 발전하는 바탕이 되었다. 조선을 돕느라 막대한 은을 쏟아부은 명나라는 재정이 흔들렸고, 그 사이 만주에서는 여진이 세력을 키우면서 동아시아의 힘의 판도가 바뀌기 시작했다. 조선과 일본은 1609년 기유약조를 맺어 전쟁 뒤 끊겼던 교류를 다시 열었다.",권율,임진왜란,validation
우리나라 첫 국립공원 지정일은 언제였나요?,"지리산은 한반도 남부에 넓게 자리 잡은 산으로, 남원시·구례군·하동군·산청군·함양군에 걸쳐 있어 세 개 도의 경계를 이룬다. 최고봉인 천왕봉의 높이는 1,916.77미터이다. 서쪽의 노고단(1,507미터)에서 중간의 반야봉(1,732미터)을 거쳐 동쪽의 천왕봉까지 높은 봉우리가 긴 능선으로 이어진다.
1967년 12월 29일 대한민국에서 처음으로 국립공원으로 지정되었으며, 공원 면적은 약 483제곱킬로미터로 산악형 국립공원 가운데 넓은 편에 속한다. 칠선계곡, 뱀사골, 피아골, 한신계곡 같은 깊은 골짜기가 발달해 있고, 화엄사, 쌍계사, 실상사, 연곡사, 대원사 등 역사가 오랜 절들이 산 곳곳에 자리하고 있다. 한때 거의 자취를 감춘 반달가슴곰을 다시 살려 내는 복원 사업이 이 산에서 이루어지고 있으며, 지금까지 여러 마리의 곰이 숲으로 방사되었다.",1967년 12월 29일,지리산,train
이 문서에 따르면 2016년 지진 때 석축 틈은 얼마나 벌어졌나요?,"경주 첨성대는 신라 선덕여왕 때 세운 돌 구조물로, 천문을 살피던 시설로 알려져 있다. 선덕여왕은 632년부터 647년까지 나라를 다스렸으며, 첨성대를 세운 해는 기록에 따라 633년 또는 647년으로 전한다. 높이는 9.4미터, 밑면의 지름은 6.09미터이고, 다듬은 돌 362개를 27단으로 쌓아 올렸다. 몸통 한가운데인 13단에서 15단 사이에는 정남쪽을 향한 네모난 창이 뚫려 있고, 안쪽은 12단 높이까지 흙으로 메워져 있다. 맨 꼭대기에는 우물 정(井) 자 모양으로 짠 2단의 돌이 얹혀 있다.
1962년 12월 20일 국보 제31호로 지정되었다. 오랜 세월에 걸쳐 북쪽으로 7.2센티미터가량 기울었고, 2016년 경주에서 지진이 일어났을 때는 석축 틈이 약 1.2센티미터 벌어졌다. 그러나 국내외 연구진이 조사한 결과 구조 자체는 안정적인 것으로 판단되었다.",약 1.2센티미터,경주 첨성대,train
누리호 1단에 달린 엔진은 몇 기야?,"누리호는 한국항공우주연구원이 중심이 되어 국내 기술로 개발한 3단형 우주 발사체로, 한국형 발사체라고도 부른다. 개발은 2010년에 시작되어 2021년 6월에 마무리되었다. 전체 길이는 47.2미터, 무게는 약 200톤이며, 1단에는 75톤급 액체 엔진 네 기가 묶여 있다. 발사는 고흥군 외나로도에 있는 나로우주센터에서 이루어진다.
2021년 10월 21일 첫 발사에서는 비행 과정은 모두 거쳤지만 실어 보낸 위성 모사체를 궤도에 올리지 못했다. 2022년 6월 21일 두 번째 발사에서는 성능 검증 위성을 목표 궤도에 올리는 데 성공했고, 이로써 한국은 1톤 이상의 위성을 자체 발사체로 쏘아 올린 일곱 번째 나라가 되었다. 2023년 5월 25일 세 번째 발사에서는 차세대 소형 위성 2호를 비롯한 여러 위성을 실어 날랐다. 네 번째 발사는 2025년 11월 27일에 있었으며, 차세대 중형 위성 3호 등 13기의 위성을 실었다. 누리호는 고도 700킬로미터의 태양 동기 궤도에 1.5톤을 올리는 것을 목표로 설계되었다.",네 기,누리호,train
코크스로 철광석을 처음 녹인 곳,"산업 혁명은 18세기 중엽 영국에서 시작되어, 기계와 새로운 동력이 사람과 가축의 힘을 대신하게 된 생산 방식의 큰 변화를 말한다. 그 영향은 이후 서유럽과 북아메리카로 퍼져 나가 사람들의 일하는 방식과 사는 곳, 사회의 모습까지 바꾸어 놓았다.
## 시기와 이름
산업 혁명의 시기는 보통 1760년 무렵부터 1820년에서 1840년 사이까지로 본다. 산업 혁명이라는 표현은 1844년 프리드리히 엥겔스가 사용했고, 영국의 경제사학자 아널드 토인비가 1884년 펴낸 강의록에서 이 말을 18세기 영국의 변화를 설명하는 용어로 굳혔다.
## 면직물 공업의 기계화
변화는 면직물을 만드는 공업에서 먼저 두드러졌다. 1764년에서 1765년 무렵 잉글랜드 랭커셔의 제임스 하그리브스는 한 사람이 여러 가닥의 실을 한꺼번에 뽑을 수 있는 제니 방적기를 만들었고, 1770년 특허를 받았다. 처음에는 가락이 8개였으나 개량을 거치며 120개까지 늘었다. 리처드 아크라이트는 물레바퀴의 힘으로 돌아가는 수력 방적기로 1769년 특허를 얻었고, 1771년 크롬퍼드에 이 기계를 들인 공장을 세웠다. 1779년 새뮤얼 크럼프턴은 두 기계의 장점을 합친 뮬 방적기를 내놓았다. 실을 뽑는 속도가 빨라지자 천을 짜는 일도 기계화가 필요해졌고, 1785년 에드먼드 카트라이트가 동력으로 움직이는 역직기의 특허를 받았다.
## 증기 기관의 발전
1712년 토머스 뉴커먼은 광산에 고인 물을 퍼내기 위한 증기 기관을 만들었다. 이 기관은 실린더 안의 증기를 식혀 생긴 빈 공간으로 대기압이 피스톤을 밀어 넣는 원리였으나 연료가 많이 들었다. 1736년 스코틀랜드의 그리녹에서 태어난 제임스 와트는 글래스고 대학교에서 과학 기구를 만들며 증기 기관을 연구했다. 그는 증기를 식히는 응축기를 실린더와 따로 떼어 낸 장치를 고안해 1769년 특허를 받았다. 이 개량으로 연료 소비가 뉴커먼 기관의 4분의 1 이하로 줄었다. 와트는 1775년 매슈 볼턴과 손잡고 증기 기관을 만들어 팔았으며, 1819년 세상을 떠났다. 일률의 단위인 와트는 그의 이름에서 나왔다. 증기의 힘은 바다에서도 쓰여, 미국의 로버트 풀턴은 증기선을 실용화했다.
## 석탄과 철
기계와 증기 기관, 철도를 만들려면 많은 철이 필요했다. 에이브러햄 다비는 잉글랜드 슈롭셔의 콜브룩데일에서 나무 숯 대신 석탄을 구워 만든 코크스로 철광석을 녹이는 용광로를 1709년 1월 10일 처음 가동했다. 숲의 나무에 기대지 않고도 철을 대량으로 생산할 길이 열리면서, 석탄과 철은 산업 혁명을 떠받치는 두 기둥이 되었다. 그의 손자 에이브러햄 다비 3세는 1777년 11월부터 1779년 7월까지 근처 세번강 위에 주철로 된 다리를 세웠다. 경간이 30.63미터인 이 다리는 주철로 만든 세계 첫 큰 다리로, 1781년 1월 1일 통행이 시작되었다. 다리가 있는 아이언브리지 협곡은 1986년 유네스코 세계유산으로 등재되었다.
## 철도의 시대
증기 기관을 바퀴 위에 올린 기관차는 교통을 크게 바꾸었다. 1781년 뉴캐슬 근처에서 태어난 조지 스티븐슨은 1814년 탄광에서 석탄을 끄는 자신의 첫 증기 기관차를 만들었다. 그의 기관차 로코모션 1호는 1825년 9월 27일 개통한 스톡턴-달링턴 철도를 달렸다. 약 40킬로미터 길이의 이 철도는 내륙의 탄광에서 해안으로 석탄을 실어 나르는 것이 주된 목적이었으며, 증기 기관차를 쓴 세계 최초의 공공 철도로 꼽힌다. 1829년 10월 열린 레인힐 시험에서는 스티븐슨 부자가 설계한 로켓호가 우승했다. 1830년 9월 15일에는 약 50킬로미터 길이의 리버풀-맨체스터 철도가 문을 열었는데, 이는 두 도시를 잇는 세계 첫 도시 간 철도였다. 개통식 날 리버풀 출신 하원 의원 윌리엄 허스키슨이 로켓호에 치여 숨지는 사고도 있었다. 스티븐슨이 쓴 1,435밀리미터의 궤간은 뒷날 여러 나라에서 표준 궤간이 되었다.
## 만국 박람회
1851년 5월 1일부터 10월 15일까지 런던 하이드 파크에서는 앨버트 공이 앞장선 만국 박람회가 열렸다. 조지프 팩스턴이 설계한 유리와 철골 건물인 수정궁에 영국과 여러 나라에서 보내온 약 1만 3천 점의 출품물이 전시되었고, 다섯 달 반 동안 600만 명이 넘는 사람이 이곳을 찾았다. 이 박람회는 산업 혁명이 이룬 기계와 기술을 세계에 드러내 보이는 자리가 되었다.
## 사회의 변화
공장에 기계를 모아 놓고 많은 노동자가 함께 일하는 공장제가 자리 잡으면서, 일자리를 찾아 농촌을 떠나 도시로 옮겨 가는 사람이 크게 늘었다. 도시는 빠르게 커졌지만 주거와 위생 환경은 나빠졌고, 어린이까지 긴 시간 공장에서 일하는 일이 흔했다. 이런 현실 속에서 노동 조건을 고치려는 운동과 새로운 사회사상이 나타났고, 노동자를 보호하는 법도 차례로 만들어졌다. 1802년 영국 의회는 로버트 필이 제안한 법으로 섬유 공장 도제의 노동 시간을 하루 12시간으로 제한하고 밤일을 금지했지만, 감독이 제대로 이루어지지 않았다. 1833년 공장법은 9세 미만 어린이를 섬유 공장에서 일하지 못하게 하고 18세 미만의 밤일을 막았으며, 전문 공장 감독관을 두어 법을 지키는지 살피게 했다. 1847년의 이른바 10시간 법은 여성과 18세 미만 노동자가 섬유 공장에서 일하는 시간을 사실상 하루 10시간으로 줄였다. 한편 공장을 가진 산업 자본가 계층의 힘이 커지면서 이들이 정치에도 목소리를 내기 시작했다.",콜브룩데일,산업 혁명,validation
철도청이 한국철도공사로 전환된 날짜는?,"한국의 철도는 19세기 말에 처음 놓인 뒤 전국을 잇는 간선망과 대도시의 도시 철도, 고속 철도로 발전해 왔다. 오늘날 대한민국의 간선 철도망과 간선 고속도로망은 길이가 각각 약 3,000킬로미터로 엇비슷하며, 선로 폭은 1,435밀리미터의 표준궤를 쓴다.

## 첫 철도, 경인선
한반도에 처음 놓인 철도는 경인선이다. 1899년 9월 18일 노량진과 제물포 사이 33.2킬로미터 구간에서 첫 열차가 달렸다. 이때 쓰인 기관차는 미국에서 들여온 모갈형 증기 기관차였다. 처음에는 한강을 건너지 못해 노량진에서 멈추었으나, 1900년 한강철교가 완공되면서 서울 도심까지 선로가 이어졌다. 한국에서는 오랫동안 경인선이 개통한 9월 18일을 철도의 날로 기념했다. 그러나 경인선이 외국 자본의 이권 속에 건설되었다는 점 등을 들어 날짜를 바꾸자는 의견이 나왔고, 2018년부터는 1894년 조선 정부가 공무아문 아래에 철도국을 처음 둔 날을 기려 6월 28일을 철도의 날로 삼고 있다.

## 간선 철도의 부설
20세기 초에는 한반도를 세로로 잇는 큰 노선들이 잇달아 놓였다. 서울과 부산을 잇는 경부선이 1905년 1월 1일 영업을 시작했고, 서울과 신의주를 잇는 경의선이 1906년에 개통했다. 1914년에는 대전과 목포를 잇는 호남선과 서울과 원산을 잇는 경원선이 문을 열었다. 서울의 관문 역할을 한 옛 서울역 건물은 1925년에 지어졌으며, 새 역사가 생긴 뒤에는 복합 문화 공간으로 쓰이고 있다. 이 노선들은 사람과 물자를 나르는 핵심 통로가 되었으나, 광복 뒤 남북이 나뉘면서 경의선과 경원선은 군사 분계선에서 끊겼다.

## 운영 조직의 변화
광복 뒤 철도는 정부 부처가 직접 운영했다. 1963년에는 교통부 소속의 철도청이 발족해 오랫동안 철도 운영과 건설을 함께 맡았다. 2000년대 들어 선로와 역 같은 시설을 만드는 일과 열차를 운행하는 일을 나누는 개혁이 추진되어, 2004년 시설을 맡는 한국철도시설공단이 세워졌고, 2005년 1월 1일에는 철도청이 한국철도공사로 바뀌어 열차 운영을 맡게 되었다. 한국철도시설공단은 2020년 국가철도공단으로 이름을 바꾸었다.

## 도시 철도
대도시 안을 오가는 지하철도 빠르게 늘었다. 서울 지하철 1호선이 1974년 8월 15일 서울역과 청량리 사이 약 7.8킬로미터 구간에서 처음 운행을 시작했으며, 이는 세계에서 스물두 번째로 문을 연 지하철이었다. 이후 부산이 1985년, 대구가 1997년, 인천이 1999년, 광주가 2004년, 대전이 2006년에 차례로 도시 철도를 개통해 서울을 포함한 여섯 도시가 지하철을 운영하게 되었다. 수도권에서는 지하철과 광역 전철이 서로 이어져 하나의 거대한 교통망을 이루고 있다.

## 고속 철도
2004년 4월 1일 한국 고속 철도 KTX가 경부선과 호남선에서 함께 운행을 시작하면서 최고 시속 300킬로미터로 달리는 고속 철도 시대가 열렸다. 첫 KTX 열차는 앞뒤의 동력차와 객차를 합쳐 20량이 한 편성을 이루었다. 개통 당시에는 프랑스의 고속 철도 기술을 들여와 차량을 만들었고, 2010년에는 국내 기술로 개발한 KTX-산천이 운행에 들어갔다. 고속 철도가 생기면서 서울과 부산을 오가는 시간이 크게 줄어, 두 도시를 하루 안에 오가는 일이 흔해졌다. 2016년 12월에는 서울 강남의 수서역을 출발하는 고속 열차 SRT가 운행을 시작해 경부선과 호남선 고속 철도에 또 하나의 출발지가 생겼다.

## 열차 등급과 수도권 전철
한국의 일반 열차는 여러 차례 이름과 등급이 바뀌었다. 1969년 서울과 부산 사이를 달리는 특급 열차 관광호가 등장했고, 이 열차는 1974년 새마을호로 이름이 바뀌어 오랫동안 가장 빠른 일반 열차의 대명사가 되었다. 2012년에는 서울과 춘천 사이를 오가는 ITX-청춘이, 2014년에는 새마을호를 대신할 ITX-새마을이 운행을 시작했다. 서울 지하철 1호선이 개통한 1974년 8월 15일에는 서울역과 인천, 서울역과 수원 사이의 국철 구간도 전기 철도로 바뀌어 지하철과 곧바로 이어졌는데, 이것이 수도권 전철의 출발점이다. 2024년 3월에는 수서와 동탄 사이에 수도권 광역급행철도가 처음 개통했다.

## 고속 철도망의 확장
KTX 개통 뒤에도 고속 철도 전용 선로는 계속 늘어났다. 2010년 11월 경부고속선의 동대구와 부산 사이 구간이 새 선로로 완성되었고, 2015년 4월에는 오송과 광주송정을 잇는 호남고속선이 개통해 호남 지역도 고속 철도의 혜택을 크게 누리게 되었다. 한편 남북을 잇는 철도를 되살리려는 시도도 있었다. 2007년 5월에는 경의선과 동해선에서 남북을 오가는 열차가 시험 운행을 했고, 같은 해 말부터 한동안 문산과 북쪽의 봉동 사이에 화물 열차가 오갔다.


## 철도와 생활
철도가 생활 깊숙이 들어오면서 요금과 이용 방식도 바뀌었다. 1984년부터 65세 이상 노인은 도시 철도를 요금 없이 탈 수 있게 되었다. 2004년 7월 서울의 대중교통 체계가 개편되면서 교통카드로 버스와 지하철을 갈아타면 거리에 따라 요금을 한 번에 계산하는 통합 요금제가 시행되었고, 이 방식은 2007년 경기도, 2009년 인천으로 넓혀져 수도권 전체의 제도가 되었다. 요즘은 대부분의 승차권을 휴대 전화로 예매하고 종이 승차권 없이 열차에 오른다.",2005년 1월 1일,한국의 철도,train
부산국제영화제 영어 이름이 PIFF에서 BIFF가 된 이유,"부산국제영화제는 1996년 9월 13일부터 21일까지 첫 회가 열린 한국의 국제 영화제이다. 첫 행사에서는 31개국의 영화 169편이 상영되었고, 관객은 18만 4,071명이 찾았다. 초기에는 해운대 수영만 요트경기장에 야외 상영장을 두고 원도심인 남포동 극장가를 함께 썼다. 2011년 9월 29일 해운대구 센텀시티에 전용관인 영화의전당이 문을 열면서 행사의 중심이 그곳으로 옮겨졌다. 같은 해 2월에는 부산의 로마자 표기에 맞추어 영문 약칭을 PIFF에서 BIFF로 바꾸었다. 대표 부문인 뉴 커런츠는 아시아 신인 감독의 첫 번째나 두 번째 장편 영화를 대상으로 한다. 영화제는 오랫동안 10월 초에 열렸으나 2025년에는 9월 17일부터 26일까지 개최되었고, 이때부터 아시아 영화를 대상으로 다섯 개 부문을 시상하는 경쟁 영화제로 성격을 바꾸었다.",부산의 로마자 표기에 맞추어,부산국제영화제,train
뉴턴 프린키피아 출판비를 부담한 천문학자,"『자연철학의 수학적 원리』는 영국의 과학자 아이작 뉴턴이 1687년 라틴어로 펴낸 책으로, 흔히 줄여서 프린키피아라고 부른다. 뉴턴은 이 책에서 운동의 세 가지 법칙과 만유인력의 법칙을 제시하고, 이를 수학으로 풀어 케플러가 밝힌 행성 운동의 법칙을 증명했다. 이 책은 고전 역학의 수학적 토대를 놓은 저작으로 평가받는다.
책은 세 권으로 이루어져 있다. 제1권은 저항이 없는 공간에서 물체가 어떻게 움직이는지를, 제2권은 공기나 물처럼 저항이 있는 곳에서의 운동과 유체의 성질을 다룬다. 제3권은 앞의 원리를 하늘에 적용해 행성과 달, 혜성의 움직임과 밀물과 썰물이 생기는 까닭을 설명했다. 천문학자 에드먼드 핼리는 뉴턴에게 연구를 책으로 내도록 권했고, 출판 비용도 자기 돈으로 댔다. 초판 뒤에도 뉴턴은 내용을 고쳐 1713년에 제2판을, 1726년에 제3판을 펴냈다. 제2판은 수학자 로저 코츠가 편집을 맡았다.",에드먼드 핼리,자연철학의 수학적 원리,train
"궁궐의 넓이는 432,703제곱미터이다","경복궁은 조선을 세운 태조가 1395년에 지은 궁궐로, 조선 왕조가 처음으로 세운 법궁이다. 궁궐의 이름은 정도전이 지었는데, 《시경》의 한 구절에서 큰 복을 누린다는 뜻의 두 글자를 따왔다. 1592년 임진왜란 때 불에 탄 뒤 오랫동안 빈터로 남아 있다가, 고종 2년인 1865년 흥선대원군이 앞장서서 다시 짓기 시작해 1868년 7월에 공사를 마쳤다.
임금이 신하들의 하례를 받고 나라의 큰 의식을 치르던 정전은 근정전이며, 궁의 남쪽 정문은 광화문이다. 연못 가운데에 세운 누각인 경회루는 1867년에 다시 지어졌고, 궁궐 북쪽의 향원정은 1867년부터 1873년 사이에 세워졌다. 궁궐의 넓이는 432,703제곱미터이다. 1963년 1월 21일 사적 제117호로 지정되었다. 일제강점기에 헐리거나 옮겨진 전각을 되살리는 복원 사업이 1990년부터 이어지고 있는데, 처음에는 2030년까지 마칠 계획이었으나 완료 목표가 2045년으로 늦춰졌다.",궁궐의,경복궁,train
주노 탐사선이 목성에 닿은 날짜는?,"목성은 태양계에서 가장 큰 행성으로, 적도 지름이 142,984킬로미터이고 질량은 지구의 약 318배이다. 태양에서 평균 5.2천문단위 떨어져 있으며, 한 번 공전하는 데 약 11.86년이 걸린다. 반면 자전은 매우 빨라 하루의 길이가 9시간 50분 남짓에 불과하다. 단단한 표면이 없는 거대 가스 행성으로, 대기는 대부분 수소이고 나머지는 주로 헬륨이다. 남반구에 보이는 거대한 소용돌이 폭풍인 대적점은 가로 길이만으로도 지구 지름보다 길다.
1610년 갈릴레오 갈릴레이는 망원경으로 목성 둘레를 도는 위성 네 개를 발견했다. 이오, 유로파, 가니메데, 칼리스토로 이루어진 이 위성들을 갈릴레이 위성이라 부른다. 그 가운데 가니메데는 지름이 5,262킬로미터로 태양계 위성 가운데 가장 크며 행성인 수성보다도 크다. 지금까지 확인된 목성의 위성은 90개가 넘는다. 1994년 7월에는 슈메이커-레비 9 혜성의 조각들이 목성에 잇달아 부딪쳤다. 갈릴레오 궤도선이 1995년부터 2003년까지 목성을 조사했고, 주노 탐사선은 2016년 7월 4일 목성에 도착했다.",2016년 7월 4일,목성,train
"오존층 파괴의 원리를 밝힌 파울 크뤼천, 마리오 몰리나, 셔우드 롤런드는 1995년 노벨 화학상을 받았다","오존층은 성층권 가운데 오존이 비교적 많이 모여 있는 층으로, 지표에서 약 15~35킬로미터 높이에 있다. 1913년 프랑스의 물리학자 샤를 파브리와 앙리 뷔송이 처음 발견했다. 오존층은 파장이 200~315나노미터인 중간 파장 자외선을 97~99퍼센트 흡수해 지상의 생물을 보호한다. 오존의 양은 영국의 과학자 돕슨의 이름을 딴 돕슨 단위로 나타낸다.
1985년 남극 상공에서 오존이 크게 줄어든 오존 구멍이 발견되면서 세계의 관심이 쏠렸다. 주된 원인은 냉매와 분무제 등에 쓰이던 염화플루오린화탄소(CFC)였다. 이 물질의 생산과 사용을 규제하기 위한 몬트리올 의정서는 1987년에 채택되어 1989년부터 효력을 냈다. 오존층 파괴의 원리를 밝힌 파울 크뤼천, 마리오 몰리나, 셔우드 롤런드는 1995년 노벨 화학상을 받았다. 규제가 효과를 거두면서 과학자들은 오존층이 2070년 무렵 이전 수준으로 회복될 것으로 내다본다.",오존층,오존층,train
이것은 어느 두 바다를 이어 주나요?,"파나마 운하는 중앙아메리카의 파나마 지협을 가로질러 대서양과 태평양을 잇는 운하로, 길이는 약 82킬로미터이다. 먼저 공사에 나선 나라는 프랑스였다. 페르디낭 드 레셉스가 1881년 공사를 시작했으나 열대 질병과 험한 지형 때문에 끝내 뜻을 이루지 못했다. 이후 미국이 공사를 넘겨받아 1914년 8월 15일 운하를 개통했다. 공사 기간 동안 수많은 노동자가 황열병과 말라리아 같은 병으로 목숨을 잃었다.
운하 가운데 지대가 바다보다 높기 때문에, 배는 갑문을 거치며 계단을 오르내리듯 물 높이를 맞추면서 해발 26미터에 있는 인공 호수 가툰호를 건넌다. 갑문은 미라플로레스, 페드로 미겔, 가툰 세 곳에 있다. 배 한 척이 운하를 다 지나는 데는 8~10시간 정도 걸린다. 미국이 관리하던 운하는 1999년 말 파나마 정부로 넘겨졌다. 2016년 6월 26일에는 더 큰 배가 지날 수 있도록 새 갑문을 갖춘 확장 운하가 문을 열었다.",대서양과 태평양,파나마 운하,train
연금 개혁 후 국민연금 보험료율은 몇 년에 13%에 도달하나요?,"국민연금은 소득이 있을 때 보험료를 내고, 나이가 들거나 장애를 입거나 가족을 잃어 소득이 줄었을 때 연금을 받도록 한 대한민국의 공적 연금 제도이다. 1973년 국민복지연금법이 만들어졌지만 시행되지 못했고, 1986년 이를 고친 국민연금법이 제정되어 1988년 1월 1일부터 제도가 운영되기 시작했다. 처음에는 근로자 10명 이상인 사업장만 대상이었으나, 1992년 5명 이상 사업장, 1995년 농어촌 지역으로 넓혀졌고, 1999년 도시 지역 주민까지 포함되면서 전 국민 연금 시대가 열렸다. 가입 대상은 국내에 사는 18세 이상 60세 미만 국민이다. 보험료율은 오랫동안 소득의 9%였고, 직장 가입자는 회사와 근로자가 절반씩 부담한다. 2025년 3월 국회를 통과한 개정 법에 따라 보험료율은 2026년부터 해마다 0.5%포인트씩 올라 2033년 13%에 이르고, 소득대체율은 2026년부터 43%로 조정된다. 급여에는 노령연금, 장애연금, 유족연금, 반환일시금이 있다. 제도 운영은 전주에 본부를 둔 국민연금공단이 맡는다.",2033년,국민연금,train
이 글에서 소개한 축제가 대관령국사성황으로 모시는 인물은?,"강릉단오제는 강원도 강릉에서 단오 무렵 대관령의 신을 모시며 벌이는 지역 축제이다. 모시는 신 가운데 대관령국사성황은 강릉 출신 승려인 범일국사이고, 대관령국사여성황은 강릉의 정씨 여인으로 전한다. 축제는 음력 4월 5일 제사에 올릴 술을 빚는 신주빚기로 막을 올린다. 음력 4월 보름에는 대관령에서 국사성황을 모셔 와 시내에 머물게 하고, 음력 5월 3일부터 7일까지 남대천 단오장에서 본격적인 행사가 펼쳐진다. 행사의 중심은 유교식 제례, 무당이 벌이는 단오굿, 그리고 관노가면극의 세 가지이다. 관노가면극은 조선 시대 관아에 딸린 노비들이 하던 탈놀이로, 대사 없이 몸짓과 춤만으로 이야기를 풀어 간다. 강릉단오제는 1967년 1월 16일 국가무형문화재 제13호로 지정되었고, 2005년 11월 25일 유네스코 인류구전 및 무형유산 걸작에 올랐다.",범일국사,강릉단오제,train
산재 휴업급여는 평균임금의 몇 퍼센트를 주나,"산업재해보상보험은 일하다가 다치거나 병에 걸리거나 숨진 근로자와 그 가족에게 보상을 해 주는 대한민국의 사회 보험으로, 흔히 산재보험이라 부른다. 1963년 산업재해보상보험법이 제정되고 이듬해인 1964년부터 시행되어 한국에서 가장 먼저 도입된 사회 보험이 되었다. 처음에는 근로자 500명 이상인 광업과 제조업 사업장에만 적용되었으나, 점차 대상을 넓혀 2000년에는 근로자 1명 이상인 사업장 대부분이 가입 대상이 되었다. 보험료는 다른 사회 보험과 달리 사업주가 전액 부담한다. 사업주에게 잘못이 있었는지와 관계없이 업무와 관련된 재해이면 보상하는 무과실 책임 원칙을 따른다. 급여로는 치료비를 대는 요양급여, 치료 때문에 일하지 못한 기간의 소득을 보전하는 휴업급여, 장해가 남았을 때의 장해급여, 숨진 근로자의 가족에게 주는 유족급여, 간병급여 등이 있다. 휴업급여는 하루에 평균임금의 70%에 해당하는 금액이다. 보험 업무는 근로복지공단이 맡고 있다.",70%,산업재해보상보험,train
김치의 날은 매년 며칠이에요?,"김치는 소금에 절인 배추나 무 같은 채소를 고춧가루, 파, 마늘, 젓갈 등의 양념으로 버무려 발효시킨 한국의 전통 음식이다. 밥상에 거의 빠지지 않는 반찬이며, 계절과 지역에 따라 재료와 담그는 법이 크게 달라진다.

## 이름과 옛 기록
김치라는 말은 채소를 소금물에 담근다는 뜻의 한자어 침채에서 비롯되었다고 보는 견해가 널리 알려져 있다. 한글 기록에서는 16세기의 딤채가 17세기에서 18세기 사이에 짐채로 바뀌었고, 19세기에 이르러 김치라는 말이 자리를 잡았다. 김치를 가리키는 옛말로는 지도 쓰였는데, 오늘날 오이지나 짠지 같은 음식 이름에 그 흔적이 남아 있다. 채소를 절여 오래 두고 먹는 풍습은 삼국 시대부터 있었던 것으로 보인다. 고려 시대인 1241년에 나온 이규보의 문집에는 무를 소금에 절여 겨울에 대비하는 모습이 시로 남아 있다. 조선 시대인 1670년 무렵에 쓰인 조리서 음식디미방에는 여러 가지 김치 담그는 법이 실려 있다.

## 고추와 배추
오늘날처럼 붉은 김치가 된 것은 비교적 뒤의 일이다. 고추는 16세기 말에서 17세기 초 무렵 한반도에 들어왔고, 1766년에 편찬된 증보산림경제에 이르러 김치에 고추를 쓰는 방법이 본격적으로 기록되었다. 그 전의 김치는 소금에 절이거나 천초 같은 향신료로 맛을 낸 것이 많았다. 고추는 매운맛을 더할 뿐 아니라 김치가 쉽게 물러지거나 상하는 것을 늦추는 데에도 도움을 주어 빠르게 퍼졌다. 재료도 달라져, 오랫동안 무로 담근 김치가 중심이었으나 속이 꽉 찬 배추가 널리 재배되면서 20세기부터는 배추김치가 가장 흔한 김치가 되었다.

## 김치의 종류
김치의 종류는 200가지가 넘는다고 한다. 통배추를 절여 양념을 켜켜이 넣은 배추김치, 무를 네모나게 썰어 버무린 깍두기, 작은 무를 무청째 담근 총각김치, 어린 열무로 담그는 열무김치가 대표적이다. 무를 통째로 소금물에 담가 국물을 함께 먹는 동치미와 무와 배추를 얇게 썰어 담그는 나박김치 같은 물김치도 있고, 고춧가루를 쓰지 않아 맛이 맑은 백김치도 있다. 대체로 날씨가 따뜻한 남쪽 지방의 김치는 짜고 양념이 진하며, 추운 북쪽 지방의 김치는 간이 싱겁고 국물이 넉넉한 편이다. 개성 지방의 보쌈김치는 넓은 배추 잎으로 여러 재료를 보자기처럼 감싸 담그는 것으로 이름이 났고, 전라남도 여수의 돌산 지역은 톡 쏘는 맛의 갓으로 담그는 갓김치로 잘 알려져 있다. 푹 익은 김치는 그대로 먹을 뿐 아니라 김치찌개나 김치볶음밥 같은 요리의 재료로도 널리 쓰인다.

## 발효의 원리
김치의 맛은 젖산균의 발효에서 나온다. 담근 지 얼마 되지 않았을 때는 류코노스톡 무리의 젖산균이 많아 상큼하고 톡 쏘는 맛이 나고, 시간이 지나면 락토바실러스 무리가 늘어나면서 신맛이 강해진다. 낮은 온도에서 천천히 익힐수록 맛이 고르고 오래가기 때문에, 예전에는 김칫독을 땅에 묻어 겨울을 났다. 요즘은 온도를 세밀하게 맞추는 김치 전용 냉장고가 그 역할을 대신한다.

## 김장과 문화유산
김장은 초겨울에 겨우내 먹을 김치를 한꺼번에 담그는 일로, 가족과 이웃이 모여 일손을 나누고 담근 김치를 함께 나누는 풍습이다. 이 김장 문화는 2013년 12월 5일 아제르바이잔 바쿠에서 열린 제8차 무형유산 정부간위원회에서 유네스코 인류무형유산 대표목록에 올랐다. 2015년에는 북한의 김치 담그기 풍습도 따로 등재되었다. 국내에서는 2017년 김치 담그기가 국가무형문화재 제133호로 지정되었다. 2020년에는 11월 22일이 법정 기념일인 김치의 날로 정해졌는데, 김치 재료 하나하나가 모여 스물두 가지 효능을 낸다는 뜻을 날짜에 담았다. 식품을 주제로 한 법정 기념일은 김치의 날이 처음이다.

## 담그는 과정
배추김치를 담글 때는 먼저 배추를 반으로 갈라 소금이나 소금물에 몇 시간에서 하룻밤 정도 절인다. 절인 배추는 맑은 물에 여러 번 헹군 뒤 물기를 뺀다. 그동안 무채에 고춧가루, 다진 마늘과 생강, 파, 젓갈 등을 섞어 김칫소를 만든다. 물기를 뺀 배추의 잎 사이사이에 김칫소를 고루 넣은 다음, 겉잎으로 감싸 항아리나 통에 차곡차곡 담아 익힌다. 김장은 흔히 입동 전후에 하는데, 날씨가 추워지면서 배추가 달고 단단해지고, 담근 김치가 낮은 기온에서 천천히 익기 때문이다.

## 연구와 국제 규격
김치는 2001년 국제식품규격위원회에서 국제 식품 규격으로 채택되어, 김치를 무엇으로 어떻게 만들어야 하는지에 대한 국제적인 기준이 마련되었다. 2010년에는 김치의 과학적 연구와 산업 발전을 위해 광주에 세계김치연구소가 세워졌다. 김치냉장고는 1990년대 중반부터 가정에 빠르게 퍼져, 김칫독을 땅에 묻던 모습을 도시에서는 거의 볼 수 없게 되었다. 김치 담그기는 국가무형문화재로 지정될 때 특정 보유자나 단체를 두지 않았는데, 온 국민이 함께 이어 온 문화라는 점을 인정한 것이다.


## 김치와 식생활
김치는 채소를 주재료로 하므로 식이섬유가 풍부하고, 발효 과정에서 생기는 젖산균을 함께 먹을 수 있다는 점에서 건강식으로 관심을 받아 왔다. 다만 소금과 젓갈이 들어가 나트륨이 많은 편이어서, 간을 줄여 싱겁게 담그려는 시도도 꾸준히 이어지고 있다. 김장철이 다가오면 배추와 무, 고추 같은 재료의 값이 집집마다 큰 관심거리가 되고, 이웃끼리 날을 달리해 서로의 김장을 돕는 품앗이도 여전히 볼 수 있다.",11월 22일,김치,train
아마존강을 거슬러 오르는 조석 해일을 뭐라고 해?,"아마존강은 남아메리카 북부를 가로질러 대서양으로 흘러드는 강으로, 흐르는 물의 양이 세계에서 가장 많다. 페루 안데스산맥의 네바도 미스미산 일대에서 발원해 페루, 콜롬비아, 브라질을 지난다. 길이를 약 6,992킬로미터로 잰 연구가 있지만, 발원지를 어디로 보느냐에 따라 나일강과 어느 쪽이 더 긴지 의견이 엇갈린다. 유역 면적은 약 705만 제곱킬로미터로 세계에서 가장 넓다.
하구에서 바다로 쏟아지는 물은 1초에 평균 20만 세제곱미터가 넘으며, 이는 전 세계 강물이 바다로 내보내는 민물의 약 20퍼센트에 해당한다. 마라뇬강, 우카얄리강, 네그루강, 마데이라강 같은 큰 지류가 합쳐진다. 강 전체 폭을 가로지르는 다리는 하나도 없다. 밀물 때 바닷물이 강을 거슬러 오르며 생기는 포로로카라는 조석 해일은 높이가 최대 7.6미터에 이른다. 강 이름은 1541년 탐험가 프란시스코 데 오레야나의 원정대가 여성 전사들의 공격을 받은 일에서 그리스 신화의 아마존을 떠올린 데서 비롯되었다.",포로로카,아마존강,train
씨름 경기장 모래판의 지름은?,"씨름은 두 사람이 허리와 다리에 맨 샅바를 서로 붙잡고 힘과 기술로 상대를 넘어뜨리는 한국의 전통 겨루기이다. 발바닥을 뺀 몸의 어느 부분이든 먼저 땅에 닿는 쪽이 진다. 기술은 크게 다리를 걸거나 감는 다리기술, 허리를 틀어 상대를 들거나 돌려 넘기는 허리기술, 손으로 상대의 다리나 몸을 잡아채는 손기술로 나뉜다. 경기는 지름 8미터의 둥근 모래판에서 열리며, 주심 한 명과 부심 두 명이 판정을 맡는다. 씨름의 오랜 역사는 4세기 무렵 고구려 고분 벽화에 두 사람이 맞붙은 모습이 그려진 데서 확인할 수 있고, 조선 후기에는 김홍도의 풍속화에 구경꾼에 둘러싸인 씨름판이 담길 만큼 널리 즐겼다. 1980년대에는 프로 경기가 출범해 큰 인기를 누렸다. 2018년 11월 26일 모리셔스 포트루이스에서 열린 제13차 무형유산 정부간위원회에서 씨름은 남북한이 함께 신청한 유산으로는 처음으로 유네스코 인류무형유산에 공동 등재되었다.",8미터,씨름,train
화성 공사에 쓰인 거중기를 고안한 사람,"수원 화성은 조선 제22대 임금 정조가 경기도 수원에 쌓게 한 성곽이다. 1794년에 공사를 시작해 1796년에 끝냈으니 2년 남짓한 짧은 기간에 완성한 셈이다. 설계에 참여한 정약용은 무거운 돌을 적은 힘으로 들어 올리는 거중기를 고안했고, 이 도구는 공사를 빠르게 마치는 데 한몫했다. 성벽의 둘레는 5.74킬로미터이다. 성의 네 방향에는 북쪽의 장안문, 남쪽의 팔달문, 동쪽의 창룡문, 서쪽의 화서문이 있다.
공사가 끝난 뒤 조정은 축성 과정을 꼼꼼하게 기록한 『화성성역의궤』를 펴냈다. 한국전쟁 때 성의 일부가 부서졌으나, 이 의궤에 남은 기록을 근거로 옛 모습대로 복원할 수 있었다. 1963년 1월 21일 사적 제3호로 지정되었고, 1997년 유네스코 세계유산에 등재되었다. 동양과 서양의 축성 기술을 함께 받아들인 성곽으로 평가받으며, 오늘날에는 성벽을 따라 걷는 길이 수원의 대표적인 명소가 되었다.",정약용,수원 화성,train
쇼트트랙 혼성 계주는 몇 m를 달리나요,"쇼트트랙 스피드스케이팅은 짧은 타원형 트랙에서 여러 선수가 한꺼번에 출발해 들어오는 순서로 순위를 가리는 빙상 종목이다. 한 바퀴의 길이는 111.12미터이며, 가로 60미터, 세로 30미터 규격의 링크 안에 트랙을 그린다. 기록을 겨루는 400미터 트랙의 스피드스케이팅과 달리 순위를 다투기 때문에 자리싸움과 추월 작전이 승부를 가르고, 몸싸움이 잦은 만큼 반칙에 따른 실격도 흔하다. 곡선 구간이 많아 키가 큰 선수가 특별히 유리하지 않다는 평을 듣는다. 올림픽에는 1988년 캘거리 대회에서 시범 종목으로 처음 등장했고, 1992년 알베르빌 대회에서 정식 종목이 되었다. 현재 올림픽에서는 남녀 개인 500미터, 1000미터, 1500미터와 여자 3000미터 계주, 남자 5000미터 계주, 그리고 남녀가 함께 뛰는 2000미터 혼성 계주가 치러진다. 한국 선수들은 곡선에서 안쪽으로, 직선에서 바깥쪽으로 크게 도는 호리병 모양의 주법으로 잘 알려져 있다.",2000미터,쇼트트랙 스피드스케이팅,train
청나일 발원지,"나일강은 아프리카 북동부를 흘러 지중해로 들어가는 강으로, 길이가 약 6,650킬로미터에 이르러 흔히 세계에서 가장 긴 강으로 꼽힌다. 크게 두 줄기로 이루어져 있는데, 백나일은 우간다·케냐·탄자니아에 걸친 빅토리아호에서, 청나일은 에티오피아의 타나호에서 시작한다. 두 줄기는 수단의 수도 하르툼에서 만나 하나의 강이 된다.
강은 이집트, 수단, 남수단, 에티오피아, 우간다, 케냐, 탄자니아, 르완다, 콩고 민주 공화국 등 여러 나라를 적시며, 유역 면적은 약 340만 제곱킬로미터이다. 하류의 이집트에서는 강이 부채꼴로 갈라지며 기름진 삼각주를 이룬다. 해마다 여름이면 에티오피아 고원에 내린 비로 강물이 불어나 넘쳤는데, 이 범람이 실어 온 흙 덕분에 고대 이집트 문명이 꽃필 수 있었다. 1970년 이집트 남부에 아스완 하이 댐이 완공되면서 범람은 거의 사라졌고, 댐 뒤로는 거대한 인공 호수인 나세르호가 생겼다.",에티오피아의 타나호,나일강,test
백신이라는 단어는 어디에서 유래했나요,"에드워드 제너는 1749년 5월 17일 잉글랜드 글로스터셔의 버클리에서 태어난 의사로, 천연두를 막는 우두 접종법을 개발했다. 당시 시골에서는 소젖을 짜다가 가벼운 병인 우두에 걸렸던 사람은 천연두에 잘 걸리지 않는다는 이야기가 전해지고 있었다. 제너는 이를 시험하려고 1796년 5월 14일, 우두에 걸린 젖 짜는 여성 세라 넬름스의 손에 생긴 물집에서 고름을 뽑아 여덟 살 소년 제임스 핍스에게 접종했다. 뒤이어 소년에게 천연두 고름을 넣었으나 병은 나타나지 않았다. 그는 1798년 이 실험을 비롯한 사례들을 정리해 책으로 펴냈다.
라틴어로 암소를 뜻하는 바카에서 오늘날 백신이라는 말이 생겨났다. 제너는 1823년 1월 26일 세상을 떠났지만, 그의 방법은 세계 곳곳으로 퍼져 나갔다. 세계 보건 기구(WHO)는 1980년 5월 8일 천연두가 지구에서 사라졌다고 공식 선언했다. 자연적으로 감염된 마지막 환자는 1977년 소말리아에서 나왔다.",암소를 뜻하는 바카,에드워드 제너와 우두 접종,test
목성 질량은 지구보다 몇 배 무거워?,"목성은 태양계에서 가장 큰 행성으로, 적도 지름이 142,984킬로미터이고 질량은 지구의 약 318배이다. 태양에서 평균 5.2천문단위 떨어져 있으며, 한 번 공전하는 데 약 11.86년이 걸린다. 반면 자전은 매우 빨라 하루의 길이가 9시간 50분 남짓에 불과하다. 단단한 표면이 없는 거대 가스 행성으로, 대기는 대부분 수소이고 나머지는 주로 헬륨이다. 남반구에 보이는 거대한 소용돌이 폭풍인 대적점은 가로 길이만으로도 지구 지름보다 길다.
1610년 갈릴레오 갈릴레이는 망원경으로 목성 둘레를 도는 위성 네 개를 발견했다. 이오, 유로파, 가니메데, 칼리스토로 이루어진 이 위성들을 갈릴레이 위성이라 부른다. 그 가운데 가니메데는 지름이 5,262킬로미터로 태양계 위성 가운데 가장 크며 행성인 수성보다도 크다. 지금까지 확인된 목성의 위성은 90개가 넘는다. 1994년 7월에는 슈메이커-레비 9 혜성의 조각들이 목성에 잇달아 부딪쳤다. 갈릴레오 궤도선이 1995년부터 2003년까지 목성을 조사했고, 주노 탐사선은 2016년 7월 4일 목성에 도착했다.",약 318배,목성,train
탁구대 높이는 얼마예요?,"탁구는 가운데 네트를 친 탁자를 사이에 두고 라켓으로 작은 공을 번갈아 쳐 넘기는 구기 종목이다. 1880년대 영국 상류층 사람들이 저녁 식사 뒤 식탁 위에서 즐기던 놀이에서 비롯되었으며, 공이 탁자와 라켓에 부딪히는 소리를 따서 핑퐁이라고도 불렀다. 셀룰로이드 공과 고무를 붙인 라켓이 등장하면서 오늘날의 경기 모습이 갖추어졌다. 국제 경기를 관장하는 국제탁구연맹은 1926년에 창설되었다. 탁구대는 길이 2.74미터, 너비 1.525미터, 높이 76센티미터이며, 네트 높이는 15.25센티미터이다. 공의 지름은 2000년에 38밀리미터에서 40밀리미터로 커졌는데, 공이 느려지면서 랠리가 길어지고 관중이 경기를 따라가기 쉬워졌다. 점수 방식도 2001년 21점제에서 11점제로 바뀌었고, 10 대 10이 되면 먼저 2점을 앞서는 쪽이 게임을 가져간다. 탁구는 1988년 서울 올림픽에서 처음 정식 종목으로 채택되었다.",76센티미터,탁구,train
모든 대륙이 하나로 붙어 있던 땅덩어리를 베게너는 뭐라고 불렀나?,"대륙 이동설은 지금의 대륙들이 먼 옛날 하나로 붙어 있다가 갈라져 서서히 움직여 왔다는 학설이다. 독일의 기상학자 알프레트 베게너가 1912년 1월 6일 독일 지질학회에서 처음 발표했고, 1915년 『대륙과 해양의 기원』이라는 책으로 펴냈다. 그는 모든 대륙이 모여 있던 거대한 땅덩어리를 판게아라고 불렀다.
베게너가 내세운 근거는 여러 가지였다. 남아메리카 동쪽 해안과 아프리카 서쪽 해안의 윤곽이 퍼즐 조각처럼 맞물리고, 민물에 살던 파충류 메소사우루스의 화석이 브라질과 남아프리카에서 함께 나오며, 리스트로사우루스 화석이 아프리카와 인도, 남극에서 두루 발견된다는 점이었다. 지금은 더운 지역에서 옛 빙하가 남긴 흔적이 나타나는 것도 증거로 삼았다. 그러나 대륙을 움직이는 힘을 설명하지 못해 당시 학계는 그의 주장을 받아들이지 않았다. 베게너는 1930년 그린란드 탐사 도중 숨졌다. 1931년 아서 홈스가 맨틀 대류설을 내놓았고, 1960년대 해저 확장설에 이어 1967년 무렵 판 구조론이 정설이 되면서 그의 생각은 다시 인정받았다.",판게아,대륙 이동설,train
그레이트배리어리프에 지금 이름을 붙인 탐험가,"그레이트 배리어 리프는 오스트레일리아 퀸즐랜드주 북동쪽 해안을 따라 산호해에 길게 뻗은 세계 최대의 산호초 지대이다. 길이는 2,300킬로미터가 넘고, 넓이는 약 344,400제곱킬로미터에 이른다. 하나로 이어진 암초가 아니라 2,900개가 넘는 개별 산호초와 약 900개의 섬이 모여 이루어져 있다. 이곳에는 약 400종의 산호와 1,500종이 넘는 물고기가 산다.
1770년 6월 11일 제임스 쿡이 이끈 인데버호가 이곳 암초에 걸려 좌초한 일이 있었고, 1802년 탐험가 매슈 플린더스가 지금의 이름을 붙였다. 1975년 해양 공원을 지정하는 법이 만들어졌으며, 1981년에는 유네스코 세계유산으로 등재되었다. 그러나 바닷물의 온도가 오르면서 산호가 하얗게 변해 죽어 가는 백화 현상이 1998년, 2002년, 2006년, 2016년, 2017년, 2020년 여름에 대규모로 일어났다. 1985년 이후 산호로 덮인 면적이 절반 넘게 줄었다는 연구 결과도 나와 있다.",매슈 플린더스,그레이트 배리어 리프,train
국기원은 몇 년에 세워졌어?,"태권도는 손과 발을 써서 치고 막고 차는 기술을 익히는 한국의 무술이자 올림픽 격투 종목이다. 1961년에 생긴 대한태수도협회가 1965년 대한태권도협회로 이름을 바꾸면서 태권도라는 이름이 널리 자리를 잡았다. 1972년에는 수련과 단증 심사를 맡는 중앙 도장인 국기원이 서울에 세워졌고, 이듬해인 1973년 국제 경기를 관장하는 세계태권도연맹이 창설되었다. 수련은 정해진 순서대로 공격과 방어 동작을 이어 가는 품새와, 두 사람이 실제로 맞서는 겨루기로 나뉘며, 실력은 띠의 색과 단으로 구분한다. 1988년 서울 올림픽에서 시범 종목으로 처음 선을 보였고, 2000년 시드니 올림픽부터 정식 종목이 되었다. 올림픽에서는 남녀 각각 네 체급으로 겨루며, 몸통에는 타격을 감지하는 전자 호구를 입혀 점수를 자동으로 판정한다. 오늘날 세계태권도연맹에는 아시아와 유럽, 아프리카, 아메리카, 오세아니아의 200여 개 나라가 가입해 있다.",1972년,태권도,train
삼국사기 편찬을 명령한 고려 임금,"삼국사기는 고려 인종의 명을 받아 김부식이 편찬을 이끌어 1145년에 펴낸 역사책이다. 김부식은 이 작업에서 감수국사를 맡아 책임자 역할을 했다. 이 책은 신라, 고구려, 백제 세 나라의 역사를 다루며, 나라에서 펴낸 역사서로는 가장 이른 것이자 오늘날 전하는 한국의 역사책 가운데 가장 오래되었다.
모두 50권으로, 임금의 행적을 연대순으로 적은 본기 28권, 연표 3권, 제도와 문물을 분야별로 정리한 잡지 9권, 여러 인물의 생애를 적은 열전 10권으로 짜여 있다. 본기는 다시 신라본기 12권, 고구려본기 10권, 백제본기 6권으로 나뉜다. 본기와 열전을 뼈대로 역사를 나누어 서술하는 이런 방식을 기전체라고 한다. 삼국사기는 뒤에 일연이 쓴 삼국유사와 함께 한국 고대사를 연구하는 데 가장 기본이 되는 자료로 쓰인다. 전하는 판본 가운데 두 종류는 2018년 보물에서 국보로 승격되었다.",인종,삼국사기,train
멘델의 유전 연구가 다시 발견된 해,"그레고어 멘델은 1822년 오늘날 체코 땅인 하인첸도르프에서 태어난 과학자이자 성직자이다. 그는 브르노에 있는 성 토마스 아우구스티누스 수도원에 들어가 수도사가 되었고, 1868년에는 수도원장에 올랐다. 멘델은 1856년부터 1863년까지 약 7년 동안 수도원 뜰에서 완두를 길러 교배 실험을 했다. 씨의 모양과 색, 꽃의 색, 줄기의 키처럼 뚜렷하게 구별되는 일곱 쌍의 형질을 골라, 세대를 거듭하며 각 형질이 나타나는 비율을 꼼꼼히 셌다.
그는 이 결과를 정리한 논문 「식물 잡종에 관한 연구」를 1865년 브르노 자연과학회에서 발표했고, 1866년 학회지에 실었다. 그러나 이 연구는 살아 있는 동안 거의 주목받지 못했고, 멘델은 1884년 세상을 떠났다. 1900년 카를 코렌스, 에리히 폰 체르마크, 휘호 더프리스 세 학자가 각자 연구를 하다 멘델의 논문을 다시 찾아내면서 그의 업적이 재발견되었다. 오늘날 멘델은 유전학의 아버지로 불린다.",1900년,그레고어 멘델,train
고용보험 적용이 직원 1명 있는 회사까지 넓어진 해,"고용보험은 일자리를 잃은 사람의 생활을 돕고, 실업을 예방하며 일하는 사람의 직업 능력을 키우기 위해 만든 대한민국의 사회 보험이다. 1993년 고용보험법이 제정되어 1995년 7월 1일부터 시행되었으며, 산재보험, 의료보험, 국민연금에 이어 네 번째로 도입된 사회 보험이다. 처음에는 근로자 30명 이상 사업장을 중심으로 적용되었으나, 외환위기로 실업자가 크게 늘어난 1998년에 근로자 1명 이상인 모든 사업장으로 대상이 넓어졌다. 사업은 크게 실직자에게 구직 기간의 생계비를 주는 실업급여, 고용 유지와 채용을 지원하는 고용안정 사업, 직업훈련을 돕는 직업능력개발 사업, 그리고 육아휴직급여 같은 모성 보호 급여로 이루어진다. 실업급여를 받으려면 일자리를 잃기 전 18개월 동안 보험에 가입한 기간이 180일 이상이어야 한다. 보험료는 근로자와 사업주가 함께 내고 정부도 일부를 지원한다. 2020년에는 예술인이, 2021년부터는 특수형태근로종사자가 차례로 고용보험에 들어왔다.",1998년,고용보험,train
첨성대 창문이 향한 방향,"경주 첨성대는 신라 선덕여왕 때 세운 돌 구조물로, 천문을 살피던 시설로 알려져 있다. 선덕여왕은 632년부터 647년까지 나라를 다스렸으며, 첨성대를 세운 해는 기록에 따라 633년 또는 647년으로 전한다. 높이는 9.4미터, 밑면의 지름은 6.09미터이고, 다듬은 돌 362개를 27단으로 쌓아 올렸다. 몸통 한가운데인 13단에서 15단 사이에는 정남쪽을 향한 네모난 창이 뚫려 있고, 안쪽은 12단 높이까지 흙으로 메워져 있다. 맨 꼭대기에는 우물 정(井) 자 모양으로 짠 2단의 돌이 얹혀 있다.
1962년 12월 20일 국보 제31호로 지정되었다. 오랜 세월에 걸쳐 북쪽으로 7.2센티미터가량 기울었고, 2016년 경주에서 지진이 일어났을 때는 석축 틈이 약 1.2센티미터 벌어졌다. 그러나 국내외 연구진이 조사한 결과 구조 자체는 안정적인 것으로 판단되었다.",정남쪽,경주 첨성대,train
제주도 우편번호 앞자리는 몇으로 시작하나요,"대한민국의 우편번호는 우편물을 지역별로 빠르게 가려 보내기 위해 주소에 덧붙이는 번호로, 1970년 7월 1일 처음 도입되었다. 처음에는 우체국을 기준으로 120-01 같은 모양의 다섯 자리 번호를 썼다. 1988년에는 행정 구역을 기준으로 한 122-090 같은 여섯 자리 번호로 바뀌었고, 2000년에도 한 차례 손질을 거쳤다. 2014년 도로명주소가 전면 시행된 뒤 이듬해인 2015년 8월 1일부터는 국가기초구역번호를 그대로 우편번호로 쓰는 다섯 자리 체계가 시행되고 있다. 국가기초구역은 도로와 하천처럼 쉽게 바뀌지 않는 경계로 나눈 구역으로, 새 우편번호는 03488처럼 다섯 자리 숫자로 적는다. 번호의 앞자리는 지역을 나타내며, 서울은 01부터 09까지로 시작하고 가장 끝인 제주는 63으로 시작한다. 2023년 11월 기준으로 약 3만 4,605개의 우편번호가 약 640만 개의 도로명주소에 나뉘어 붙어 있다.",63,대한민국의 우편번호,test
오존층은 지상에서 몇 킬로미터 높이에 있어?,"오존층은 성층권 가운데 오존이 비교적 많이 모여 있는 층으로, 지표에서 약 15~35킬로미터 높이에 있다. 1913년 프랑스의 물리학자 샤를 파브리와 앙리 뷔송이 처음 발견했다. 오존층은 파장이 200~315나노미터인 중간 파장 자외선을 97~99퍼센트 흡수해 지상의 생물을 보호한다. 오존의 양은 영국의 과학자 돕슨의 이름을 딴 돕슨 단위로 나타낸다.
1985년 남극 상공에서 오존이 크게 줄어든 오존 구멍이 발견되면서 세계의 관심이 쏠렸다. 주된 원인은 냉매와 분무제 등에 쓰이던 염화플루오린화탄소(CFC)였다. 이 물질의 생산과 사용을 규제하기 위한 몬트리올 의정서는 1987년에 채택되어 1989년부터 효력을 냈다. 오존층 파괴의 원리를 밝힌 파울 크뤼천, 마리오 몰리나, 셔우드 롤런드는 1995년 노벨 화학상을 받았다. 규제가 효과를 거두면서 과학자들은 오존층이 2070년 무렵 이전 수준으로 회복될 것으로 내다본다.",약 15~35킬로미터,오존층,train
이 문서에서 설명한 제도에 따르면 2026년 시간당 금액은 얼마인가?,"최저임금 제도는 나라가 임금의 최저 수준을 정해 사용자가 그보다 적게 주지 못하도록 하는 제도이다. 세계에서 처음으로 최저임금을 법으로 정한 나라는 1894년의 뉴질랜드이다. 대한민국에서는 1986년 12월 최저임금법이 제정되어 1988년 1월 1일부터 시행되었으며, 1987년 개정 헌법 제32조에 국가가 최저임금제를 시행해야 한다는 조항이 들어갔다. 처음에는 근로자 10명 이상인 제조업 사업장에만 적용되었고, 1990년과 2000년을 거치며 대상이 넓어져 지금은 근로자를 쓰는 모든 사업장에 적용된다. 해마다 최저임금은 최저임금위원회에서 정하는데, 위원회는 근로자 위원, 사용자 위원, 공익 위원 각 9명씩 모두 27명으로 꾸려진다. 고용노동부 장관은 다음 해 최저임금을 매년 8월 5일까지 고시해야 한다. 2025년 최저임금은 시간당 1만 30원이었고, 2026년에는 이보다 290원 오른 1만 320원으로 정해졌다. 한 달 209시간을 기준으로 환산하면 2026년의 월 최저임금은 215만 6,880원이다.",1만 320원,최저임금 제도,train
빅토리아 폭포 높이는 몇 미터인가요?,"빅토리아 폭포는 아프리카 남부의 잠베지강에 있는 폭포로, 잠비아와 짐바브웨의 국경에 걸쳐 있다. 폭포의 너비는 약 1,708미터, 높이는 108미터로, 한 줄로 이어져 떨어지는 물의 장막으로는 세계에서 손꼽히게 크다. 현지에서는 천둥 치는 연기라는 뜻의 모시오아툰야라고 부르는데, 물이 떨어지며 피어오르는 물보라가 400미터 넘게 솟아 멀리서도 연기처럼 보이기 때문이다.
스코틀랜드의 탐험가 데이비드 리빙스턴은 1855년 11월 16일 폭포 위쪽의 섬에서 이 폭포를 바라보고, 영국 빅토리아 여왕의 이름을 따 빅토리아 폭포라고 불렀다. 그가 폭포를 내려다본 섬은 오늘날 리빙스턴섬이라 불린다. 폭포 아래 협곡에는 1905년 두 나라를 잇는 빅토리아 폭포 다리가 놓였다. 1989년 유네스코 세계유산으로 등재되었으며, 유네스코는 빅토리아 폭포와 모시오아툰야라는 두 이름을 함께 쓴다. 건기인 9월부터 1월 사이에는 절벽의 절반 가까이가 말라 바위가 드러나기도 한다.",108미터,빅토리아 폭포,train
19줄 바둑판의 교차점은 전부 몇 개인가요?,"바둑은 가로세로 열아홉 줄이 그어진 판 위에 두 사람이 흑돌과 백돌을 번갈아 놓으며 더 넓은 집을 차지하는 쪽이 이기는 놀이이다. 줄이 만나는 점은 모두 361개이고, 판 위의 몇몇 점은 화점이라 하여 굵은 점으로 표시해 둔다. 돌은 흑이 181개, 백이 180개로 한 벌을 이룬다. 한번 놓은 돌은 옮길 수 없으며, 상대 돌에 사방이 완전히 둘러싸인 돌은 잡혀서 판에서 들어낸다. 돌을 놓을 수 없는 자리인 착수 금지점과, 같은 모양이 끝없이 되풀이되지 않도록 한 수를 쉬고 다시 따내게 하는 패의 규칙이 있다. 먼저 두는 흑이 유리하므로 백에게 덤을 주는데, 흔히 6집 반이나 7집 반이다. 중국에서 비롯되었다고 보며 요임금과 순임금이 만들었다는 전설이 전한다. 삼국사기에는 바둑을 즐기던 백제 개로왕에게 고구려의 승려 도림이 바둑으로 접근했다는 이야기가 실려 있다. 바둑은 2010년 광저우 아시안 게임에서 정식 종목으로 치러졌다.",361개,바둑,validation
버나,"남사당놀이는 조선 후기에 남자들로만 이루어진 떠돌이 놀이패인 남사당패가 장터와 마을을 돌며 벌이던 종합 공연이다. 남사당패는 꼭두쇠라 부르는 우두머리를 중심으로 적어도 40명, 많을 때는 50명이 넘는 인원이 함께 움직였다. 경기도 안성과 진위 등이 이들의 주요 근거지로 꼽힌다. 공연은 여섯 종목으로 짜였다. 풍물은 꽹과리와 징, 장구, 북 등을 치며 벌이는 농악이고, 버나는 쳇바퀴나 대접을 막대기 끝에 올려 돌리는 재주이다. 살판은 땅 위에서 몸을 날리며 펼치는 땅재주, 어름은 줄 위를 걷는 줄타기, 덧뵈기는 탈을 쓰고 하는 탈놀음, 덜미는 꼭두각시 인형을 놀리는 인형극이다. 이들은 농사일이 한가한 철을 중심으로 고을을 떠돌며 공연했으나, 전쟁과 산업화를 거치며 활동이 크게 줄었다. 남사당놀이는 1964년 12월 7일 국가무형문화재 제3호로 지정되었으며, 2009년 9월 유네스코 인류무형유산에 이름을 올렸다.",버나,남사당놀이,train
경성방송국이 일본어와 조선어 채널을 갈라 송출하기 시작한 해는?,"경성방송국은 1927년 2월 16일 서울 정동에서 방송을 시작한 한반도 최초의 라디오 방송국이다. 호출 부호는 JODK였고, 처음 송신 출력은 1킬로와트였다. 일본 제국 안에서 도쿄, 오사카, 나고야에 이어 네 번째로 세워진 방송국이었다. 개국 초기에는 하나의 전파로 일본어와 조선어 방송을 번갈아 내보냈는데, 일본어가 약 70%, 조선어가 약 30%를 차지했다. 1933년부터는 두 언어의 방송을 서로 다른 주파수로 나누어 내보내는 이중 방송이 시작되어 조선어 방송 시간이 크게 늘었다. 이후 부산, 평양, 대구 등 여러 도시에 지방 방송국이 세워지며 방송망이 넓어졌다. 라디오를 듣기 위해 신고한 수신기는 1927년 말 5,260대였으나 1944년에는 30만 대를 넘어섰다. 광복 뒤 이 방송국은 이름을 바꾸며 이어졌고, 오늘날 한국방송공사의 뿌리가 되었다.",1933년,경성방송국,train
러시아의 화학자 드미트리 멘델레예프가 1869년 3월 6일 러시아 화학회에서 처음 발표했다,"주기율표는 화학 원소를 원자 번호 순서대로 늘어놓되, 성질이 비슷한 원소끼리 같은 세로줄에 오도록 배열한 표이다. 러시아의 화학자 드미트리 멘델레예프가 1869년 3월 6일 러시아 화학회에서 처음 발표했다. 당시에는 60여 개의 원소만 알려져 있었는데, 멘델레예프는 표의 빈칸에 들어갈 원소가 아직 발견되지 않았을 뿐이라고 보고 그 성질을 미리 내다봤다. 그가 에카알루미늄이라 부른 원소는 1875년 갈륨으로, 에카붕소는 1879년 스칸듐으로, 에카규소는 1886년 저마늄으로 실제 발견되어 예측이 들어맞았다.
오늘날 주기율표에는 118개의 원소가 실려 있으며, 이 가운데 94번까지는 지구 자연에서 발견되고 나머지 24개는 사람이 인공적으로 만들어 낸 원소이다. 세로줄인 족은 18개, 가로줄인 주기는 7개이다. 2016년 113번 니호늄, 115번 모스코븀, 117번 테네신, 118번 오가네손의 이름이 공식 승인되면서 제7주기의 이름이 모두 채워졌다. 원소 101번 멘델레븀은 멘델레예프의 이름을 딴 것이다.",러시아의,주기율표,train
음력설이 민속의 날이라는 이름으로 공휴일이 된 해,"설날은 음력 1월 1일로, 한 해를 새로 여는 한국의 대표 명절이다. 양력 1월 1일을 신정이라 부르는 것과 구별해 구정이나 음력설이라고도 한다. 아침에는 조상에게 차례를 지내고, 웃어른께 세배를 올리며 덕담과 세뱃돈을 주고받는다. 새해에 새로 장만해 입는 옷은 설빔이라 하고, 흰 가래떡을 얇게 썰어 끓인 떡국을 먹으며 나이를 한 살 더 먹는다고 여긴다. 가족과 이웃이 모여 윷놀이나 연날리기, 널뛰기를 하며 명절을 즐겼다. 1895년 을미개혁으로 양력이 공식 역법이 되면서 음력 설은 오랫동안 공식 휴일 자리를 잃었다. 그러다 1985년 민속의 날이라는 이름으로 하루가 공휴일로 지정되었고, 1989년에는 설날이라는 본래 이름을 되찾으면서 전날과 다음 날을 더한 사흘 연휴가 되었다. 음력 새해를 쇠는 풍습은 한국만의 것이 아니어서, 중국에서는 춘절, 베트남에서는 뗏이라는 이름으로 큰 명절을 보낸다.",1985년,설날,test
법률을 위헌이라고 결정하려면 재판관 몇 명이 찬성해야 해?,"헌법재판소는 법률이 헌법에 맞는지를 판단하고 헌법과 관련된 분쟁을 해결하는 대한민국의 최고 헌법 기관이다. 1987년 헌법 개정에 따라 1988년 9월 1일 문을 열었다. 이전에도 헌법위원회가 법률의 위헌 여부를 심사하는 기구로 있었지만 실제 역할은 크지 않았다. 재판관은 모두 9명이며, 대통령이 임명하되 그 가운데 3명은 국회가 선출하고 3명은 대법원장이 지명한 사람을 임명한다. 재판관 임기는 6년이고 연임할 수 있다. 헌법재판소가 다루는 일은 다섯 가지이다. 법원의 제청에 따라 법률의 위헌 여부를 가리는 위헌법률심판, 고위 공직자의 파면 여부를 정하는 탄핵심판, 위헌 정당의 해산 여부를 정하는 정당해산심판, 국가 기관 사이의 권한 다툼을 푸는 권한쟁의심판, 공권력 때문에 기본권을 침해당한 국민이 직접 청구하는 헌법소원심판이 그것이다. 법률의 위헌 결정, 탄핵 결정, 정당 해산 결정, 헌법소원 인용 결정을 하려면 재판관 6명 이상이 찬성해야 한다. 청사는 서울 종로구 재동에 있다.",6명 이상,헌법재판소,validation
갈라파고스 제도는 어느 나라에 속해 있어?,"갈라파고스 제도는 남아메리카 에콰도르에 속한 섬들로, 적도 부근의 태평양에 있으며 대륙에서 서쪽으로 약 1,000킬로미터 떨어져 있다. 화산 활동으로 생긴 19개의 섬과 그 둘레의 암초로 이루어져 있다. 1535년 파나마의 주교 토마스 데 베를랑가가 배를 타고 가다 우연히 이 섬들에 닿으면서 처음 알려졌다. 제도의 이름은 거대한 거북의 등딱지가 말안장을 닮았다 하여 안장을 뜻하는 옛 에스파냐어에서 왔다.
원래 사람이 살지 않던 곳이었으나, 지금은 산타크루스섬, 산크리스토발섬, 이사벨라섬 등 다섯 섬에 주민이 산다. 찰스 다윈은 1835년 9월 15일 비글호를 타고 이곳에 도착해 한 달가량 머물며 동식물을 관찰했다. 코끼리거북, 바다이구아나, 갈라파고스펭귄, 다윈핀치처럼 이곳에서만 볼 수 있는 고유종이 많다. 적도 가까이 있지만 차가운 훔볼트 해류가 흘러들어 독특한 기후가 나타난다. 1978년 유네스코 세계자연유산으로 등재되었다.",에콰도르,갈라파고스 제도,train
중력파는 몇 년에 처음 검출됐어?,"일반 상대성 이론은 알베르트 아인슈타인이 1915년에 완성한 중력 이론으로, 중력을 질량이 시공간을 휘게 만드는 현상으로 설명한다. 아인슈타인은 그보다 10년 앞선 1905년, 빛의 속도가 모든 관찰자에게 같다는 원리에서 출발한 특수 상대성 이론을 발표했다. 일반 상대성 이론은 뉴턴의 중력 이론으로는 풀지 못하던 수성의 근일점 이동, 곧 100년에 43각초만큼 더 움직이는 현상을 정확히 설명했다.
1919년 영국의 천문학자 아서 에딩턴은 개기 일식 때 태양 가까이 보이는 별의 위치가 이론이 예측한 만큼 어긋난 것을 관측해 이론을 뒷받침했다. 무거운 천체가 그 뒤쪽에서 오는 빛을 휘게 만드는 중력 렌즈 현상도 이 이론으로 설명된다. 이론이 예측한 시공간의 물결인 중력파는 발표 뒤 100년 만인 2015년 미국의 레이저 간섭계 중력파 관측소(LIGO)에서 처음 직접 검출되었다. 위성 항법 장치(GPS)도 중력에 따른 시간 차이를 보정해야 정확한 위치를 알려 줄 수 있다.",2015년,일반 상대성 이론,validation
백두산이 마지막으로 분화한 해,"백두산은 한반도에서 가장 높은 산으로, 최고봉인 장군봉의 높이는 2,744미터이다. 중국에서는 창바이산이라고 부른다. 여러 차례 분출한 용암과 화산재가 층층이 쌓여 생긴 성층화산이며, 꼭대기에는 지름 약 5킬로미터, 깊이 850미터에 이르는 거대한 칼데라가 있다. 이 칼데라에 물이 고여 생긴 호수가 천지이다. 천지의 수면은 해발 약 2,150미터에 있고, 둘레는 14킬로미터, 평균 수심은 213미터이며 가장 깊은 곳은 384미터에 이른다.
백두산은 946년 무렵 크게 폭발해 100~150세제곱킬로미터에 이르는 화산재와 분출물을 쏟아 냈다. 기록에 남은 가장 최근의 분화는 1925년에 있었다. 이 산은 여러 큰 강의 발원지이기도 하다. 압록강은 서쪽으로 흘러 황해에 이르고, 두만강은 동쪽으로 흘러 동해로 들어가며, 쑹화강은 북쪽의 만주 벌판으로 흘러간다.",1925년,백두산,test
우주정거장에 처음 간 한국인은 누구야?,"국제 우주 정거장(ISS)은 여러 나라가 함께 지구 저궤도에 만들어 운영하는 유인 우주 시설이다. 미국 항공우주국(NASA), 러시아 연방 우주국, 유럽 우주국(ESA), 일본 우주항공연구개발기구(JAXA), 캐나다 우주국(CSA) 등 다섯 기관이 참여한다. 첫 모듈인 자랴가 1998년 11월 20일 발사되면서 조립이 시작되었고, 2000년 11월 첫 장기 체류 승무원이 도착한 뒤로 사람이 끊이지 않고 머물고 있다.
정거장은 지상 약 340~430킬로미터 높이에서 시속 약 2만 7,700킬로미터로 날아 하루에 지구를 15바퀴 넘게 돈다. 길이는 73미터, 태양 전지판을 받치는 뼈대까지 포함한 너비는 약 109미터이며, 질량은 약 420톤에 이른다. 여러 모듈을 우주로 하나씩 실어 올려 이어 붙이는 방식으로 조립되었다. 승무원들은 무중력에 가까운 환경을 이용해 생명 과학, 재료 과학, 천문 관측 등 다양한 실험을 한다. 한국인으로는 2008년 이소연이 처음 이곳을 방문해 여러 과학 실험을 수행했다.",이소연,국제 우주 정거장,train
베게너의 학설이 당시에 받아들여지지 않은 까닭은?,"대륙 이동설은 지금의 대륙들이 먼 옛날 하나로 붙어 있다가 갈라져 서서히 움직여 왔다는 학설이다. 독일의 기상학자 알프레트 베게너가 1912년 1월 6일 독일 지질학회에서 처음 발표했고, 1915년 『대륙과 해양의 기원』이라는 책으로 펴냈다. 그는 모든 대륙이 모여 있던 거대한 땅덩어리를 판게아라고 불렀다.
베게너가 내세운 근거는 여러 가지였다. 남아메리카 동쪽 해안과 아프리카 서쪽 해안의 윤곽이 퍼즐 조각처럼 맞물리고, 민물에 살던 파충류 메소사우루스의 화석이 브라질과 남아프리카에서 함께 나오며, 리스트로사우루스 화석이 아프리카와 인도, 남극에서 두루 발견된다는 점이었다. 지금은 더운 지역에서 옛 빙하가 남긴 흔적이 나타나는 것도 증거로 삼았다. 그러나 대륙을 움직이는 힘을 설명하지 못해 당시 학계는 그의 주장을 받아들이지 않았다. 베게너는 1930년 그린란드 탐사 도중 숨졌다. 1931년 아서 홈스가 맨틀 대류설을 내놓았고, 1960년대 해저 확장설에 이어 1967년 무렵 판 구조론이 정설이 되면서 그의 생각은 다시 인정받았다.",대륙을 움직이는 힘을 설명하지 못해,대륙 이동설,train
코크스로 철광석을 처음 녹인 곳,"산업 혁명은 18세기 중엽 영국에서 시작되어, 기계와 새로운 동력이 사람과 가축의 힘을 대신하게 된 생산 방식의 큰 변화를 말한다. 그 영향은 이후 서유럽과 북아메리카로 퍼져 나가 사람들의 일하는 방식과 사는 곳, 사회의 모습까지 바꾸어 놓았다.
## 시기와 이름
산업 혁명의 시기는 보통 1760년 무렵부터 1820년에서 1840년 사이까지로 본다. 산업 혁명이라는 표현은 1844년 프리드리히 엥겔스가 사용했고, 영국의 경제사학자 아널드 토인비가 1884년 펴낸 강의록에서 이 말을 18세기 영국의 변화를 설명하는 용어로 굳혔다.
## 면직물 공업의 기계화
변화는 면직물을 만드는 공업에서 먼저 두드러졌다. 1764년에서 1765년 무렵 잉글랜드 랭커셔의 제임스 하그리브스는 한 사람이 여러 가닥의 실을 한꺼번에 뽑을 수 있는 제니 방적기를 만들었고, 1770년 특허를 받았다. 처음에는 가락이 8개였으나 개량을 거치며 120개까지 늘었다. 리처드 아크라이트는 물레바퀴의 힘으로 돌아가는 수력 방적기로 1769년 특허를 얻었고, 1771년 크롬퍼드에 이 기계를 들인 공장을 세웠다. 1779년 새뮤얼 크럼프턴은 두 기계의 장점을 합친 뮬 방적기를 내놓았다. 실을 뽑는 속도가 빨라지자 천을 짜는 일도 기계화가 필요해졌고, 1785년 에드먼드 카트라이트가 동력으로 움직이는 역직기의 특허를 받았다.
## 증기 기관의 발전
1712년 토머스 뉴커먼은 광산에 고인 물을 퍼내기 위한 증기 기관을 만들었다. 이 기관은 실린더 안의 증기를 식혀 생긴 빈 공간으로 대기압이 피스톤을 밀어 넣는 원리였으나 연료가 많이 들었다. 1736년 스코틀랜드의 그리녹에서 태어난 제임스 와트는 글래스고 대학교에서 과학 기구를 만들며 증기 기관을 연구했다. 그는 증기를 식히는 응축기를 실린더와 따로 떼어 낸 장치를 고안해 1769년 특허를 받았다. 이 개량으로 연료 소비가 뉴커먼 기관의 4분의 1 이하로 줄었다. 와트는 1775년 매슈 볼턴과 손잡고 증기 기관을 만들어 팔았으며, 1819년 세상을 떠났다. 일률의 단위인 와트는 그의 이름에서 나왔다. 증기의 힘은 바다에서도 쓰여, 미국의 로버트 풀턴은 증기선을 실용화했다.
## 석탄과 철
기계와 증기 기관, 철도를 만들려면 많은 철이 필요했다. 에이브러햄 다비는 잉글랜드 슈롭셔의 콜브룩데일에서 나무 숯 대신 석탄을 구워 만든 코크스로 철광석을 녹이는 용광로를 1709년 1월 10일 처음 가동했다. 숲의 나무에 기대지 않고도 철을 대량으로 생산할 길이 열리면서, 석탄과 철은 산업 혁명을 떠받치는 두 기둥이 되었다. 그의 손자 에이브러햄 다비 3세는 1777년 11월부터 1779년 7월까지 근처 세번강 위에 주철로 된 다리를 세웠다. 경간이 30.63미터인 이 다리는 주철로 만든 세계 첫 큰 다리로, 1781년 1월 1일 통행이 시작되었다. 다리가 있는 아이언브리지 협곡은 1986년 유네스코 세계유산으로 등재되었다.
## 철도의 시대
증기 기관을 바퀴 위에 올린 기관차는 교통을 크게 바꾸었다. 1781년 뉴캐슬 근처에서 태어난 조지 스티븐슨은 1814년 탄광에서 석탄을 끄는 자신의 첫 증기 기관차를 만들었다. 그의 기관차 로코모션 1호는 1825년 9월 27일 개통한 스톡턴-달링턴 철도를 달렸다. 약 40킬로미터 길이의 이 철도는 내륙의 탄광에서 해안으로 석탄을 실어 나르는 것이 주된 목적이었으며, 증기 기관차를 쓴 세계 최초의 공공 철도로 꼽힌다. 1829년 10월 열린 레인힐 시험에서는 스티븐슨 부자가 설계한 로켓호가 우승했다. 1830년 9월 15일에는 약 50킬로미터 길이의 리버풀-맨체스터 철도가 문을 열었는데, 이는 두 도시를 잇는 세계 첫 도시 간 철도였다. 개통식 날 리버풀 출신 하원 의원 윌리엄 허스키슨이 로켓호에 치여 숨지는 사고도 있었다. 스티븐슨이 쓴 1,435밀리미터의 궤간은 뒷날 여러 나라에서 표준 궤간이 되었다.
## 만국 박람회
1851년 5월 1일부터 10월 15일까지 런던 하이드 파크에서는 앨버트 공이 앞장선 만국 박람회가 열렸다. 조지프 팩스턴이 설계한 유리와 철골 건물인 수정궁에 영국과 여러 나라에서 보내온 약 1만 3천 점의 출품물이 전시되었고, 다섯 달 반 동안 600만 명이 넘는 사람이 이곳을 찾았다. 이 박람회는 산업 혁명이 이룬 기계와 기술을 세계에 드러내 보이는 자리가 되었다.
## 사회의 변화
공장에 기계를 모아 놓고 많은 노동자가 함께 일하는 공장제가 자리 잡으면서, 일자리를 찾아 농촌을 떠나 도시로 옮겨 가는 사람이 크게 늘었다. 도시는 빠르게 커졌지만 주거와 위생 환경은 나빠졌고, 어린이까지 긴 시간 공장에서 일하는 일이 흔했다. 이런 현실 속에서 노동 조건을 고치려는 운동과 새로운 사회사상이 나타났고, 노동자를 보호하는 법도 차례로 만들어졌다. 1802년 영국 의회는 로버트 필이 제안한 법으로 섬유 공장 도제의 노동 시간을 하루 12시간으로 제한하고 밤일을 금지했지만, 감독이 제대로 이루어지지 않았다. 1833년 공장법은 9세 미만 어린이를 섬유 공장에서 일하지 못하게 하고 18세 미만의 밤일을 막았으며, 전문 공장 감독관을 두어 법을 지키는지 살피게 했다. 1847년의 이른바 10시간 법은 여성과 18세 미만 노동자가 섬유 공장에서 일하는 시간을 사실상 하루 10시간으로 줄였다. 한편 공장을 가진 산업 자본가 계층의 힘이 커지면서 이들이 정치에도 목소리를 내기 시작했다.",콜브룩데일,산업 혁명,test
광개토대왕릉비는 지금 어디에 있나요?,"광개토대왕릉비는 고구려의 장수왕이 아버지 광개토대왕의 공적을 기리려고 414년에 세운 비석이다. 지금은 중국 지린성 지안시 태왕진에 서 있다. 높이는 약 6.39미터이며, 응회암으로 된 커다란 돌기둥의 네 면에 모두 글자를 새겼다. 새겨진 글자는 예서체로 된 1,775자인데, 이 가운데 150자 정도는 닳거나 떨어져 나가 읽기 어렵다.
비문은 크게 세 부분으로 나뉜다. 첫 부분은 고구려를 세운 이야기부터 광개토대왕에 이르기까지의 내력이고, 둘째 부분은 대왕이 벌인 정복 전쟁의 기록이며, 셋째 부분은 왕릉을 지키는 수묘인에 관한 규정이다. 청나라는 오랫동안 이 지역에 사람이 들어가 사는 것을 막는 봉금 정책을 폈는데, 이 정책이 풀린 뒤인 1880년대에 비석이 다시 발견되었고 1888년에 널리 공개되었다. 비석 아래를 받치는 대석은 가로 3.35미터, 세로 2.7미터 크기이고, 옆면의 너비는 1.35~1.46미터이다.",중국 지린성 지안시 태왕진,광개토대왕릉비,train
아폴로 11호가 달에서 가져온 월석과 흙은 몇 킬로그램?,"아폴로 11호는 사람을 처음으로 달에 내려 보낸 미국의 우주 비행 임무이다. 1969년 7월 16일 미국 플로리다주 케네디 우주 센터에서 새턴 5호 로켓에 실려 발사되었다. 승무원은 선장 닐 암스트롱, 달 착륙선 조종사 버즈 올드린, 사령선 조종사 마이클 콜린스 세 사람이었다. 사령선의 이름은 컬럼비아, 달 착륙선의 이름은 이글이었다.
암스트롱과 올드린이 탄 이글은 협정 세계시 기준 1969년 7월 20일 20시 17분에 달의 고요의 바다에 내려앉았다. 그동안 콜린스는 컬럼비아를 타고 달 궤도를 돌며 두 사람을 기다렸다. 두 사람은 달 표면에서 2시간 31분가량 머물며 실험 장비를 설치했고, 월석과 흙 21.55킬로그램을 모아 왔다. 세 사람은 1969년 7월 24일 태평양 바다에 내려앉아 무사히 지구로 돌아왔다. 이 임무로 미국은 1960년대가 끝나기 전에 사람을 달에 보내겠다는 목표를 이루었다.",21.55킬로그램,아폴로 11호,train
1670년 무렵 김치 담그는 여러 방법을 기록한 조리서는?,"김치는 소금에 절인 배추나 무 같은 채소를 고춧가루, 파, 마늘, 젓갈 등의 양념으로 버무려 발효시킨 한국의 전통 음식이다. 밥상에 거의 빠지지 않는 반찬이며, 계절과 지역에 따라 재료와 담그는 법이 크게 달라진다.

## 이름과 옛 기록
김치라는 말은 채소를 소금물에 담근다는 뜻의 한자어 침채에서 비롯되었다고 보는 견해가 널리 알려져 있다. 한글 기록에서는 16세기의 딤채가 17세기에서 18세기 사이에 짐채로 바뀌었고, 19세기에 이르러 김치라는 말이 자리를 잡았다. 김치를 가리키는 옛말로는 지도 쓰였는데, 오늘날 오이지나 짠지 같은 음식 이름에 그 흔적이 남아 있다. 채소를 절여 오래 두고 먹는 풍습은 삼국 시대부터 있었던 것으로 보인다. 고려 시대인 1241년에 나온 이규보의 문집에는 무를 소금에 절여 겨울에 대비하는 모습이 시로 남아 있다. 조선 시대인 1670년 무렵에 쓰인 조리서 음식디미방에는 여러 가지 김치 담그는 법이 실려 있다.

## 고추와 배추
오늘날처럼 붉은 김치가 된 것은 비교적 뒤의 일이다. 고추는 16세기 말에서 17세기 초 무렵 한반도에 들어왔고, 1766년에 편찬된 증보산림경제에 이르러 김치에 고추를 쓰는 방법이 본격적으로 기록되었다. 그 전의 김치는 소금에 절이거나 천초 같은 향신료로 맛을 낸 것이 많았다. 고추는 매운맛을 더할 뿐 아니라 김치가 쉽게 물러지거나 상하는 것을 늦추는 데에도 도움을 주어 빠르게 퍼졌다. 재료도 달라져, 오랫동안 무로 담근 김치가 중심이었으나 속이 꽉 찬 배추가 널리 재배되면서 20세기부터는 배추김치가 가장 흔한 김치가 되었다.

## 김치의 종류
김치의 종류는 200가지가 넘는다고 한다. 통배추를 절여 양념을 켜켜이 넣은 배추김치, 무를 네모나게 썰어 버무린 깍두기, 작은 무를 무청째 담근 총각김치, 어린 열무로 담그는 열무김치가 대표적이다. 무를 통째로 소금물에 담가 국물을 함께 먹는 동치미와 무와 배추를 얇게 썰어 담그는 나박김치 같은 물김치도 있고, 고춧가루를 쓰지 않아 맛이 맑은 백김치도 있다. 대체로 날씨가 따뜻한 남쪽 지방의 김치는 짜고 양념이 진하며, 추운 북쪽 지방의 김치는 간이 싱겁고 국물이 넉넉한 편이다. 개성 지방의 보쌈김치는 넓은 배추 잎으로 여러 재료를 보자기처럼 감싸 담그는 것으로 이름이 났고, 전라남도 여수의 돌산 지역은 톡 쏘는 맛의 갓으로 담그는 갓김치로 잘 알려져 있다. 푹 익은 김치는 그대로 먹을 뿐 아니라 김치찌개나 김치볶음밥 같은 요리의 재료로도 널리 쓰인다.

## 발효의 원리
김치의 맛은 젖산균의 발효에서 나온다. 담근 지 얼마 되지 않았을 때는 류코노스톡 무리의 젖산균이 많아 상큼하고 톡 쏘는 맛이 나고, 시간이 지나면 락토바실러스 무리가 늘어나면서 신맛이 강해진다. 낮은 온도에서 천천히 익힐수록 맛이 고르고 오래가기 때문에, 예전에는 김칫독을 땅에 묻어 겨울을 났다. 요즘은 온도를 세밀하게 맞추는 김치 전용 냉장고가 그 역할을 대신한다.

## 김장과 문화유산
김장은 초겨울에 겨우내 먹을 김치를 한꺼번에 담그는 일로, 가족과 이웃이 모여 일손을 나누고 담근 김치를 함께 나누는 풍습이다. 이 김장 문화는 2013년 12월 5일 아제르바이잔 바쿠에서 열린 제8차 무형유산 정부간위원회에서 유네스코 인류무형유산 대표목록에 올랐다. 2015년에는 북한의 김치 담그기 풍습도 따로 등재되었다. 국내에서는 2017년 김치 담그기가 국가무형문화재 제133호로 지정되었다. 2020년에는 11월 22일이 법정 기념일인 김치의 날로 정해졌는데, 김치 재료 하나하나가 모여 스물두 가지 효능을 낸다는 뜻을 날짜에 담았다. 식품을 주제로 한 법정 기념일은 김치의 날이 처음이다.

## 담그는 과정
배추김치를 담글 때는 먼저 배추를 반으로 갈라 소금이나 소금물에 몇 시간에서 하룻밤 정도 절인다. 절인 배추는 맑은 물에 여러 번 헹군 뒤 물기를 뺀다. 그동안 무채에 고춧가루, 다진 마늘과 생강, 파, 젓갈 등을 섞어 김칫소를 만든다. 물기를 뺀 배추의 잎 사이사이에 김칫소를 고루 넣은 다음, 겉잎으로 감싸 항아리나 통에 차곡차곡 담아 익힌다. 김장은 흔히 입동 전후에 하는데, 날씨가 추워지면서 배추가 달고 단단해지고, 담근 김치가 낮은 기온에서 천천히 익기 때문이다.

## 연구와 국제 규격
김치는 2001년 국제식품규격위원회에서 국제 식품 규격으로 채택되어, 김치를 무엇으로 어떻게 만들어야 하는지에 대한 국제적인 기준이 마련되었다. 2010년에는 김치의 과학적 연구와 산업 발전을 위해 광주에 세계김치연구소가 세워졌다. 김치냉장고는 1990년대 중반부터 가정에 빠르게 퍼져, 김칫독을 땅에 묻던 모습을 도시에서는 거의 볼 수 없게 되었다. 김치 담그기는 국가무형문화재로 지정될 때 특정 보유자나 단체를 두지 않았는데, 온 국민이 함께 이어 온 문화라는 점을 인정한 것이다.


## 김치와 식생활
김치는 채소를 주재료로 하므로 식이섬유가 풍부하고, 발효 과정에서 생기는 젖산균을 함께 먹을 수 있다는 점에서 건강식으로 관심을 받아 왔다. 다만 소금과 젓갈이 들어가 나트륨이 많은 편이어서, 간을 줄여 싱겁게 담그려는 시도도 꾸준히 이어지고 있다. 김장철이 다가오면 배추와 무, 고추 같은 재료의 값이 집집마다 큰 관심거리가 되고, 이웃끼리 날을 달리해 서로의 김장을 돕는 품앗이도 여전히 볼 수 있다.",음식디미방,김치,train
국립중앙박물관이 용산 새 건물에서 문을 연 날짜는?,"국립중앙박물관은 서울 용산구에 있는 대한민국의 대표 국립 박물관이다. 광복 뒤인 1945년 12월 3일 조선총독부박물관을 넘겨받아 국립박물관으로 문을 열었고, 1972년 7월 19일 지금의 이름으로 새로 출발했다. 그동안 자리를 여러 번 옮겨, 1955년부터 1968년까지는 덕수궁 석조전에, 1972년부터 1986년까지는 경복궁 안 건물에, 1986년부터 1995년까지는 옛 조선총독부 청사에 있었다. 청사 철거가 결정된 뒤 경복궁의 다른 건물로 임시로 옮겼다가, 2005년 10월 28일 용산의 옛 미군기지 반환 부지에 새로 지은 건물에서 개관했다. 이 건물은 길이 404미터, 가장 높은 곳이 43.08미터이며, 전시 공간은 3개 층에 6개 관, 50개 실로 나뉜다. 2024년 기준 소장품은 약 43만 8천 점이고, 2023년 한 해 동안 418만 명이 다녀갔다. 반가사유상, 경천사지 십층석탑, 인왕제색도, 월인석보 등이 대표 소장품으로 꼽힌다.",2005년 10월 28일,국립중앙박물관,test
임진왜란 뒤 경복궁 재건을 이끈 인물,"경복궁은 조선을 세운 태조가 1395년에 지은 궁궐로, 조선 왕조가 처음으로 세운 법궁이다. 궁궐의 이름은 정도전이 지었는데, 《시경》의 한 구절에서 큰 복을 누린다는 뜻의 두 글자를 따왔다. 1592년 임진왜란 때 불에 탄 뒤 오랫동안 빈터로 남아 있다가, 고종 2년인 1865년 흥선대원군이 앞장서서 다시 짓기 시작해 1868년 7월에 공사를 마쳤다.
임금이 신하들의 하례를 받고 나라의 큰 의식을 치르던 정전은 근정전이며, 궁의 남쪽 정문은 광화문이다. 연못 가운데에 세운 누각인 경회루는 1867년에 다시 지어졌고, 궁궐 북쪽의 향원정은 1867년부터 1873년 사이에 세워졌다. 궁궐의 넓이는 432,703제곱미터이다. 1963년 1월 21일 사적 제117호로 지정되었다. 일제강점기에 헐리거나 옮겨진 전각을 되살리는 복원 사업이 1990년부터 이어지고 있는데, 처음에는 2030년까지 마칠 계획이었으나 완료 목표가 2045년으로 늦춰졌다.",흥선대원군,경복궁,test
천연두가 사라졌다고 WHO가 공식 발표한 날은?,"에드워드 제너는 1749년 5월 17일 잉글랜드 글로스터셔의 버클리에서 태어난 의사로, 천연두를 막는 우두 접종법을 개발했다. 당시 시골에서는 소젖을 짜다가 가벼운 병인 우두에 걸렸던 사람은 천연두에 잘 걸리지 않는다는 이야기가 전해지고 있었다. 제너는 이를 시험하려고 1796년 5월 14일, 우두에 걸린 젖 짜는 여성 세라 넬름스의 손에 생긴 물집에서 고름을 뽑아 여덟 살 소년 제임스 핍스에게 접종했다. 뒤이어 소년에게 천연두 고름을 넣었으나 병은 나타나지 않았다. 그는 1798년 이 실험을 비롯한 사례들을 정리해 책으로 펴냈다.
라틴어로 암소를 뜻하는 바카에서 오늘날 백신이라는 말이 생겨났다. 제너는 1823년 1월 26일 세상을 떠났지만, 그의 방법은 세계 곳곳으로 퍼져 나갔다. 세계 보건 기구(WHO)는 1980년 5월 8일 천연두가 지구에서 사라졌다고 공식 선언했다. 자연적으로 감염된 마지막 환자는 1977년 소말리아에서 나왔다.",1980년 5월 8일,에드워드 제너와 우두 접종,train
직지,"『백운화상초록불조직지심체요절』은 고려 말의 승려 백운화상 경한이 부처와 이름난 스님들의 가르침 가운데 요긴한 대목을 가려 엮은 책으로, 줄여서 직지라고 부른다. 경한은 1372년에 이 책을 엮었으며, 1377년 청주 흥덕사에서 금속 활자로 인쇄되었다. 이듬해인 1378년에는 여주 취암사에서 목판본이 간행되었다. 원래 상권과 하권 두 권이었지만 금속 활자본은 하권 한 권만 남아 있고, 이 책은 현재 프랑스 파리의 프랑스 국립도서관이 소장하고 있다.
19세기 말 조선에 머물던 프랑스 외교관 콜랭 드 플랑시가 이 책을 손에 넣었다. 1911년 경매에서 수집가 앙리 베베르가 180프랑에 사들였고, 그의 상속인들이 1950년 국립도서관에 기증했다. 1972년 박병선은 이 책이 현존하는 가장 오래된 금속 활자 인쇄본임을 세상에 알렸다. 구텐베르크 성서보다 78년가량 앞서며, 2001년 9월 4일 유네스코 세계기록유산에 등재되었다. 목판본은 1992년 보물로 지정되었다.",직지,직지,train
그는 왜 자기 발견에 특허를 내지 않았을까?,"빌헬름 콘라트 뢴트겐은 1845년 프로이센의 레네프, 곧 오늘날 독일의 렘샤이트에서 태어난 물리학자이다. 뷔르츠부르크 대학교에서 음극선관을 연구하던 그는 1895년 11월 8일, 관을 검은 종이로 감싸 두었는데도 가까이 놓인 형광 물질이 빛을 내는 것을 보고 눈에 보이지 않는 새로운 광선이 있음을 알아냈다. 정체를 알 수 없다는 뜻에서 그는 이 광선에 X선이라는 이름을 붙였다. 같은 해 12월 22일에는 아내의 손을 X선으로 찍었는데, 손가락뼈와 반지가 또렷이 드러난 이 사진은 사람의 몸을 X선으로 찍은 첫 사진으로 꼽힌다.
X선은 곧 몸을 가르지 않고도 뼈와 몸속을 들여다보는 의료 도구로 쓰이기 시작했다. 뢴트겐은 이 발견으로 1901년 처음 시상된 노벨 물리학상을 받았다. 그는 모든 사람이 자유롭게 쓸 수 있도록 이 발견에 특허를 내지 않았다. 1923년 세상을 떠났으며, 2004년 111번 원소에는 그의 이름을 딴 뢴트게늄이라는 이름이 붙었다.",모든 사람이 자유롭게 쓸 수 있도록,빌헬름 뢴트겐과 X선,train
대류권에서 1킬로미터 올라갈 때마다 기온은 얼마나 떨어지나요?,"지구를 감싸고 있는 공기층을 대기라고 한다. 대기는 생물이 숨 쉬는 데 필요한 기체를 품고, 우주에서 오는 해로운 빛을 걸러 내며, 낮과 밤의 기온 차를 줄여 준다. 대기는 높이에 따라 기온이 달라지는 방식을 기준으로 여러 층으로 나뉜다.
## 대기의 성분과 무게
마른 공기를 이루는 기체는 부피로 따져 질소가 78.084퍼센트, 산소가 20.946퍼센트, 아르곤이 0.934퍼센트이다. 나머지 아주 적은 부분을 이산화탄소와 네온, 헬륨 같은 기체가 채운다. 공기에도 무게가 있어서, 해수면에서 대기가 누르는 평균 압력은 1013.25헥토파스칼이며 이를 1기압이라 한다. 공기는 아래쪽에 몰려 있어 대기 전체 질량의 절반은 높이 5.6킬로미터 아래에, 90퍼센트는 16킬로미터 아래에 있다.
## 대기가 하는 일
대기 속의 수증기, 이산화탄소, 메테인, 오존 같은 기체는 땅에서 빠져나가는 열의 일부를 붙잡아 지표를 따뜻하게 유지하는데, 이를 온실 효과라 한다. 온실 기체 가운데 온실 효과에 가장 크게 기여하는 것은 수증기이고 그다음이 이산화탄소이다. 만약 대기가 없다면 지표는 낮에 햇빛을 받아 크게 달아오르고, 해가 진 밤에는 열이 모두 빠져나가 영하 100도 아래로 떨어질 것으로 여겨진다.
## 대기의 역사
지구의 대기가 처음부터 지금과 같았던 것은 아니다. 산소가 늘어나기 전의 옛 대기는 주로 질소와 이산화탄소로 이루어져 있었고, 산소는 오늘날의 10만분의 1 수준에 불과했다. 약 24억 6천만 년 전부터 20억 6천만 년 전 사이에 광합성으로 산소를 내놓는 남세균이 번성하면서 대기 속 산소가 크게 늘었는데, 이를 대산화 사건이라 한다. 이때 바닷물에 녹아 있던 철이 산소와 만나 가라앉으면서 줄무늬 모양의 호상 철광층이 두껍게 쌓였다.
## 대류권
땅에 가장 가까운 층은 대류권이다. 두께는 위도에 따라 달라서 중위도에서는 약 11킬로미터, 열대 지방에서는 16~18킬로미터, 극지방에서는 10킬로미터가 채 안 된다. 대기 질량의 대부분이 이 층에 담겨 있다. 이 층에서는 높이 올라갈수록 기온이 떨어지는데, 1킬로미터마다 평균 6.4도 정도 낮아진다. 따뜻한 공기가 위로 오르고 찬 공기가 내려오는 대류가 활발하며, 수증기도 대부분 이 층에 있어 구름, 비, 눈 같은 날씨 변화가 거의 모두 여기서 일어난다. 대류권이라는 이름도 돌고 섞인다는 뜻의 그리스어에서 나왔다. 대류권의 맨 윗부분인 대류권계면의 기온은 중위도에서 영하 52도 안팎이고, 열대 지방에서는 영하 75도까지 내려간다.
## 성층권
대류권 위로 약 50킬로미터 높이까지는 성층권이 이어지며, 극지방에서는 8킬로미터 부근부터 시작되기도 한다. 높이 올라가도 기온이 더 내려가지 않는 이 층의 존재는 1902년 프랑스의 레옹 테스랑 드 보르와 독일의 리하르트 아스만이 기구 관측 결과를 발표하면서 처음 알려졌다. 성층권에서는 대류권과 반대로 높이 올라갈수록 기온이 오른다. 이 층에 모인 오존이 태양의 자외선을 흡수하면서 열을 내기 때문이다. 오존의 농도는 약 20~25킬로미터 높이에서 가장 높고, 성층권의 꼭대기에 이르면 기온이 약 270켈빈으로 지표와 비슷해진다. 위쪽이 따뜻하고 아래쪽이 찬 구조여서 공기가 위아래로 잘 섞이지 않고 안정되어 있다. 여객기는 흔히 대류권 윗부분에서 성층권 아래쪽에 걸친 9~12킬로미터 높이를 날아 날씨의 영향을 덜 받는다.
## 중간권
약 50킬로미터에서 80킬로미터 사이는 중간권이다. 이곳에서는 다시 높이 올라갈수록 기온이 떨어져, 중간권 윗부분은 영하 100도 안팎까지 내려가며 꼭대기인 중간권계면은 대기에서 가장 추운 곳이 된다. 우주에서 날아든 작은 돌 부스러기는 대부분 이 층에서 공기와 부딪혀 타 버리는데, 밤하늘의 별똥별이 바로 이것이다. 이렇게 지구로 들어오는 유성 물질은 한 해에 약 4만 톤에 이른다. 여름철 극지방에서는 이 높이에 야광운이라는 얇은 구름이 생기며, 뇌우 위쪽으로 붉은 스프라이트 같은 번개 방전이 솟구치기도 한다. 비행기가 오르기에는 너무 높고 인공위성이 돌기에는 너무 낮아서, 관측 로켓으로 몇 분 동안 잴 수 있을 뿐인 가장 조사하기 까다로운 층으로 꼽힌다.
## 열권과 외기권
중간권 위의 열권은 약 80킬로미터에서 시작해 500킬로미터가 넘는 높이까지 이어진다. 공기는 매우 희박하지만 태양에서 오는 강한 자외선과 X선을 흡수해, 기온이 태양 활동에 따라 섭씨 2,000도 가까이 오르기도 한다. 그래도 기체 입자가 워낙 적어서 물체에 전해지는 열은 아주 적다. 이 층에서는 기체가 이온으로 바뀌어 전리층이 만들어지고, 극지방의 밤하늘을 물들이는 오로라가 나타난다. 흔히 우주가 시작되는 경계로 보는 카르만 선은 높이 100킬로미터에 그어져 있으며, 국제 우주 정거장도 열권 안을 돌고 있다. 열권 위의 외기권은 태양 활동에 따라 높이 500~1,000킬로미터 부근에서 시작하며, 공기 입자가 우주 공간으로 조금씩 빠져나가는 대기의 가장 바깥층이다. 이곳의 기체는 대부분 가벼운 수소와 헬륨이고, 많은 인공위성이 이 높이에서 지구를 돈다. 외기권의 바깥 경계는 정하는 기준에 따라 1만 킬로미터 부근에서 그보다 훨씬 먼 곳까지로 다르게 본다. 지구를 넓게 감싼 수소는 우주에서 보면 희미한 빛의 띠로 나타나는데, 이를 지오코로나라고 한다.",평균 6.4도 정도,지구의 대기,train
ISS,"국제 우주 정거장(ISS)은 여러 나라가 함께 지구 저궤도에 만들어 운영하는 유인 우주 시설이다. 미국 항공우주국(NASA), 러시아 연방 우주국, 유럽 우주국(ESA), 일본 우주항공연구개발기구(JAXA), 캐나다 우주국(CSA) 등 다섯 기관이 참여한다. 첫 모듈인 자랴가 1998년 11월 20일 발사되면서 조립이 시작되었고, 2000년 11월 첫 장기 체류 승무원이 도착한 뒤로 사람이 끊이지 않고 머물고 있다.
정거장은 지상 약 340~430킬로미터 높이에서 시속 약 2만 7,700킬로미터로 날아 하루에 지구를 15바퀴 넘게 돈다. 길이는 73미터, 태양 전지판을 받치는 뼈대까지 포함한 너비는 약 109미터이며, 질량은 약 420톤에 이른다. 여러 모듈을 우주로 하나씩 실어 올려 이어 붙이는 방식으로 조립되었다. 승무원들은 무중력에 가까운 환경을 이용해 생명 과학, 재료 과학, 천문 관측 등 다양한 실험을 한다. 한국인으로는 2008년 이소연이 처음 이곳을 방문해 여러 과학 실험을 수행했다.",ISS,국제 우주 정거장,train
경복궁 정전 이름,"경복궁은 조선을 세운 태조가 1395년에 지은 궁궐로, 조선 왕조가 처음으로 세운 법궁이다. 궁궐의 이름은 정도전이 지었는데, 《시경》의 한 구절에서 큰 복을 누린다는 뜻의 두 글자를 따왔다. 1592년 임진왜란 때 불에 탄 뒤 오랫동안 빈터로 남아 있다가, 고종 2년인 1865년 흥선대원군이 앞장서서 다시 짓기 시작해 1868년 7월에 공사를 마쳤다.
임금이 신하들의 하례를 받고 나라의 큰 의식을 치르던 정전은 근정전이며, 궁의 남쪽 정문은 광화문이다. 연못 가운데에 세운 누각인 경회루는 1867년에 다시 지어졌고, 궁궐 북쪽의 향원정은 1867년부터 1873년 사이에 세워졌다. 궁궐의 넓이는 432,703제곱미터이다. 1963년 1월 21일 사적 제117호로 지정되었다. 일제강점기에 헐리거나 옮겨진 전각을 되살리는 복원 사업이 1990년부터 이어지고 있는데, 처음에는 2030년까지 마칠 계획이었으나 완료 목표가 2045년으로 늦춰졌다.",근정전,경복궁,train
아폴로 11호 달 착륙선 이름,"아폴로 11호는 사람을 처음으로 달에 내려 보낸 미국의 우주 비행 임무이다. 1969년 7월 16일 미국 플로리다주 케네디 우주 센터에서 새턴 5호 로켓에 실려 발사되었다. 승무원은 선장 닐 암스트롱, 달 착륙선 조종사 버즈 올드린, 사령선 조종사 마이클 콜린스 세 사람이었다. 사령선의 이름은 컬럼비아, 달 착륙선의 이름은 이글이었다.
암스트롱과 올드린이 탄 이글은 협정 세계시 기준 1969년 7월 20일 20시 17분에 달의 고요의 바다에 내려앉았다. 그동안 콜린스는 컬럼비아를 타고 달 궤도를 돌며 두 사람을 기다렸다. 두 사람은 달 표면에서 2시간 31분가량 머물며 실험 장비를 설치했고, 월석과 흙 21.55킬로그램을 모아 왔다. 세 사람은 1969년 7월 24일 태평양 바다에 내려앉아 무사히 지구로 돌아왔다. 이 임무로 미국은 1960년대가 끝나기 전에 사람을 달에 보내겠다는 목표를 이루었다.",이글,아폴로 11호,train
노인장기요양보험 시행 날짜,"노인장기요양보험은 나이가 많거나 노인성 질병 때문에 혼자 일상생활을 하기 어려운 사람에게 목욕, 식사, 간병 같은 돌봄 서비스를 지원하는 대한민국의 사회 보험이다. 2007년 노인장기요양보험법이 제정되었고, 2008년 7월 1일부터 시행되었다. 대상은 65세 이상 노인, 그리고 65세 미만이더라도 치매나 뇌혈관성 질환 같은 노인성 질병을 가진 사람이다. 신청을 받으면 심신 상태를 조사해 장기요양등급을 정하는데, 처음에는 세 등급이었으나 2014년 다섯 등급으로 늘었고, 이후 가벼운 치매 노인을 위한 인지지원등급이 더해졌다. 급여는 요양보호사가 집으로 찾아오거나 낮 동안 시설에 머무는 재가급여, 요양원 같은 시설에 입소하는 시설급여, 가족이 돌볼 때 현금을 주는 특별현금급여로 나뉜다. 이용자는 비용의 일부를 직접 내는데, 재가급여는 15%, 시설급여는 20%가 본인 부담이다. 제도는 국민건강보험공단이 운영하며, 장기요양보험료는 건강보험료에 더해 함께 거둔다.",2008년 7월 1일,노인장기요양보험,test
한반도의 남북 길이는 얼마나 되나요?,"한반도는 아시아 대륙의 동쪽 끝에서 남쪽으로 길게 뻗어 나온 반도이다. 산이 많고 동쪽이 높으며, 세 방향이 바다로 둘러싸여 있어 지형이 매우 다채롭다. 아래에서는 한반도의 크기와 산줄기, 강과 평야, 바다, 그리고 눈여겨볼 만한 지형을 차례로 정리한다.
## 크기와 위치
한반도의 넓이는 223,663제곱킬로미터이며, 남북 길이는 약 1,000킬로미터에 이른다. 동쪽에는 동해, 서쪽에는 황해, 남쪽에는 남해가 있고, 북쪽은 압록강과 두만강을 경계로 대륙과 맞닿아 있다. 섬을 포함한 해안선의 길이는 1만 7,361킬로미터에 달한다. 연안에는 3,418개의 섬이 흩어져 있으며, 이 가운데 약 2,900개가 남쪽에 있다.
## 산지와 산맥
한반도는 전체 면적의 70퍼센트 이상이 산지이다. 오랜 세월에 걸쳐 동쪽 땅이 더 높이 들려 올라, 동쪽은 높고 가파르며 서쪽으로 갈수록 낮아지는 동고서저의 모양을 이룬다. 동해안을 따라 남북으로 달리는 태백산맥은 한반도의 등뼈에 해당한다. 원산 부근의 추가령 구조곡에서 시작해 부산 부근까지 약 500킬로미터 뻗어 있으며, 주로 편마암과 화강암으로 이루어져 있다. 이 산맥에서 가장 높은 곳은 설악산의 대청봉으로 높이는 1,708미터이고, 오대산, 태백산, 주왕산처럼 1,000미터가 넘는 산들이 줄지어 있다.
북부에서는 낭림산맥이 태백산맥과 함께 반도의 척추를 이루며, 가장 높은 와갈봉은 2,260미터이다. 남쪽에서는 소백산맥이 태백산맥에서 갈라져 서남쪽으로 약 350킬로미터 뻗어 여수 부근에 이른다. 소백산맥은 동쪽의 경상도와 서쪽의 충청도·전라도를 가르는 경계가 되며, 죽령, 문경새재, 추풍령 같은 고개가 예부터 두 지역을 잇는 길목 구실을 했다.
## 강과 평야
땅이 동쪽으로 높기 때문에 큰 강은 대부분 서쪽이나 남쪽으로 흘러 황해와 남해로 들어간다. 압록강은 790킬로미터를 흐르며, 하구에서는 북한의 신의주와 중국의 단둥이 강을 사이에 두고 마주 본다. 두만강은 547킬로미터를 흐르면서 북한과 중국의 국경이 되고, 하구 가까이에서는 북한과 러시아의 국경을 이룬다. 낙동강은 태백시에서 발원해 약 510킬로미터를 남쪽으로 흘러 부산의 을숙도 부근에서 바다로 빠지며, 남한에서 가장 긴 강이다. 한강은 태백의 검룡소에서 시작하는 남한강과 북쪽에서 내려오는 북한강이 양평의 양수리에서 합쳐져 서울을 가로지른다. 길이는 494킬로미터이고 유역 면적은 35,770제곱킬로미터로, 남한을 흐르는 강 가운데 가장 넓은 유역을 가졌다. 하류에서는 임진강을 받아들인 뒤 김포 부근에서 황해로 들어간다. 한강과 낙동강 다음으로 큰 금강은 장수군의 뜬봉샘에서 시작해 397.79킬로미터를 흐른 뒤 군산과 서천 사이에서 바다로 나가며, 하구에는 1990년 길이 1,841미터의 하굿둑이 완공되었다.
큰 강의 하류에는 넓은 평야가 펼쳐진다. 만경강과 동진강이 흐르는 호남평야는 동서 약 50킬로미터, 남북 약 80킬로미터에 걸친 약 3,500제곱킬로미터의 너른 들로, 한국의 대표적인 쌀 생산지이다. 낙동강 하류에는 강이 실어 온 흙이 쌓여 생긴 삼각주인 김해평야가 약 136제곱킬로미터 넓이로 펼쳐져 있다.
## 세 바다와 해안
동해는 넓이가 약 100만 제곱킬로미터이고 평균 수심이 1,752미터에 이르는 깊은 바다이며, 가장 깊은 곳은 3,762미터이다. 해안선이 단조롭고 곧게 뻗은 것이 특징이며, 남쪽에서 올라오는 동한 난류와 북쪽에서 내려오는 북한 한류가 이 바다에서 만난다. 반면 황해는 평균 수심이 약 45미터에 불과하고 가장 깊은 곳도 100미터가 되지 않는 얕은 바다이다. 약 2만 6천 년 전 마지막 빙기가 가장 추웠던 때에는 해수면이 낮아 황해 대부분이 육지였고, 약 1만 3천 년 전부터 바닷물이 다시 차올랐다. 황하와 양쯔강이 실어 오는 흙 때문에 물빛이 누렇게 보인다고 해서 황해라는 이름이 붙었다.
서해안과 남해안에는 리아스식 해안이 잘 발달해 있다. 이는 강물이 깎아 만든 골짜기가 빙기 뒤 높아진 바닷물에 잠겨 생긴 해안으로, 곶과 만이 많아 해안선이 복잡하고 작은 섬이 많다. 이름은 에스파냐 갈리시아 지방에서 강어귀를 가리키는 말에서 왔다. 물결이 잔잔해 양식업이 활발하지만, 해안을 따라 길을 내기는 어렵다.
## 화산 지형과 석회암 동굴
한반도 곳곳에는 화산 활동이 남긴 지형이 있다. 동해 한가운데의 울릉도는 넓이 72.86제곱킬로미터의 화산섬으로, 가장 높은 봉우리인 성인봉은 984미터이며 마지막 분화는 약 5천 년 전에 있었다. 섬은 포항에서 약 217킬로미터 떨어져 있고, 길이 56.5킬로미터의 해안은 대부분 높은 절벽으로 되어 있어 배를 대기가 쉽지 않다. 섬 북쪽의 나리분지는 화산이 무너져 생긴 칼데라로, 섬에서 유일하게 넓고 평평한 땅이다. 강원도 철원에서 경기도 포천과 연천으로 흐르는 한탄강은 길이 136킬로미터로, 옛 용암이 굳은 현무암 대지를 깎아 깊은 협곡과 주상 절리를 만들었다. 이 일대 1,165.61제곱킬로미터는 2020년 7월 국내 네 번째 유네스코 세계지질공원으로 인증되었다. 충청북도 단양에는 석회암이 지하수에 녹아 생긴 동굴이 많다. 그 가운데 고수동굴은 약 4억 5천만 년 전에 쌓인 석회암층에 생긴 동굴로, 주굴 600미터와 지굴 700미터를 합한 길이가 1,300미터이다. 종유석과 석순, 석주가 잘 발달해 1976년 천연기념물로 지정되었다.","약 1,000킬로미터",한반도의 지형,train
연등 행렬이 여의도를 출발해 조계사로 가는 방식으로 처음 열린 건 언제?,"연등회는 부처의 탄생을 기리며 등을 밝히고 행렬을 벌이는 한국의 불교 축제이다. 신라 진흥왕 12년에 나라 행사로 열린 기록이 있고, 고려 시대에는 국가 차원의 큰 행사로 자리를 잡아 크게 성행했다. 조선 시대에는 불교를 억누르는 정책 탓에 나라의 행사에서 빠졌지만, 민간에서는 등을 밝히는 풍습이 계속 이어졌다. 1975년 부처님 오신 날이 공휴일로 정해진 것을 계기로 오늘날과 같은 축제 형태를 갖추었고, 이듬해인 1976년부터 여의도에서 조계사까지 등을 들고 걷는 행진이 시작되었다. 현재는 부처님 오신 날 앞 주의 토요일 무렵 서울 종로 일대를 중심으로 열리며, 여러 사람이 함께 어울리는 어울림마당, 저녁에 등을 들고 거리를 걷는 연등행렬, 행사를 마무리하는 회향으로 이어진다. 연등회는 2012년 4월 6일 국가무형문화재 제122호로 지정되었고, 2020년 유네스코 인류무형유산 대표목록에 등재되었다.",1976년,연등회,train
"조선 시대 기록 가운데 임금이 세상을 떠난 뒤에야 춘추관에서 정리했고 살아 있는 임금은 들춰 볼 수도 없었다는 역사책이 있다고 들었는데, 그 기록 전체가 몇 권 몇 책으로 되어 있는지, 그리고 글자 수는 대략 어느 정도인지 알려 줄 수 있나요?","조선왕조실록은 태조부터 철종까지 25대 임금, 472년 동안 일어난 일을 날짜 순서대로 적은 조선의 공식 역사 기록이다. 모두 1,894권 888책이며, 글자 수는 약 4,964만 자에 이른다. 사관이 그때그때 적어 둔 사초를 바탕으로 임금이 세상을 떠난 뒤 춘추관에서 편찬했고, 재위 중인 임금은 이 기록을 볼 수 없었다.
완성된 실록은 여러 곳의 사고에 나누어 보관했다. 1592년 임진왜란 때 춘추관·충주·성주 사고의 실록은 불에 타 없어지고 전주 사고본만 살아남았다. 전쟁 뒤에는 이를 바탕으로 다시 찍어 정족산·태백산·적상산·오대산 등의 사고에 두었다. 1973년 12월 31일 국보 제151호로 지정되었고, 1997년 10월 1일 유네스코 세계기록유산이 되었다. 고종과 순종의 실록은 일제강점기에 편찬되어 전통적인 편찬 규칙을 따르지 않았다는 이유로 보통 조선왕조실록에 포함하지 않는다.","1,894권 888책",조선왕조실록,train
이 칼데라에 물이 고여 생긴 호수가 천지이다,"백두산은 한반도에서 가장 높은 산으로, 최고봉인 장군봉의 높이는 2,744미터이다. 중국에서는 창바이산이라고 부른다. 여러 차례 분출한 용암과 화산재가 층층이 쌓여 생긴 성층화산이며, 꼭대기에는 지름 약 5킬로미터, 깊이 850미터에 이르는 거대한 칼데라가 있다. 이 칼데라에 물이 고여 생긴 호수가 천지이다. 천지의 수면은 해발 약 2,150미터에 있고, 둘레는 14킬로미터, 평균 수심은 213미터이며 가장 깊은 곳은 384미터에 이른다.
백두산은 946년 무렵 크게 폭발해 100~150세제곱킬로미터에 이르는 화산재와 분출물을 쏟아 냈다. 기록에 남은 가장 최근의 분화는 1925년에 있었다. 이 산은 여러 큰 강의 발원지이기도 하다. 압록강은 서쪽으로 흘러 황해에 이르고, 두만강은 동쪽으로 흘러 동해로 들어가며, 쑹화강은 북쪽의 만주 벌판으로 흘러간다.",이,백두산,train
광개토왕릉비를 세운 고구려 왕,"광개토대왕릉비는 고구려의 장수왕이 아버지 광개토대왕의 공적을 기리려고 414년에 세운 비석이다. 지금은 중국 지린성 지안시 태왕진에 서 있다. 높이는 약 6.39미터이며, 응회암으로 된 커다란 돌기둥의 네 면에 모두 글자를 새겼다. 새겨진 글자는 예서체로 된 1,775자인데, 이 가운데 150자 정도는 닳거나 떨어져 나가 읽기 어렵다.
비문은 크게 세 부분으로 나뉜다. 첫 부분은 고구려를 세운 이야기부터 광개토대왕에 이르기까지의 내력이고, 둘째 부분은 대왕이 벌인 정복 전쟁의 기록이며, 셋째 부분은 왕릉을 지키는 수묘인에 관한 규정이다. 청나라는 오랫동안 이 지역에 사람이 들어가 사는 것을 막는 봉금 정책을 폈는데, 이 정책이 풀린 뒤인 1880년대에 비석이 다시 발견되었고 1888년에 널리 공개되었다. 비석 아래를 받치는 대석은 가로 3.35미터, 세로 2.7미터 크기이고, 옆면의 너비는 1.35~1.46미터이다.",장수왕,광개토대왕릉비,train
제주도 우편번호 앞자리는 몇으로 시작하나요,"대한민국의 우편번호는 우편물을 지역별로 빠르게 가려 보내기 위해 주소에 덧붙이는 번호로, 1970년 7월 1일 처음 도입되었다. 처음에는 우체국을 기준으로 120-01 같은 모양의 다섯 자리 번호를 썼다. 1988년에는 행정 구역을 기준으로 한 122-090 같은 여섯 자리 번호로 바뀌었고, 2000년에도 한 차례 손질을 거쳤다. 2014년 도로명주소가 전면 시행된 뒤 이듬해인 2015년 8월 1일부터는 국가기초구역번호를 그대로 우편번호로 쓰는 다섯 자리 체계가 시행되고 있다. 국가기초구역은 도로와 하천처럼 쉽게 바뀌지 않는 경계로 나눈 구역으로, 새 우편번호는 03488처럼 다섯 자리 숫자로 적는다. 번호의 앞자리는 지역을 나타내며, 서울은 01부터 09까지로 시작하고 가장 끝인 제주는 63으로 시작한다. 2023년 11월 기준으로 약 3만 4,605개의 우편번호가 약 640만 개의 도로명주소에 나뉘어 붙어 있다.",63,대한민국의 우편번호,validation
평창 패럴림픽 마스코트 반다비는 어떤 동물을 본떴나요?,"2018년 평창 동계 올림픽은 그해 2월 9일부터 25일까지 강원도 평창과 강릉, 정선 일대에서 열린 제23회 동계 올림픽으로, 한국에서 처음 열린 동계 올림픽이다. 평창은 2010년과 2014년 대회 유치에 잇따라 실패한 뒤 세 번째 도전 끝에, 2011년 남아프리카공화국 더반에서 열린 국제올림픽위원회 총회에서 독일 뮌헨과 프랑스 안시를 제치고 개최권을 얻었다. 설상 종목은 평창과 정선의 산악 지역에서, 빙상 종목은 강릉의 경기장들에서 치러졌다. 92개국에서 약 2,920명의 선수가 참가했고, 15개 종목에 걸린 세부 종목은 102개로 동계 올림픽 사상 처음 100개를 넘었다. 마스코트는 백호를 본뜬 수호랑이었고, 함께 열린 패럴림픽의 마스코트는 반달가슴곰 반다비였다. 여자 아이스하키에서는 남북 단일팀이 꾸려져 함께 경기에 나섰다. 대한민국은 금메달 5개, 은메달 8개, 동메달 4개로 모두 17개의 메달을 따 종합 7위를 기록했다.",반달가슴곰,2018년 평창 동계 올림픽,train
IOC 본부는 어느 나라 어느 도시에 있나요?,"올림픽은 여름과 겨울에 각각 4년마다 세계 여러 나라의 선수들이 한곳에 모여 여러 종목을 겨루는 국제 종합 스포츠 대회이다. 고대 그리스의 제전에서 이름과 형식을 빌려 와 19세기 말에 되살렸다.

## 고대 올림픽
고대 올림픽은 기원전 776년 그리스 펠로폰네소스 반도 서쪽의 올림피아에서 처음 열렸다고 전한다. 신들의 왕 제우스에게 바치는 제전의 성격을 띠었으며, 4년에 한 번씩 열렸기 때문에 대회와 대회 사이의 4년을 올림피아드라고 불렀다. 기록에 남은 가장 오래된 종목은 경기장의 한쪽 끝에서 다른 끝까지 곧게 달리는 단거리 경주 스타디온이었다. 시간이 흐르면서 레슬링, 권투, 전차 경주, 오종 경기 같은 종목이 더해졌다. 우승자는 상금 대신 올리브 가지로 엮은 관을 받았지만, 고향으로 돌아가면 큰 명예와 대접을 누렸다. 참가할 수 있는 사람은 그리스 말을 쓰는 자유민 남성으로 한정되었고, 결혼한 여성은 경기를 구경하는 것조차 허락되지 않았다. 대회 기간에는 선수와 구경꾼이 안전하게 오갈 수 있도록 도시 국가들이 전쟁을 멈추는 휴전 관습을 지켰다. 이 제전은 천 년이 넘게 이어지다가 서기 393년 로마 황제 테오도시우스 1세가 이교 제전을 금지하면서 끝났다.

## 근대 올림픽의 부활
올림픽을 다시 열자고 앞장선 사람은 프랑스의 교육자 피에르 드 쿠베르탱이다. 그는 스포츠가 젊은이의 몸과 마음을 기르고 나라 사이의 이해를 넓힐 수 있다고 보았다. 1894년 6월 23일 파리 소르본 대학에서 열린 회의에서 국제올림픽위원회가 만들어졌고, 2년 뒤인 1896년 그리스 아테네에서 제1회 근대 올림픽이 열렸다. 이 대회에는 14개국에서 선수 241명이 참가했으며, 우승자에게는 은메달을 주었다. 이 대회의 마라톤에서는 그리스의 스피리돈 루이스가 우승해 개최국 관중을 크게 기쁘게 했다. 국제올림픽위원회의 초대 위원장은 그리스의 디미트리오스 비켈라스가 맡았고, 쿠베르탱은 1896년부터 1925년까지 두 번째 위원장으로 일했다. 1등부터 3등까지 금, 은, 동메달을 주는 방식은 1904년 미국 세인트루이스 대회에서 처음 자리를 잡았다. 여성 선수는 1900년 파리 대회에서 처음 경기에 나섰다. 대회가 늘 순조롭게 열린 것은 아니어서, 두 차례의 세계 대전 때문에 1916년, 1940년, 1944년 대회는 치러지지 못했다. 2020년 도쿄 대회는 코로나19 유행으로 한 해 미뤄져 2021년에 열렸다.

## 상징과 의식
올림픽을 대표하는 상징은 흰 바탕 위에 파랑, 노랑, 검정, 초록, 빨강의 다섯 고리가 서로 엮여 있는 오륜기이다. 이 깃발은 1914년에 고안되었고, 1920년 벨기에 앤트워프 대회에서 처음으로 경기장에 걸렸다. 다섯 고리는 다섯 대륙이 올림픽으로 이어진다는 뜻으로 풀이된다. 선수 대표가 규칙을 지키며 공정하게 겨루겠다고 다짐하는 선수 선서도 이 앤트워프 대회에서 처음 시작되었다. 올림픽 표어는 라틴어 문구로 알려진 '더 빠르게, 더 높이, 더 힘차게'이며, 2021년에는 여기에 '함께'라는 말이 덧붙었다. 경기장에 성화를 처음 밝힌 것은 1928년 암스테르담 대회였다. 그리스 올림피아에서 햇빛을 모아 불을 붙인 뒤 여러 사람이 이어 달리며 개최 도시까지 옮기는 성화 봉송은 1936년 베를린 대회에서 시작되었다. 개회식에서는 올림픽의 발상지인 그리스 선수단이 가장 먼저, 개최국 선수단이 가장 마지막에 입장하는 전통이 이어지고 있다. 폐회식에서는 올림픽기를 다음 개최 도시의 대표에게 넘겨주는 의식을 치러 다음 대회를 예고한다.

## 동계 올림픽
눈과 얼음 위에서 겨루는 종목을 따로 모은 동계 올림픽은 1924년 프랑스 샤모니에서 처음 열렸다. 이 대회는 처음에 국제 동계 스포츠 주간이라는 이름으로 치러졌다가 나중에 제1회 동계 올림픽으로 인정되었다. 오랫동안 동계 대회와 하계 대회는 같은 해에 열렸다. 그러다 두 대회를 2년 간격으로 번갈아 열기로 하면서, 1992년 프랑스 알베르빌 대회 다음 동계 대회는 2년 만인 1994년 노르웨이 릴레함메르에서 열렸다. 이때부터 하계 대회와 동계 대회가 짝수 해마다 번갈아 찾아오게 되었다. 동계 올림픽에서는 알파인 스키와 크로스컨트리 스키 같은 설상 종목, 스피드스케이팅과 피겨스케이팅 같은 빙상 종목, 봅슬레이와 루지 같은 썰매 종목, 그리고 아이스하키와 컬링 등이 치러진다.

## 국제올림픽위원회
국제올림픽위원회는 올림픽 운동 전체를 이끄는 비정부 국제기구로, 본부는 스위스 로잔에 있다. 올림픽 헌장을 바탕으로 대회의 개최지를 정하고, 어떤 종목을 대회에 넣을지 결정하며, 각 나라의 올림픽위원회를 승인한다. 대회를 준비하는 일은 개최 도시가 꾸리는 조직위원회가 맡고, 국제올림픽위원회는 그 과정을 감독한다. 경기 규칙과 선수 자격은 종목마다 있는 국제경기연맹이 정한다. 선수들이 금지 약물을 쓰지 못하도록 감시하는 일은 1999년에 세워진 세계반도핑기구와 함께 한다. 2016년 리우데자네이루 대회부터는 전쟁이나 박해를 피해 고국을 떠난 선수들이 난민 선수단을 꾸려 오륜기 아래에서 경기에 나서고 있다.
## 아마추어 규정의 변화
근대 올림픽은 오랫동안 운동으로 돈을 벌지 않는 아마추어 선수만 참가할 수 있다는 원칙을 지켰다. 이 원칙은 1980년대에 들어 크게 느슨해져, 국제올림픽위원회는 종목마다 국제경기연맹이 출전 자격을 정하도록 길을 열었다. 그 결과 1992년 바르셀로나 대회 남자 농구에는 미국 프로 리그의 스타 선수들이 처음 출전해 큰 관심을 모았다. 고대의 휴전 관습도 새롭게 조명되어, 1990년대부터 유엔 총회는 대회 때마다 올림픽 기간의 휴전을 호소하는 결의를 채택하고 있다.",스위스 로잔,올림픽,train
국민기초생활보장법은 언제부터 시행됐어?,"국민기초생활보장제도는 소득이 일정 기준에 못 미치는 가구에 나라가 생계비와 의료비 등을 지원해 최저한의 생활을 보장하는 대한민국의 공공 부조 제도이다. 이 제도로 지원을 받는 사람을 기초생활수급자라 한다. 1961년에 만들어진 생활보호법은 일할 능력이 없는 사람을 주로 보호했는데, 1997년 외환위기 이후 실업과 빈곤이 크게 늘자 이를 대신할 새 제도가 마련되었다. 국민기초생활보장법은 1999년 9월 7일 제정되어 2000년 10월 1일부터 시행되었다. 급여는 생계급여, 의료급여, 주거급여, 교육급여, 아이를 낳았을 때의 해산급여, 수급자가 숨졌을 때의 장제급여, 일할 능력이 있는 사람의 자립을 돕는 자활급여의 일곱 가지이다. 2015년 7월에는 모든 급여를 한 기준으로 묶어 주던 방식을 바꿔, 기준 중위소득에 맞춰 급여마다 선정 기준을 달리 정하는 맞춤형 급여 체계로 개편되었다. 수급자로 뽑힌 뒤 처음 1년 동안은 자격이 유지되고, 그 뒤로는 6개월이나 1년마다 다시 조사한다.",2000년 10월 1일,국민기초생활보장제도,validation
근대 5종 경기를 창안한 인물은?,"근대 5종은 한 선수가 성격이 다른 다섯 가지 종목을 모두 치러 합산 점수로 순위를 가리는 경기이다. 근대 올림픽을 되살린 피에르 드 쿠베르탱이 19세기 군대의 전령이 갖춰야 했던 능력, 곧 칼싸움과 헤엄, 말타기, 사격, 달리기에서 착안해 만들었다. 1912년 스톡홀름 올림픽에서 처음 치러졌고, 여자 경기는 2000년 시드니 올림픽에 추가되었다. 원래 여러 날에 걸쳐 열리던 경기는 1996년부터 하루에 모두 끝내는 방식으로 바뀌었다. 펜싱은 에페 종목으로, 수영은 200미터 자유형으로 치른다. 2009년에는 사격과 달리기를 하나로 묶은 레이저런이 도입되었는데, 3000미터를 달리는 도중 네 차례 사격장에 들러 과녁을 맞혀야 한다. 레이저런은 앞선 종목의 성적이 좋은 선수부터 먼저 출발하는 방식이어서 결승선을 먼저 통과한 선수가 곧 우승자가 된다. 2028년 로스앤젤레스 올림픽부터는 승마 대신 장애물 코스를 통과하는 종목이 들어간다. 국제 경기는 국제근대5종연맹이 관장한다.",피에르 드 쿠베르탱,근대 5종,train
CFC 사용을 규제한 국제 협약 이름은?,"오존층은 성층권 가운데 오존이 비교적 많이 모여 있는 층으로, 지표에서 약 15~35킬로미터 높이에 있다. 1913년 프랑스의 물리학자 샤를 파브리와 앙리 뷔송이 처음 발견했다. 오존층은 파장이 200~315나노미터인 중간 파장 자외선을 97~99퍼센트 흡수해 지상의 생물을 보호한다. 오존의 양은 영국의 과학자 돕슨의 이름을 딴 돕슨 단위로 나타낸다.
1985년 남극 상공에서 오존이 크게 줄어든 오존 구멍이 발견되면서 세계의 관심이 쏠렸다. 주된 원인은 냉매와 분무제 등에 쓰이던 염화플루오린화탄소(CFC)였다. 이 물질의 생산과 사용을 규제하기 위한 몬트리올 의정서는 1987년에 채택되어 1989년부터 효력을 냈다. 오존층 파괴의 원리를 밝힌 파울 크뤼천, 마리오 몰리나, 셔우드 롤런드는 1995년 노벨 화학상을 받았다. 규제가 효과를 거두면서 과학자들은 오존층이 2070년 무렵 이전 수준으로 회복될 것으로 내다본다.",몬트리올 의정서,오존층,validation
산업 혁명이라는 말을 용어로 굳힌 영국 경제사학자,"산업 혁명은 18세기 중엽 영국에서 시작되어, 기계와 새로운 동력이 사람과 가축의 힘을 대신하게 된 생산 방식의 큰 변화를 말한다. 그 영향은 이후 서유럽과 북아메리카로 퍼져 나가 사람들의 일하는 방식과 사는 곳, 사회의 모습까지 바꾸어 놓았다.
## 시기와 이름
산업 혁명의 시기는 보통 1760년 무렵부터 1820년에서 1840년 사이까지로 본다. 산업 혁명이라는 표현은 1844년 프리드리히 엥겔스가 사용했고, 영국의 경제사학자 아널드 토인비가 1884년 펴낸 강의록에서 이 말을 18세기 영국의 변화를 설명하는 용어로 굳혔다.
## 면직물 공업의 기계화
변화는 면직물을 만드는 공업에서 먼저 두드러졌다. 1764년에서 1765년 무렵 잉글랜드 랭커셔의 제임스 하그리브스는 한 사람이 여러 가닥의 실을 한꺼번에 뽑을 수 있는 제니 방적기를 만들었고, 1770년 특허를 받았다. 처음에는 가락이 8개였으나 개량을 거치며 120개까지 늘었다. 리처드 아크라이트는 물레바퀴의 힘으로 돌아가는 수력 방적기로 1769년 특허를 얻었고, 1771년 크롬퍼드에 이 기계를 들인 공장을 세웠다. 1779년 새뮤얼 크럼프턴은 두 기계의 장점을 합친 뮬 방적기를 내놓았다. 실을 뽑는 속도가 빨라지자 천을 짜는 일도 기계화가 필요해졌고, 1785년 에드먼드 카트라이트가 동력으로 움직이는 역직기의 특허를 받았다.
## 증기 기관의 발전
1712년 토머스 뉴커먼은 광산에 고인 물을 퍼내기 위한 증기 기관을 만들었다. 이 기관은 실린더 안의 증기를 식혀 생긴 빈 공간으로 대기압이 피스톤을 밀어 넣는 원리였으나 연료가 많이 들었다. 1736년 스코틀랜드의 그리녹에서 태어난 제임스 와트는 글래스고 대학교에서 과학 기구를 만들며 증기 기관을 연구했다. 그는 증기를 식히는 응축기를 실린더와 따로 떼어 낸 장치를 고안해 1769년 특허를 받았다. 이 개량으로 연료 소비가 뉴커먼 기관의 4분의 1 이하로 줄었다. 와트는 1775년 매슈 볼턴과 손잡고 증기 기관을 만들어 팔았으며, 1819년 세상을 떠났다. 일률의 단위인 와트는 그의 이름에서 나왔다. 증기의 힘은 바다에서도 쓰여, 미국의 로버트 풀턴은 증기선을 실용화했다.
## 석탄과 철
기계와 증기 기관, 철도를 만들려면 많은 철이 필요했다. 에이브러햄 다비는 잉글랜드 슈롭셔의 콜브룩데일에서 나무 숯 대신 석탄을 구워 만든 코크스로 철광석을 녹이는 용광로를 1709년 1월 10일 처음 가동했다. 숲의 나무에 기대지 않고도 철을 대량으로 생산할 길이 열리면서, 석탄과 철은 산업 혁명을 떠받치는 두 기둥이 되었다. 그의 손자 에이브러햄 다비 3세는 1777년 11월부터 1779년 7월까지 근처 세번강 위에 주철로 된 다리를 세웠다. 경간이 30.63미터인 이 다리는 주철로 만든 세계 첫 큰 다리로, 1781년 1월 1일 통행이 시작되었다. 다리가 있는 아이언브리지 협곡은 1986년 유네스코 세계유산으로 등재되었다.
## 철도의 시대
증기 기관을 바퀴 위에 올린 기관차는 교통을 크게 바꾸었다. 1781년 뉴캐슬 근처에서 태어난 조지 스티븐슨은 1814년 탄광에서 석탄을 끄는 자신의 첫 증기 기관차를 만들었다. 그의 기관차 로코모션 1호는 1825년 9월 27일 개통한 스톡턴-달링턴 철도를 달렸다. 약 40킬로미터 길이의 이 철도는 내륙의 탄광에서 해안으로 석탄을 실어 나르는 것이 주된 목적이었으며, 증기 기관차를 쓴 세계 최초의 공공 철도로 꼽힌다. 1829년 10월 열린 레인힐 시험에서는 스티븐슨 부자가 설계한 로켓호가 우승했다. 1830년 9월 15일에는 약 50킬로미터 길이의 리버풀-맨체스터 철도가 문을 열었는데, 이는 두 도시를 잇는 세계 첫 도시 간 철도였다. 개통식 날 리버풀 출신 하원 의원 윌리엄 허스키슨이 로켓호에 치여 숨지는 사고도 있었다. 스티븐슨이 쓴 1,435밀리미터의 궤간은 뒷날 여러 나라에서 표준 궤간이 되었다.
## 만국 박람회
1851년 5월 1일부터 10월 15일까지 런던 하이드 파크에서는 앨버트 공이 앞장선 만국 박람회가 열렸다. 조지프 팩스턴이 설계한 유리와 철골 건물인 수정궁에 영국과 여러 나라에서 보내온 약 1만 3천 점의 출품물이 전시되었고, 다섯 달 반 동안 600만 명이 넘는 사람이 이곳을 찾았다. 이 박람회는 산업 혁명이 이룬 기계와 기술을 세계에 드러내 보이는 자리가 되었다.
## 사회의 변화
공장에 기계를 모아 놓고 많은 노동자가 함께 일하는 공장제가 자리 잡으면서, 일자리를 찾아 농촌을 떠나 도시로 옮겨 가는 사람이 크게 늘었다. 도시는 빠르게 커졌지만 주거와 위생 환경은 나빠졌고, 어린이까지 긴 시간 공장에서 일하는 일이 흔했다. 이런 현실 속에서 노동 조건을 고치려는 운동과 새로운 사회사상이 나타났고, 노동자를 보호하는 법도 차례로 만들어졌다. 1802년 영국 의회는 로버트 필이 제안한 법으로 섬유 공장 도제의 노동 시간을 하루 12시간으로 제한하고 밤일을 금지했지만, 감독이 제대로 이루어지지 않았다. 1833년 공장법은 9세 미만 어린이를 섬유 공장에서 일하지 못하게 하고 18세 미만의 밤일을 막았으며, 전문 공장 감독관을 두어 법을 지키는지 살피게 했다. 1847년의 이른바 10시간 법은 여성과 18세 미만 노동자가 섬유 공장에서 일하는 시간을 사실상 하루 10시간으로 줄였다. 한편 공장을 가진 산업 자본가 계층의 힘이 커지면서 이들이 정치에도 목소리를 내기 시작했다.",아널드 토인비,산업 혁명,train
동편제 소리는 서편제와 비교해 어떤 특징이 있어?,"판소리는 소리꾼 한 명이 고수의 북 장단에 맞춰 긴 이야기를 노래와 말, 몸짓으로 풀어내는 한국의 전통 성악이다. 18세기에 생겨난 것으로 보며, 소리꾼은 노래로 부르는 창 사이사이에 아니리라 부르는 말로 줄거리를 잇고, 발림이라 하는 손짓과 몸짓으로 장면을 그려 보인다. 고수와 청중은 '얼씨구', '좋다' 같은 추임새를 넣어 소리꾼의 흥을 돋운다. 오늘날까지 온전히 전해지는 작품은 춘향가, 심청가, 흥보가, 적벽가, 수궁가의 다섯 마당이다. 부르는 방식에 따라 여러 유파로 나뉘는데, 동편제는 꾸밈을 줄이고 타고난 성량을 힘차게 내세우며, 서편제는 계면조를 많이 써서 애절한 느낌을 살린다. 두 유파의 중간 성격을 띠면서 소리의 높낮이가 뚜렷한 갈래는 중고제라 한다. 조선 후기에는 권삼득, 송흥록, 모흥갑, 신만엽 등이 이름을 떨쳐 흔히 8명창으로 꼽힌다. 판소리는 1964년 12월 24일 국가무형문화재 제5호로 지정되었고, 2003년 11월 7일에는 유네스코 인류구전 및 무형유산 걸작으로 선정되었다.",꾸밈을 줄이고 타고난 성량을 힘차게 내세우며,판소리,train
기초연금은 소득 하위 몇 퍼센트 노인이 받나요?,"기초연금은 소득과 재산이 적은 노인에게 나라가 다달이 일정한 금액을 지급하는 대한민국의 노후 소득 보장 제도이다. 보험료를 내고 받는 국민연금과 달리 세금으로 재원을 마련한다. 뿌리는 1991년의 노령수당으로, 1998년 경로연금, 2008년 기초노령연금으로 이름과 내용이 바뀌어 왔다. 지금의 기초연금은 2014년 7월 1일부터 시행되었다. 받을 수 있는 사람은 만 65세 이상이면서 소득 인정액이 하위 70%에 드는 노인이다. 처음 월 최대 지급액은 20만 원이었고, 2018년 25만 원, 2021년 30만 원으로 올랐으며 이후에도 물가에 맞춰 조금씩 오르고 있다. 부부가 함께 받으면 각자의 금액에서 20%씩 줄여 지급하고, 국민연금을 많이 받는 사람은 그 액수에 따라 기초연금이 깎일 수 있다. 제도가 만들어질 무렵인 2013년에는 노인 가운데 정기적인 연금을 받는 사람이 약 29%에 그쳐, 노인 빈곤율이 경제협력개발기구 회원국 가운데 매우 높은 편이었다.",하위 70%,기초연금,train
한반도 첫 라디오 방송은 언제 시작됐나요?,"경성방송국은 1927년 2월 16일 서울 정동에서 방송을 시작한 한반도 최초의 라디오 방송국이다. 호출 부호는 JODK였고, 처음 송신 출력은 1킬로와트였다. 일본 제국 안에서 도쿄, 오사카, 나고야에 이어 네 번째로 세워진 방송국이었다. 개국 초기에는 하나의 전파로 일본어와 조선어 방송을 번갈아 내보냈는데, 일본어가 약 70%, 조선어가 약 30%를 차지했다. 1933년부터는 두 언어의 방송을 서로 다른 주파수로 나누어 내보내는 이중 방송이 시작되어 조선어 방송 시간이 크게 늘었다. 이후 부산, 평양, 대구 등 여러 도시에 지방 방송국이 세워지며 방송망이 넓어졌다. 라디오를 듣기 위해 신고한 수신기는 1927년 말 5,260대였으나 1944년에는 30만 대를 넘어섰다. 광복 뒤 이 방송국은 이름을 바꾸며 이어졌고, 오늘날 한국방송공사의 뿌리가 되었다.",1927년 2월 16일,경성방송국,train
한라산이 국립공원으로 지정된 날짜는?,"한라산은 제주도 한가운데에 솟은 산으로, 높이는 1,947미터이다. 산 전체는 경사가 완만한 방패 모양의 순상화산이지만, 정상 부근은 종을 엎어 놓은 듯 가파른 모양을 띤다. 꼭대기에는 지름 약 550미터의 분화구가 있고, 그 안에 물이 고인 호수를 백록담이라 부른다. 산자락과 섬 곳곳에는 오름이라 부르는 작은 화산체가 360개 넘게 흩어져 있다.
높이에 따라 식생이 크게 달라져, 낮은 곳에는 따뜻한 지역에서 자라는 난대림이, 정상 가까이에는 고산 식물이 자란다. 특히 한국 특산종인 구상나무가 정상 부근에 넓은 숲을 이룬다. 한라산은 1966년 10월 12일 천연기념물로 지정되었고, 1970년 3월 24일 국립공원이 되었다. 2002년에는 유네스코 생물권보전지역에 포함되었으며, 2007년 6월 27일에는 제주 화산섬과 용암 동굴의 일부로 유네스코 세계자연유산에 등재되었다.",1970년 3월 24일,한라산,train
프린키피아는 어느 언어로 쓰였나요?,"『자연철학의 수학적 원리』는 영국의 과학자 아이작 뉴턴이 1687년 라틴어로 펴낸 책으로, 흔히 줄여서 프린키피아라고 부른다. 뉴턴은 이 책에서 운동의 세 가지 법칙과 만유인력의 법칙을 제시하고, 이를 수학으로 풀어 케플러가 밝힌 행성 운동의 법칙을 증명했다. 이 책은 고전 역학의 수학적 토대를 놓은 저작으로 평가받는다.
책은 세 권으로 이루어져 있다. 제1권은 저항이 없는 공간에서 물체가 어떻게 움직이는지를, 제2권은 공기나 물처럼 저항이 있는 곳에서의 운동과 유체의 성질을 다룬다. 제3권은 앞의 원리를 하늘에 적용해 행성과 달, 혜성의 움직임과 밀물과 썰물이 생기는 까닭을 설명했다. 천문학자 에드먼드 핼리는 뉴턴에게 연구를 책으로 내도록 권했고, 출판 비용도 자기 돈으로 댔다. 초판 뒤에도 뉴턴은 내용을 고쳐 1713년에 제2판을, 1726년에 제3판을 펴냈다. 제2판은 수학자 로저 코츠가 편집을 맡았다.",라틴어,자연철학의 수학적 원리,train
티베트 사람들은 에베레스트를 뭐라고 불러?,"에베레스트산은 히말라야산맥에 있는 세계에서 가장 높은 산으로, 네팔과 중국 티베트 자치구의 경계에 솟아 있다. 2020년 네팔과 중국이 함께 발표한 높이는 8,848.86미터이다. 네팔에서는 세상의 정상이라는 뜻의 사가르마타, 티베트에서는 초모룽마라고 부른다. 영어 이름은 19세기 인도에서 측량 사업을 이끈 영국의 측량가 조지 에베레스트에게서 따왔다.
1953년 5월 29일 뉴질랜드의 에드먼드 힐러리와 셰르파인 텐징 노르가이가 처음으로 정상에 올랐다. 한국인으로는 1977년 고상돈이 처음 정상을 밟았다. 정상 부근의 바위는 옛 바다 밑에 쌓인 석회암인데, 이는 인도판과 유라시아판이 부딪치면서 해저 지층이 높이 밀려 올라갔음을 보여 준다. 꼭대기 부근은 공기가 매우 희박하고 기온도 낮아서, 대부분의 등반가는 산소통을 메고 정상에 오른다.",초모룽마,에베레스트산,train
대동여지도에서 길 위의 점은 몇 리 간격으로 찍혀 있어?,"대동여지도는 조선 후기의 지리학자 김정호가 1861년에 펴낸 전국 지도이다. 김정호의 호는 고산자이며, 그는 이보다 앞선 1834년에 청구도라는 지도를 만들기도 했다. 대동여지도는 모두 22첩으로 이루어져 있고, 첩마다 병풍처럼 접었다 펼 수 있어 필요한 지역만 꺼내 보기에 편리했다. 모든 첩을 이어 붙이면 가로 약 3.6미터, 세로 약 6.85미터에 이르는 큰 지도가 되며, 축척은 대략 21만 6천분의 1이다.
도로 위에는 10리마다 점을 찍어 두어, 길을 떠나는 사람이 남은 거리를 어렵지 않게 셈할 수 있게 했다. 지도는 나무판에 새겨 찍어 냈기 때문에 같은 지도를 여러 부 만들 수 있었다. 목판은 모두 126장으로 헤아려진다. 여러 기관에 전하는 인쇄본 가운데 세 건이 보물로 지정되어 있고, 지도를 찍은 목판도 2008년 보물이 되었다. 서울역사박물관이 가진 소장본은 21첩만 남아 있다.",10리마다,대동여지도,train
베를린 장벽이 열린 날은 언제야?,"베를린 장벽은 동독 정부가 서베를린을 둘러싸고 세운 장벽으로, 냉전 시대 독일 분단을 상징하는 구조물이었다. 1961년 8월 13일 새벽 동독 당국은 예고 없이 경계를 막는 공사에 들어갔다. 서베를린을 에워싼 전체 경계의 길이는 약 155킬로미터였고, 그 가운데 동베를린과 서베를린 사이를 가른 구간은 43.1킬로미터였다. 콘크리트 벽의 높이는 3.6미터였으며, 경계를 지키는 감시탑은 302개에 달했다. 장벽을 넘으려다 목숨을 잃은 사람의 수는 조사에 따라 136명에서 200명이 넘는 것까지 차이가 난다.
1989년 11월 9일 동독 정부 대변인 귄터 샤보브스키가 기자 회견에서 여행 제한을 풀겠다고 발표하자 시민들이 검문소로 몰려들었고, 그날 밤 국경이 열렸다. 장벽은 1990년 6월부터 본격적으로 철거되었으며, 동서독은 1990년 10월 3일 하나의 나라로 통일되었다. 남은 벽의 일부는 그림을 그려 넣은 야외 전시 공간인 이스트사이드 갤러리로 보존되어 있다.",1989년 11월 9일,베를린 장벽,train
세계김치연구소가 있는 도시는 어디야?,"김치는 소금에 절인 배추나 무 같은 채소를 고춧가루, 파, 마늘, 젓갈 등의 양념으로 버무려 발효시킨 한국의 전통 음식이다. 밥상에 거의 빠지지 않는 반찬이며, 계절과 지역에 따라 재료와 담그는 법이 크게 달라진다.

## 이름과 옛 기록
김치라는 말은 채소를 소금물에 담근다는 뜻의 한자어 침채에서 비롯되었다고 보는 견해가 널리 알려져 있다. 한글 기록에서는 16세기의 딤채가 17세기에서 18세기 사이에 짐채로 바뀌었고, 19세기에 이르러 김치라는 말이 자리를 잡았다. 김치를 가리키는 옛말로는 지도 쓰였는데, 오늘날 오이지나 짠지 같은 음식 이름에 그 흔적이 남아 있다. 채소를 절여 오래 두고 먹는 풍습은 삼국 시대부터 있었던 것으로 보인다. 고려 시대인 1241년에 나온 이규보의 문집에는 무를 소금에 절여 겨울에 대비하는 모습이 시로 남아 있다. 조선 시대인 1670년 무렵에 쓰인 조리서 음식디미방에는 여러 가지 김치 담그는 법이 실려 있다.

## 고추와 배추
오늘날처럼 붉은 김치가 된 것은 비교적 뒤의 일이다. 고추는 16세기 말에서 17세기 초 무렵 한반도에 들어왔고, 1766년에 편찬된 증보산림경제에 이르러 김치에 고추를 쓰는 방법이 본격적으로 기록되었다. 그 전의 김치는 소금에 절이거나 천초 같은 향신료로 맛을 낸 것이 많았다. 고추는 매운맛을 더할 뿐 아니라 김치가 쉽게 물러지거나 상하는 것을 늦추는 데에도 도움을 주어 빠르게 퍼졌다. 재료도 달라져, 오랫동안 무로 담근 김치가 중심이었으나 속이 꽉 찬 배추가 널리 재배되면서 20세기부터는 배추김치가 가장 흔한 김치가 되었다.

## 김치의 종류
김치의 종류는 200가지가 넘는다고 한다. 통배추를 절여 양념을 켜켜이 넣은 배추김치, 무를 네모나게 썰어 버무린 깍두기, 작은 무를 무청째 담근 총각김치, 어린 열무로 담그는 열무김치가 대표적이다. 무를 통째로 소금물에 담가 국물을 함께 먹는 동치미와 무와 배추를 얇게 썰어 담그는 나박김치 같은 물김치도 있고, 고춧가루를 쓰지 않아 맛이 맑은 백김치도 있다. 대체로 날씨가 따뜻한 남쪽 지방의 김치는 짜고 양념이 진하며, 추운 북쪽 지방의 김치는 간이 싱겁고 국물이 넉넉한 편이다. 개성 지방의 보쌈김치는 넓은 배추 잎으로 여러 재료를 보자기처럼 감싸 담그는 것으로 이름이 났고, 전라남도 여수의 돌산 지역은 톡 쏘는 맛의 갓으로 담그는 갓김치로 잘 알려져 있다. 푹 익은 김치는 그대로 먹을 뿐 아니라 김치찌개나 김치볶음밥 같은 요리의 재료로도 널리 쓰인다.

## 발효의 원리
김치의 맛은 젖산균의 발효에서 나온다. 담근 지 얼마 되지 않았을 때는 류코노스톡 무리의 젖산균이 많아 상큼하고 톡 쏘는 맛이 나고, 시간이 지나면 락토바실러스 무리가 늘어나면서 신맛이 강해진다. 낮은 온도에서 천천히 익힐수록 맛이 고르고 오래가기 때문에, 예전에는 김칫독을 땅에 묻어 겨울을 났다. 요즘은 온도를 세밀하게 맞추는 김치 전용 냉장고가 그 역할을 대신한다.

## 김장과 문화유산
김장은 초겨울에 겨우내 먹을 김치를 한꺼번에 담그는 일로, 가족과 이웃이 모여 일손을 나누고 담근 김치를 함께 나누는 풍습이다. 이 김장 문화는 2013년 12월 5일 아제르바이잔 바쿠에서 열린 제8차 무형유산 정부간위원회에서 유네스코 인류무형유산 대표목록에 올랐다. 2015년에는 북한의 김치 담그기 풍습도 따로 등재되었다. 국내에서는 2017년 김치 담그기가 국가무형문화재 제133호로 지정되었다. 2020년에는 11월 22일이 법정 기념일인 김치의 날로 정해졌는데, 김치 재료 하나하나가 모여 스물두 가지 효능을 낸다는 뜻을 날짜에 담았다. 식품을 주제로 한 법정 기념일은 김치의 날이 처음이다.

## 담그는 과정
배추김치를 담글 때는 먼저 배추를 반으로 갈라 소금이나 소금물에 몇 시간에서 하룻밤 정도 절인다. 절인 배추는 맑은 물에 여러 번 헹군 뒤 물기를 뺀다. 그동안 무채에 고춧가루, 다진 마늘과 생강, 파, 젓갈 등을 섞어 김칫소를 만든다. 물기를 뺀 배추의 잎 사이사이에 김칫소를 고루 넣은 다음, 겉잎으로 감싸 항아리나 통에 차곡차곡 담아 익힌다. 김장은 흔히 입동 전후에 하는데, 날씨가 추워지면서 배추가 달고 단단해지고, 담근 김치가 낮은 기온에서 천천히 익기 때문이다.

## 연구와 국제 규격
김치는 2001년 국제식품규격위원회에서 국제 식품 규격으로 채택되어, 김치를 무엇으로 어떻게 만들어야 하는지에 대한 국제적인 기준이 마련되었다. 2010년에는 김치의 과학적 연구와 산업 발전을 위해 광주에 세계김치연구소가 세워졌다. 김치냉장고는 1990년대 중반부터 가정에 빠르게 퍼져, 김칫독을 땅에 묻던 모습을 도시에서는 거의 볼 수 없게 되었다. 김치 담그기는 국가무형문화재로 지정될 때 특정 보유자나 단체를 두지 않았는데, 온 국민이 함께 이어 온 문화라는 점을 인정한 것이다.


## 김치와 식생활
김치는 채소를 주재료로 하므로 식이섬유가 풍부하고, 발효 과정에서 생기는 젖산균을 함께 먹을 수 있다는 점에서 건강식으로 관심을 받아 왔다. 다만 소금과 젓갈이 들어가 나트륨이 많은 편이어서, 간을 줄여 싱겁게 담그려는 시도도 꾸준히 이어지고 있다. 김장철이 다가오면 배추와 무, 고추 같은 재료의 값이 집집마다 큰 관심거리가 되고, 이웃끼리 날을 달리해 서로의 김장을 돕는 품앗이도 여전히 볼 수 있다.",광주,김치,train
달에 내리지 않고 궤도에서 기다린 아폴로 11호 우주비행사는?,"아폴로 11호는 사람을 처음으로 달에 내려 보낸 미국의 우주 비행 임무이다. 1969년 7월 16일 미국 플로리다주 케네디 우주 센터에서 새턴 5호 로켓에 실려 발사되었다. 승무원은 선장 닐 암스트롱, 달 착륙선 조종사 버즈 올드린, 사령선 조종사 마이클 콜린스 세 사람이었다. 사령선의 이름은 컬럼비아, 달 착륙선의 이름은 이글이었다.
암스트롱과 올드린이 탄 이글은 협정 세계시 기준 1969년 7월 20일 20시 17분에 달의 고요의 바다에 내려앉았다. 그동안 콜린스는 컬럼비아를 타고 달 궤도를 돌며 두 사람을 기다렸다. 두 사람은 달 표면에서 2시간 31분가량 머물며 실험 장비를 설치했고, 월석과 흙 21.55킬로그램을 모아 왔다. 세 사람은 1969년 7월 24일 태평양 바다에 내려앉아 무사히 지구로 돌아왔다. 이 임무로 미국은 1960년대가 끝나기 전에 사람을 달에 보내겠다는 목표를 이루었다.",마이클 콜린스,아폴로 11호,train
화성과 목성 사이 소행성대에서 가장 큰 천체는?,"태양계는 태양과, 그 중력에 붙들려 태양 둘레를 도는 행성, 왜행성, 위성, 소행성, 혜성 같은 천체를 모두 아우르는 말이다. 아래에서는 태양계가 어떻게 생겨났는지 살펴본 뒤, 안쪽에서 바깥쪽으로 나아가며 태양계를 이루는 천체들을 차례로 정리한다.
## 태양계의 탄생
태양계의 나이는 약 46억 년으로 추정된다. 널리 받아들여지는 성운설에 따르면, 우주 공간에 떠 있던 가스와 먼지 구름이 자체 중력으로 뭉치며 회전하기 시작했고, 한가운데에 물질이 모여 태양이 되었다. 태양 둘레에 원반 모양으로 남은 물질은 식으면서 서로 들러붙어 점점 큰 덩어리로 자랐고, 이것들이 행성과 여러 작은 천체가 되었다. 행성들이 거의 같은 평면 위에서 같은 방향으로 태양을 도는 것도 이렇게 하나의 회전하는 원반에서 태어났기 때문으로 설명된다. 오늘날 태양은 태양계 전체 질량의 99.86퍼센트를 차지한다. 지구와 태양 사이의 평균 거리는 1천문단위(AU)라고 하며, 태양계 안의 거리를 나타낼 때 기준으로 쓰인다.
## 안쪽의 암석 행성
태양에 가까운 네 행성인 수성, 금성, 지구, 화성은 단단한 암석 표면을 지녀 지구형 행성이라 부른다. 수성은 지름 4,879킬로미터로 가장 작은 행성이며, 88일 만에 태양을 한 바퀴 돌지만 자전 한 번에는 58.6일이 걸린다. 궤도의 이심률이 0.205로 행성 가운데 가장 찌그러진 궤도를 돈다. 대기가 거의 없어 표면 온도가 영하 173도에서 영상 427도 사이를 크게 오간다. 1974년부터 1975년까지 매리너 10호가 처음으로 수성을 찾아갔고, 메신저 탐사선은 수성 궤도를 돌며 조사하다 2015년 4월 30일 표면에 충돌하며 임무를 마쳤다.
금성은 크기와 질량이 지구와 비슷하지만, 두꺼운 이산화탄소 대기가 강한 온실 효과를 일으켜 표면 온도가 약 464도에 이르며 지표의 기압은 지구의 약 95배이다. 공전에는 224.7일이 걸리는 반면 자전에는 243일이 걸리며, 대부분의 행성과 반대 방향으로 돈다. 화성은 지름 6,779킬로미터로 지구의 절반 정도 크기이고, 하루 길이는 약 24시간 37분으로 지구와 비슷하지만 한 해는 약 687일이다. 표면을 덮은 산화철 때문에 붉게 보이며, 대기는 95퍼센트 넘게 이산화탄소이지만 매우 얇아 기압이 지구의 1퍼센트에도 못 미친다. 두 위성 포보스와 데이모스는 1877년 미국의 천문학자 아사프 홀이 발견했다. 태양계에서 가장 높은 산인 올림푸스산과, 길이 약 4,000킬로미터에 깊이가 7킬로미터에 이르는 마리너스 협곡도 화성에 있다. 2021년 2월 18일에는 탐사 로봇 퍼서비어런스가 예제로 크레이터에 내려앉았고, 함께 간 소형 헬리콥터 인저뉴어티가 화성 하늘을 날았다.
## 소행성대
화성과 목성의 궤도 사이, 태양에서 2.3~3.3천문단위 떨어진 곳에는 수많은 암석 덩어리가 모여 도는 소행성대가 있다. 이 가운데 가장 큰 천체는 지름이 약 1,000킬로미터인 세레스로, 오늘날에는 왜행성으로 분류된다. 소행성대의 천체들은 가까이 있는 목성의 강한 중력에 흔들려 하나의 행성으로 뭉치지 못한 것으로 여겨진다.
## 바깥쪽의 거대 행성
소행성대 바깥에는 목성, 토성, 천왕성, 해왕성의 네 거대 행성이 있으며, 이들을 목성형 행성이라 부른다. 이 행성들은 단단한 표면 없이 주로 수소와 헬륨 같은 가벼운 물질로 이루어져 있고, 모두 고리를 지니고 있다. 토성은 적도 지름이 약 12만 킬로미터로 지구의 9.1배이고 질량은 지구의 약 95배이지만, 평균 밀도는 1세제곱센티미터당 0.7그램으로 물보다 가볍다. 태양을 한 바퀴 도는 데 약 29.5년이 걸리는 데 비해 자전은 약 10시간 33분 만에 마친다. 토성의 고리는 1610년 갈릴레이가 처음 보았으나 그 정체를 알지 못했고, 1655년 하위헌스가 행성을 둘러싼 고리라고 설명했다. 고리는 모래알만 한 것부터 큰 덩어리까지 여러 크기의 얼음 조각으로 이루어져 있다. 토성의 가장 큰 위성인 타이탄은 지름이 약 5,150킬로미터이다.
천왕성은 1781년 3월 13일 윌리엄 허셜이 망원경으로 찾아낸 행성으로, 자전축이 약 98도 기울어져 거의 누운 채로 태양을 돈다. 공전 주기는 84년이며, 대기가 붉은빛을 흡수하고 푸른빛과 초록빛을 되돌려 보내 청록색으로 보인다. 1986년 보이저 2호가 가까이 지나가며 관측했다. 해왕성은 천왕성의 움직임이 계산과 어긋나는 데서 그 존재가 예측되었다. 1846년 9월 23일 독일의 요한 갈레가 프랑스의 위르뱅 르베리에가 계산해 준 위치를 망원경으로 살펴 이 행성을 찾아냈다. 해왕성은 태양에서 약 30천문단위 떨어져 있어 한 바퀴 도는 데 약 164.8년이 걸린다. 대기 속 메테인 때문에 짙푸른 빛을 띠며, 초속 600미터에 이르는 태양계에서 가장 빠른 바람이 분다. 가장 큰 위성인 트리톤은 행성의 자전과 반대 방향으로 공전하는데, 카이퍼대에서 붙잡혀 온 천체로 여겨진다. 1989년 8월 25일 곁을 지나간 보이저 2호는 지금까지 해왕성을 찾아간 유일한 탐사선이다.
## 왜행성과 태양계의 끝자락
1930년 발견된 명왕성은 오랫동안 아홉 번째 행성으로 여겨졌으나, 2006년 국제천문연맹(IAU)이 행성의 정의를 새로 정하면서 왜행성으로 분류가 바뀌었다. 현재 왜행성으로 인정된 천체는 세레스, 명왕성, 하우메아, 마케마케, 에리스 다섯이다. 해왕성 바깥, 태양에서 30~50천문단위 떨어진 지역에는 얼음 천체들이 모인 카이퍼대가 있다. 태양에서 뿜어져 나오는 태양풍은 80~100천문단위 부근에서 급격히 느려지는데, 이 경계를 말단 충격이라 한다. 그보다 훨씬 먼 곳에는 태양에서 약 5만 천문단위, 멀게는 10만 천문단위까지 태양계를 공 모양으로 감싸는 오르트 구름이 있을 것으로 생각된다. 주기가 아주 긴 혜성들은 대부분 이곳에서 날아오는 것으로 여겨진다.",세레스,태양계,train
측우기를 올려 두는 돌 받침은 뭐라고 불러?,"측우기는 비가 내린 양을 재려고 조선 세종 때 만든 기구이다. 1441년, 곧 세종 23년에 처음 만들어졌으며, 세종과 당시 세자였던 문종, 장영실을 비롯한 여러 관리가 제작에 힘을 보탰다. 원통 모양 그릇의 길이는 1자 5치로 약 32센티미터, 지름은 7치로 약 15센티미터였다. 처음에는 쇠로 만들었고, 나중에는 구리나 도자기, 질그릇으로도 만들었다. 측우기를 올려놓는 돌 받침은 측우대라고 부른다.
조선은 같은 규격의 측우기를 전국 관아에 두고 강우량을 보고하게 해, 나라 전체가 통일된 방법으로 비의 양을 기록하는 제도를 갖추었다. 이는 유럽에서 강우량을 재는 기구가 나온 때보다 약 200년 이른 것으로 평가된다. 지금 남아 있는 가장 오래된 측우기는 1837년에 만들어 공주의 충청 감영에 두었던 것이다. 이 측우기는 보물 제561호로 지정되었다가, 측우대 두 점과 함께 국보로 승격되었다.",측우대,측우기,train
킬리만자로 정상 해발 높이,"킬리만자로산은 탄자니아 북동부, 케냐와의 국경 가까이에 홀로 우뚝 솟은 산으로 아프리카에서 가장 높다. 적도에서 남쪽으로 약 340킬로미터 떨어진 남위 3도 부근에 있다. 산은 키보, 마웬시, 시라 세 개의 화산체로 이루어져 있는데, 이 가운데 가장 높고 가장 늦게 생긴 키보의 정상이 해발 5,895미터이다. 키보 분화구 가장자리의 가장 높은 지점은 우후루 봉이라 부른다.
1889년 10월 6일 독일의 지리학자 한스 마이어와 오스트리아의 산악인 루트비히 푸르트셸러가 처음으로 정상에 올랐다. 적도와 가까운 곳이지만 높은 고도 덕분에 정상 부근에는 얼음과 빙하가 남아 있고, 서쪽 사면의 빙하는 해발 4,167미터까지 내려와 있다. 그러나 1912년 10월부터 2011년 6월 사이에 산을 덮고 있던 얼음의 약 85퍼센트가 사라졌다. 산기슭의 열대 숲에서 고산 황무지, 얼음 덮인 꼭대기까지 높이에 따라 전혀 다른 자연 환경이 층층이 이어진다. 1973년 산 일대가 국립 공원으로 지정되었다.","해발 5,895미터",킬리만자로산,train
대륙 이동설을 처음 주장한 과학자,"대륙 이동설은 지금의 대륙들이 먼 옛날 하나로 붙어 있다가 갈라져 서서히 움직여 왔다는 학설이다. 독일의 기상학자 알프레트 베게너가 1912년 1월 6일 독일 지질학회에서 처음 발표했고, 1915년 『대륙과 해양의 기원』이라는 책으로 펴냈다. 그는 모든 대륙이 모여 있던 거대한 땅덩어리를 판게아라고 불렀다.
베게너가 내세운 근거는 여러 가지였다. 남아메리카 동쪽 해안과 아프리카 서쪽 해안의 윤곽이 퍼즐 조각처럼 맞물리고, 민물에 살던 파충류 메소사우루스의 화석이 브라질과 남아프리카에서 함께 나오며, 리스트로사우루스 화석이 아프리카와 인도, 남극에서 두루 발견된다는 점이었다. 지금은 더운 지역에서 옛 빙하가 남긴 흔적이 나타나는 것도 증거로 삼았다. 그러나 대륙을 움직이는 힘을 설명하지 못해 당시 학계는 그의 주장을 받아들이지 않았다. 베게너는 1930년 그린란드 탐사 도중 숨졌다. 1931년 아서 홈스가 맨틀 대류설을 내놓았고, 1960년대 해저 확장설에 이어 1967년 무렵 판 구조론이 정설이 되면서 그의 생각은 다시 인정받았다.",알프레트 베게너,대륙 이동설,train
산재보험료는 누가 내?,"산업재해보상보험은 일하다가 다치거나 병에 걸리거나 숨진 근로자와 그 가족에게 보상을 해 주는 대한민국의 사회 보험으로, 흔히 산재보험이라 부른다. 1963년 산업재해보상보험법이 제정되고 이듬해인 1964년부터 시행되어 한국에서 가장 먼저 도입된 사회 보험이 되었다. 처음에는 근로자 500명 이상인 광업과 제조업 사업장에만 적용되었으나, 점차 대상을 넓혀 2000년에는 근로자 1명 이상인 사업장 대부분이 가입 대상이 되었다. 보험료는 다른 사회 보험과 달리 사업주가 전액 부담한다. 사업주에게 잘못이 있었는지와 관계없이 업무와 관련된 재해이면 보상하는 무과실 책임 원칙을 따른다. 급여로는 치료비를 대는 요양급여, 치료 때문에 일하지 못한 기간의 소득을 보전하는 휴업급여, 장해가 남았을 때의 장해급여, 숨진 근로자의 가족에게 주는 유족급여, 간병급여 등이 있다. 휴업급여는 하루에 평균임금의 70%에 해당하는 금액이다. 보험 업무는 근로복지공단이 맡고 있다.",사업주가 전액 부담,산업재해보상보험,validation
"제주 해녀들이 예전에 무명으로 만든 물옷을 입고 바다에 들어갈 때는 추위 때문에 한 번 물에 들어가면 오래 버티지 못했다고 들었는데, 고무로 된 잠수복이 보급된 뒤로는 한 번 물질을 나갈 때 일할 수 있는 시간이 대략 어느 정도까지 늘어났는지 궁금합니다. 예전보다 얼마나 길어졌는지 알려 주세요.","제주 해녀는 산소통 같은 장비 없이 바닷속으로 들어가 전복, 소라, 성게, 미역 따위를 캐는 제주의 여성 잠수부이다. 물질에 쓰는 도구로는 물에 띄워 몸을 의지하는 테왁, 잡은 것을 담는 그물 주머니인 망사리, 바위에 붙은 전복을 떼어 내는 쇠붙이 빗창, 돌을 뒤집거나 틈을 긁는 까꾸리 등이 있다. 수심 5미터에서는 한 번에 약 32초를 물속에 머물고 물 위에서 46초가량 쉬며, 10미터 깊이에서는 약 43초 잠수한 뒤 85초가량 숨을 고른다. 예전에는 무명으로 지은 물옷을 입어 한 번에 30분에서 1시간 정도밖에 일하지 못했지만, 1970년대에 일본에서 고무 잠수복이 들어오면서 작업 시간이 3~5시간 이상으로 늘었다. 2012년 무렵부터는 바다에서 눈에 잘 띄는 주황색 잠수복을 입기 시작했다. 해녀들은 실력에 따라 함께 작업하고 수확을 나누며 서로의 안전을 돌보는 공동체를 이룬다. 다만 고령화가 뚜렷해 2020년 서귀포시 해녀 1,579명 가운데 91.3%인 1,442명이 60세 이상이었다. 제주 해녀 문화는 2016년 유네스코 인류무형유산에 등재되었고, 해녀는 국가무형문화재 제132호로 지정되었다.",3~5시간 이상,제주 해녀 문화,train
국제패럴림픽위원회 본부는 어느 도시에 있나요?,"패럴림픽은 신체적 장애가 있는 선수들이 참가하는 국제 종합 스포츠 대회이다. 그 출발점은 1948년 영국 스토크맨더빌 병원에서 제2차 세계 대전 중 척수를 다친 참전 군인들을 위해 열린 운동 대회였다. 1960년 로마에서는 23개국의 선수 400명이 참가한 국제 대회가 열렸는데, 이 대회를 제1회 하계 패럴림픽으로 본다. 겨울 대회는 1976년 스웨덴 외른셸스비크에서 처음 열렸다. 1988년 서울 대회부터는 올림픽이 끝난 직후 같은 도시에서 같은 경기장을 써서 패럴림픽을 치르는 방식이 자리 잡았다. 대회를 관장하는 국제패럴림픽위원회는 1989년에 창설되었으며, 본부는 독일 본에 있다. 선수들은 신체 손상, 시각 장애, 지적 장애 등 모두 10개 범주로 나뉜 장애 유형과 정도에 따라 등급을 받아 비슷한 조건의 선수끼리 경쟁한다. 대회 이름에는 올림픽과 나란히 열리는 대회라는 뜻이 담겨 있다.",독일 본,패럴림픽,validation
중국에서는 백두산을 뭐라고 불러?,"백두산은 한반도에서 가장 높은 산으로, 최고봉인 장군봉의 높이는 2,744미터이다. 중국에서는 창바이산이라고 부른다. 여러 차례 분출한 용암과 화산재가 층층이 쌓여 생긴 성층화산이며, 꼭대기에는 지름 약 5킬로미터, 깊이 850미터에 이르는 거대한 칼데라가 있다. 이 칼데라에 물이 고여 생긴 호수가 천지이다. 천지의 수면은 해발 약 2,150미터에 있고, 둘레는 14킬로미터, 평균 수심은 213미터이며 가장 깊은 곳은 384미터에 이른다.
백두산은 946년 무렵 크게 폭발해 100~150세제곱킬로미터에 이르는 화산재와 분출물을 쏟아 냈다. 기록에 남은 가장 최근의 분화는 1925년에 있었다. 이 산은 여러 큰 강의 발원지이기도 하다. 압록강은 서쪽으로 흘러 황해에 이르고, 두만강은 동쪽으로 흘러 동해로 들어가며, 쑹화강은 북쪽의 만주 벌판으로 흘러간다.",창바이산,백두산,train
이 글에서 제1회 하계 대회로 보는 로마 대회에 참가한 나라는 몇 개국인가?,"패럴림픽은 신체적 장애가 있는 선수들이 참가하는 국제 종합 스포츠 대회이다. 그 출발점은 1948년 영국 스토크맨더빌 병원에서 제2차 세계 대전 중 척수를 다친 참전 군인들을 위해 열린 운동 대회였다. 1960년 로마에서는 23개국의 선수 400명이 참가한 국제 대회가 열렸는데, 이 대회를 제1회 하계 패럴림픽으로 본다. 겨울 대회는 1976년 스웨덴 외른셸스비크에서 처음 열렸다. 1988년 서울 대회부터는 올림픽이 끝난 직후 같은 도시에서 같은 경기장을 써서 패럴림픽을 치르는 방식이 자리 잡았다. 대회를 관장하는 국제패럴림픽위원회는 1989년에 창설되었으며, 본부는 독일 본에 있다. 선수들은 신체 손상, 시각 장애, 지적 장애 등 모두 10개 범주로 나뉜 장애 유형과 정도에 따라 등급을 받아 비슷한 조건의 선수끼리 경쟁한다. 대회 이름에는 올림픽과 나란히 열리는 대회라는 뜻이 담겨 있다.",23개국,패럴림픽,train
멘델이 교배 실험에 쓴 식물은 뭐야?,"그레고어 멘델은 1822년 오늘날 체코 땅인 하인첸도르프에서 태어난 과학자이자 성직자이다. 그는 브르노에 있는 성 토마스 아우구스티누스 수도원에 들어가 수도사가 되었고, 1868년에는 수도원장에 올랐다. 멘델은 1856년부터 1863년까지 약 7년 동안 수도원 뜰에서 완두를 길러 교배 실험을 했다. 씨의 모양과 색, 꽃의 색, 줄기의 키처럼 뚜렷하게 구별되는 일곱 쌍의 형질을 골라, 세대를 거듭하며 각 형질이 나타나는 비율을 꼼꼼히 셌다.
그는 이 결과를 정리한 논문 「식물 잡종에 관한 연구」를 1865년 브르노 자연과학회에서 발표했고, 1866년 학회지에 실었다. 그러나 이 연구는 살아 있는 동안 거의 주목받지 못했고, 멘델은 1884년 세상을 떠났다. 1900년 카를 코렌스, 에리히 폰 체르마크, 휘호 더프리스 세 학자가 각자 연구를 하다 멘델의 논문을 다시 찾아내면서 그의 업적이 재발견되었다. 오늘날 멘델은 유전학의 아버지로 불린다.",완두,그레고어 멘델,train
투표 가능 나이가 19세로 낮아진 해,"선거권 연령은 선거에서 투표할 수 있는 최소 나이를 말한다. 대한민국의 선거권 연령은 1948년 정부 수립 당시 21세로 정해졌다. 1960년에 20세로 낮아졌고, 이후 오랫동안 유지되다가 2005년 공직선거법 개정으로 19세가 되었다. 2005년 개정 때에도 18세로 낮추자는 주장이 있었으나 협상 끝에 19세로 정해졌다. 이후 2019년 말 국회를 통과한 공직선거법 개정으로 선거권 연령은 만 18세로 다시 낮아졌고, 2020년 4월 15일에 치러진 제21대 국회의원 선거부터 적용되었다. 이로써 생일이 지난 고등학교 3학년 학생 가운데 일부도 투표에 참여할 수 있게 되었다. 2022년에는 국회의원과 지방 선거에 출마할 수 있는 피선거권 나이도 만 25세에서 만 18세로 낮아졌다. 선거권 연령을 만 18세로 두는 것은 경제협력개발기구 회원국 대부분과 같은 기준이다.",2005년,선거권 연령,train
남사당놀이 종목 중 덜미는 무슨 공연인가요?,"남사당놀이는 조선 후기에 남자들로만 이루어진 떠돌이 놀이패인 남사당패가 장터와 마을을 돌며 벌이던 종합 공연이다. 남사당패는 꼭두쇠라 부르는 우두머리를 중심으로 적어도 40명, 많을 때는 50명이 넘는 인원이 함께 움직였다. 경기도 안성과 진위 등이 이들의 주요 근거지로 꼽힌다. 공연은 여섯 종목으로 짜였다. 풍물은 꽹과리와 징, 장구, 북 등을 치며 벌이는 농악이고, 버나는 쳇바퀴나 대접을 막대기 끝에 올려 돌리는 재주이다. 살판은 땅 위에서 몸을 날리며 펼치는 땅재주, 어름은 줄 위를 걷는 줄타기, 덧뵈기는 탈을 쓰고 하는 탈놀음, 덜미는 꼭두각시 인형을 놀리는 인형극이다. 이들은 농사일이 한가한 철을 중심으로 고을을 떠돌며 공연했으나, 전쟁과 산업화를 거치며 활동이 크게 줄었다. 남사당놀이는 1964년 12월 7일 국가무형문화재 제3호로 지정되었으며, 2009년 9월 유네스코 인류무형유산에 이름을 올렸다.",꼭두각시 인형을 놀리는 인형극,남사당놀이,validation
웹 망원경 주거울은 육각형 조각 몇 개로 되어 있나요?,"제임스 웹 우주 망원경은 2021년 12월 25일 남아메리카 프랑스령 기아나의 기아나 우주 센터에서 아리안 5 로켓에 실려 발사된 적외선 우주 망원경이다. 미국 항공우주국(NASA)이 개발을 주도했고, 유럽 우주국(ESA)과 캐나다 우주국(CSA)이 함께 참여했다. 이름은 1961년부터 1968년까지 NASA의 책임자로서 머큐리, 제미니, 아폴로 계획을 이끈 제임스 웹에게서 따왔다.
주거울은 지름 6.5미터로, 베릴륨으로 만든 육각형 조각 18개를 이어 붙이고 겉면에 금을 얇게 입혔다. 망원경은 지구에서 약 150만 킬로미터 떨어진 태양-지구 제2 라그랑주점(L2) 둘레를 돈다. 펼친 크기가 약 14미터×21미터인 차양은 머리카락처럼 얇은 막 다섯 겹으로 되어 있어 햇빛과 열을 가려 주며, 이 덕분에 관측 장비를 50켈빈 아래의 매우 낮은 온도로 유지할 수 있다. 관측하는 빛의 파장은 0.6~28.3마이크로미터이며, 첫 공식 사진은 2022년 7월 12일에 공개되었다.",18개,제임스 웹 우주 망원경,train
주기율표를 맨 처음 발표한 러시아 화학자,"주기율표는 화학 원소를 원자 번호 순서대로 늘어놓되, 성질이 비슷한 원소끼리 같은 세로줄에 오도록 배열한 표이다. 러시아의 화학자 드미트리 멘델레예프가 1869년 3월 6일 러시아 화학회에서 처음 발표했다. 당시에는 60여 개의 원소만 알려져 있었는데, 멘델레예프는 표의 빈칸에 들어갈 원소가 아직 발견되지 않았을 뿐이라고 보고 그 성질을 미리 내다봤다. 그가 에카알루미늄이라 부른 원소는 1875년 갈륨으로, 에카붕소는 1879년 스칸듐으로, 에카규소는 1886년 저마늄으로 실제 발견되어 예측이 들어맞았다.
오늘날 주기율표에는 118개의 원소가 실려 있으며, 이 가운데 94번까지는 지구 자연에서 발견되고 나머지 24개는 사람이 인공적으로 만들어 낸 원소이다. 세로줄인 족은 18개, 가로줄인 주기는 7개이다. 2016년 113번 니호늄, 115번 모스코븀, 117번 테네신, 118번 오가네손의 이름이 공식 승인되면서 제7주기의 이름이 모두 채워졌다. 원소 101번 멘델레븀은 멘델레예프의 이름을 딴 것이다.",드미트리 멘델레예프,주기율표,train
직지가 세계에서 가장 오래된 금속활자본이라고 처음 알린 사람은?,"『백운화상초록불조직지심체요절』은 고려 말의 승려 백운화상 경한이 부처와 이름난 스님들의 가르침 가운데 요긴한 대목을 가려 엮은 책으로, 줄여서 직지라고 부른다. 경한은 1372년에 이 책을 엮었으며, 1377년 청주 흥덕사에서 금속 활자로 인쇄되었다. 이듬해인 1378년에는 여주 취암사에서 목판본이 간행되었다. 원래 상권과 하권 두 권이었지만 금속 활자본은 하권 한 권만 남아 있고, 이 책은 현재 프랑스 파리의 프랑스 국립도서관이 소장하고 있다.
19세기 말 조선에 머물던 프랑스 외교관 콜랭 드 플랑시가 이 책을 손에 넣었다. 1911년 경매에서 수집가 앙리 베베르가 180프랑에 사들였고, 그의 상속인들이 1950년 국립도서관에 기증했다. 1972년 박병선은 이 책이 현존하는 가장 오래된 금속 활자 인쇄본임을 세상에 알렸다. 구텐베르크 성서보다 78년가량 앞서며, 2001년 9월 4일 유네스코 세계기록유산에 등재되었다. 목판본은 1992년 보물로 지정되었다.",박병선,직지,train
사업주에게 잘못이 있었는지와 관계없이 업무와 관련된 재해이면 보상하는 무과실 책임 원칙을 따른다,"산업재해보상보험은 일하다가 다치거나 병에 걸리거나 숨진 근로자와 그 가족에게 보상을 해 주는 대한민국의 사회 보험으로, 흔히 산재보험이라 부른다. 1963년 산업재해보상보험법이 제정되고 이듬해인 1964년부터 시행되어 한국에서 가장 먼저 도입된 사회 보험이 되었다. 처음에는 근로자 500명 이상인 광업과 제조업 사업장에만 적용되었으나, 점차 대상을 넓혀 2000년에는 근로자 1명 이상인 사업장 대부분이 가입 대상이 되었다. 보험료는 다른 사회 보험과 달리 사업주가 전액 부담한다. 사업주에게 잘못이 있었는지와 관계없이 업무와 관련된 재해이면 보상하는 무과실 책임 원칙을 따른다. 급여로는 치료비를 대는 요양급여, 치료 때문에 일하지 못한 기간의 소득을 보전하는 휴업급여, 장해가 남았을 때의 장해급여, 숨진 근로자의 가족에게 주는 유족급여, 간병급여 등이 있다. 휴업급여는 하루에 평균임금의 70%에 해당하는 금액이다. 보험 업무는 근로복지공단이 맡고 있다.",사업주에게,산업재해보상보험,train
DNA 이중나선 구조가 발표된 해,"DNA는 생물의 유전 정보를 담은 분자로, 두 가닥의 사슬이 서로 감겨 나선 계단 같은 모양을 이룬다. 이 이중 나선 구조는 1953년 제임스 왓슨과 프랜시스 크릭이 과학 학술지 《네이처》에 발표했다. 구조를 밝히는 데 결정적인 단서가 된 것은 로절린드 프랭클린이 1952년에 찍은 X선 회절 사진으로, 흔히 사진 51이라고 부른다. 왓슨과 크릭은 모리스 윌킨스와 함께 1962년 노벨 생리의학상을 받았으나, 1958년에 세상을 떠난 프랭클린은 수상자에 들지 못했다.
DNA를 이루는 염기는 아데닌(A), 티민(T), 구아닌(G), 시토신(C) 네 가지이다. 두 가닥 사이에서 아데닌은 티민과 수소 결합 두 개로, 구아닌은 시토신과 수소 결합 세 개로 짝을 이룬다. 나선의 지름은 약 2나노미터이며, 가장 흔한 B형 DNA는 한 바퀴를 도는 동안 염기쌍 10개가 쌓인다. 핵산 자체는 이보다 훨씬 앞선 1869년 스위스의 프리드리히 미셔가 처음 분리했다. 사람의 유전체를 모두 읽어 내려는 인간 게놈 프로젝트는 2003년에 완료되었다.",1953년,DNA 이중 나선,train
주민번호가 12자리에서 13자리로 바뀐 해,"주민등록증은 주민등록법에 따라 대한민국 국민임을 증명하는 신분증으로, 만 17세 이상이면 발급받아야 한다. 카드에는 사진과 이름, 주민등록번호, 처음 발급받을 때의 주소가 적히고, 뒷면에는 오른손 엄지손가락 지문이 담긴다. 주민등록번호는 1968년 처음 도입되었는데, 그해 10월 말부터 모든 국민에게 12자리 번호가 매겨졌고 11월 21일부터 18세 이상 국민에게 주민등록증이 발급되었다. 당시 번호의 앞 여섯 자리는 등록 지역을, 뒤 여섯 자리는 성별과 등록 순서를 나타냈다. 1975년 법 개정으로 번호는 지금과 같은 13자리가 되었고, 앞자리에는 생년월일이 들어가게 되었다. 종이로 만들던 증은 1999년부터 이듬해까지 국제 규격에 맞춘 플라스틱 카드로 바뀌면서 위조를 막는 홀로그램이 들어갔다. 2025년 3월 14일부터는 스마트폰에 담아 쓰는 모바일 주민등록증을 전국에서 발급받을 수 있게 되었으며, 실물 카드와 같은 법적 효력을 가진다.",1975년,주민등록증,train
국민 누구나 의료보험 혜택을 받게 된 건 언제부터인가요?,"국민건강보험은 국민이 소득에 따라 보험료를 내고, 병에 걸리거나 다쳤을 때 진료비의 상당 부분을 보험에서 대신 치르도록 한 대한민국의 공적 의료 보장 제도이다. 법에 따라 국내에 사는 거의 모든 사람이 가입 대상이 되며, 하나의 공공 기관이 보험자 역할을 맡는 단일 보험 체계로 운영된다.

## 제도의 출발
의료보험에 관한 첫 법률은 1963년에 만들어진 의료보험법이다. 그러나 이 법은 가입 여부를 사업장의 선택에 맡겼기 때문에 실제로 보험에 든 사람은 매우 적었다. 제도가 본격적으로 움직이기 시작한 것은 1977년 7월 1일로, 이날부터 근로자 500명 이상인 사업장은 의무적으로 의료보험에 가입해야 했다. 이렇게 직장을 중심으로 시작된 보험은 1979년 공무원과 사립학교 교직원에게로 넓혀졌고, 이어 적용 사업장의 규모 기준도 차례로 낮아졌다.

## 전 국민 의료보험
직장에 다니지 않는 농어민과 자영업자는 한동안 보험 밖에 남아 있었다. 1988년 농어촌 지역 주민을 대상으로 한 지역 의료보험이 시행되었고, 이듬해인 1989년 7월 1일 도시 지역 주민까지 가입 대상이 되면서 모든 국민이 의료보험의 보호를 받게 되었다. 강제 적용을 시작한 지 12년 만의 일로, 다른 나라들과 비교해도 짧은 기간에 이룬 확대로 평가된다. 이 무렵 의료보험은 직장 가입자를 위한 직장 의료보험, 지역 주민을 위한 지역 의료보험, 공무원과 교직원을 위한 의료보험으로 나뉘어 있었고, 수많은 조합이 따로따로 보험을 운영했다.

## 보험자의 통합
조합마다 재정 형편이 달라 보험료와 혜택에 차이가 생기자 여러 조합을 하나로 묶는 작업이 이어졌다. 1998년 10월 지역 의료보험 조합들과 공무원·교직원 의료보험을 합쳐 국민의료보험관리공단이 출범했다. 2000년 7월 1일에는 여기에 139개 직장 의료보험 조합까지 통합되어 국민건강보험공단이 탄생했고, 제도의 이름도 의료보험에서 건강보험으로 바뀌었다. 같은 해 병원과 의원이 청구한 진료비가 알맞은지 따지고 진료의 질을 평가하는 건강보험심사평가원도 세워졌다. 조직을 합친 뒤에도 직장 가입자와 지역 가입자의 돈 주머니는 한동안 따로 관리되다가, 2003년 7월 두 재정이 하나로 통합되면서 사실상 통합이 마무리되었다.

## 보험료
가입자는 크게 직장 가입자와 지역 가입자로 나뉜다. 직장 가입자의 보험료는 매달 받는 보수에 보험료율을 곱해 정하며, 이를 근로자와 사업주가 절반씩 나누어 낸다. 보험료율은 2025년 7.09%였고, 2026년에는 7.19%로 올라 근로자와 사업주가 각각 3.595%씩 부담한다. 이에 따라 직장 가입자 한 사람이 내는 월평균 보험료는 2025년 15만 8,464원에서 2026년 16만 699원으로 늘었다. 지역 가입자는 월급이 따로 없으므로 소득과 재산 등을 점수로 바꾸어 보험료를 매긴다. 2022년 9월에는 지역 가입자 보험료에서 소득이 차지하는 비중을 높이고 재산에 매기는 몫을 줄이는 개편이 있었고, 2024년 2월부터는 자동차에 매기던 보험료가 없어졌다. 직장 가입자의 보험료에는 너무 많거나 적게 매겨지지 않도록 상한과 하한이 정해져 있다. 정부도 해마다 예산으로 보험 재정의 일부를 지원한다.

## 진료와 본인 부담
건강보험 가입자는 병원이나 약국을 이용할 때 전체 비용 가운데 일부만 직접 내고, 나머지는 공단이 의료 기관에 지급한다. 입원했을 때 환자가 내는 몫은 대체로 진료비의 20%이며, 외래 진료는 의료 기관의 종류와 규모에 따라 부담 비율이 달라진다. 큰 병으로 의료비가 한꺼번에 많이 들 때 가계가 무너지지 않도록, 한 해 동안 낸 본인 부담금이 정해진 한도를 넘으면 넘은 만큼을 돌려주는 본인부담상한제가 2004년에 도입되었다. 또한 병을 일찍 발견하기 위해 가입자에게 대체로 2년에 한 번씩 일반 건강 검진을 제공한다. 2024년 5월 20일부터는 다른 사람의 자격을 빌려 진료받는 일을 막기 위해, 병원이나 의원에서 진료를 받을 때 신분증 등으로 본인임을 확인하도록 했다. 생활이 어려워 의료급여를 받는 사람은 건강보험 대신 나라가 진료비를 지원하는 의료급여 제도의 적용을 받는다.

## 의료 기관과 가입자
대한민국의 병원과 의원, 약국은 원칙적으로 모두 건강보험 환자를 받아야 한다. 이를 요양기관 당연지정제라 하며, 환자는 어느 의료 기관을 찾아가든 같은 기준으로 건강보험 혜택을 받는다. 공단이 보험자가 된 2000년 7월에는 의사는 처방을 하고 약사는 약을 짓도록 역할을 나눈 의약분업도 함께 시행되었다. 직장 가입자에게 생계를 기대는 배우자나 부모, 자녀 같은 가족은 일정한 소득과 재산 기준을 넘지 않으면 피부양자가 되어 따로 보험료를 내지 않고 혜택을 받는다. 국내에 6개월 이상 머무는 외국인은 2019년 7월부터 건강보험 가입이 의무가 되었다. 암이나 희귀 질환처럼 치료비 부담이 큰 병을 앓는 환자에게는 본인 부담 비율을 크게 낮춰 주는 산정특례 제도가 있어, 암 환자는 진료비의 5%만 부담한다.

## 운영 기관
보험료를 걷고 가입자의 자격을 관리하며 진료비를 지급하는 일은 국민건강보험공단이 맡고, 의료 기관이 청구한 진료비가 알맞은지 심사하는 일은 건강보험심사평가원이 맡는다. 두 기관의 본부는 모두 원주에 있다. 건강보험 정책의 큰 틀과 보험료율은 보건복지부 장관 소속의 건강보험정책심의위원회에서 정한다.",1989년 7월 1일,국민건강보험,validation
다윈과 논문을 함께 발표한 박물학자는 누구인가요?,"『종의 기원』은 영국의 박물학자 찰스 다윈이 1859년 11월 24일 펴낸 책으로, 자연 선택에 의한 진화를 체계적으로 설명했다. 정식 제목은 『자연 선택에 의한 종의 기원, 또는 생존 경쟁에서 유리한 품종의 보존에 관하여』이다. 초판은 1,500부를 찍었는데 출간 첫날 모두 팔려 나갔다. 책의 요지는 환경에 더 잘 맞는 변이를 지닌 개체일수록 살아남아 자손을 남기기 쉽고, 이런 과정이 오랜 세월 쌓이면 새로운 종이 생겨난다는 것이다.
다윈은 1831년부터 1836년까지 영국 해군의 측량선 비글호를 타고 세계를 돌며 동식물과 화석, 지층을 관찰했다. 특히 갈라파고스 제도에서 섬마다 조금씩 다른 생물을 본 경험은 그의 생각에 큰 영향을 주었다. 비슷한 결론에 이른 앨프리드 러셀 월리스와 다윈의 논문은 책이 나오기 한 해 전인 1858년 함께 발표되었다. 다윈은 살아 있는 동안 여섯 판까지 책을 고쳐 냈으며, 1872년에 나온 제6판이 그가 마지막으로 손본 판이다.",앨프리드 러셀 월리스,종의 기원,test
모시오아툰야는 무슨 뜻이야?,"빅토리아 폭포는 아프리카 남부의 잠베지강에 있는 폭포로, 잠비아와 짐바브웨의 국경에 걸쳐 있다. 폭포의 너비는 약 1,708미터, 높이는 108미터로, 한 줄로 이어져 떨어지는 물의 장막으로는 세계에서 손꼽히게 크다. 현지에서는 천둥 치는 연기라는 뜻의 모시오아툰야라고 부르는데, 물이 떨어지며 피어오르는 물보라가 400미터 넘게 솟아 멀리서도 연기처럼 보이기 때문이다.
스코틀랜드의 탐험가 데이비드 리빙스턴은 1855년 11월 16일 폭포 위쪽의 섬에서 이 폭포를 바라보고, 영국 빅토리아 여왕의 이름을 따 빅토리아 폭포라고 불렀다. 그가 폭포를 내려다본 섬은 오늘날 리빙스턴섬이라 불린다. 폭포 아래 협곡에는 1905년 두 나라를 잇는 빅토리아 폭포 다리가 놓였다. 1989년 유네스코 세계유산으로 등재되었으며, 유네스코는 빅토리아 폭포와 모시오아툰야라는 두 이름을 함께 쓴다. 건기인 9월부터 1월 사이에는 절벽의 절반 가까이가 말라 바위가 드러나기도 한다.",천둥 치는 연기,빅토리아 폭포,validation
항저우 아시안게임이 2023년으로 늦춰진 까닭은?,"아시안 게임은 아시아 나라들이 4년마다 모여 여러 종목을 겨루는 종합 스포츠 대회이다. 아시아올림픽평의회가 국제올림픽위원회의 감독 아래 대회를 주관한다. 1982년 아시아올림픽평의회가 생기기 전까지는 아시안게임연맹이 대회를 이끌었다. 제1회 대회는 1951년 인도 뉴델리에서 열렸고, 11개국이 참가했다. 대한민국은 전쟁 중이던 탓에 첫 대회에만 나가지 못했고 그 뒤로는 빠짐없이 출전했다. 한국에서는 지금까지 세 번 대회가 열렸는데, 1986년 제10회 서울 대회, 2002년 제14회 부산 대회, 2014년 제17회 인천 대회가 그것이다. 원래 2022년 중국 항저우에서 열릴 예정이던 제19회 대회는 코로나19 유행 때문에 1년 미뤄져 2023년에 치러졌다. 올림픽과 마찬가지로 1위부터 3위까지 금, 은, 동메달을 주며, 올림픽에는 없는 아시아 지역의 전통 종목이 함께 치러지기도 한다.",코로나19 유행,아시안 게임,train
바이칼호 물이 빠져나가는 유일한 강은?,"바이칼호는 러시아 시베리아 남쪽, 이르쿠츠크주와 부랴티야 공화국 사이에 있는 호수로, 세계에서 가장 깊은 호수이다. 가장 깊은 곳의 수심은 1,642미터이며, 길이는 636킬로미터, 넓이는 31,722제곱킬로미터이다. 담긴 물은 약 23,615세제곱킬로미터로, 지구 표면에 있는 민물의 약 20퍼센트에 해당한다. 약 2,500만~3,000만 년 전에 생긴 것으로 보여 지구에서 가장 오래된 호수 가운데 하나로 꼽힌다.
셀렝가강을 비롯한 여러 강이 흘러들지만, 호수에서 흘러 나가는 강은 앙가라강 하나뿐이다. 호수 안에는 섬이 27개 있으며, 가장 큰 섬은 올혼섬이다. 호수에 사는 수중 생물 종의 60퍼센트 이상이 이곳에만 사는 고유종인데, 민물에 사는 물범인 네르파가 대표적이다. 겨울에는 1월부터 5월까지 호수 표면이 얼어붙는다. 1996년 유네스코 세계유산으로 등재되었다.",앙가라강,바이칼호,validation
추석이 하루짜리 법정 휴일로 처음 정해진 건 몇 년이에요?,"추석은 음력 8월 15일로, 한 해 농사의 결실을 거두고 조상에게 감사하는 한국의 큰 명절이다. 한가위 또는 중추절이라고도 한다. 한가위라는 이름은 신라의 가배에서 비롯되었다고 본다. 삼국사기에 따르면 신라 유리왕 9년인 서기 32년, 왕이 도읍의 여섯 부 여자들을 두 편으로 나누어 음력 7월 16일부터 한 달 동안 길쌈 솜씨를 겨루게 하고, 8월 15일에 성과를 따져 진 편이 이긴 편에게 술과 음식을 대접하게 했다. 이때 진 편의 한 여자가 일어나 춤추며 탄식한 소리를 바탕으로 회소곡이라는 노래가 지어졌다고 한다. 추석날에는 햇곡식으로 차례를 지내고 조상의 산소를 찾아 성묘하며, 반달 모양으로 빚은 송편과 토란국을 먹는다. 광복 뒤 1949년에 추석 당일이 처음 공휴일이 되었고, 1986년에는 다음 날이 더해졌으며, 1989년부터 전날까지 포함한 사흘 연휴가 되었다. 연휴마다 고향을 찾는 사람들이 한꺼번에 움직여 전국의 도로와 철도가 크게 붐빈다.",1949년,추석,train
투르 드 프랑스에서 산악 왕이 입는 옷은 어떤 무늬야?,"투르 드 프랑스는 해마다 7월에 약 3주 동안 프랑스 곳곳을 달리는 프로 도로 사이클 대회이다. 1903년 한 스포츠 신문의 편집장 앙리 데그랑주가 경쟁 신문의 자전거 대회에 맞서 신문 판매를 늘리려는 목적으로 처음 열었다. 대회는 20여 개의 구간으로 이루어지며, 전체 거리는 해마다 달라 대략 3,000킬로미터에서 4,000킬로미터에 이른다. 종합 우승자는 모든 구간의 기록을 더한 시간이 가장 짧은 선수이다. 구간마다 종합 선두는 노란색 저지를, 구간 순위에 따른 점수 부문 선두는 초록색 저지를, 산악 구간 성적이 가장 좋은 선수는 흰 바탕에 빨간 물방울무늬 저지를 입는다. 1975년부터는 파리 샹젤리제 거리에서 마지막 구간을 마무리하고 있다. 두 차례 세계 대전 기간을 빼고는 거의 해마다 열렸다. 이탈리아의 지로 디탈리아, 스페인의 부엘타 아 에스파냐와 함께 3대 그랜드 투어로 불린다.",흰 바탕에 빨간 물방울무늬 저지,투르 드 프랑스,train
챌린저 해연 수심,"마리아나 해구는 서태평양 마리아나 제도의 동쪽 바다 밑에 있는 해구로, 지구에서 가장 깊은 곳이 이곳에 있다. 초승달 모양으로 길게 휘어 있으며, 길이는 약 2,550킬로미터, 너비는 약 69킬로미터이다. 가장 깊은 곳은 해구 남쪽 끝의 챌린저 해연으로, 수심이 약 10,984미터에 이른다. 이 이름은 1875년 이곳의 깊이를 처음 잰 영국의 탐사선 챌린저호에서 따왔다.
해구는 태평양판이 서쪽의 더 작은 마리아나판 아래로 파고들면서 생겼다. 약 1만 1천 미터 깊이에서는 물의 압력이 해수면 대기압의 약 1,071배에 달한다. 1960년 1월 23일 잠수정 트리에스테호가 돈 월시와 자크 피카르를 태우고 처음으로 해구 바닥에 닿았다. 2012년 3월 26일에는 영화감독 제임스 캐머런이 혼자 탄 잠수정 딥시 챌린저호로 10,908미터 깊이까지 내려갔다.","약 10,984미터",마리아나 해구,test
국민참여재판은 언제부터 시행됐어?,"국민참여재판은 일반 국민이 배심원으로 형사 재판에 참여해 유죄인지 무죄인지와 알맞은 형벌에 대해 의견을 내는 대한민국의 재판 제도이다. 2007년 국민의 형사재판 참여에 관한 법률이 제정되어 2008년 1월 1일부터 시행되었다. 모든 사건이 대상이 되는 것은 아니며, 지방법원 합의부가 1심을 맡는 형사 사건 가운데 피고인이 원할 때에만 열린다. 배심원은 해당 지역에 사는 만 20세 이상 국민 가운데 무작위로 뽑으며, 판사와 검사, 변호사 같은 법률 전문가는 배심원이 될 수 없다. 배심원 수는 사건의 무게에 따라 다르다. 법정형이 사형이나 무기징역인 사건은 9명, 그 밖의 사건은 7명이 참여하고, 피고인이 공소 사실의 주요 내용을 인정한 경우에는 5명으로 할 수 있다. 결원에 대비해 예비 배심원도 둔다. 배심원들의 평결은 판사를 법적으로 구속하지 않고 권고하는 효력만 가진다는 점에서 미국의 배심 재판과 다르다. 다만 판사가 평결과 다른 판결을 내릴 때에는 피고인에게 그 이유를 설명해야 한다.",2008년 1월 1일,국민참여재판,train
올림픽 태권도는 남녀 각각 체급이 몇 개인가요?,"태권도는 손과 발을 써서 치고 막고 차는 기술을 익히는 한국의 무술이자 올림픽 격투 종목이다. 1961년에 생긴 대한태수도협회가 1965년 대한태권도협회로 이름을 바꾸면서 태권도라는 이름이 널리 자리를 잡았다. 1972년에는 수련과 단증 심사를 맡는 중앙 도장인 국기원이 서울에 세워졌고, 이듬해인 1973년 국제 경기를 관장하는 세계태권도연맹이 창설되었다. 수련은 정해진 순서대로 공격과 방어 동작을 이어 가는 품새와, 두 사람이 실제로 맞서는 겨루기로 나뉘며, 실력은 띠의 색과 단으로 구분한다. 1988년 서울 올림픽에서 시범 종목으로 처음 선을 보였고, 2000년 시드니 올림픽부터 정식 종목이 되었다. 올림픽에서는 남녀 각각 네 체급으로 겨루며, 몸통에는 타격을 감지하는 전자 호구를 입혀 점수를 자동으로 판정한다. 오늘날 세계태권도연맹에는 아시아와 유럽, 아프리카, 아메리카, 오세아니아의 200여 개 나라가 가입해 있다.",네 체급,태권도,train
1986년에 핼리 혜성 핵을 근접 촬영한 탐사선,"핼리 혜성은 약 75~76년마다 태양 가까이 돌아오는 주기 혜성으로, 맨눈으로 볼 수 있는 단주기 혜성으로는 유일하다. 이름은 영국의 천문학자 에드먼드 핼리에게서 왔다. 핼리는 예전에 나타난 혜성들의 기록을 비교해 이들이 같은 천체라고 보고 1758년에 다시 돌아올 것이라 예측했다. 그가 세상을 떠난 뒤 혜성이 실제로 나타나면서 예측이 옳았음이 확인되었다.
가장 최근 태양에 가장 가까이 다가간 때는 1986년 2월 9일이었고, 다음 근일점 통과는 2061년 7월 28일로 예상된다. 1986년 접근 때에는 여러 탐사선이 혜성을 찾아갔으며, 유럽의 조토 탐사선은 혜성의 핵을 가까이에서 촬영했다. 핵의 크기는 가로 14.9킬로미터, 세로 8.2킬로미터 정도이고, 주로 얼음과 먼지로 이루어져 있다. 해마다 5월 무렵의 물병자리 에타 유성우와 10월 무렵의 오리온자리 유성우는 이 혜성이 흘린 부스러기가 지구 대기로 떨어지며 생긴다. 1066년에 나타난 모습은 바이외 태피스트리에 수놓여 전한다.",조토 탐사선,핼리 혜성,train
배구는 처음에 어떤 이름으로 불렸나요?,"배구는 여섯 명씩 이룬 두 팀이 네트를 사이에 두고 공을 손이나 팔로 쳐서 상대 코트에 떨어뜨리는 구기 종목이다. 1895년 미국 매사추세츠주 홀리오크의 YMCA 체육부장이던 윌리엄 G. 모건이 처음 고안했으며, 초기에는 민토넷이라는 이름으로 불렸다. 코트는 길이 18미터, 너비 9미터이고, 네트 높이는 남자 경기가 2.43미터, 여자 경기가 2.24미터이다. 한 세트는 먼저 25점을 얻는 팀이 가져가며, 두 팀이 두 세트씩 나눠 가진 뒤 치르는 다섯 번째 세트만 15점으로 끝낸다. 선수는 공을 올려 주는 세터, 가운데에서 가로막기를 맡는 미들 블로커, 측면 공격수 등으로 역할을 나눈다. 수비만 전담하며 다른 선수와 다른 색 유니폼을 입는 리베로는 1998년에 도입되었다. 배구는 1964년 제18회 도쿄 올림픽에서 처음으로 올림픽 종목으로 채택되었다.",민토넷,배구,validation
동의보감에서 침과 뜸을 다룬 부분의 이름은?,"동의보감은 조선의 의관 허준이 편찬한 의학 백과사전이다. 선조의 명을 받아 1596년에 편찬을 시작했으며, 전란으로 작업이 멈추는 어려움을 겪은 끝에 1610년에 완성되었다. 책으로 찍어 펴낸 해는 1613년이다. 전체는 25권으로, 내경편 4권, 외형편 4권, 잡병편 11권, 탕액편 3권, 침구편 1권에 목차 2권이 더해져 있다.
내경편은 몸 안의 장기와 정기, 기운을 다루고, 외형편은 머리에서 발끝까지 겉으로 드러나는 부위를 다룬다. 잡병편은 여러 가지 병의 원인과 치료법을 설명하고, 탕액편은 약재의 성질과 쓰임을 정리했으며, 침구편은 침과 뜸 놓는 법을 적었다. 이렇게 분야별로 정리된 구성 덕분에 조선뿐 아니라 이웃 나라에서도 널리 읽혔다. 2009년 7월 31일 유네스코 세계기록유산에 등재되었고, 2015년 6월 22일에는 국보 제319호로 지정되었다.",침구편,동의보감,train
셔틀콕에는 깃털이 몇 개 꽂혀 있나요?,"배드민턴은 네트를 사이에 두고 라켓으로 셔틀콕을 쳐 넘기며 점수를 겨루는 구기 종목이다. 19세기 인도 푸나에 머물던 영국 군인들이 라켓으로 깃털 공을 주고받던 옛 놀이에 네트를 더해 즐긴 것이 시작으로 알려져 있다. 1873년 잉글랜드 글로스터셔에 있는 보퍼트 공작의 저택 배드민턴 하우스에서 이 경기가 소개된 것을 계기로 오늘날의 이름이 붙었고, 1893년 잉글랜드 배드민턴 협회가 공식 규칙을 정했다. 셔틀콕은 둥근 코르크 받침에 깃털 16개를 꽂아 원뿔 모양으로 만든다. 코트는 길이 13.4미터, 너비 6.1미터이며, 네트는 양쪽 기둥에서 1.55미터, 가운데에서 1.524미터 높이로 친다. 경기는 랠리마다 점수가 나는 21점제로 치르며 3게임 가운데 2게임을 먼저 이기는 쪽이 승리한다. 가장 강한 공격 기술은 높이 뜬 셔틀콕을 내리꽂는 스매시이다. 1992년 바르셀로나 올림픽에서 정식 종목이 되었고, 지금 올림픽에서는 남녀 단식과 복식, 혼합 복식의 다섯 종목이 열린다.",깃털 16개,배드민턴,train
남사당패의 우두머리를 가리키는 말,"남사당놀이는 조선 후기에 남자들로만 이루어진 떠돌이 놀이패인 남사당패가 장터와 마을을 돌며 벌이던 종합 공연이다. 남사당패는 꼭두쇠라 부르는 우두머리를 중심으로 적어도 40명, 많을 때는 50명이 넘는 인원이 함께 움직였다. 경기도 안성과 진위 등이 이들의 주요 근거지로 꼽힌다. 공연은 여섯 종목으로 짜였다. 풍물은 꽹과리와 징, 장구, 북 등을 치며 벌이는 농악이고, 버나는 쳇바퀴나 대접을 막대기 끝에 올려 돌리는 재주이다. 살판은 땅 위에서 몸을 날리며 펼치는 땅재주, 어름은 줄 위를 걷는 줄타기, 덧뵈기는 탈을 쓰고 하는 탈놀음, 덜미는 꼭두각시 인형을 놀리는 인형극이다. 이들은 농사일이 한가한 철을 중심으로 고을을 떠돌며 공연했으나, 전쟁과 산업화를 거치며 활동이 크게 줄었다. 남사당놀이는 1964년 12월 7일 국가무형문화재 제3호로 지정되었으며, 2009년 9월 유네스코 인류무형유산에 이름을 올렸다.",꼭두쇠,남사당놀이,train
헌법재판소가 문을 연 날,"헌법재판소는 법률이 헌법에 맞는지를 판단하고 헌법과 관련된 분쟁을 해결하는 대한민국의 최고 헌법 기관이다. 1987년 헌법 개정에 따라 1988년 9월 1일 문을 열었다. 이전에도 헌법위원회가 법률의 위헌 여부를 심사하는 기구로 있었지만 실제 역할은 크지 않았다. 재판관은 모두 9명이며, 대통령이 임명하되 그 가운데 3명은 국회가 선출하고 3명은 대법원장이 지명한 사람을 임명한다. 재판관 임기는 6년이고 연임할 수 있다. 헌법재판소가 다루는 일은 다섯 가지이다. 법원의 제청에 따라 법률의 위헌 여부를 가리는 위헌법률심판, 고위 공직자의 파면 여부를 정하는 탄핵심판, 위헌 정당의 해산 여부를 정하는 정당해산심판, 국가 기관 사이의 권한 다툼을 푸는 권한쟁의심판, 공권력 때문에 기본권을 침해당한 국민이 직접 청구하는 헌법소원심판이 그것이다. 법률의 위헌 결정, 탄핵 결정, 정당 해산 결정, 헌법소원 인용 결정을 하려면 재판관 6명 이상이 찬성해야 한다. 청사는 서울 종로구 재동에 있다.",1988년 9월 1일,헌법재판소,train
메주를 건져 된장과 간장으로 나누는 일을 뭐라고 해?,"장 담그기는 콩을 발효시켜 된장, 간장, 고추장 같은 짠맛의 양념을 만들고 보관하는 한국의 음식 문화이다. 먼저 콩을 삶아 찧은 뒤 네모나게 뭉쳐 말리고 띄워 메주를 만든다. 잘 뜬 메주를 소금물에 담가 두면 발효가 진행되고, 일정 기간이 지나 메주를 건져 내는 장 가르기를 하면 건더기는 된장으로, 남은 물은 간장으로 따로 숙성시킨다. 한 번의 과정으로 된장과 간장 두 가지를 함께 얻는다는 점, 그리고 몇 해 묵은 간장에 새로 담근 장을 더해 맛을 이어 가는 방식이 다른 나라의 콩 발효 양념과 구별되는 특징으로 꼽힌다. 장은 흔히 집 뒤뜰이나 마당의 장독대에 항아리째 두고 볕과 바람을 쐬어 익힌다. 기술과 지식은 주로 집안의 여성들 사이에서 말과 손으로 전해져 왔다. 장 담그기는 2018년 12월 27일 국가무형문화재 제137호로 지정되었는데, 특정 보유자나 단체 없이 종목만 지정되었다. 2024년 12월에는 파라과이 아순시온에서 열린 제19차 무형유산 정부간위원회에서 한국의 23번째 유네스코 인류무형유산으로 등재되었다.",장 가르기,장 담그기,train
남극 오존 구멍이 처음 발견된 해,"오존층은 성층권 가운데 오존이 비교적 많이 모여 있는 층으로, 지표에서 약 15~35킬로미터 높이에 있다. 1913년 프랑스의 물리학자 샤를 파브리와 앙리 뷔송이 처음 발견했다. 오존층은 파장이 200~315나노미터인 중간 파장 자외선을 97~99퍼센트 흡수해 지상의 생물을 보호한다. 오존의 양은 영국의 과학자 돕슨의 이름을 딴 돕슨 단위로 나타낸다.
1985년 남극 상공에서 오존이 크게 줄어든 오존 구멍이 발견되면서 세계의 관심이 쏠렸다. 주된 원인은 냉매와 분무제 등에 쓰이던 염화플루오린화탄소(CFC)였다. 이 물질의 생산과 사용을 규제하기 위한 몬트리올 의정서는 1987년에 채택되어 1989년부터 효력을 냈다. 오존층 파괴의 원리를 밝힌 파울 크뤼천, 마리오 몰리나, 셔우드 롤런드는 1995년 노벨 화학상을 받았다. 규제가 효과를 거두면서 과학자들은 오존층이 2070년 무렵 이전 수준으로 회복될 것으로 내다본다.",1985년,오존층,train
하위헌스 탐사정이 내려앉은 토성 위성,"카시니-하위헌스는 토성과 그 위성들을 조사하려고 미국 항공우주국(NASA)과 유럽 우주국(ESA), 이탈리아 우주국이 함께 만든 탐사선이다. 토성 둘레를 돈 카시니 궤도선은 NASA가, 위성 타이탄에 내려간 하위헌스 탐사정은 ESA가 맡았다. 이름은 토성 고리의 틈과 여러 위성을 찾아낸 천문학자 조반니 도메니코 카시니, 그리고 타이탄을 발견하고 토성 고리의 정체를 처음 밝힌 크리스티안 하위헌스에게서 따왔다.
탐사선은 1997년 10월 15일 미국 케이프커내버럴에서 발사되었고, 발사 무게는 5,712킬로그램이었다. 2004년 7월 1일 토성 궤도에 들어섰으며, 2005년 1월 14일에는 하위헌스 탐사정이 타이탄 표면에 내려앉았다. 카시니는 위성 엔켈라두스의 남극 부근에서 물기둥이 뿜어져 나오는 모습을 발견했다. 연료가 바닥나 가자 NASA는 지구의 미생물이 생명체가 살 만한 위성을 오염시키는 일을 막으려고 탐사선을 토성 대기로 뛰어들게 했다. 그랜드 피날레라 불린 이 마지막 임무 끝에 2017년 9월 15일 탐사가 끝났다.",타이탄,카시니-하위헌스,train
리버풀과 맨체스터를 잇는 철도가 문을 연 날짜는?,"산업 혁명은 18세기 중엽 영국에서 시작되어, 기계와 새로운 동력이 사람과 가축의 힘을 대신하게 된 생산 방식의 큰 변화를 말한다. 그 영향은 이후 서유럽과 북아메리카로 퍼져 나가 사람들의 일하는 방식과 사는 곳, 사회의 모습까지 바꾸어 놓았다.
## 시기와 이름
산업 혁명의 시기는 보통 1760년 무렵부터 1820년에서 1840년 사이까지로 본다. 산업 혁명이라는 표현은 1844년 프리드리히 엥겔스가 사용했고, 영국의 경제사학자 아널드 토인비가 1884년 펴낸 강의록에서 이 말을 18세기 영국의 변화를 설명하는 용어로 굳혔다.
## 면직물 공업의 기계화
변화는 면직물을 만드는 공업에서 먼저 두드러졌다. 1764년에서 1765년 무렵 잉글랜드 랭커셔의 제임스 하그리브스는 한 사람이 여러 가닥의 실을 한꺼번에 뽑을 수 있는 제니 방적기를 만들었고, 1770년 특허를 받았다. 처음에는 가락이 8개였으나 개량을 거치며 120개까지 늘었다. 리처드 아크라이트는 물레바퀴의 힘으로 돌아가는 수력 방적기로 1769년 특허를 얻었고, 1771년 크롬퍼드에 이 기계를 들인 공장을 세웠다. 1779년 새뮤얼 크럼프턴은 두 기계의 장점을 합친 뮬 방적기를 내놓았다. 실을 뽑는 속도가 빨라지자 천을 짜는 일도 기계화가 필요해졌고, 1785년 에드먼드 카트라이트가 동력으로 움직이는 역직기의 특허를 받았다.
## 증기 기관의 발전
1712년 토머스 뉴커먼은 광산에 고인 물을 퍼내기 위한 증기 기관을 만들었다. 이 기관은 실린더 안의 증기를 식혀 생긴 빈 공간으로 대기압이 피스톤을 밀어 넣는 원리였으나 연료가 많이 들었다. 1736년 스코틀랜드의 그리녹에서 태어난 제임스 와트는 글래스고 대학교에서 과학 기구를 만들며 증기 기관을 연구했다. 그는 증기를 식히는 응축기를 실린더와 따로 떼어 낸 장치를 고안해 1769년 특허를 받았다. 이 개량으로 연료 소비가 뉴커먼 기관의 4분의 1 이하로 줄었다. 와트는 1775년 매슈 볼턴과 손잡고 증기 기관을 만들어 팔았으며, 1819년 세상을 떠났다. 일률의 단위인 와트는 그의 이름에서 나왔다. 증기의 힘은 바다에서도 쓰여, 미국의 로버트 풀턴은 증기선을 실용화했다.
## 석탄과 철
기계와 증기 기관, 철도를 만들려면 많은 철이 필요했다. 에이브러햄 다비는 잉글랜드 슈롭셔의 콜브룩데일에서 나무 숯 대신 석탄을 구워 만든 코크스로 철광석을 녹이는 용광로를 1709년 1월 10일 처음 가동했다. 숲의 나무에 기대지 않고도 철을 대량으로 생산할 길이 열리면서, 석탄과 철은 산업 혁명을 떠받치는 두 기둥이 되었다. 그의 손자 에이브러햄 다비 3세는 1777년 11월부터 1779년 7월까지 근처 세번강 위에 주철로 된 다리를 세웠다. 경간이 30.63미터인 이 다리는 주철로 만든 세계 첫 큰 다리로, 1781년 1월 1일 통행이 시작되었다. 다리가 있는 아이언브리지 협곡은 1986년 유네스코 세계유산으로 등재되었다.
## 철도의 시대
증기 기관을 바퀴 위에 올린 기관차는 교통을 크게 바꾸었다. 1781년 뉴캐슬 근처에서 태어난 조지 스티븐슨은 1814년 탄광에서 석탄을 끄는 자신의 첫 증기 기관차를 만들었다. 그의 기관차 로코모션 1호는 1825년 9월 27일 개통한 스톡턴-달링턴 철도를 달렸다. 약 40킬로미터 길이의 이 철도는 내륙의 탄광에서 해안으로 석탄을 실어 나르는 것이 주된 목적이었으며, 증기 기관차를 쓴 세계 최초의 공공 철도로 꼽힌다. 1829년 10월 열린 레인힐 시험에서는 스티븐슨 부자가 설계한 로켓호가 우승했다. 1830년 9월 15일에는 약 50킬로미터 길이의 리버풀-맨체스터 철도가 문을 열었는데, 이는 두 도시를 잇는 세계 첫 도시 간 철도였다. 개통식 날 리버풀 출신 하원 의원 윌리엄 허스키슨이 로켓호에 치여 숨지는 사고도 있었다. 스티븐슨이 쓴 1,435밀리미터의 궤간은 뒷날 여러 나라에서 표준 궤간이 되었다.
## 만국 박람회
1851년 5월 1일부터 10월 15일까지 런던 하이드 파크에서는 앨버트 공이 앞장선 만국 박람회가 열렸다. 조지프 팩스턴이 설계한 유리와 철골 건물인 수정궁에 영국과 여러 나라에서 보내온 약 1만 3천 점의 출품물이 전시되었고, 다섯 달 반 동안 600만 명이 넘는 사람이 이곳을 찾았다. 이 박람회는 산업 혁명이 이룬 기계와 기술을 세계에 드러내 보이는 자리가 되었다.
## 사회의 변화
공장에 기계를 모아 놓고 많은 노동자가 함께 일하는 공장제가 자리 잡으면서, 일자리를 찾아 농촌을 떠나 도시로 옮겨 가는 사람이 크게 늘었다. 도시는 빠르게 커졌지만 주거와 위생 환경은 나빠졌고, 어린이까지 긴 시간 공장에서 일하는 일이 흔했다. 이런 현실 속에서 노동 조건을 고치려는 운동과 새로운 사회사상이 나타났고, 노동자를 보호하는 법도 차례로 만들어졌다. 1802년 영국 의회는 로버트 필이 제안한 법으로 섬유 공장 도제의 노동 시간을 하루 12시간으로 제한하고 밤일을 금지했지만, 감독이 제대로 이루어지지 않았다. 1833년 공장법은 9세 미만 어린이를 섬유 공장에서 일하지 못하게 하고 18세 미만의 밤일을 막았으며, 전문 공장 감독관을 두어 법을 지키는지 살피게 했다. 1847년의 이른바 10시간 법은 여성과 18세 미만 노동자가 섬유 공장에서 일하는 시간을 사실상 하루 10시간으로 줄였다. 한편 공장을 가진 산업 자본가 계층의 힘이 커지면서 이들이 정치에도 목소리를 내기 시작했다.",1830년 9월 15일,산업 혁명,train
석가탄신일과 크리스마스에 대체공휴일이 붙기 시작한 해는?,"대체공휴일은 공휴일이 일요일이나 다른 공휴일과 겹칠 때 그다음 첫 평일을 하루 더 쉬게 하는 제도이다. 대한민국에서는 1959년과 1989년에 비슷한 제도가 잠시 도입되었다가 이듬해 폐지된 적이 있다. 지금의 제도는 2013년에 마련되었는데, 처음에는 설날과 추석 연휴, 어린이날에만 적용되었다. 실제로 처음 적용된 날은 2014년 추석 연휴의 마지막 날인 9월 10일이었다. 2021년 6월 공휴일에 관한 법률이 국회를 통과해 7월 7일 공포되면서 삼일절, 광복절, 개천절, 한글날 같은 국경일에도 대체공휴일이 생기게 되었다. 2023년부터는 부처님 오신 날과 성탄절에도 적용된다. 처음에는 관공서에만 적용되었지만, 2018년 근로기준법 개정으로 민간 기업도 공휴일을 유급 휴일로 보장하게 되면서 2020년 근로자 300명 이상, 2021년 30명 이상, 2022년 5명 이상 사업장으로 차례로 넓어졌다. 한편 현충일처럼 대체공휴일이 적용되지 않는 공휴일도 있다.",2023년,대체공휴일,train
로제타석은 언제 발견됐나요?,"로제타석은 기원전 196년 고대 이집트에서 만들어진 비석의 조각으로, 프톨레마이오스 5세를 기리고 신전과 사제들에게 베푼 혜택을 알리는 칙령이 새겨져 있다. 1799년 7월 15일, 나폴레옹의 이집트 원정에 참여한 장교 피에르 부샤르가 나일강 하구의 도시 로제타 근처에서 발견했다. 같은 내용이 세 가지 문자로 적혀 있는데, 위에서부터 이집트 상형 문자 14줄, 민중 문자 32줄, 고대 그리스 문자 51줄이다.
높이 114.4센티미터, 너비 72.3센티미터, 두께 27.3센티미터이고, 화강섬록암으로 되어 있으며 무게는 약 760킬로그램이다. 1801년 영국군이 프랑스군을 물리친 뒤 이 돌을 넘겨받았고, 1802년부터 런던의 영국 박물관에서 소장하고 있다. 영국의 토머스 영은 1814년 민중 문자 부분의 번역을 마쳤고, 프랑스의 장프랑수아 샹폴리옹은 그리스어와 콥트어를 견주어 연구한 끝에 1822년 상형 문자 해독 결과를 발표했다. 이 비석은 오랫동안 읽지 못하던 이집트 상형 문자를 푸는 열쇠가 되었다.",1799년 7월 15일,로제타석,train
인슐린을 분비하는 세포 이름,"인슐린은 이자(췌장)의 랑게르한스섬에 있는 베타 세포에서 만들어지는 호르몬으로, 혈액 속 포도당의 양을 낮추는 일을 한다. 이 호르몬이 모자라거나 제대로 작용하지 못하면 당뇨병이 생긴다. 1921년 캐나다 토론토 대학교의 프레더릭 밴팅과 찰스 베스트가 개의 이자에서 인슐린을 뽑아내는 데 성공했다. 이듬해인 1922년에는 14세 소년 레너드 톰프슨이 인슐린 주사를 맞은 첫 환자가 되었고, 그의 병세는 눈에 띄게 나아졌다.
1923년 노벨 생리의학상은 밴팅과 연구실 책임자였던 존 매클라우드에게 돌아갔다. 소의 인슐린은 아미노산 21개로 된 A 사슬과 30개로 된 B 사슬로 이루어져 있다. 1955년 영국의 프레더릭 생어는 인슐린을 이루는 아미노산의 순서를 밝혀, 단백질의 아미노산 서열을 처음으로 모두 알아냈다. 오늘날에는 유전자 재조합 기술로 사람 인슐린을 대량으로 만들어 당뇨병 치료에 쓰고 있다.",베타 세포,인슐린,validation
그녀는 노벨 화학상을 몇 년에 받았어?,"마리 퀴리는 1867년 11월 7일 당시 러시아의 지배를 받던 폴란드 바르샤바에서 태어난 물리학자이자 화학자이다. 프랑스 파리로 건너가 공부했고, 1895년 물리학자 피에르 퀴리와 결혼했다. 부부는 우라늄 광석을 연구하다가 1898년 새로운 방사성 원소 두 가지를 찾아냈다. 하나는 마리의 조국 폴란드의 이름을 따서 폴로늄이라 했고, 다른 하나는 라듐이라 이름 붙였다. 라듐은 1902년 순수한 상태로 분리되었다.
퀴리 부부는 방사능 연구의 공로로 앙리 베크렐과 함께 1903년 노벨 물리학상을 받았다. 1906년 피에르가 사고로 세상을 떠난 뒤 마리는 소르본 대학교 최초의 여성 교수가 되었다. 1911년에는 노벨 화학상을 단독으로 받아, 서로 다른 두 과학 분야에서 노벨상을 받은 첫 사람이 되었다. 오랫동안 방사선에 노출된 탓에 골수와 혈액에 병이 생겨 1934년 7월 4일 세상을 떠났다. 1995년 4월 그의 유해는 남편의 유해와 함께 파리의 팡테옹으로 옮겨졌다.",1911년,마리 퀴리,train
근대 5종 여자부가 올림픽에 들어간 건 언제예요?,"근대 5종은 한 선수가 성격이 다른 다섯 가지 종목을 모두 치러 합산 점수로 순위를 가리는 경기이다. 근대 올림픽을 되살린 피에르 드 쿠베르탱이 19세기 군대의 전령이 갖춰야 했던 능력, 곧 칼싸움과 헤엄, 말타기, 사격, 달리기에서 착안해 만들었다. 1912년 스톡홀름 올림픽에서 처음 치러졌고, 여자 경기는 2000년 시드니 올림픽에 추가되었다. 원래 여러 날에 걸쳐 열리던 경기는 1996년부터 하루에 모두 끝내는 방식으로 바뀌었다. 펜싱은 에페 종목으로, 수영은 200미터 자유형으로 치른다. 2009년에는 사격과 달리기를 하나로 묶은 레이저런이 도입되었는데, 3000미터를 달리는 도중 네 차례 사격장에 들러 과녁을 맞혀야 한다. 레이저런은 앞선 종목의 성적이 좋은 선수부터 먼저 출발하는 방식이어서 결승선을 먼저 통과한 선수가 곧 우승자가 된다. 2028년 로스앤젤레스 올림픽부터는 승마 대신 장애물 코스를 통과하는 종목이 들어간다. 국제 경기는 국제근대5종연맹이 관장한다.",2000년 시드니 올림픽,근대 5종,train
기자 대피라미드는 누구의 무덤인가요?,"기자의 대피라미드는 이집트 제4왕조의 파라오 쿠푸의 무덤으로, 카이로 근교 기자 고원에 서 있는 세 피라미드 가운데 가장 크다. 기원전 2560년 무렵 완성되었으며, 짓는 데 14년에서 20년가량 걸린 것으로 추정된다. 공사를 이끈 건축가는 헤미우누로 알려져 있다. 처음 높이는 약 146.8미터였으나 겉을 덮은 마감돌이 떨어져 나가 지금은 138.9미터이다.
밑변 한 변의 길이는 약 230.4미터이고, 네 변의 길이 차이가 58밀리미터에 불과할 만큼 정밀하게 지어졌으며, 네 면은 동서남북을 정확히 향한다. 평균 2.5톤짜리 돌 약 230만 개가 쓰였고 전체 무게는 약 590만 톤에 이른다. 1311년 잉글랜드의 링컨 대성당이 완성되기 전까지 약 3,800년 동안 사람이 만든 건축물 가운데 가장 높았다. 내부에는 왕의 방과 왕비의 방, 그리고 바닥의 암반을 파 들어간 미완성 방이 있다. 고대 세계의 7대 불가사의 가운데 지금까지 남아 있는 것은 이 피라미드 하나뿐이다.",쿠푸,기자의 대피라미드,validation
사하라 사막 넓이는 얼마나 돼?,"사하라 사막은 아프리카 북부에 펼쳐진 사막으로, 넓이가 약 940만 제곱킬로미터에 이른다. 남극 대륙까지 사막으로 치면 두 번째로 크지만, 더운 사막 가운데서는 세계에서 가장 넓다. 동서 길이는 약 4,800킬로미터, 남북 길이는 약 1,800킬로미터이며, 이집트, 리비아, 알제리, 모로코, 튀니지, 말리, 모리타니, 니제르, 차드, 수단 등 10개 나라에 걸쳐 있다. 이름은 아랍어로 사막을 뜻하는 말에서 왔다.
흔히 끝없는 모래 언덕을 떠올리지만 모래로 덮인 곳은 전체의 20퍼센트 정도이고, 나머지 80퍼센트는 풍화된 바위와 자갈로 이루어진 땅이다. 가장 높은 곳은 차드의 티베스티산맥에 있는 에미쿠시산으로, 높이는 3,445미터이다. 북부 지역의 한 해 강수량은 19밀리미터 안팎에 그친다. 약 250만 년 전 무렵 사막의 모습을 갖추기 시작한 것으로 보이며, 지금도 해마다 약 2만 제곱킬로미터씩 넓어지고 있는 것으로 알려져 있다.",약 940만 제곱킬로미터,사하라 사막,train
