질의,정답,오답1,오답2,오답3
심장 판막 네 개 이름,"심장은 온몸으로 피를 뿜어 보내는 근육 기관으로, 크기는 주먹만 하고 무게는 약 250~300g이다. 양쪽 폐 사이에 있으며, 가슴뼈를 기준으로 약 3분의 2가 왼쪽에 치우쳐 있다. 안은 좌우 심방과 좌우 심실, 곧 2심방 2심실로 나뉜다. 피가 거꾸로 흐르지 않도록 삼첨판, 승모판(이첨판), 폐동맥판, 대동맥판 네 판막이 막아 준다. 쉴 때는 1분에 약 72번 뛰며, 한 번 수축할 때마다 약 60~80mL의 피를 내보낸다. 박동의 박자는 굴심방결절의 조율 세포가 정하고, 심장 근육 자체에는 관상 동맥이 피를 공급한다.","간은 사람 몸의 내장 기관 가운데 가장 크며, 어른의 간은 무게가 약 1.2kg이다. 가로막 아래 배의 오른쪽 윗부분에 자리한다. 지방의 소화를 돕는 쓸개즙을 만들고, 몸에 해로운 물질을 해독한다. 남는 포도당을 글리코겐으로 저장했다가 필요할 때 풀어 혈당을 조절하며, 혈장 단백질인 알부민을 합성한다. 수명을 다한 적혈구를 처리하는 일도 한다. 피는 간동맥과 간문맥 두 길로 들어오며, 안쪽은 간세포가 모인 작은 간소엽들로 이루어져 있다.","콩팥은 척추 양옆, 배의 뒤쪽 벽에 하나씩 모두 두 개가 있는 강낭콩 모양의 기관이다. 하나의 크기는 길이 약 10cm, 너비 약 5cm, 두께 약 3cm이다. 피를 거르는 기본 단위인 네프론이 콩팥 하나에 약 100만 개 들어 있다. 하루에 걸러 내는 원뇨는 180L가 넘지만 대부분 다시 흡수되어 실제 오줌은 약 1.5L만 나온다. 핏속의 노폐물과 여분의 무기질을 내보내는 일 말고도 혈압과 전해질, 체액의 양을 조절한다. 적혈구 생성을 돕는 호르몬 에리트로포이에틴을 만들고, 비타민 D를 활성형으로 바꾼다.","폐(허파)는 공기 속 산소를 받아들이고 이산화탄소를 내보내는 호흡 기관으로, 가슴 속에서 갈비뼈에 둘러싸여 있다. 기관에서 갈라진 기관지가 나뭇가지처럼 뻗어 끝마다 작은 공기주머니인 허파꽈리에 이르며, 허파꽈리는 수억 개에 달해 기체를 주고받는 면적이 매우 넓다. 기체 교환은 허파꽈리와 둘레 모세 혈관 사이의 분압 차에 따른 확산으로만 이루어진다. 폐 자체에는 근육이 없어 가로막과 갈비뼈 사이의 근육이 가슴 공간을 넓히고 좁혀 숨을 쉬게 한다. 건강한 성인 남성의 최대 폐활량은 약 4,800mL이고, 평소에는 1분에 15~18번, 한 번에 약 500mL씩 숨을 쉰다. 폐의 겉은 흉막이 싸고 있다."
홍차를 서양에서 블랙 티라고 부르는 이유,"홍차는 찻잎을 충분히 산화시켜 만든 차로, 우려낸 찻물이 붉어서 동아시아에서는 홍차라 부르고, 서양에서는 마른 잎의 검은 빛깔을 따라 블랙 티라고 한다. 딴 잎을 시들게 하는 위조, 비벼서 세포를 깨뜨리는 유념, 산화, 건조의 과정을 거쳐 만든다. 인도의 다르질링과 아삼, 스리랑카의 실론, 중국의 기문 등이 이름난 산지다. 세계에서 생산되는 차 가운데 가장 큰 비중을 차지하며, 서양의 차 시장에서 특히 많이 소비된다.",,,
순천만 갈대밭 넓이,"순천만은 전라남도 순천시 앞바다, 여자만 안쪽에 자리한 만으로, 남북 약 30km, 동서 약 22km에 걸쳐 있다. 약 5.4km²에 이르는 갈대 군락은 국내에서 가장 넓게 보전된 갈대밭으로 꼽히며, 염습지와 갯벌이 함께 펼쳐진다. 흑두루미, 저어새, 황새 등 140종이 넘는 새가 찾아온다. 2006년 한국의 네 번째 람사르 습지로 등록되었는데, 연안 습지로는 처음이었다. 2008년 국가 명승으로 지정되었고, S자로 굽이치는 물길 위의 해넘이 풍경이 이름나 있다. 2013년 국제 정원 박람회를 계기로 인근에 정원과 습지 시설이 들어섰다.","우포늪은 경상남도 창녕군 유어면, 이방면, 대합면, 대지면에 걸친 한국 최대의 내륙 습지로, 면적은 약 231만 m²이다. 약 1억 4천만 년 전에 생겨난 것으로 추정되며, 낙동강 지류인 토평천이 흘러든다. 식물 340여 종, 조류 62종, 어류 28종이 사는 것으로 조사되었고, 멸종 위기종인 가시연꽃도 자란다. 1998년 람사르 협약에 따른 국제 보호 습지로 등록되었으며, 2011년 1월 13일 천연기념물 제524호로 다시 지정되었다.","대암산 용늪은 강원특별자치도 인제군 대암산(1,304m) 꼭대기 가까이, 해발 약 1,280m에 자리한 산지 습지이다. 1997년 한국에서 처음으로 람사르 협약 습지로 등록되었다. 추운 날씨 탓에 죽은 식물이 다 썩지 못하고 쌓여 이탄층을 이루었으며, 이런 고층 습원은 국내에서 매우 드물다. 습지는 4,000~5,000년 전부터 만들어진 것으로 보이며 면적은 약 1.06km²이다. 끈끈이주걱, 비로용담, 삿갓사초 같은 희귀 식물이 군락을 이룬다. 하늘로 오르던 용이 쉬어 갔다는 전설에서 이름이 왔고, 보호를 위해 미리 예약한 사람만 정해진 철에 들어갈 수 있다.","한국의 갯벌은 2021년 7월 26일 제44차 세계 유산 위원회에서 유네스코 세계 자연 유산으로 등재되었다. 서천, 고창, 신안, 보성·순천의 갯벌 네 곳으로 이루어지며, 모두 합친 면적은 약 1,293km²이다. 제주 화산섬과 용암 동굴에 이어 한국의 두 번째 세계 자연 유산이다. 생물 다양성을 제자리에서 보전하는 데 중요한 서식지라는 기준을 인정받았다. 해마다 300종 가까운 철새 약 100만 마리가 머물다 가고, 150여 종의 바닥 생물이 산다. 시베리아로 향하는 도요물떼새가 쉬어 가는 중간 기착지로도 중요하다."
교향곡의 아버지로 불리는 작곡가,"요제프 하이든은 1732년 오스트리아 로라우에서 태어난 고전파 작곡가다. 1761년부터 약 30년 동안 헝가리 귀족 에스테르하지 가문의 궁정 악단에서 일하며 수많은 곡을 썼다. 교향곡을 100곡 넘게 남기고 현악 4중주의 틀을 다듬어 '교향곡의 아버지', '현악 4중주의 아버지'로 불린다. 후원자가 세상을 떠난 뒤 1791년부터 런던을 오가며 큰 인기를 누렸고, 조용한 악장 중간에 갑자기 큰 소리를 내는 「놀람」 교향곡도 이 무렵 썼다. 1809년 빈에서 세상을 떠났다.","볼프강 아마데우스 모차르트는 1756년 잘츠부르크에서 태어난 고전파 작곡가다. 궁정 음악가였던 아버지 레오폴트에게 음악을 배워 다섯 살에 처음 곡을 지었고, 어린 시절부터 유럽 여러 도시를 돌며 연주했다. 1781년 빈으로 옮긴 뒤 1786년 「피가로의 결혼」, 1787년 「돈 조반니」, 1791년 「마술피리」 같은 오페라를 무대에 올렸다. 그의 작품에는 루트비히 폰 쾨헬이 정리한 쾨헬 번호가 붙는다. 1791년 서른다섯 살로 세상을 떠나 「레퀴엠」은 미완성으로 남았다.","루트비히 판 베토벤은 1770년 독일 본에서 태어나 1792년 빈으로 옮겨 간 작곡가로, 그곳에서 하이든에게 배우기도 했다. 20대 후반부터 귀가 나빠지기 시작해 1802년에는 절망을 털어놓은 하일리겐슈타트 유서를 썼다. 모두 아홉 곡의 교향곡을 남겼는데, 3번 「영웅」은 처음에 나폴레옹에게 바치려다 그가 황제에 오르자 헌정을 거두었다는 일화가 있다. 1824년 초연한 9번 교향곡의 마지막 악장에는 실러의 시 「환희의 송가」에 붙인 합창이 들어 있다. 1827년 빈에서 세상을 떠났다.","프란츠 슈베르트는 1797년 빈에서 태어난 작곡가로, 600곡이 넘는 가곡을 지어 '가곡의 왕'으로 불린다. 괴테의 시에 곡을 붙인 「마왕」과 「들장미」, 물고기를 노래한 「송어」가 널리 알려져 있다. 1823년 연가곡 「아름다운 물방앗간 아가씨」를, 1827년 「겨울 나그네」를 썼다. 두 악장만 완성된 교향곡은 「미완성」이라는 이름으로 불린다. 서른한 살이던 1828년 세상을 떠났으며, 생전에 우러르던 베토벤 가까이에 묻혔다."
덕수궁의 원래 이름이 뭐야,"덕수궁의 본래 이름은 경운궁이다. 임진왜란으로 궁궐이 모두 불타자 선조가 1593년부터 왕족의 옛집을 임시 거처로 삼은 것이 시작이었다. 1897년 고종이 러시아 공사관에서 이곳으로 거처를 옮기면서 대한제국의 황궁이 되었고, 정전으로 중화전을 세웠다. 1907년 고종이 순종에게 황제 자리를 넘긴 뒤 이곳에 머물게 되면서 오늘날의 이름으로 바뀌었다. 정문은 대한문이며, 궁 안에는 서양 고전 양식을 따른 돌 건물인 석조전이 있다.","경복궁은 조선이 한양으로 도읍을 옮긴 뒤 처음 세운 법궁으로, 태조 4년인 1395년에 완공되었다. 궁의 이름은 정도전이 『시경』의 한 구절에서 골라 지었는데, 새 왕조가 큰 복을 누리라는 바람이 담겨 있다. 임금의 즉위식과 조회는 정전인 근정전에서 열렸고, 연못 위에 세운 경회루는 외국 사신을 맞는 잔치 장소로 쓰였다. 1592년 임진왜란 때 불탄 뒤 오래 빈터로 남아 있다가, 흥선대원군이 주도해 1865년부터 1868년까지 다시 지었다.","창덕궁은 태종 5년인 1405년에 세운 조선의 두 번째 궁궐이다. 산자락의 지형을 거스르지 않고 건물을 자유롭게 앉힌 배치가 특징이며, 정문은 돈화문, 정전은 인정전이다. 임진왜란으로 불탄 뒤 광해군 때 주요 전각을 복구했고, 1610년 무렵부터 약 250년 동안 임금이 주로 머물며 나랏일을 본 으뜸 궁궐 역할을 했다. 북쪽에는 왕실 정원인 후원이 넓게 펼쳐져 있다. 1997년 유네스코 세계유산으로 등재되었다.","창경궁은 성종 14년인 1483년에 정희왕후, 소혜왕후, 안순왕후 세 대비가 편히 지내도록 마련한 궁궐이다. 앞서 있던 수강궁 터를 넓혀 지었으며, 창덕궁과 담을 맞대고 있다. 정전인 명정전은 다른 궁궐의 정전과 달리 동쪽을 바라보도록 앉혀졌다. 1911년 일제가 궁 안에 동물원과 식물원을 들이고 이름을 창경원으로 바꾸어 유원지로 만들었다. 동물원을 다른 곳으로 옮긴 뒤 복원 공사를 거쳐 1986년에 다시 궁궐로 공개되었다."
웃는 돌고래라는 별명이 붙은 고래,"상괭이는 한국 서해와 남해 연안에 사는 쇠돌고래과의 작은 고래로, 학명은 Neophocaena sunameri이다. 몸길이는 1.5~1.9m이고 몸빛은 회백색이다. 등지느러미가 없고, 그 자리에 높이 약 1cm의 낮은 융기가 있다. 입가가 올라간 모습이 웃는 얼굴처럼 보여 '웃는 돌고래'라는 별명이 붙었다. 수심 50m 이내의 얕은 바다와 해안 가까이에 살며, 멸치, 전갱이, 정어리, 오징어 등을 먹는다. 해마다 수백 마리가 그물에 걸려 죽는 혼획이 큰 위협이다. 2016년 해양 보호 생물로 지정되었고, IUCN 적색 목록에서는 위기종으로 분류된다.","엑스선은 파장이 약 0.01~10nm로 자외선보다 훨씬 짧은 전자기파이다. 1895년 11월 8일 독일 물리학자 빌헬름 콘라트 뢴트겐이 음극선관 실험을 하다가 발견했으며, 정체를 알 수 없다는 뜻에서 수학의 미지수 기호 X를 붙였다. 뢴트겐은 이 발견으로 1901년 첫 노벨 물리학상을 받았고, 발견에 특허를 내지 않았다. 같은 해 12월에는 반지를 낀 아내의 손뼈를 찍은 사진을 남겼다. 파장이 짧아 물체를 잘 뚫고 지나가므로 의료용 방사선 촬영과 CT, 공항 보안 검색, 결정 구조 분석 등에 쓰인다.","측우기는 내린 비의 양을 재던 조선의 기구로, 세종 23년인 1441년에 처음 만들어졌다. 당시 세자였던 문종이 고안을 이끈 것으로 전하며, 이후 같은 규격의 기구를 각 고을에 나누어 비의 양을 보고하게 했다. 원통은 깊이가 약 32cm, 지름이 약 15cm였고, 돌로 깎은 받침대인 측우대 위에 올려 썼다. 유럽의 우량계보다 약 200년 앞선 것으로 평가된다. 지금 남아 있는 것은 1837년 공주의 충청감영에 두었던 금영측우기로, 국보로 지정되어 있다.","카스피해는 면적 약 371,000km²로 세계에서 가장 넓은 호수이다. 이름에 바다가 붙을 만큼 넓어 흔히 바다처럼 여겨진다. 러시아, 카자흐스탄, 투르크메니스탄, 이란, 아제르바이잔 다섯 나라에 둘러싸여 있다. 수면은 해수면보다 약 28m 낮다. 물에는 소금기가 있지만 염분은 약 1.2%로 보통 바닷물의 3분의 1 정도이다. 유럽에서 가장 긴 강인 볼가강이 얕은 북쪽으로 흘러든다. 가장 깊은 곳은 1,025m이다. 캐비아를 얻는 철갑상어와 풍부한 석유·천연가스 자원으로 이름나 있다."
고려청자의 비색이란 무슨 뜻,"고려청자는 고려 때 만든 푸른 빛깔의 자기로, 12세기에 전성기를 맞았다. 맑은 옥처럼 은은한 푸른색은 비취에 빗대어 비색이라 불렸다. 그릇 표면에 무늬를 파낸 뒤 그 자리에 흰 흙이나 검게 구워지는 흙을 메워 굽는 상감 기법을 고려 도공들이 독자적으로 꽃피운 것이 큰 특징이다. 전라남도 강진과 부안 일대에 이름난 가마터가 모여 있었다. 구름과 학을 새겨 넣은 간송미술관 소장 매병이 대표작으로 꼽혀 국보로 지정되어 있다. 13세기 후반부터는 빛깔이 누렇게 변하며 차츰 쇠퇴했다.","분청사기는 회색 바탕흙으로 빚은 그릇에 흰 흙을 발라 꾸민 뒤 유약을 입혀 구운 자기다. 14세기 무렵 만들어지기 시작해 15세기에 가장 많이 만들어졌고, 16세기 들어 백자에 밀려 점차 자취를 감추었다. 도장으로 무늬를 찍는 인화, 흰 흙을 긁어 내 무늬를 남기는 박지, 쇳가루 안료로 그림을 그리는 철화, 굵은 붓으로 흰 흙을 쓱쓱 바르는 귀얄 등 꾸밈 기법이 다양하다. 분청사기라는 이름은 일제강점기에 미술사학자 고유섭이 분장회청사기를 줄여 붙였다.","달항아리는 17세기 후반부터 18세기 전반 사이에 조선에서 만든 커다란 백자 항아리로, 백자대호라고도 한다. 대개 높이가 40cm를 넘으며, 둥글고 넉넉한 몸체와 젖빛 흰색이 보름달을 떠올리게 해 이런 이름이 붙었다. 한 번에 물레로 끌어올리기 어려울 만큼 커서 위쪽과 아래쪽을 따로 빚은 뒤 이어 붙였기 때문에, 허리에 이음 자국이 남고 좌우가 조금씩 어긋난 것이 많다. 여러 점이 국보로 지정되어 있으며, 그 가운데 하나는 높이 44cm, 몸통 지름 42cm에 이른다.","청화백자는 흰 백자 바탕에 코발트 안료로 푸른 무늬를 그린 뒤 투명한 유약을 입혀 구운 자기다. 조선에서는 15세기 중엽부터 만들기 시작했으며, 처음에는 중국을 거쳐 들어온 값비싼 안료 회회청을 써서 왕실과 관청에서 쓸 그릇을 주로 만들었다. 왕실 그릇은 경기도 광주에 둔 관요인 사옹원 분원에서 구웠다. 초기에는 여백을 넉넉히 남기고 풀꽃이나 매화, 대나무를 절제된 붓질로 그렸으나, 후기로 갈수록 무늬가 화려하고 복잡해졌다."
화성 위성 포보스 데이모스 발견 연도,"화성은 태양에서 네 번째 행성으로, 표면을 덮은 산화철 먼지 때문에 붉게 보인다. 하루의 길이는 24시간 37분 22초로 지구와 비슷하지만, 태양을 한 바퀴 도는 데는 약 687일이 걸린다. 대기는 매우 얇고 약 96%가 이산화탄소이다. 태양계에서 가장 높은 화산인 올림푸스 산과, 길이 약 4,000km에 깊이가 최대 7km인 매리너스 협곡이 있다. 위성은 포보스와 데이모스 두 개이며, 1877년 아사프 홀이 발견했다. 2021년 2월에는 탐사 로버 퍼서비어런스가 표면에 내려앉았다.","수성은 태양에 가장 가까운 행성으로, 태양과의 평균 거리는 약 5,800만 km(0.387AU)이다. 반지름이 약 2,440km로 태양계 행성 가운데 가장 작으며, 목성의 위성 가니메데나 토성의 위성 타이탄보다도 작다. 평균 밀도는 약 5.43g/cm³로 지구 다음으로 높다. 태양을 한 바퀴 도는 데 88일, 한 번 자전하는 데 약 58.6일이 걸린다. 대기가 거의 없어 표면 온도가 약 100K에서 700K 사이로 크게 오르내린다. 거느린 위성은 없다. 1974~1975년 매리너 10호가 처음 가까이 지나며 관측했고, 2004년 발사된 메신저호는 2015년까지 활동했다.","금성은 태양에서 두 번째로 가까운 행성으로, 크기와 화학 조성이 지구와 비슷해 지구의 자매 행성이라 불린다. 질량은 지구의 약 81.5%이다. 지구와 반대로 동쪽에서 서쪽으로 자전하며, 한 번 자전하는 데 약 243일이 걸려 공전 주기인 224.7일보다 오히려 길다. 대기는 대부분 이산화탄소이고 표면 기압은 지구의 약 95배에 이른다. 두꺼운 대기가 열을 가두는 탓에 표면 온도가 약 460°C까지 올라간다. 하늘을 덮은 구름은 주로 황산 방울로 이루어져 있다. 1960~1970년대 소련의 베네라 계획 탐사선들이 표면에 내려앉아 자료를 보냈다.","목성은 태양계에서 가장 큰 행성으로, 적도 지름이 약 139,822km이다. 질량은 나머지 행성을 모두 합한 것의 약 2.5배에 이른다. 자전이 매우 빨라 하루가 약 10시간이고, 태양을 한 바퀴 도는 데는 약 11.86년이 걸린다. 표면에 보이는 대적점은 거대한 고기압성 폭풍으로, 1665년 무렵부터 관측된 것으로 알려져 있다. 1610년 갈릴레오 갈릴레이가 이오, 유로파, 가니메데, 칼리스토 네 위성을 찾아냈으며, 이들을 갈릴레이 위성이라 부른다. 탐사선 주노는 2016년 7월 목성 궤도에 도착했다."
고구려 사람들이 한강을 부르던 이름,"한강은 한반도 중부를 흐르는 강으로, 길이는 약 494km, 유역 면적은 약 35,770km²이다. 태백산맥 금대봉 북쪽 비탈의 검룡소에서 시작하는 남한강과, 북쪽에서 내려오는 북한강이 경기도 양평의 양수리(두물머리)에서 만나 하나의 물줄기를 이룬다. 이후 서울을 가로질러 황해로 흘러든다. 서울 구간에만 다리가 32개 놓여 있다. 평균 유량은 초당 약 613m³이다. 삼국 시대에 고구려는 이 강을 아리수, 백제는 욱리하라고 불렀고, 신라는 상류를 이하, 하류를 왕봉하라 했다.","낙동강은 길이 약 510km로 남한에서 가장 긴 강이며, 한반도 전체에서는 압록강과 두만강 다음으로 길다. 유역 면적은 약 23,384km²이다. 강원특별자치도 태백시에서 시작되는데, 예로부터 황지연못이 발원지로 알려져 왔다. 영남 지방을 남북으로 가로질러 부산광역시 사하구 을숙도 부근에서 바다로 나가며, 하구에는 1987년 하굿둑이 완공되었다. 이름은 상주의 옛 이름인 낙양의 동쪽을 흐르는 강이라는 뜻에서 왔다고 한다. 금호강, 남강, 황강, 밀양강 등이 흘러들며, 달성습지와 우포늪 같은 철새 도래지를 끼고 있다.","금강은 길이 약 398km로 한강, 낙동강에 이어 남한에서 세 번째로 큰 강이다. 유역 면적은 약 9,912km²이다. 전북특별자치도 장수군 신무산의 뜬봉샘에서 시작해 공주와 부여를 지나고, 군산과 서천 사이에서 황해로 들어간다. 하구에는 1990년 하굿둑이 완공되었다. 하류 구간은 충청남도와 전북특별자치도의 경계를 이룬다. 공주 부근 구간은 웅진강, 부여 부근 구간은 백마강이라는 이름으로도 불려 왔으며, 곰강이라는 옛 이름은 곰에 얽힌 전설과 관련이 있다.",
대윤과 소윤 다툼으로 벌어진 사화,"을사사화는 명종이 즉위한 1545년에 일어난 사화다. 어린 명종을 대신해 어머니 문정왕후가 수렴청정을 하자, 그 동생 윤원형이 이끈 소윤이 인종의 외숙 윤임이 이끈 대윤을 몰아냈다. 윤임과 그를 따르던 관료, 선비들이 죽거나 귀양을 갔다. 1547년 양재역 벽서 사건을 빌미로 숙청이 다시 이어졌고, 몇 해에 걸쳐 화를 입은 사람이 100명 가까이에 이르렀다.","무오사화는 연산군 4년인 1498년에 일어난 조선의 첫 사화다. 『성종실록』을 편찬하던 중, 사관 김일손이 사초에 스승 김종직이 지은 「조의제문」을 실어 둔 사실이 드러난 것이 발단이었다. 유자광과 이극돈 등 훈구 세력은 이 글이 세조가 단종의 왕위를 빼앗은 일을 빗대어 비판했다고 몰아세웠다. 그 결과 김일손은 처형되고, 이미 세상을 떠난 김종직은 무덤이 파헤쳐지는 부관참시를 당했으며, 그의 문집도 불태워졌다.","갑자사화는 1504년 연산군이 생모 폐비 윤씨의 죽음에 관련된 신하들을 벌하면서 벌어진 사화다. 윤씨는 성종 때인 1482년 사약을 받고 죽었는데, 연산군이 즉위한 뒤 그 경위를 알게 되면서 보복이 시작되었다. 윤필상, 이극균 등 여러 대신이 목숨을 잃었고, 이미 죽은 한명회와 정창손 등은 무덤에서 시신이 끌려 나왔다. 화를 입은 사람들 대부분은 1506년 중종반정으로 연산군이 쫓겨난 뒤 명예를 되찾았다.","기묘사화는 중종 14년인 1519년에 조광조를 비롯한 신진 사림이 한꺼번에 조정에서 밀려난 사건이다. 조광조는 추천으로 인재를 뽑는 현량과를 실시하고, 반정 공신 가운데 공이 부풀려진 이들의 공훈을 깎아야 한다고 주장해 훈구 세력의 반발을 샀다. 남곤, 심정, 홍경주 등은 나뭇잎에 '주초위왕'이라는 글자가 새겨졌다는 이야기를 퍼뜨려 조광조가 왕위를 노린다고 모함했다. 조광조는 능주로 귀양을 갔다가 곧 사약을 받았다."
설악산 생물권 보전 지역 지정 연도,"설악산 국립공원은 1970년 3월 24일 국립공원으로 지정되었으며, 강원특별자치도 속초시, 양양군, 인제군, 고성군에 걸쳐 있다. 최고봉 대청봉은 높이 1,708m로, 설악산은 한라산과 지리산 다음으로 남한에서 세 번째로 높은 산이다. 대청봉을 기준으로 서북쪽 인제 방면을 내설악, 동쪽 속초 방면을 외설악, 남쪽 양양 방면을 남설악이라 부른다. 외설악에는 울산바위, 비선대, 공룡능선이 있다. 1965년 천연기념물로 지정되었고, 1982년에는 유네스코 생물권 보전 지역이 되었다. 추석 무렵 내린 눈이 여름까지 남는다 하여 설악이라는 이름이 붙었다고 한다.","한라산 국립공원은 제주도 한가운데 솟은 한라산 일대를 보호하려고 1970년에 지정되었다. 한라산은 높이 약 1,947m로 남한에서 가장 높은 산이며, 정상에는 화산 분화구에 물이 고인 백록담이 있다. 산자락에서 꼭대기로 오르는 동안 아열대 식물에서 고산 식물까지 기후대에 따라 식생이 층층이 바뀐다. 산 둘레에는 작은 화산체가 약 360개 흩어져 있다. 2002년 유네스코 생물권 보전 지역으로 지정되었고, 2007년 6월 27일에는 '제주 화산섬과 용암 동굴'의 일부로 세계 자연 유산에 올랐다. 유네스코 세계 지질 공원에도 포함되어 있다.","북한산 국립공원은 1983년 4월 2일 열다섯 번째 국립공원으로 지정되었다. 면적은 약 77km²로, 서울의 강북·도봉·은평·성북·종로구와 경기도 고양·양주·의정부시에 걸쳐 있다. 최고봉은 높이 836.5m의 백운대이며, 우이령을 경계로 남쪽의 북한산 지역과 북쪽의 도봉산 지역으로 나뉜다. 커다란 화강암 봉우리와 맑은 계곡이 어우러져 있고, 1711년에 쌓은 북한산성이 남아 있다. 대도시 한가운데 자리해 해마다 평균 약 650만 명이 찾으며, 단위 면적당 탐방객이 가장 많은 국립공원으로 알려져 있다.",
식물 잎이 초록색으로 보이는 이유,"엽록체는 식물과 조류의 세포에서 광합성을 맡는 세포 소기관이다. 종자식물에서는 지름 약 5μm의 원반 모양이다. 안에는 납작한 막 주머니인 틸라코이드가 동전을 쌓은 듯 겹친 그라나가 있고, 그 둘레를 스트로마라는 액체가 채운다. 빛에너지를 받아들이는 반응은 틸라코이드 막에서 일어난다. 색소인 엽록소는 주로 파란빛과 붉은빛을 흡수하고 초록빛을 반사하므로 잎이 초록색으로 보인다. 스트로마에는 핵과 별개인 자체 DNA가 들어 있으며, 먼 옛날 남세균이 다른 세포 안에 들어와 공생하면서 생겨났다고 여겨진다. 광합성 외에 아미노산과 지질 합성에도 관여한다.","엽록체는 식물과 조류의 세포에서 광합성을 맡는 세포 소기관이다. 종자식물에서는 지름 약 5μm의 원반 모양이다. 안에는 납작한 막 주머니인 틸라코이드가 동전을 쌓은 듯 겹친 그라나가 있고, 그 둘레를 스트로마라는 액체가 채운다. 빛에너지를 받아들이는 반응은 틸라코이드 막에서 일어난다. 색소인 엽록소는 주로 파란빛과 붉은빛을 흡수하고 초록빛을 반사하므로 잎이 초록색으로 보인다. 스트로마에는 핵과 별개인 자체 DNA가 들어 있으며, 먼 옛날 남세균이 다른 세포 안에 들어와 공생하면서 생겨났다고 여겨진다. 광합성 외에 아미노산과 지질 합성에도 관여한다.","미토콘드리아는 진핵세포 안에서 영양소에 저장된 에너지를 산화적 인산화 과정으로 ATP로 바꾸는 세포 소기관이다. 바깥막과 안쪽막의 이중막으로 싸여 있고, 안쪽막이 안으로 여러 겹 접혀 들어간 주름을 크리스타라 한다. 보통 길이 2~6μm, 지름 약 0.5μm 크기이며, 한 세포에 들어 있는 수는 세포 종류에 따라 다르다. 핵과 별도로 자기만의 DNA를 지니는데, 수정 뒤 정자의 미토콘드리아가 없어지므로 거의 어머니 쪽으로만 물려받는다. 약 20억 년 전 독립 생활을 하던 세균이 다른 세포 안에 들어가 함께 살게 된 데서 비롯했다는 세포 내 공생설로 그 기원을 설명한다.","리보솜은 전령 RNA(mRNA)의 유전 정보를 읽어 아미노산을 차례로 이어 붙이며 단백질을 합성하는 세포 소기관이다. 약 65%가 리보솜 RNA이고 나머지 35%가 단백질이며, 큰 단위체와 작은 단위체 두 부분으로 이루어진다. 막으로 싸여 있지 않으며, 세포질에 떠 있거나 소포체 표면에 붙어 있다. 원핵세포의 리보솜은 70S(50S와 30S), 진핵세포의 리보솜은 80S(60S와 40S)로 크기가 다르다. 1950년대 중반 조지 에밀 펄레이드가 전자 현미경으로 처음 관찰했으며, 그는 1974년 노벨 생리학·의학상을 받았다. 2009년에는 리보솜의 구조와 기능을 밝힌 세 연구자가 노벨 화학상을 받았다."
월드컵 지역 예선이 처음 열린 대회,"1934년 FIFA 월드컵은 5월 27일부터 6월 10일까지 이탈리아에서 열렸다. 처음으로 지역 예선을 거쳐 16개 나라가 본선에 올랐고, 지면 곧바로 떨어지는 토너먼트로 모든 경기를 치렀다. 앞선 대회 우승국 우루과이는 참가하지 않았다. 결승에서 이탈리아가 체코슬로바키아를 연장전 끝에 2 대 1로 꺾고 처음 우승했다. 득점왕은 5골을 넣은 체코슬로바키아의 올드르지흐 네예들리였다.","1930년 FIFA 월드컵은 7월 13일부터 30일까지 우루과이 몬테비데오에서 열린 첫 월드컵이다. 예선 없이 초청받은 13개 나라가 참가했는데, 배를 타고 먼 길을 건너야 했던 탓에 유럽에서는 4개 나라만 왔다. 우루과이 독립 100주년을 기념해 지은 에스타디오 센테나리오가 주 경기장이었다. 대회 첫 골은 프랑스의 뤼시앵 로랑이 넣었고, 결승에서 개최국 우루과이가 아르헨티나를 4 대 2로 이겨 첫 우승국이 되었다.","1938년 FIFA 월드컵은 6월 4일부터 19일까지 프랑스에서 열렸다. 개최국과 앞선 대회 우승국이 예선 없이 본선에 나간 첫 대회였다. 네덜란드령 동인도가 아시아 팀으로는 처음 본선에 나왔고, 오스트리아는 나치 독일에 병합되면서 빠졌다. 결승에서 이탈리아가 헝가리를 4 대 2로 이기며 처음으로 두 대회 연속 우승을 이루었다. 브라질의 레오니다스가 7골로 득점왕에 올랐다.","1950년 FIFA 월드컵은 제2차 세계 대전으로 중단되었다가 12년 만에 브라질에서 열린 대회다. 6월 24일부터 7월 16일까지 13개 나라가 참가했으며, 처음 출전한 잉글랜드가 미국에 0 대 1로 진 일이 큰 화제가 되었다. 결승전 없이 네 팀이 겨루는 결승 리그로 우승을 가렸는데, 마지막 경기에서 우루과이가 브라질을 2 대 1로 꺾고 정상에 올랐다. 20만 명 가까운 관중 앞에서 개최국이 진 이 경기는 마라카낭의 비극이라 불린다."
남한강과 북한강이 합쳐지는 곳,"한강은 한반도 중부를 흐르는 강으로, 길이는 약 494km, 유역 면적은 약 35,770km²이다. 태백산맥 금대봉 북쪽 비탈의 검룡소에서 시작하는 남한강과, 북쪽에서 내려오는 북한강이 경기도 양평의 양수리(두물머리)에서 만나 하나의 물줄기를 이룬다. 이후 서울을 가로질러 황해로 흘러든다. 서울 구간에만 다리가 32개 놓여 있다. 평균 유량은 초당 약 613m³이다. 삼국 시대에 고구려는 이 강을 아리수, 백제는 욱리하라고 불렀고, 신라는 상류를 이하, 하류를 왕봉하라 했다.","낙동강은 길이 약 510km로 남한에서 가장 긴 강이며, 한반도 전체에서는 압록강과 두만강 다음으로 길다. 유역 면적은 약 23,384km²이다. 강원특별자치도 태백시에서 시작되는데, 예로부터 황지연못이 발원지로 알려져 왔다. 영남 지방을 남북으로 가로질러 부산광역시 사하구 을숙도 부근에서 바다로 나가며, 하구에는 1987년 하굿둑이 완공되었다. 이름은 상주의 옛 이름인 낙양의 동쪽을 흐르는 강이라는 뜻에서 왔다고 한다. 금호강, 남강, 황강, 밀양강 등이 흘러들며, 달성습지와 우포늪 같은 철새 도래지를 끼고 있다.","금강은 길이 약 398km로 한강, 낙동강에 이어 남한에서 세 번째로 큰 강이다. 유역 면적은 약 9,912km²이다. 전북특별자치도 장수군 신무산의 뜬봉샘에서 시작해 공주와 부여를 지나고, 군산과 서천 사이에서 황해로 들어간다. 하구에는 1990년 하굿둑이 완공되었다. 하류 구간은 충청남도와 전북특별자치도의 경계를 이룬다. 공주 부근 구간은 웅진강, 부여 부근 구간은 백마강이라는 이름으로도 불려 왔으며, 곰강이라는 옛 이름은 곰에 얽힌 전설과 관련이 있다.","영산강은 전라남도 담양군 병풍산 일대에서 시작해 장성, 광주광역시, 나주를 지나 목포에서 황해로 흘러드는 강이다. 길이는 약 139km, 유역 면적은 약 3,371km²이다. 가장 큰 지류는 황룡강이며, 지석천과 함평천 등도 흘러든다. 강 이름은 나주의 영산포에서 왔는데, 고려 때 이곳에 거두어들인 세곡을 모아 두었다가 뱃길로 도읍까지 실어 날랐다. 담양에서 하구의 둑까지 이르는 본류 구간은 국가 하천으로 관리된다."
앞다리가 뒷다리보다 긴 용각류 공룡,"브라키오사우루스는 쥐라기 후기, 약 1억 5,500만~1억 4,500만 년 전 북아메리카에 살았던 거대한 초식 용각류 공룡이다. 1900년 미국 콜로라도주 프루타 부근의 모리슨층에서 엘머 릭스가 처음 화석을 찾아냈고, 1903년에 이름이 붙었다. 이름은 '팔 도마뱀'이라는 뜻으로, 다른 용각류와 달리 앞다리가 뒷다리보다 길다는 특징에서 왔다. 몸길이는 18~22m, 키는 9~13m 정도로 추정된다. 한때 이 속으로 분류되던 탄자니아의 화석은 2009년 마이클 테일러의 연구에 따라 기라파티탄이라는 별개의 속으로 옮겨졌다.","티라노사우루스는 백악기 후기, 약 6,900만~6,500만 년 전 북아메리카 서부에 살았던 대형 육식 공룡이다. 화석은 캐나다에서 미국 텍사스와 뉴멕시코에 이르는 지역에서 나왔다. 몸길이는 평균 약 12m, 몸무게는 평균 8~9톤으로 추정된다. 1905년 헨리 페어필드 오즈번이 이름을 붙였으며, 학명 티라노사우루스 렉스는 '폭군 도마뱀의 왕'이라는 뜻이다. 커다란 몸에 비해 앞다리는 짧고 손가락이 두 개뿐이다. 1990년 발견된 표본 '수(Sue)'는 뼈의 약 85%가 남아 있어 가장 완전한 표본으로 꼽힌다.","트리케라톱스는 백악기 말, 약 7,000만 년 전 오늘날의 미국과 캐나다 서부 지역에 살았던 초식 공룡이다. 이름은 고대 그리스어로 '세 개의 뿔이 있는 얼굴'이라는 뜻인데, 두 눈 위에 하나씩, 코 위에 하나의 뿔이 있다. 목 뒤로는 뼈로 된 넓은 프릴이 둘러 있고 가장자리에 작은 뼈 장식이 늘어서 있다. 몸길이는 8~9m, 몸무게는 5~9톤으로 추정된다. 완전한 두개골은 길이가 약 2.5m에 이르러 몸길이의 3분의 1쯤 된다. 야자류, 소철류, 양치류 같은 식물을 먹었을 것으로 보이며, 1889년 오스니얼 찰스 마시가 이름을 붙였다.","벨로키랍토르는 백악기 후기, 약 7,500만~7,100만 년 전 지금의 몽골 고비 사막 일대에 살았던 작은 육식 공룡이다. 1924년에 화석이 발견되어 같은 해 이름이 붙었는데, 이름은 '날쌘 도둑'이라는 뜻이다. 몸길이는 1.5~2m, 몸무게는 15~20kg 정도였다. 뒷발에는 길이 약 8cm의 낫처럼 굽은 발톱이 있어 사냥에 썼을 것으로 보인다. 2007년 몽골에서 나온 앞팔 뼈에서 깃털이 붙어 있던 자리인 깃혹이 확인되었다. 먹잇감이던 프로토케라톱스와 엉겨 붙은 채 굳은 이른바 '싸우는 공룡' 화석으로도 유명하다."
태권도가 올림픽 정식 종목이 된 대회,"태권도는 발을 뜻하는 '태', 주먹을 뜻하는 '권', 길을 뜻하는 '도'를 합친 이름의 한국 무술이다. 1965년 대한태수도협회가 대한태권도협회로 이름을 바꾸면서 태권도라는 이름이 자리를 잡았다. 1972년 국기원이, 이듬해인 1973년 지금의 세계태권도연맹이 세워졌다. 1988년 서울 올림픽에서 시범 종목으로 선보인 뒤 2000년 시드니 올림픽부터 정식 종목이 되었다. 2018년에는 법률로 대한민국의 국기로 지정되었다.","씨름은 두 사람이 허리와 다리에 맨 샅바를 서로 잡고 힘과 기술로 상대를 먼저 넘어뜨리면 이기는 한국의 전통 운동이다. 지름 8m 정도의 둥근 모래판에서 겨룬다. 4세기 무렵의 고구려 고분인 각저총 벽화에 씨름하는 모습이 남아 있어 역사가 깊음을 보여 준다. 예로부터 단오나 추석 같은 명절이면 곳곳에서 씨름판이 벌어졌고, 우승한 장사에게는 황소를 상으로 주었다. 2018년 남북한이 함께 신청해 유네스코 인류무형문화유산에 올랐다.","택견은 춤을 추듯 리듬 있게 발을 옮기는 품밟기를 바탕으로 발질과 걸어 넘기기를 주로 쓰는 한국의 전통 무예다. 주먹을 쥐고 치는 기술 대신 발과 손바닥으로 상대를 차거나 밀어 넘어뜨리는 기술이 중심을 이룬다. 1798년에 엮인 『재물보』 등에 기록이 보이며, 조선 말에 택견을 익힌 송덕기가 그 맥을 오늘날에 전했다. 국가무형문화재로 지정되어 있으며, 2011년 무예로서는 세계에서 처음으로 유네스코 인류무형문화유산에 올랐다.","국궁은 서양식 양궁과 구별해 우리 전통 활쏘기를 이르는 말로, 궁도라고도 한다. 대표적인 전통 활인 각궁은 물소 뿔, 소 힘줄, 대나무, 뽕나무 등을 붙여 만든다. 과녁은 145m 떨어진 곳에 세우며, 크기는 너비 2m, 높이 2.67m 정도다. 조선에서는 무과 시험 과목이었고, 1928년 전국 대회가 처음 열리면서 근대 경기로 자리 잡았다. 서울의 황학정처럼 활을 쏘는 활터가 전국 곳곳에 있다."
다비드상 완성 연도,"미켈란젤로 부오나로티는 1475년 이탈리아 카프레세에서 태어난 조각가이자 화가, 건축가다. 로마 성 베드로 대성전에 있는 「피에타」는 그가 서명을 남긴 유일한 작품으로 알려져 있다. 1501년부터 1504년까지 피렌체에서 높이 5m가 넘는 대리석상 「다비드」를 조각했다. 교황의 주문으로 1508년부터 1512년까지 시스티나 성당의 천장에 천지 창조 이야기를 그렸고, 1535년부터 1541년까지는 같은 성당 제단 벽에 「최후의 심판」을 그렸다. 1564년 로마에서 세상을 떠났다.","레오나르도 다 빈치는 1452년 피렌체 근처의 작은 마을 빈치에서 태어난 이탈리아 르네상스의 화가이자 과학자다. 피렌체에서 안드레아 델 베로키오의 공방에 들어가 그림을 배웠다. 1495년부터 1498년까지 밀라노의 한 수도원 식당 벽에 「최후의 만찬」을 그렸고, 1503년 무렵부터 「모나리자」를 그리기 시작했는데 이 초상화는 지금 파리 루브르 박물관에 걸려 있다. 사람의 몸, 물의 흐름, 하늘을 나는 기계 등을 연구한 노트를 많이 남겼다. 말년에 프랑스 왕 프랑수아 1세의 초청으로 앙부아즈에 머물다 1519년 세상을 떠났다.","라파엘로 산치오는 1483년 이탈리아 우르비노에서 태어난 화가로, 궁정 화가였던 아버지와 페루지노에게서 그림을 배웠다. 교황 율리오 2세의 부름을 받아 바티칸 궁전의 여러 방을 벽화로 꾸몄으며, 그 가운데 1509년부터 1511년 사이에 그린 「아테네 학당」에는 플라톤과 아리스토텔레스를 비롯한 옛 철학자들이 한자리에 모여 있다. 부드럽고 조화로운 성모자 그림으로도 이름났다. 1520년 서른일곱 번째 생일에 세상을 떠나 로마의 판테온에 묻혔다.","산드로 보티첼리는 1445년 무렵 피렌체에서 태어난 초기 르네상스 화가로, 본명은 알레산드로 디 마리아노 필리페피다. 수도사 화가 필리포 리피에게서 그림을 배웠고 메디치 가문의 후원을 받았다. 1482년 무렵 「봄」을, 1486년 무렵 「비너스의 탄생」을 그렸는데, 둘 다 그리스 신화를 소재로 한 작품으로 지금 피렌체 우피치 미술관에 있다. 1482년에는 로마로 불려 가 시스티나 성당 벽면 그림 작업에 참여했다. 말년에는 수도사 사보나롤라의 영향으로 종교화에 몰두했으며 1510년 세상을 떠났다."
사쿠라다몬 의거 독립운동가,"이봉창은 1900년 서울 용산에서 태어난 독립운동가다. 일본에서 일하며 차별을 겪은 뒤 상하이로 건너가 한인애국단에 가입했다. 1932년 1월 8일 도쿄 사쿠라다몬 부근에서 관병식을 마치고 돌아가던 일왕 히로히토의 행렬을 향해 수류탄을 던졌다. 목표를 이루지는 못했으나 이 일은 한국 독립운동의 뜻을 널리 알리는 계기가 되었다. 그해 10월 10일 도쿄의 이치가야 형무소에서 사형되었고, 광복 뒤인 1946년 유해가 돌아와 효창공원에 묻혔다.","안중근은 1879년 황해도 해주에서 태어난 독립운동가로, 천주교 세례명은 토마스다. 교육으로 나라의 힘을 기르려고 삼흥학교를 세웠고, 1907년 나라 밖으로 나가 의병 활동에 뛰어들었다. 1909년 동지 11명과 함께 왼손 약지를 끊어 독립을 향한 뜻을 맹세했다. 같은 해 10월 26일 하얼빈역에서 한국 통감을 지낸 이토 히로부미를 저격했다. 뤼순 감옥에 갇혀 『동양평화론』을 쓰다가 1910년 3월 26일 사형되었다.","윤봉길은 1908년 충청남도 예산에서 태어난 독립운동가로, 호는 매헌이다. 고향에서 야학을 열어 농촌 계몽에 힘쓰다가 중국으로 건너가 김구가 이끄는 한인애국단에 들어갔다. 1932년 4월 29일 상하이 훙커우 공원에서 열린 일본군의 전승 축하 행사장에 물통 모양 폭탄을 던져, 상하이 파견군 사령관 시라카와 요시노리 등이 숨지고 여러 고관이 다쳤다. 현장에서 붙잡힌 뒤 일본 가나자와로 끌려가 그해 12월 19일 총살되었다.","유관순은 1902년 충청남도 천안에서 태어난 독립운동가다. 서울 이화학당에 다니던 중 1919년 3·1 운동에 참여했고, 학교가 문을 닫자 고향으로 내려가 만세 시위를 준비했다. 양력 4월 1일 아우내 장터에서 많은 사람들과 함께 독립 만세를 외쳤는데, 이날 일본 헌병의 총격으로 부모를 모두 잃었다. 붙잡혀 서대문 감옥에 갇힌 뒤에도 만세를 부르다 모진 고문을 당했고, 1920년 9월 28일 열일곱 살의 나이로 옥중에서 숨졌다."
벨로키랍토르에게 깃털이 있었다는 증거,"벨로키랍토르는 백악기 후기, 약 7,500만~7,100만 년 전 지금의 몽골 고비 사막 일대에 살았던 작은 육식 공룡이다. 1924년에 화석이 발견되어 같은 해 이름이 붙었는데, 이름은 '날쌘 도둑'이라는 뜻이다. 몸길이는 1.5~2m, 몸무게는 15~20kg 정도였다. 뒷발에는 길이 약 8cm의 낫처럼 굽은 발톱이 있어 사냥에 썼을 것으로 보인다. 2007년 몽골에서 나온 앞팔 뼈에서 깃털이 붙어 있던 자리인 깃혹이 확인되었다. 먹잇감이던 프로토케라톱스와 엉겨 붙은 채 굳은 이른바 '싸우는 공룡' 화석으로도 유명하다.","티라노사우루스는 백악기 후기, 약 6,900만~6,500만 년 전 북아메리카 서부에 살았던 대형 육식 공룡이다. 화석은 캐나다에서 미국 텍사스와 뉴멕시코에 이르는 지역에서 나왔다. 몸길이는 평균 약 12m, 몸무게는 평균 8~9톤으로 추정된다. 1905년 헨리 페어필드 오즈번이 이름을 붙였으며, 학명 티라노사우루스 렉스는 '폭군 도마뱀의 왕'이라는 뜻이다. 커다란 몸에 비해 앞다리는 짧고 손가락이 두 개뿐이다. 1990년 발견된 표본 '수(Sue)'는 뼈의 약 85%가 남아 있어 가장 완전한 표본으로 꼽힌다.","트리케라톱스는 백악기 말, 약 7,000만 년 전 오늘날의 미국과 캐나다 서부 지역에 살았던 초식 공룡이다. 이름은 고대 그리스어로 '세 개의 뿔이 있는 얼굴'이라는 뜻인데, 두 눈 위에 하나씩, 코 위에 하나의 뿔이 있다. 목 뒤로는 뼈로 된 넓은 프릴이 둘러 있고 가장자리에 작은 뼈 장식이 늘어서 있다. 몸길이는 8~9m, 몸무게는 5~9톤으로 추정된다. 완전한 두개골은 길이가 약 2.5m에 이르러 몸길이의 3분의 1쯤 된다. 야자류, 소철류, 양치류 같은 식물을 먹었을 것으로 보이며, 1889년 오스니얼 찰스 마시가 이름을 붙였다.","브라키오사우루스는 쥐라기 후기, 약 1억 5,500만~1억 4,500만 년 전 북아메리카에 살았던 거대한 초식 용각류 공룡이다. 1900년 미국 콜로라도주 프루타 부근의 모리슨층에서 엘머 릭스가 처음 화석을 찾아냈고, 1903년에 이름이 붙었다. 이름은 '팔 도마뱀'이라는 뜻으로, 다른 용각류와 달리 앞다리가 뒷다리보다 길다는 특징에서 왔다. 몸길이는 18~22m, 키는 9~13m 정도로 추정된다. 한때 이 속으로 분류되던 탄자니아의 화석은 2009년 마이클 테일러의 연구에 따라 기라파티탄이라는 별개의 속으로 옮겨졌다."
적외선을 발견한 사람과 실험 방법,"적외선은 가시광선의 빨간빛보다 파장이 길고 마이크로파보다는 짧은 전자기파로, 대략 780nm에서 1mm 사이에 해당한다. 1800년 천문학자 윌리엄 허셜이 프리즘으로 나눈 햇빛에 온도계를 대 보다가, 빨간색 바깥의 보이지 않는 곳에서 온도가 오르는 것을 보고 발견했다. 실온 근처 물체가 내는 열복사가 주로 이 영역에 있으며, 체온의 사람 몸은 파장 약 10μm의 빛을 가장 많이 낸다. 이런 성질을 이용해 열화상 카메라와 야간 투시경이 온도 차를 영상으로 보여 준다. 가전제품 리모컨의 신호에도 쓰인다.","전파는 진동수가 300GHz 이하, 곧 파장이 1mm보다 긴 전자기파를 말한다. 1867년 제임스 클러크 맥스웰이 전자기 이론으로 그 존재를 예측했고, 1887년 하인리히 헤르츠가 실험실에서 전파를 만들어 내 이론을 확인했다. 1894~1895년에는 굴리엘모 마르코니가 실용적인 무선 송수신기를 처음 만들었고, 1900년 무렵부터 무선 통신이 상업적으로 쓰이기 시작했다. 진동수에 따라 장파, 중파, 단파, 초단파, 극초단파 등으로 나누며, 방송, 레이더, 위성 통신, 무선 네트워크에 널리 쓰인다.","자외선은 보랏빛보다 파장이 짧은 약 100~400nm의 전자기파이다. 1801년 독일 물리학자 요한 빌헬름 리터가 염화은을 적신 종이가 보랏빛 바깥의 보이지 않는 빛에 더 빨리 반응하는 것을 보고 발견했다. 파장에 따라 UVA(315~400nm), UVB(280~315nm), UVC(100~280nm)로 나눈다. UVB는 피부에서 비타민 D가 만들어지게 돕지만, 지나치게 쬐면 DNA를 손상시켜 피부암 위험을 높인다. UVC는 세균과 바이러스의 유전 물질을 파괴하므로 살균에 쓰인다. 대기의 오존이 UVB와 UVC를 대부분 막아, 땅에 닿는 자외선은 95% 이상이 UVA이다.",
우리나라에 차 씨앗이 처음 들어온 때,"녹차는 찻잎을 발효시키지 않고 푸른빛이 남도록 말린 차다. 딴 잎을 곧바로 뜨거운 솥에 덖거나 증기로 쪄서 잎 속 효소가 작용하지 못하게 한다. 우리나라에서는 곡우 전에 딴 여린 잎으로 만든 차를 우전, 곡우 뒤에 딴 잎으로 만든 차를 세작이라 부른다. 신라 흥덕왕 때인 828년 김대렴이 당나라에서 차 씨앗을 가져와 지리산에 심었다는 기록이 『삼국사기』에 있다. 오늘날에는 보성, 하동, 제주 등이 주요 산지다. 끓는 물을 60~80℃로 식혀 우리는 것이 좋다.","녹차는 찻잎을 발효시키지 않고 푸른빛이 남도록 말린 차다. 딴 잎을 곧바로 뜨거운 솥에 덖거나 증기로 쪄서 잎 속 효소가 작용하지 못하게 한다. 우리나라에서는 곡우 전에 딴 여린 잎으로 만든 차를 우전, 곡우 뒤에 딴 잎으로 만든 차를 세작이라 부른다. 신라 흥덕왕 때인 828년 김대렴이 당나라에서 차 씨앗을 가져와 지리산에 심었다는 기록이 『삼국사기』에 있다. 오늘날에는 보성, 하동, 제주 등이 주요 산지다. 끓는 물을 60~80℃로 식혀 우리는 것이 좋다.","홍차는 찻잎을 충분히 산화시켜 만든 차로, 우려낸 찻물이 붉어서 동아시아에서는 홍차라 부르고, 서양에서는 마른 잎의 검은 빛깔을 따라 블랙 티라고 한다. 딴 잎을 시들게 하는 위조, 비벼서 세포를 깨뜨리는 유념, 산화, 건조의 과정을 거쳐 만든다. 인도의 다르질링과 아삼, 스리랑카의 실론, 중국의 기문 등이 이름난 산지다. 세계에서 생산되는 차 가운데 가장 큰 비중을 차지하며, 서양의 차 시장에서 특히 많이 소비된다.","우롱차는 찻잎을 부분적으로만 산화시킨 차로, 녹차와 홍차의 중간에 해당한다. 산화 정도는 대략 30~70% 사이이며, 중국의 차 분류로는 청차에 속한다. 명나라 말에서 청나라 초 무렵 푸젠성 무이산에서 처음 만들어진 것으로 보며, 이후 광둥성과 타이완으로 퍼졌다. 녹차의 향긋함과 홍차의 묵직함을 함께 지닌 맛으로 알려져 있다. 무이산의 대홍포, 푸젠성 남부의 철관음, 타이완의 동방미인이 대표적이다."
마라카낭의 비극 경기 결과,"1950년 FIFA 월드컵은 제2차 세계 대전으로 중단되었다가 12년 만에 브라질에서 열린 대회다. 6월 24일부터 7월 16일까지 13개 나라가 참가했으며, 처음 출전한 잉글랜드가 미국에 0 대 1로 진 일이 큰 화제가 되었다. 결승전 없이 네 팀이 겨루는 결승 리그로 우승을 가렸는데, 마지막 경기에서 우루과이가 브라질을 2 대 1로 꺾고 정상에 올랐다. 20만 명 가까운 관중 앞에서 개최국이 진 이 경기는 마라카낭의 비극이라 불린다.","향고래는 이빨고래 가운데 가장 큰 종으로, 다 자란 수컷은 몸길이 16~21m, 암컷은 평균 11m쯤 된다. 뇌 무게가 약 7.8kg으로, 지금까지 알려진 동물 가운데 가장 무거운 뇌를 지녔다. 수심 2,250m 안팎까지 잠수할 수 있고 90분 넘게 물속에 머물기도 한다. 깊은 바다의 오징어와 대왕오징어를 주로 먹는다. 커다란 머리에는 기름과 밀랍이 섞인 경뇌유가 든 기관이 있어 소리를 내고 되울림으로 위치를 찾는 데 쓰인다. 허먼 멜빌의 소설 『모비 딕』에 나오는 흰 고래가 이 종이다.","씨름은 두 사람이 허리와 다리에 맨 샅바를 서로 잡고 힘과 기술로 상대를 먼저 넘어뜨리면 이기는 한국의 전통 운동이다. 지름 8m 정도의 둥근 모래판에서 겨룬다. 4세기 무렵의 고구려 고분인 각저총 벽화에 씨름하는 모습이 남아 있어 역사가 깊음을 보여 준다. 예로부터 단오나 추석 같은 명절이면 곳곳에서 씨름판이 벌어졌고, 우승한 장사에게는 황소를 상으로 주었다. 2018년 남북한이 함께 신청해 유네스코 인류무형문화유산에 올랐다.","춘분은 24절기의 넷째로, 태양이 하늘의 적도를 지나 황경 0도에 이르는 날이다. 양력으로는 3월 20일이나 21일 무렵이다. 흔히 낮과 밤의 길이가 같은 날로 알려져 있으나, 대기에서 빛이 굴절되는 등의 까닭으로 실제로는 낮이 몇 분 더 길다. 하지, 추분, 동지와 함께 천문학적으로 뜻이 뚜렷한 네 절기 가운데 하나다. 강남 갔던 제비가 돌아오는 때로 여겨졌으며, 이란 등에서는 이 무렵 새해 명절 노루즈를 쇤다."
송편 속에 넣는 소 재료,"송편은 멥쌀가루를 익반죽해 소를 넣고 반달이나 조개 모양으로 빚어 찌는 떡이다. 소로는 참깨, 팥, 콩, 녹두, 밤, 대추 등을 넣는다. 찔 때 솔잎을 켜켜이 깔아 떡끼리 달라붙지 않게 하고 은은한 솔 향을 입히는데, 이름도 소나무를 뜻하는 '송'에서 왔다. 추석에 햅쌀로 빚어 차례상에 올리는 대표적인 명절 떡이다. 서울 송편은 작고 조개처럼 오므린 모양이며, 평안도와 강원도에서는 손가락 자국을 낸 큼직한 송편을 빚기도 한다.","인절미는 찹쌀을 쪄서 절구나 떡판에 올려 차지게 친 다음 알맞은 크기로 썰어 고물을 묻힌 떡이다. 고물로는 볶은 콩가루를 가장 많이 쓰고, 팥고물이나 깨, 채 썬 대추를 묻히기도 하며 쑥을 섞어 치기도 한다. 이괄의 난을 피해 공주 공산성에 머물던 인조에게 임씨 성의 백성이 이 떡을 바쳤는데, 맛에 감탄한 임금의 말에서 '임절미'라는 이름이 나와 바뀌었다는 이야기가 전한다. 얼렸다가 녹여도 부드러운 식감이 크게 변하지 않는다.","가래떡은 멥쌀가루를 쪄서 쳐 낸 반죽을 길고 둥근 막대 모양으로 뽑은 떡으로, 흰떡이라고도 한다. 예전에는 손으로 비벼 늘였으나 요즘은 대부분 기계로 뽑는다. 설날에는 굳힌 가래떡을 얇고 어슷하게 썰어 떡국을 끓이는데, 길게 뽑은 모양에는 오래 살기를 바라는 뜻이 담겨 있다고 한다. 굵기를 달리해 떡볶이나 떡꼬치에도 쓰며, 굳은 가래떡을 구워 조청에 찍어 먹기도 한다.",
플리니식 분화라는 이름은 어디서 왔나,"베수비오산은 이탈리아 캄파니아주 나폴리에서 약 6km 떨어진 성층 화산으로, 주봉의 높이는 1,281m이다. 서기 79년의 대분화로 로마 도시 폼페이와 헤르쿨라네움이 화산재와 부석에 묻혔는데, 소 플리니우스가 이 광경을 글로 남겼다. 이처럼 화산재와 가스를 높이 뿜어 올리는 격렬한 분화를 그의 이름을 따 플리니식 분화라 한다. 마지막 분화는 1944년이며 그 뒤로는 잠잠하지만 여전히 활화산으로 분류된다. 20세기에 유럽 본토에서 분화한 유일한 화산이다. 주변에 약 300만 명이 살아 세계에서 가장 위험한 화산 가운데 하나로 꼽힌다.",,,
한국인 최초 에베레스트 등정자,"에베레스트산은 해발 8,848.86m로 세계에서 가장 높은 산이다. 히말라야산맥 가운데 네팔과 중국의 국경에 솟아 있다. 네팔에서는 사가르마타, 티베트에서는 초모룽마라 부르며, 영어 이름은 영국의 측량가 조지 에베레스트에게서 따왔다. 1953년 5월 29일 뉴질랜드의 에드먼드 힐러리와 셰르파인 텐징 노르게이가 처음으로 꼭대기를 밟았다. 한국인으로는 1977년 고상돈이 처음 정상에 섰다. 지각판이 움직이는 탓에 산이 해마다 조금씩 높아지는 것으로 알려져 있다.","반달가슴곰은 온몸이 검은 털로 덮여 있고 가슴에 반달이나 V자 모양의 흰 털 무늬가 있는 곰이다. 몸길이는 130~190cm이며, 몸무게는 수컷이 110~150kg, 암컷이 65~90kg 정도이다. 풀과 나무 열매, 꿀 같은 먹이를 주로 먹고 겨울에는 겨울잠을 잔다. 냄새와 소리를 잘 알아차리며 한 번에 새끼를 보통 두 마리 낳는다. 한국에서는 1982년 11월 16일 천연기념물 제329호로 지정되었고, 멸종위기 야생생물 Ⅰ급으로 보호받는다. 2004년 지리산에서 개체를 풀어놓는 복원 사업이 시작되었고, 2009년부터는 야생에서 새끼가 태어나기 시작했다.","층운은 우리말로 층구름 또는 안개구름이라 하며, 기호는 St이다. 대체로 지상 0~2km의 낮은 곳에 회색 층을 이루며 퍼져, 마치 안개가 땅에서 떠오른 것처럼 보인다. 조각조각 나뉘어 그 사이로 파란 하늘이 보이기도 한다. 비를 내리더라도 이슬비나 약한 비 정도에 그친다. 지형의 영향을 받아 국지적으로 생기는 경우가 많고, 조각나며 서서히 흩어진 뒤에는 날이 개는 일이 흔하다. 구름층이 얇을 때에는 해나 달 둘레에 무리가 보이기도 한다.","자외선은 보랏빛보다 파장이 짧은 약 100~400nm의 전자기파이다. 1801년 독일 물리학자 요한 빌헬름 리터가 염화은을 적신 종이가 보랏빛 바깥의 보이지 않는 빛에 더 빨리 반응하는 것을 보고 발견했다. 파장에 따라 UVA(315~400nm), UVB(280~315nm), UVC(100~280nm)로 나눈다. UVB는 피부에서 비타민 D가 만들어지게 돕지만, 지나치게 쬐면 DNA를 손상시켜 피부암 위험을 높인다. UVC는 세균과 바이러스의 유전 물질을 파괴하므로 살균에 쓰인다. 대기의 오존이 UVB와 UVC를 대부분 막아, 땅에 닿는 자외선은 95% 이상이 UVA이다."
금은동 메달을 처음 수여한 올림픽,"1904년 하계 올림픽은 미국 미주리주 세인트루이스에서 열렸다. 유럽 밖에서 열린 첫 올림픽이자 미국에서 열린 첫 올림픽이다. 루이지애나 매입을 기념하는 박람회와 함께 7월 1일부터 11월 23일까지 다섯 달 가까이 이어졌다. 먼 거리 탓에 12개 나라만 참가했고, 선수 651명 대부분이 미국인이었다. 이 대회부터 1위, 2위, 3위에게 금메달, 은메달, 동메달을 나누어 주었으며, 권투와 10종 경기가 처음 열렸다.","1896년 하계 올림픽은 4월 6일부터 15일까지 그리스 아테네에서 열린 첫 근대 올림픽이다. 14개 나라에서 남자 선수 241명이 참가해 9개 종목 43개 세부 경기를 치렀으며, 여자 선수는 나오지 않았다. 옛 경기장을 되살린 파나티나이코 경기장이 주 무대였다. 1위에게는 금메달이 아니라 은메달과 올리브 가지 관을 주었다. 그리스의 스피리돈 루이스가 마라톤에서 우승해 국민 영웅이 되었다. 예산이 모자라 수영 경기는 바다에서 치렀다.","1900년 하계 올림픽은 프랑스 파리에서 열린 두 번째 근대 올림픽으로, 같은 해 파리 만국 박람회의 일부로 치러졌다. 5월 14일부터 10월 28일까지 다섯 달 넘게 이어졌고, 따로 개회식과 폐회식을 열지 않았다. 24개 나라에서 997명이 참가했는데 그 가운데 프랑스 선수가 720명이었다. 이 대회에서 처음으로 여자 선수가 출전했으며, 영국의 샬럿 쿠퍼가 테니스 단식에서 우승해 첫 여성 올림픽 챔피언이 되었다. 축구도 이때 처음 올림픽 종목이 되었다.","1908년 하계 올림픽은 영국 런던에서 열렸다. 본래 이탈리아 로마가 개최할 예정이었으나 1906년 베수비오 화산이 분화하자 이탈리아가 복구에 힘을 쏟으려고 개최를 포기했다. 4월 27일부터 10월 31일까지 187일 동안 이어져 가장 오래 열린 하계 올림픽으로 남았고, 22개 나라에서 약 2,000명이 참가했다. 주 경기장은 새로 지은 화이트 시티 스타디움이었다. 마라톤 출발점을 윈저성으로 옮기고 결승선을 왕실 관람석 앞에 맞추면서, 오늘날의 마라톤 거리 42.195km가 이 대회에서 정해졌다."
하일리겐슈타트 유서를 쓴 해,"루트비히 판 베토벤은 1770년 독일 본에서 태어나 1792년 빈으로 옮겨 간 작곡가로, 그곳에서 하이든에게 배우기도 했다. 20대 후반부터 귀가 나빠지기 시작해 1802년에는 절망을 털어놓은 하일리겐슈타트 유서를 썼다. 모두 아홉 곡의 교향곡을 남겼는데, 3번 「영웅」은 처음에 나폴레옹에게 바치려다 그가 황제에 오르자 헌정을 거두었다는 일화가 있다. 1824년 초연한 9번 교향곡의 마지막 악장에는 실러의 시 「환희의 송가」에 붙인 합창이 들어 있다. 1827년 빈에서 세상을 떠났다.","요제프 하이든은 1732년 오스트리아 로라우에서 태어난 고전파 작곡가다. 1761년부터 약 30년 동안 헝가리 귀족 에스테르하지 가문의 궁정 악단에서 일하며 수많은 곡을 썼다. 교향곡을 100곡 넘게 남기고 현악 4중주의 틀을 다듬어 '교향곡의 아버지', '현악 4중주의 아버지'로 불린다. 후원자가 세상을 떠난 뒤 1791년부터 런던을 오가며 큰 인기를 누렸고, 조용한 악장 중간에 갑자기 큰 소리를 내는 「놀람」 교향곡도 이 무렵 썼다. 1809년 빈에서 세상을 떠났다.","볼프강 아마데우스 모차르트는 1756년 잘츠부르크에서 태어난 고전파 작곡가다. 궁정 음악가였던 아버지 레오폴트에게 음악을 배워 다섯 살에 처음 곡을 지었고, 어린 시절부터 유럽 여러 도시를 돌며 연주했다. 1781년 빈으로 옮긴 뒤 1786년 「피가로의 결혼」, 1787년 「돈 조반니」, 1791년 「마술피리」 같은 오페라를 무대에 올렸다. 그의 작품에는 루트비히 폰 쾨헬이 정리한 쾨헬 번호가 붙는다. 1791년 서른다섯 살로 세상을 떠나 「레퀴엠」은 미완성으로 남았다.","프란츠 슈베르트는 1797년 빈에서 태어난 작곡가로, 600곡이 넘는 가곡을 지어 '가곡의 왕'으로 불린다. 괴테의 시에 곡을 붙인 「마왕」과 「들장미」, 물고기를 노래한 「송어」가 널리 알려져 있다. 1823년 연가곡 「아름다운 물방앗간 아가씨」를, 1827년 「겨울 나그네」를 썼다. 두 악장만 완성된 교향곡은 「미완성」이라는 이름으로 불린다. 서른한 살이던 1828년 세상을 떠났으며, 생전에 우러르던 베토벤 가까이에 묻혔다."
국기원은 언제 세워졌나,"태권도는 발을 뜻하는 '태', 주먹을 뜻하는 '권', 길을 뜻하는 '도'를 합친 이름의 한국 무술이다. 1965년 대한태수도협회가 대한태권도협회로 이름을 바꾸면서 태권도라는 이름이 자리를 잡았다. 1972년 국기원이, 이듬해인 1973년 지금의 세계태권도연맹이 세워졌다. 1988년 서울 올림픽에서 시범 종목으로 선보인 뒤 2000년 시드니 올림픽부터 정식 종목이 되었다. 2018년에는 법률로 대한민국의 국기로 지정되었다.","씨름은 두 사람이 허리와 다리에 맨 샅바를 서로 잡고 힘과 기술로 상대를 먼저 넘어뜨리면 이기는 한국의 전통 운동이다. 지름 8m 정도의 둥근 모래판에서 겨룬다. 4세기 무렵의 고구려 고분인 각저총 벽화에 씨름하는 모습이 남아 있어 역사가 깊음을 보여 준다. 예로부터 단오나 추석 같은 명절이면 곳곳에서 씨름판이 벌어졌고, 우승한 장사에게는 황소를 상으로 주었다. 2018년 남북한이 함께 신청해 유네스코 인류무형문화유산에 올랐다.","택견은 춤을 추듯 리듬 있게 발을 옮기는 품밟기를 바탕으로 발질과 걸어 넘기기를 주로 쓰는 한국의 전통 무예다. 주먹을 쥐고 치는 기술 대신 발과 손바닥으로 상대를 차거나 밀어 넘어뜨리는 기술이 중심을 이룬다. 1798년에 엮인 『재물보』 등에 기록이 보이며, 조선 말에 택견을 익힌 송덕기가 그 맥을 오늘날에 전했다. 국가무형문화재로 지정되어 있으며, 2011년 무예로서는 세계에서 처음으로 유네스코 인류무형문화유산에 올랐다.","국궁은 서양식 양궁과 구별해 우리 전통 활쏘기를 이르는 말로, 궁도라고도 한다. 대표적인 전통 활인 각궁은 물소 뿔, 소 힘줄, 대나무, 뽕나무 등을 붙여 만든다. 과녁은 145m 떨어진 곳에 세우며, 크기는 너비 2m, 높이 2.67m 정도다. 조선에서는 무과 시험 과목이었고, 1928년 전국 대회가 처음 열리면서 근대 경기로 자리 잡았다. 서울의 황학정처럼 활을 쏘는 활터가 전국 곳곳에 있다."
남한에서 가장 긴 강은?,"낙동강은 길이 약 510km로 남한에서 가장 긴 강이며, 한반도 전체에서는 압록강과 두만강 다음으로 길다. 유역 면적은 약 23,384km²이다. 강원특별자치도 태백시에서 시작되는데, 예로부터 황지연못이 발원지로 알려져 왔다. 영남 지방을 남북으로 가로질러 부산광역시 사하구 을숙도 부근에서 바다로 나가며, 하구에는 1987년 하굿둑이 완공되었다. 이름은 상주의 옛 이름인 낙양의 동쪽을 흐르는 강이라는 뜻에서 왔다고 한다. 금호강, 남강, 황강, 밀양강 등이 흘러들며, 달성습지와 우포늪 같은 철새 도래지를 끼고 있다.","한강은 한반도 중부를 흐르는 강으로, 길이는 약 494km, 유역 면적은 약 35,770km²이다. 태백산맥 금대봉 북쪽 비탈의 검룡소에서 시작하는 남한강과, 북쪽에서 내려오는 북한강이 경기도 양평의 양수리(두물머리)에서 만나 하나의 물줄기를 이룬다. 이후 서울을 가로질러 황해로 흘러든다. 서울 구간에만 다리가 32개 놓여 있다. 평균 유량은 초당 약 613m³이다. 삼국 시대에 고구려는 이 강을 아리수, 백제는 욱리하라고 불렀고, 신라는 상류를 이하, 하류를 왕봉하라 했다.","금강은 길이 약 398km로 한강, 낙동강에 이어 남한에서 세 번째로 큰 강이다. 유역 면적은 약 9,912km²이다. 전북특별자치도 장수군 신무산의 뜬봉샘에서 시작해 공주와 부여를 지나고, 군산과 서천 사이에서 황해로 들어간다. 하구에는 1990년 하굿둑이 완공되었다. 하류 구간은 충청남도와 전북특별자치도의 경계를 이룬다. 공주 부근 구간은 웅진강, 부여 부근 구간은 백마강이라는 이름으로도 불려 왔으며, 곰강이라는 옛 이름은 곰에 얽힌 전설과 관련이 있다.","영산강은 전라남도 담양군 병풍산 일대에서 시작해 장성, 광주광역시, 나주를 지나 목포에서 황해로 흘러드는 강이다. 길이는 약 139km, 유역 면적은 약 3,371km²이다. 가장 큰 지류는 황룡강이며, 지석천과 함평천 등도 흘러든다. 강 이름은 나주의 영산포에서 왔는데, 고려 때 이곳에 거두어들인 세곡을 모아 두었다가 뱃길로 도읍까지 실어 날랐다. 담양에서 하구의 둑까지 이르는 본류 구간은 국가 하천으로 관리된다."
널뛰기 할 때 널 가운데 괴는 것,"널뛰기는 긴 널빤지 가운데에 짚단이나 가마니를 괴고 양 끝에 한 사람씩 올라서서 번갈아 뛰어오르는 놀이다. 한 사람이 내려디디는 힘으로 맞은편 사람이 높이 솟아오르므로 두 사람의 호흡이 잘 맞아야 한다. 주로 여성들이 설날이나 단오 같은 명절에 즐겼다. 설에 널을 뛰면 한 해 동안 발바닥에 가시가 박히지 않는다는 말이 전하고, 처녀 시절 널을 뛰지 않으면 시집가서 아기를 낳지 못한다는 속설도 있었다.","윷놀이는 단면이 반달 모양인 나무 막대 네 개를 던져 나온 모양에 따라 말을 옮기는 놀이다. 젖혀진 가락의 수에 따라 도는 한 칸, 개는 두 칸, 걸은 세 칸, 윷은 네 칸, 모는 다섯 칸을 가며, 윷이나 모가 나오면 한 번 더 던진다. 말판에는 29개의 자리가 있고, 한 편이 말 네 개를 모두 먼저 내보내면 이긴다. 도, 개, 걸, 윷, 모가 각각 돼지, 개, 양, 소, 말을 가리킨다는 풀이가 있다. 주로 설날부터 정월 대보름 사이에 즐긴다.","제기차기는 제기를 발로 차올려 땅에 떨어뜨리지 않고 몇 번이나 이어 차는지 겨루는 놀이다. 예전에는 구멍 뚫린 엽전을 한지나 헝겊으로 싸고 끝을 여러 갈래로 찢어 제기를 만들었고, 요즘은 비닐로 만든 것을 흔히 쓴다. 찰 때마다 발을 땅에 디디는 땅강아지, 차는 발을 땅에 대지 않고 계속 차는 헐렁이, 두 발을 번갈아 차는 양발차기 등 차는 법이 여럿이다. 주로 겨울철, 특히 설 무렵에 아이들이 즐겼다.","연날리기는 대나무 살에 종이를 붙여 만든 연을 바람에 띄우는 놀이로, 주로 설날부터 정월 대보름까지 즐겼다. 대보름에는 연에 액을 뜻하는 글자를 써서 띄운 뒤 줄을 끊어 날려 보내며 한 해의 나쁜 운을 떨쳐 냈다. 연줄에 부레풀과 곱게 빻은 사기나 유리 가루를 먹여 질기고 날카롭게 만든 뒤 남의 연줄을 끊는 연싸움도 벌였다. 『삼국사기』에는 647년 김유신이 허수아비를 연에 매달아 띄워 흔들리는 민심을 가라앉혔다는 이야기가 실려 있다."
기본 상호작용 중 제일 약한 힘,"중력은 질량을 가진 모든 물체가 서로 끌어당기는 힘으로, 자연의 네 가지 기본 힘 가운데 가장 약하다. 세기는 강한 상호작용의 약 10³⁸분의 1에 불과하지만, 미치는 거리에 끝이 없어 행성과 은하의 운동을 좌우한다. 아이작 뉴턴은 1687년 『프린키피아』에서 두 물체 사이의 인력이 질량의 곱에 비례하고 거리의 제곱에 반비례한다는 만유인력 법칙을 내놓았다. 1915년 알베르트 아인슈타인은 일반 상대성 이론에서 이 힘을 시공간의 휘어짐으로 새로 설명했다. 2016년에는 라이고(LIGO) 연구진이 두 블랙홀의 충돌로 생긴 중력파를 처음 검출했다고 발표했다. 지구 표면의 중력 가속도는 약 9.81m/s²이다.","전자기력은 전하를 띤 입자 사이에 작용하는 기본 힘으로, 광자가 이 힘을 전달한다. 광자는 질량과 전하가 없고 스핀이 1인 보손이다. 네 가지 기본 힘 가운데 강한 상호작용 다음으로 세며, 중력과 함께 먼 거리까지 미치는 두 힘 가운데 하나이다. 샤를 드 쿨롱은 비틀림 저울 실험으로, 두 전하 사이의 힘이 전하량의 곱에 비례하고 떨어진 거리의 제곱에 반비례한다는 법칙을 밝혔다. 같은 부호의 전하는 서로 밀어내고 다른 부호의 전하는 끌어당긴다. 1905년 아인슈타인은 빛이 알갱이 같은 에너지 덩어리로 이루어진다는 광양자설을 내놓았고, 광자라는 이름은 1926년 길버트 루이스가 널리 퍼뜨렸다.","강한 상호작용은 쿼크들을 묶어 양성자와 중성자를 만들고, 그 남은 힘으로 양성자와 중성자를 원자핵 안에 붙잡아 두는 기본 힘이다. 네 가지 기본 힘 가운데 가장 세서 전자기력보다 약 100배 강하지만, 미치는 거리는 원자핵 크기인 약 10⁻¹⁵m(1펨토미터) 안팎으로 매우 짧다. 이 힘을 전달하는 입자는 글루온이다. 쿼크와 글루온은 전기 전하와 다른 색전하를 지니며, 이를 다루는 이론을 양자 색역학이라 한다. 쿼크는 홀로 떨어져 나오지 못하고 늘 강입자 안에 갇혀 있는데, 이를 색가둠이라 한다. 1935년 유카와 히데키는 중간자가 핵자 사이의 힘을 전한다는 이론을 내놓았고, 1949년 노벨 물리학상을 받았다.","약한 상호작용은 방사성 원소의 베타 붕괴처럼 한 입자를 다른 종류의 입자로 바꾸는 기본 힘이다. 원자핵 속 중성자가 양성자로 바뀌는 것도 이 힘 때문이다. 강한 상호작용이나 전자기력보다 훨씬 약하고, 아주 짧은 거리에서만 작용한다. 엔리코 페르미가 베타 붕괴를 설명하려고 처음 이론을 세웠다. 이 힘을 전달하는 W 보손과 Z 보손은 1983년 유럽 입자 물리 연구소(CERN)에서 발견되었고, 실험을 이끈 카를로 루비아와 시몬 판 데르 메이르는 이듬해 노벨 물리학상을 받았다. 이 힘과 전자기력을 하나의 틀로 묶은 전약 이론을 세운 셸던 글래쇼, 압두스 살람, 스티븐 와인버그는 1979년 노벨 물리학상을 받았다."
제일 깊은 호수와 최대 수심,"바이칼호는 러시아 시베리아 남부, 이르쿠츠크주와 부랴티야 공화국 사이에 있는 호수이다. 가장 깊은 곳이 1,642m로 세계에서 가장 깊은 호수이다. 물의 양은 약 23,000km³로 지구 전체 민물의 약 20%를 담고 있다. 2,500만~3,000만 년 전에 생겨 지구에서 가장 오래된 호수 가운데 하나로 꼽힌다. 길이는 636km, 너비는 20~80km이다. 셀렝가강을 비롯한 여러 강이 흘러들지만 빠져나가는 물길은 앙가라강이다. 바이칼물범을 비롯해 1,550종이 넘는 동물이 살며, 그 가운데 60% 이상이 이곳에만 사는 고유종이다. 1996년 유네스코 세계 자연 유산으로 지정되었다.","카스피해는 면적 약 371,000km²로 세계에서 가장 넓은 호수이다. 이름에 바다가 붙을 만큼 넓어 흔히 바다처럼 여겨진다. 러시아, 카자흐스탄, 투르크메니스탄, 이란, 아제르바이잔 다섯 나라에 둘러싸여 있다. 수면은 해수면보다 약 28m 낮다. 물에는 소금기가 있지만 염분은 약 1.2%로 보통 바닷물의 3분의 1 정도이다. 유럽에서 가장 긴 강인 볼가강이 얕은 북쪽으로 흘러든다. 가장 깊은 곳은 1,025m이다. 캐비아를 얻는 철갑상어와 풍부한 석유·천연가스 자원으로 이름나 있다.","슈피리어호는 북아메리카 오대호 가운데 가장 크며, 면적은 약 82,400km²로 표면적 기준 세계 최대의 민물 호수이다. 북쪽은 캐나다 온타리오주, 남쪽과 서쪽은 미국 미네소타주, 위스콘신주, 미시간주와 맞닿아 있다. 가장 깊은 곳은 406m이고, 담긴 물의 양은 세계 호수 가운데 세 번째로 많다. 오대호 가운데 가장 위쪽에 있어 '위쪽의'라는 뜻의 이름이 붙었다. 호수의 물은 세인트메리스강을 거쳐 휴런호로 빠져나간다. 1975년 폭풍 속에서 화물선 에드먼드 피츠제럴드호가 이 호수에 가라앉았다.","티티카카호는 남아메리카 안데스산맥의 알티플라노 고원에서 페루와 볼리비아의 국경에 걸친 호수이다. 수면이 해발 약 3,812m에 있어, 큰 배가 다닐 수 있는 호수 가운데 세계에서 가장 높은 곳에 있다고 흔히 일컬어진다. 면적은 약 8,372km², 가장 깊은 곳은 284m, 평균 깊이는 약 135m이다. 물의 양으로는 남아메리카에서 가장 큰 호수이다. 호수에는 섬이 41개 있으며, 원주민이 토토라 갈대를 엮어 만든 떠 있는 인공 섬 우로스가 이름나 있다. 태양의 섬과 달의 섬은 잉카의 창조 신화에 등장한다."
마을 어귀 정자나무로 흔히 심던 나무,"느티나무는 느릅나무과의 갈잎큰키나무로, 학명은 Zelkova serrata이다. 높이 20~40m까지 자라고, 다 자란 줄기의 지름은 약 2m에 이른다. 나무껍질은 회백색이며 나이가 들수록 비늘처럼 벗겨진다. 잎은 길이 5~11cm의 달걀꼴이다. 꽃잎이 없는 초록색 꽃이 피고 바람이 꽃가루를 옮긴다. 가지가 넓게 퍼져 그늘이 넓으므로 예로부터 마을 어귀의 정자나무로 많이 심었고, 마을을 지키는 나무로 여겨지기도 했다. 목재는 가구와 목조 건축에 쓰이며, 오래된 나무 여러 그루가 천연기념물로 보호받는다.","소나무는 한국을 대표하는 늘푸른 바늘잎나무로, 학명은 Pinus densiflora이다. 바늘잎이 두 개씩 한 묶음으로 난다. 높이는 20~35m까지 자라며, 줄기 윗부분의 껍질은 붉은 갈색이고 아래쪽은 회갈색을 띤다. 한국인이 가장 좋아하는 나무를 묻는 조사에서 꾸준히 첫손에 꼽히며, 애국가 가사에도 나온다. 천연기념물로 지정된 나무 가운데 소나무가 약 40건으로 가장 많은데, 보은 속리 정이품송(제103호)이 널리 알려져 있다. 금강송처럼 곧게 자란 좋은 목재는 예로부터 궁궐을 짓는 데 쓰였다. 근래에는 소나무재선충병이 큰 위협이 되고 있다.","은행나무는 은행나무문에서 오늘날까지 살아남은 유일한 종으로, 학명은 Ginkgo biloba이다. 에오세에 번성했던 무리의 후손이어서 살아 있는 화석이라 불린다. 잎은 가운데가 갈라진 부채꼴 모양이다. 암나무와 수나무가 따로 있는 암수딴그루여서 씨앗은 암나무에만 열리며, 씨의 겉껍질에서 고약한 냄새가 난다. 씨에는 독성 물질도 들어 있다. 경기도 양평의 용문사 은행나무는 천연기념물 제30호로, 높이 약 38.8m, 둘레 약 11m에 이르러 국내 은행나무 가운데 가장 높다. 원산지는 중국, 한국, 일본 등 동아시아이다.","주목은 늘푸른 바늘잎나무로, 학명은 Taxus cuspidata이다. 이름은 나무껍질과 속살이 붉은빛을 띠어 '붉은 나무'라는 뜻에서 왔다. 매우 느리게 자라고 오래 버텨 '살아 천년, 죽어 천년'이라는 말이 붙었다. 한국 곳곳에 자라지만 특히 해발 700m가 넘는 높은 산에 많아 설악산, 지리산, 제주도, 울릉도 등지에서 볼 수 있다. 8~9월에 익는 열매는 컵처럼 한쪽이 트인 붉은 헛씨껍질이 씨를 감싼 모양이다. 나무에는 탁신이라는 독성 물질이 있어 가축에게 해롭지만, 줄기에서는 항암제 원료인 택솔(파클리탁셀)을 얻는다. 높이는 20m 안팎까지 자란다."
우박과 돌풍을 몰고 오는 구름,"적란운은 우리말로 쌘비구름이라 하며 기호로는 Cb로 적는다. 강한 상승 기류를 타고 위로 높이 솟는 대류운으로, 꼭대기가 대류권계면에 닿으면 옆으로 퍼져 대장간의 모루 같은 모양을 만든다. 천둥과 번개를 동반한 뇌우, 소나기, 우박, 돌풍을 일으키며, 아주 드물게 토네이도를 낳기도 한다. 한랭 전선이나 장마 전선, 태풍 둘레처럼 대기가 불안정한 곳이나 땅이 강하게 데워진 곳에서 발달한다. 10가지 기본 운형 가운데 수직으로 크게 발달하는 구름으로 분류된다.","권운은 우리말로 털구름 또는 새털구름이라 하며, 기호는 Ci이다. 하늘 높은 곳에 생기는 구름이라 물방울이 아니라 얼음 결정으로 이루어져 있다. 생기는 높이는 위도에 따라 다른데, 극지방에서는 약 7km, 온대에서는 약 9.5km, 열대에서는 약 13.5km 부근이다. 희고 가는 선이나 좁은 띠, 깃털 같은 모양으로 흩어져 보인다. 얼음 알갱이가 떨어지더라도 땅에 닿기 전에 사라져 비를 내리지 않는다. 권운이 하늘에 많이 퍼지면 전선이 다가온다는 신호여서 날씨가 궂어질 조짐으로 본다.","층운은 우리말로 층구름 또는 안개구름이라 하며, 기호는 St이다. 대체로 지상 0~2km의 낮은 곳에 회색 층을 이루며 퍼져, 마치 안개가 땅에서 떠오른 것처럼 보인다. 조각조각 나뉘어 그 사이로 파란 하늘이 보이기도 한다. 비를 내리더라도 이슬비나 약한 비 정도에 그친다. 지형의 영향을 받아 국지적으로 생기는 경우가 많고, 조각나며 서서히 흩어진 뒤에는 날이 개는 일이 흔하다. 구름층이 얇을 때에는 해나 달 둘레에 무리가 보이기도 한다.",
윷놀이 말판 자리 개수,"윷놀이는 단면이 반달 모양인 나무 막대 네 개를 던져 나온 모양에 따라 말을 옮기는 놀이다. 젖혀진 가락의 수에 따라 도는 한 칸, 개는 두 칸, 걸은 세 칸, 윷은 네 칸, 모는 다섯 칸을 가며, 윷이나 모가 나오면 한 번 더 던진다. 말판에는 29개의 자리가 있고, 한 편이 말 네 개를 모두 먼저 내보내면 이긴다. 도, 개, 걸, 윷, 모가 각각 돼지, 개, 양, 소, 말을 가리킨다는 풀이가 있다. 주로 설날부터 정월 대보름 사이에 즐긴다.","제기차기는 제기를 발로 차올려 땅에 떨어뜨리지 않고 몇 번이나 이어 차는지 겨루는 놀이다. 예전에는 구멍 뚫린 엽전을 한지나 헝겊으로 싸고 끝을 여러 갈래로 찢어 제기를 만들었고, 요즘은 비닐로 만든 것을 흔히 쓴다. 찰 때마다 발을 땅에 디디는 땅강아지, 차는 발을 땅에 대지 않고 계속 차는 헐렁이, 두 발을 번갈아 차는 양발차기 등 차는 법이 여럿이다. 주로 겨울철, 특히 설 무렵에 아이들이 즐겼다.","연날리기는 대나무 살에 종이를 붙여 만든 연을 바람에 띄우는 놀이로, 주로 설날부터 정월 대보름까지 즐겼다. 대보름에는 연에 액을 뜻하는 글자를 써서 띄운 뒤 줄을 끊어 날려 보내며 한 해의 나쁜 운을 떨쳐 냈다. 연줄에 부레풀과 곱게 빻은 사기나 유리 가루를 먹여 질기고 날카롭게 만든 뒤 남의 연줄을 끊는 연싸움도 벌였다. 『삼국사기』에는 647년 김유신이 허수아비를 연에 매달아 띄워 흔들리는 민심을 가라앉혔다는 이야기가 실려 있다.","널뛰기는 긴 널빤지 가운데에 짚단이나 가마니를 괴고 양 끝에 한 사람씩 올라서서 번갈아 뛰어오르는 놀이다. 한 사람이 내려디디는 힘으로 맞은편 사람이 높이 솟아오르므로 두 사람의 호흡이 잘 맞아야 한다. 주로 여성들이 설날이나 단오 같은 명절에 즐겼다. 설에 널을 뛰면 한 해 동안 발바닥에 가시가 박히지 않는다는 말이 전하고, 처녀 시절 널을 뛰지 않으면 시집가서 아기를 낳지 못한다는 속설도 있었다."
폼페이를 화산재로 덮은 화산,"베수비오산은 이탈리아 캄파니아주 나폴리에서 약 6km 떨어진 성층 화산으로, 주봉의 높이는 1,281m이다. 서기 79년의 대분화로 로마 도시 폼페이와 헤르쿨라네움이 화산재와 부석에 묻혔는데, 소 플리니우스가 이 광경을 글로 남겼다. 이처럼 화산재와 가스를 높이 뿜어 올리는 격렬한 분화를 그의 이름을 따 플리니식 분화라 한다. 마지막 분화는 1944년이며 그 뒤로는 잠잠하지만 여전히 활화산으로 분류된다. 20세기에 유럽 본토에서 분화한 유일한 화산이다. 주변에 약 300만 명이 살아 세계에서 가장 위험한 화산 가운데 하나로 꼽힌다.","후지산은 일본 혼슈 중부의 시즈오카현과 야마나시현 경계에 솟은 산으로, 높이 3,776m로 일본에서 가장 높다. 수만 년 동안 분화가 거듭되며 쌓인 성층 화산이다. 마지막 분화는 1707년의 호에이 대분화이다. 기슭에는 후지 5호라 불리는 호수들이 있고, 맑은 날에는 도쿄에서도 보인다. 예로부터 신앙의 대상이자 예술의 소재였으며, 2013년 '후지산, 신앙의 대상이자 예술의 원천'이라는 이름으로 유네스코 세계 문화유산에 올랐다. 일반 등산은 주로 7~8월에 할 수 있다.","킬라우에아산은 미국 하와이주 하와이섬에 있는 순상 화산으로, 높이는 약 1,222m이다. 세계에서 가장 활발하게 분화하는 화산으로 꼽힌다. 1983년 시작된 분화가 오랫동안 이어지며 푸우오오 분화구를 만들고 넓은 용암 대지를 쌓았다. 2018년에는 규모 6.9의 지진과 함께 큰 분화가 일어나 주민 약 2,000명이 대피했다. 정상부의 할레마우마우 분화구는 하와이 전설 속 불의 여신 펠레가 사는 곳으로 전해진다. 폭발보다는 용암이 분수처럼 솟고 흘러내리는 하와이식 분화를 하며, 이웃한 마우나로아산과 함께 하와이 화산 국립공원에 속한다.","에트나산은 이탈리아 시칠리아섬 동부, 메시나와 카타니아 사이에 있는 성층 화산으로, 높이는 약 3,350m이다. 유럽에서 가장 높은 활화산이며, 알프스 남쪽 이탈리아에서도 가장 높은 산이다. 지금도 분화가 잦아 2020년 12월에는 용암이 100m 넘게 솟구치고 화산재가 상공 5km까지 올라갔다. 2013년 유네스코 세계 자연 유산으로 지정되었다. 그리스 신화에서는 제우스가 괴물 티폰을 이 산 밑에 가두었다고 하며, 대장장이 신 헤파이스토스의 대장간이 산속 깊은 곳에 있다고도 전한다."
오감도 연재가 중단된 이유,"이상은 1910년 서울에서 태어난 시인이자 소설가로, 본명은 김해경이다. 경성고등공업학교 건축과를 나와 조선총독부에서 건축 기술자로 일했다. 1934년 신문에 연작시 「오감도」를 싣기 시작했으나, 뜻을 알 수 없다는 독자들의 항의가 빗발쳐 연재가 도중에 멈췄다. 문학 모임 구인회에 참여했고, 다방 제비를 운영하기도 했다. 1936년 소설 「날개」를 발표했으며, 이듬해 도쿄에서 스물여섯의 나이로 숨졌다.","김소월은 1902년 평안북도에서 태어난 시인으로, 본명은 김정식이다. 오산학교에 다니며 스승 김억을 만나 시를 배웠고, 1920년 문예지 『창조』에 시를 발표하며 문단에 나왔다. 생전에 낸 유일한 시집 『진달래꽃』은 1925년에 나왔다. 떠나는 임을 보내는 마음을 담은 「진달래꽃」을 비롯해 「엄마야 누나야」, 「산유화」 등 민요 가락을 살린 시가 많아 노래로도 널리 불린다. 1934년 서른두 살의 나이로 세상을 떠났다.","윤동주는 1917년 북간도 명동촌에서 태어난 시인이다. 서울의 연희전문학교를 1941년에 졸업하고 이듬해 일본으로 건너가 릿쿄 대학을 거쳐 교토의 도시샤 대학에서 공부했다. 1943년 독립운동을 했다는 혐의로 붙잡혀 2년 형을 받았고, 1945년 2월 16일 후쿠오카 형무소에서 광복을 여섯 달 앞두고 숨졌다. 「서시」, 「별 헤는 밤」, 「자화상」 등을 담은 유고 시집 『하늘과 바람과 별과 시』는 그가 세상을 떠난 뒤인 1948년에 나왔다.","한용운은 1879년 충청남도 홍성에서 태어난 승려이자 시인, 독립운동가로, 호는 만해다. 1905년 설악산 백담사에서 출가했고, 『조선불교유신론』을 지어 불교의 개혁을 주장했다. 1919년 3·1 운동 때 민족 대표 33인 가운데 한 사람으로 참여해 옥고를 치렀다. 1926년 펴낸 시집 『님의 침묵』에는 떠나간 임을 기다리는 마음이 담겨 있다. 말년에는 서울 성북동의 심우장에 머물다 광복을 한 해 앞둔 1944년 세상을 떠났다."
용문사 은행나무 높이와 둘레,"은행나무는 은행나무문에서 오늘날까지 살아남은 유일한 종으로, 학명은 Ginkgo biloba이다. 에오세에 번성했던 무리의 후손이어서 살아 있는 화석이라 불린다. 잎은 가운데가 갈라진 부채꼴 모양이다. 암나무와 수나무가 따로 있는 암수딴그루여서 씨앗은 암나무에만 열리며, 씨의 겉껍질에서 고약한 냄새가 난다. 씨에는 독성 물질도 들어 있다. 경기도 양평의 용문사 은행나무는 천연기념물 제30호로, 높이 약 38.8m, 둘레 약 11m에 이르러 국내 은행나무 가운데 가장 높다. 원산지는 중국, 한국, 일본 등 동아시아이다.","소나무는 한국을 대표하는 늘푸른 바늘잎나무로, 학명은 Pinus densiflora이다. 바늘잎이 두 개씩 한 묶음으로 난다. 높이는 20~35m까지 자라며, 줄기 윗부분의 껍질은 붉은 갈색이고 아래쪽은 회갈색을 띤다. 한국인이 가장 좋아하는 나무를 묻는 조사에서 꾸준히 첫손에 꼽히며, 애국가 가사에도 나온다. 천연기념물로 지정된 나무 가운데 소나무가 약 40건으로 가장 많은데, 보은 속리 정이품송(제103호)이 널리 알려져 있다. 금강송처럼 곧게 자란 좋은 목재는 예로부터 궁궐을 짓는 데 쓰였다. 근래에는 소나무재선충병이 큰 위협이 되고 있다.","느티나무는 느릅나무과의 갈잎큰키나무로, 학명은 Zelkova serrata이다. 높이 20~40m까지 자라고, 다 자란 줄기의 지름은 약 2m에 이른다. 나무껍질은 회백색이며 나이가 들수록 비늘처럼 벗겨진다. 잎은 길이 5~11cm의 달걀꼴이다. 꽃잎이 없는 초록색 꽃이 피고 바람이 꽃가루를 옮긴다. 가지가 넓게 퍼져 그늘이 넓으므로 예로부터 마을 어귀의 정자나무로 많이 심었고, 마을을 지키는 나무로 여겨지기도 했다. 목재는 가구와 목조 건축에 쓰이며, 오래된 나무 여러 그루가 천연기념물로 보호받는다.",
전파를 실험으로 처음 만들어 낸 과학자,"전파는 진동수가 300GHz 이하, 곧 파장이 1mm보다 긴 전자기파를 말한다. 1867년 제임스 클러크 맥스웰이 전자기 이론으로 그 존재를 예측했고, 1887년 하인리히 헤르츠가 실험실에서 전파를 만들어 내 이론을 확인했다. 1894~1895년에는 굴리엘모 마르코니가 실용적인 무선 송수신기를 처음 만들었고, 1900년 무렵부터 무선 통신이 상업적으로 쓰이기 시작했다. 진동수에 따라 장파, 중파, 단파, 초단파, 극초단파 등으로 나누며, 방송, 레이더, 위성 통신, 무선 네트워크에 널리 쓰인다.",,,
간장을 뜨고 남은 메주 건더기로 만드는 장,"된장은 메주를 소금물에 담가 장물을 떠내고 남은 건더기를 따로 모아 다시 숙성시킨 장이다. 한 항아리에서 간장과 된장을 함께 얻는 것이 우리 전통 장 담그기의 특징이다. 『삼국사기』에도 장에 관한 기록이 남아 있어 아주 오래전부터 먹어 온 것으로 본다. 국과 찌개의 맛을 내는 데 주로 쓰이며, 고추장과 양념을 더해 쌈장을 만들기도 한다. 메주를 곱게 빻아 짧은 기간에 익힌 막장처럼 지역마다 담그는 방식이 조금씩 다르다.","간장은 콩으로 쑨 메주를 소금물에 담가 우려낸 검붉은 액체 양념이다. 메주를 담가 둔 소금물이 충분히 우러나면 건더기를 건져 내고 남은 물을 달여 만든다. 발효하는 동안 콩 단백질이 분해되며 생기는 물질 때문에 짙은 갈색을 띠며, 소금 농도는 대개 18~20% 정도다. 전통 방식으로 담근 한식간장은 빛깔이 옅고 짠맛이 강해 국간장이라고도 하며, 주로 국의 간을 맞출 때 쓴다. 공장에서 미생물로 발효시킨 양조간장과 산으로 콩을 분해한 산분해간장 등 개량간장도 널리 쓰인다.","고추장은 고춧가루에 찹쌀가루나 멥쌀가루, 엿기름, 메줏가루, 소금 등을 섞어 발효시킨 붉은 장이다. 고추가 들어온 뒤에 생겨난 장으로, 1766년에 나온 『증보산림경제』에 담그는 법이 실려 있다. 엿기름이 곡물의 녹말을 당으로 바꾸어 매운맛 속에 단맛이 어우러진다. 순창은 전통 고추장 산지로 이름이 높다. 비빔밥과 떡볶이, 여러 볶음 요리에 두루 쓰이며, 2010년에는 매운 정도를 다섯 단계로 나누는 기준이 마련되었다.","청국장은 삶은 콩을 볏짚과 함께 따뜻한 곳에 두어 2~3일 만에 띄운 장이다. 볏짚에 붙어 사는 고초균이 콩을 발효시켜 끈적한 실과 특유의 냄새를 만든다. 몇 달씩 익히는 다른 장과 달리 짧은 기간에 만들 수 있는 것이 특징이다. 1715년 무렵 엮인 『산림경제』에 전국장이라는 이름으로 담그는 법이 나온다. 김치, 두부, 돼지고기 등을 넣고 끓인 찌개로 흔히 먹는다. 일본의 낫토와 비슷하지만 낫토는 정해진 한 가지 균으로 발효시킨다."
만석보를 쌓아 수탈한 고부 군수 이름,"동학 농민 운동은 1894년 전라도 고부에서 시작된 농민 봉기다. 고부 군수 조병갑이 만석보라는 보를 새로 쌓고 물세를 거두는 등 가혹하게 수탈하자 전봉준이 농민을 이끌고 일어섰다. 농민군은 황토현에서 관군을 처음 크게 이기고 음력 4월 27일 전주성에 들어갔으며, 정부와 전주 화약을 맺은 뒤 전라도 고을마다 집강소를 두어 잘못된 정치를 바로잡으려 했다. 가을에 다시 일어났으나 공주 우금치에서 일본군과 관군에게 크게 졌고, 전봉준은 이듬해 처형되었다.","임오군란은 1882년 한양에서 구식 군대의 군인들이 일으킨 변란이다. 신식 군대인 별기군에 밀려 차별을 받던 구식 군인들은 13개월이나 밀린 급료로 겨와 모래가 섞인 쌀을 받자 분노해 들고일어났다. 이들은 고관들의 집과 일본 공사관을 공격했고, 명성황후는 궁을 빠져나가 지방으로 몸을 피했다. 흥선대원군이 잠시 권력을 되찾았으나, 조선에 들어온 청나라 군대가 그를 붙잡아 톈진으로 데려갔다. 일본과는 제물포 조약을 맺어 배상금을 물고 일본군의 공사관 경비 주둔을 받아들였다.","갑신정변은 1884년 음력 10월 17일 김옥균, 박영효, 서광범, 홍영식, 서재필 등 급진 개화파가 일으킨 정변이다. 우정총국의 개국을 축하하는 잔치가 열린 틈을 타 반대파 대신들을 없애고 새 정부를 꾸렸다. 이들은 청에 대한 사대 관계를 끊고 문벌을 폐지하는 등의 내용을 담은 14개 조 정강을 내놓았다. 그러나 청나라 군대가 개입하고 도움을 약속했던 일본군이 물러나면서 사흘 만에 무너져 삼일천하라 불린다. 주도한 이들 가운데 다수는 일본으로 망명했다.","을미사변은 1895년 양력 10월 8일 일본 공사 미우라 고로가 꾸민 계획에 따라 일본 군인과 낭인들이 경복궁에 들어가 명성황후를 시해한 사건이다. 황후는 궁궐 깊숙한 곳의 건청궁에서 변을 당했다. 사건 뒤 친일 내각이 단발령 같은 개혁을 밀어붙이자, 이에 반발한 유생과 농민이 곳곳에서 을미의병을 일으켰다. 신변에 위협을 느낀 고종은 1896년 2월 러시아 공사관으로 거처를 옮겼다. 일본은 가담자들을 히로시마에서 재판에 넘겼으나 모두 풀어 주었다."
마라톤 42.195km가 정해진 대회,"1908년 하계 올림픽은 영국 런던에서 열렸다. 본래 이탈리아 로마가 개최할 예정이었으나 1906년 베수비오 화산이 분화하자 이탈리아가 복구에 힘을 쏟으려고 개최를 포기했다. 4월 27일부터 10월 31일까지 187일 동안 이어져 가장 오래 열린 하계 올림픽으로 남았고, 22개 나라에서 약 2,000명이 참가했다. 주 경기장은 새로 지은 화이트 시티 스타디움이었다. 마라톤 출발점을 윈저성으로 옮기고 결승선을 왕실 관람석 앞에 맞추면서, 오늘날의 마라톤 거리 42.195km가 이 대회에서 정해졌다.",,,
비나 눈 같은 기상 현상이 생기는 대기층,"대류권은 지표면에서 시작하는 대기의 가장 아래층이다. 두께는 위도에 따라 달라 평균 약 11km이고, 열대 지방에서는 16~18km까지 올라가며 극지방에서는 10km가 안 되기도 한다. 높이 1km마다 기온이 약 6.4°C씩 내려가므로 데워진 공기가 위아래로 섞이는 대류가 활발하다. 전체 대기 질량의 약 75~90%가 이 층에 모여 있고 수증기도 대부분 여기에 있어, 구름과 비, 눈 같은 날씨 변화가 거의 모두 이 층에서 일어난다. 위쪽 경계인 대류권계면의 기온은 중위도에서 약 -52°C이다.","토성은 태양에서 여섯 번째 행성이자 목성 다음으로 큰 행성으로, 적도 지름이 약 120,536km로 지구의 9.4배쯤 된다. 평균 밀도가 약 0.69g/cm³로 물보다 낮아 태양계 행성 가운데 밀도가 가장 작다. 뚜렷한 고리는 대부분 얼음 알갱이로 이루어져 있으며, 알갱이 크기는 작은 입자부터 큰 덩어리까지 다양하다. 가장 큰 위성 타이탄은 지름이 약 5,150km이고 질소와 메테인으로 된 짙은 대기를 지녔다. 태양을 한 바퀴 도는 데 약 29.5년이 걸린다. 카시니-하위헌스 탐사선은 2004년부터 토성을 돌며 관측했다.","은행나무는 은행나무문에서 오늘날까지 살아남은 유일한 종으로, 학명은 Ginkgo biloba이다. 에오세에 번성했던 무리의 후손이어서 살아 있는 화석이라 불린다. 잎은 가운데가 갈라진 부채꼴 모양이다. 암나무와 수나무가 따로 있는 암수딴그루여서 씨앗은 암나무에만 열리며, 씨의 겉껍질에서 고약한 냄새가 난다. 씨에는 독성 물질도 들어 있다. 경기도 양평의 용문사 은행나무는 천연기념물 제30호로, 높이 약 38.8m, 둘레 약 11m에 이르러 국내 은행나무 가운데 가장 높다. 원산지는 중국, 한국, 일본 등 동아시아이다.","익산 미륵사지 석탑은 백제 무왕 때 세운 미륵사 터에 남은 탑으로, 우리나라에 전하는 석탑 가운데 가장 오래되었다. 나무로 짓던 탑의 짜임새를 돌로 옮겨 놓은 모습이어서 석탑이 처음 생겨나던 무렵의 형태를 보여 준다. 본래 9층이었을 것으로 추정되지만 6층까지만 남아 있다. 일제강점기인 1915년 무너진 부분을 시멘트로 덧발랐으며, 2001년부터 2019년까지 해체와 보수를 거쳐 다시 세웠다. 2009년 해체 도중 나온 사리봉영기를 통해 639년에 세운 것이 밝혀졌다."
쑥대머리 대목은 어느 판소리에 나오나,"춘향가는 전라도 남원을 무대로 기생의 딸 성춘향과 부사의 아들 이몽룡의 사랑을 그린 판소리다. 단옷날 광한루에 나온 이몽룡이 그네를 뛰는 춘향을 보고 반하면서 두 사람의 인연이 시작된다. 이몽룡이 한양으로 떠난 뒤 새로 부임한 사또 변학도가 수청을 강요하자 춘향은 이를 거부하다 옥에 갇히고, 암행어사가 되어 돌아온 이몽룡이 그녀를 구한다. 사랑을 속삭이는 사랑가와 옥에 갇힌 춘향이 부르는 쑥대머리가 이름난 대목이다. 판소리 다섯 마당 가운데 규모가 가장 크다.","심청가는 눈먼 아버지 심학규를 위해 몸을 바친 효녀 심청의 이야기를 담은 판소리다. 어머니를 일찍 여읜 심청은 공양미 삼백 석을 바치면 아버지가 눈을 뜰 수 있다는 말을 듣고, 뱃사람들에게 제물로 팔려 인당수에 몸을 던진다. 연꽃에 싸여 되살아난 심청은 황후가 되고, 맹인 잔치를 열어 아버지를 찾는다. 슬프고 애절한 대목이 많아 웃음을 주는 장면이 적으며, 잔치에서 심 봉사가 눈을 뜨는 장면이 절정을 이룬다.","흥보가는 박타령이라고도 부르는 판소리로, 마음씨 착한 동생 흥보와 욕심 많은 형 놀보의 이야기를 담았다. 가난한 흥보가 다리가 부러진 제비를 정성껏 고쳐 주자, 제비가 이듬해 박씨 하나를 물어다 준다. 그 씨앗에서 자란 박을 타자 금은보화가 쏟아져 흥보는 큰 부자가 된다. 이를 샘낸 놀보는 일부러 제비 다리를 부러뜨렸다가 박에서 나온 온갖 재앙을 만난다. 익살스러운 대목이 많고 민요 가락을 많이 끌어들인 점이 특징이다.","수궁가는 토끼와 자라의 이야기를 담은 판소리로, 토별가나 별주부타령이라고도 부른다. 병이 든 용왕을 고치려면 토끼의 간이 필요하다는 말에 별주부 자라가 뭍으로 나가 토끼를 꾀어 용궁으로 데려간다. 죽을 고비에 몰린 토끼는 간을 꺼내 바위에 널어 두고 왔다고 둘러대 뭍으로 돌아와 달아난다. 『삼국사기』에 실린 거북과 토끼 설화가 뿌리로 여겨지며, 판소리 다섯 마당 가운데 동물이 주인공인 유일한 작품이다."
더운 사막 가운데 가장 넓은 곳 알려 줘,,"고비 사막은 몽골 남부와 중국 북부에 걸친 사막으로, 면적은 약 129만 5천 km²이며 아시아에서 가장 크다. 이름은 몽골어로 '거친 땅'을 뜻한다. 한랭 사막이어서 겨울에는 -40°C까지 떨어지고 여름에는 45°C까지 올라가며, 하루 사이에도 기온이 35°C나 오르내리기도 한다. 공룡 화석이 많이 나오는 곳으로 유명한데, 로이 채프먼 앤드루스가 이끈 탐사대가 '불타는 절벽'에서 공룡알 화석을 찾아냈다. 봄철 한반도로 날아오는 황사의 주요 발원지이며, 혹이 두 개인 쌍봉낙타가 산다.",,
평제탑이라고 불렸던 석탑,"부여 정림사지 오층석탑은 백제의 마지막 도읍 사비, 곧 지금의 부여에 있는 정림사 터에 남은 탑이다. 백제 때 세운 석탑 가운데 오늘날까지 전하는 두 기 중 하나로, 높이는 약 8.3m다. 폭이 좁고 긴 몸돌과 얇게 뻗은 지붕돌이 어울려 단아한 느낌을 준다. 660년 백제를 무너뜨린 당나라 장수 소정방이 맨 아래층 몸돌에 자신의 공적을 기리는 글을 새겨, 한때 평제탑이라는 잘못된 이름으로 불렸다. 1962년 국보로 지정되었다.","불국사 다보탑은 경주 불국사 대웅전 앞뜰 동쪽에 선 통일신라의 석탑이다. 751년 무렵 불국사를 크게 고쳐 지을 때 함께 세운 것으로 보며, 높이는 약 10.3m다. 십자 모양 기단 위에 팔각의 몸체를 올린 독특한 짜임새여서 몇 층 탑인지 헤아리기 어렵다. 기단 계단에는 본래 돌사자 네 마리가 있었으나 일제강점기인 1925년 무렵 수리 과정에서 세 마리가 사라져 지금은 한 마리만 남았다. 1966년부터 발행된 10원 동전에 그림으로 새겨졌다.","불국사 삼층석탑은 불국사 대웅전 앞뜰 서쪽에 선 통일신라의 탑으로, 석가탑이라고도 부른다. 두 단의 기단 위에 세 층의 몸돌을 올린 단정한 모습으로, 신라 석탑의 전형으로 꼽힌다. 높이는 약 10.75m다. 탑을 쌓던 백제 석공 아사달을 기다리던 아내가 연못에 탑 그림자가 비치지 않자 몸을 던졌다는 전설 때문에 무영탑이라는 이름도 붙었다. 1966년 보수를 위해 해체했을 때 2층 사리 공간에서 현존 최고의 목판 인쇄물로 꼽히는 무구정광대다라니경이 나왔다.","익산 미륵사지 석탑은 백제 무왕 때 세운 미륵사 터에 남은 탑으로, 우리나라에 전하는 석탑 가운데 가장 오래되었다. 나무로 짓던 탑의 짜임새를 돌로 옮겨 놓은 모습이어서 석탑이 처음 생겨나던 무렵의 형태를 보여 준다. 본래 9층이었을 것으로 추정되지만 6층까지만 남아 있다. 일제강점기인 1915년 무너진 부분을 시멘트로 덧발랐으며, 2001년부터 2019년까지 해체와 보수를 거쳐 다시 세웠다. 2009년 해체 도중 나온 사리봉영기를 통해 639년에 세운 것이 밝혀졌다."
가장 온전하게 남은 티라노사우루스 화석,"티라노사우루스는 백악기 후기, 약 6,900만~6,500만 년 전 북아메리카 서부에 살았던 대형 육식 공룡이다. 화석은 캐나다에서 미국 텍사스와 뉴멕시코에 이르는 지역에서 나왔다. 몸길이는 평균 약 12m, 몸무게는 평균 8~9톤으로 추정된다. 1905년 헨리 페어필드 오즈번이 이름을 붙였으며, 학명 티라노사우루스 렉스는 '폭군 도마뱀의 왕'이라는 뜻이다. 커다란 몸에 비해 앞다리는 짧고 손가락이 두 개뿐이다. 1990년 발견된 표본 '수(Sue)'는 뼈의 약 85%가 남아 있어 가장 완전한 표본으로 꼽힌다.","트리케라톱스는 백악기 말, 약 7,000만 년 전 오늘날의 미국과 캐나다 서부 지역에 살았던 초식 공룡이다. 이름은 고대 그리스어로 '세 개의 뿔이 있는 얼굴'이라는 뜻인데, 두 눈 위에 하나씩, 코 위에 하나의 뿔이 있다. 목 뒤로는 뼈로 된 넓은 프릴이 둘러 있고 가장자리에 작은 뼈 장식이 늘어서 있다. 몸길이는 8~9m, 몸무게는 5~9톤으로 추정된다. 완전한 두개골은 길이가 약 2.5m에 이르러 몸길이의 3분의 1쯤 된다. 야자류, 소철류, 양치류 같은 식물을 먹었을 것으로 보이며, 1889년 오스니얼 찰스 마시가 이름을 붙였다.","벨로키랍토르는 백악기 후기, 약 7,500만~7,100만 년 전 지금의 몽골 고비 사막 일대에 살았던 작은 육식 공룡이다. 1924년에 화석이 발견되어 같은 해 이름이 붙었는데, 이름은 '날쌘 도둑'이라는 뜻이다. 몸길이는 1.5~2m, 몸무게는 15~20kg 정도였다. 뒷발에는 길이 약 8cm의 낫처럼 굽은 발톱이 있어 사냥에 썼을 것으로 보인다. 2007년 몽골에서 나온 앞팔 뼈에서 깃털이 붙어 있던 자리인 깃혹이 확인되었다. 먹잇감이던 프로토케라톱스와 엉겨 붙은 채 굳은 이른바 '싸우는 공룡' 화석으로도 유명하다.",
여자 선수가 처음 출전한 올림픽,"1900년 하계 올림픽은 프랑스 파리에서 열린 두 번째 근대 올림픽으로, 같은 해 파리 만국 박람회의 일부로 치러졌다. 5월 14일부터 10월 28일까지 다섯 달 넘게 이어졌고, 따로 개회식과 폐회식을 열지 않았다. 24개 나라에서 997명이 참가했는데 그 가운데 프랑스 선수가 720명이었다. 이 대회에서 처음으로 여자 선수가 출전했으며, 영국의 샬럿 쿠퍼가 테니스 단식에서 우승해 첫 여성 올림픽 챔피언이 되었다. 축구도 이때 처음 올림픽 종목이 되었다.","1896년 하계 올림픽은 4월 6일부터 15일까지 그리스 아테네에서 열린 첫 근대 올림픽이다. 14개 나라에서 남자 선수 241명이 참가해 9개 종목 43개 세부 경기를 치렀으며, 여자 선수는 나오지 않았다. 옛 경기장을 되살린 파나티나이코 경기장이 주 무대였다. 1위에게는 금메달이 아니라 은메달과 올리브 가지 관을 주었다. 그리스의 스피리돈 루이스가 마라톤에서 우승해 국민 영웅이 되었다. 예산이 모자라 수영 경기는 바다에서 치렀다.","1904년 하계 올림픽은 미국 미주리주 세인트루이스에서 열렸다. 유럽 밖에서 열린 첫 올림픽이자 미국에서 열린 첫 올림픽이다. 루이지애나 매입을 기념하는 박람회와 함께 7월 1일부터 11월 23일까지 다섯 달 가까이 이어졌다. 먼 거리 탓에 12개 나라만 참가했고, 선수 651명 대부분이 미국인이었다. 이 대회부터 1위, 2위, 3위에게 금메달, 은메달, 동메달을 나누어 주었으며, 권투와 10종 경기가 처음 열렸다.","1908년 하계 올림픽은 영국 런던에서 열렸다. 본래 이탈리아 로마가 개최할 예정이었으나 1906년 베수비오 화산이 분화하자 이탈리아가 복구에 힘을 쏟으려고 개최를 포기했다. 4월 27일부터 10월 31일까지 187일 동안 이어져 가장 오래 열린 하계 올림픽으로 남았고, 22개 나라에서 약 2,000명이 참가했다. 주 경기장은 새로 지은 화이트 시티 스타디움이었다. 마라톤 출발점을 윈저성으로 옮기고 결승선을 왕실 관람석 앞에 맞추면서, 오늘날의 마라톤 거리 42.195km가 이 대회에서 정해졌다."
청국장의 옛날 이름,"청국장은 삶은 콩을 볏짚과 함께 따뜻한 곳에 두어 2~3일 만에 띄운 장이다. 볏짚에 붙어 사는 고초균이 콩을 발효시켜 끈적한 실과 특유의 냄새를 만든다. 몇 달씩 익히는 다른 장과 달리 짧은 기간에 만들 수 있는 것이 특징이다. 1715년 무렵 엮인 『산림경제』에 전국장이라는 이름으로 담그는 법이 나온다. 김치, 두부, 돼지고기 등을 넣고 끓인 찌개로 흔히 먹는다. 일본의 낫토와 비슷하지만 낫토는 정해진 한 가지 균으로 발효시킨다.","간장은 콩으로 쑨 메주를 소금물에 담가 우려낸 검붉은 액체 양념이다. 메주를 담가 둔 소금물이 충분히 우러나면 건더기를 건져 내고 남은 물을 달여 만든다. 발효하는 동안 콩 단백질이 분해되며 생기는 물질 때문에 짙은 갈색을 띠며, 소금 농도는 대개 18~20% 정도다. 전통 방식으로 담근 한식간장은 빛깔이 옅고 짠맛이 강해 국간장이라고도 하며, 주로 국의 간을 맞출 때 쓴다. 공장에서 미생물로 발효시킨 양조간장과 산으로 콩을 분해한 산분해간장 등 개량간장도 널리 쓰인다.","된장은 메주를 소금물에 담가 장물을 떠내고 남은 건더기를 따로 모아 다시 숙성시킨 장이다. 한 항아리에서 간장과 된장을 함께 얻는 것이 우리 전통 장 담그기의 특징이다. 『삼국사기』에도 장에 관한 기록이 남아 있어 아주 오래전부터 먹어 온 것으로 본다. 국과 찌개의 맛을 내는 데 주로 쓰이며, 고추장과 양념을 더해 쌈장을 만들기도 한다. 메주를 곱게 빻아 짧은 기간에 익힌 막장처럼 지역마다 담그는 방식이 조금씩 다르다.","고추장은 고춧가루에 찹쌀가루나 멥쌀가루, 엿기름, 메줏가루, 소금 등을 섞어 발효시킨 붉은 장이다. 고추가 들어온 뒤에 생겨난 장으로, 1766년에 나온 『증보산림경제』에 담그는 법이 실려 있다. 엿기름이 곡물의 녹말을 당으로 바꾸어 매운맛 속에 단맛이 어우러진다. 순창은 전통 고추장 산지로 이름이 높다. 비빔밥과 떡볶이, 여러 볶음 요리에 두루 쓰이며, 2010년에는 매운 정도를 다섯 단계로 나누는 기준이 마련되었다."
엑스선에 X라는 글자를 붙인 이유,"엑스선은 파장이 약 0.01~10nm로 자외선보다 훨씬 짧은 전자기파이다. 1895년 11월 8일 독일 물리학자 빌헬름 콘라트 뢴트겐이 음극선관 실험을 하다가 발견했으며, 정체를 알 수 없다는 뜻에서 수학의 미지수 기호 X를 붙였다. 뢴트겐은 이 발견으로 1901년 첫 노벨 물리학상을 받았고, 발견에 특허를 내지 않았다. 같은 해 12월에는 반지를 낀 아내의 손뼈를 찍은 사진을 남겼다. 파장이 짧아 물체를 잘 뚫고 지나가므로 의료용 방사선 촬영과 CT, 공항 보안 검색, 결정 구조 분석 등에 쓰인다.","전파는 진동수가 300GHz 이하, 곧 파장이 1mm보다 긴 전자기파를 말한다. 1867년 제임스 클러크 맥스웰이 전자기 이론으로 그 존재를 예측했고, 1887년 하인리히 헤르츠가 실험실에서 전파를 만들어 내 이론을 확인했다. 1894~1895년에는 굴리엘모 마르코니가 실용적인 무선 송수신기를 처음 만들었고, 1900년 무렵부터 무선 통신이 상업적으로 쓰이기 시작했다. 진동수에 따라 장파, 중파, 단파, 초단파, 극초단파 등으로 나누며, 방송, 레이더, 위성 통신, 무선 네트워크에 널리 쓰인다.","적외선은 가시광선의 빨간빛보다 파장이 길고 마이크로파보다는 짧은 전자기파로, 대략 780nm에서 1mm 사이에 해당한다. 1800년 천문학자 윌리엄 허셜이 프리즘으로 나눈 햇빛에 온도계를 대 보다가, 빨간색 바깥의 보이지 않는 곳에서 온도가 오르는 것을 보고 발견했다. 실온 근처 물체가 내는 열복사가 주로 이 영역에 있으며, 체온의 사람 몸은 파장 약 10μm의 빛을 가장 많이 낸다. 이런 성질을 이용해 열화상 카메라와 야간 투시경이 온도 차를 영상으로 보여 준다. 가전제품 리모컨의 신호에도 쓰인다.","자외선은 보랏빛보다 파장이 짧은 약 100~400nm의 전자기파이다. 1801년 독일 물리학자 요한 빌헬름 리터가 염화은을 적신 종이가 보랏빛 바깥의 보이지 않는 빛에 더 빨리 반응하는 것을 보고 발견했다. 파장에 따라 UVA(315~400nm), UVB(280~315nm), UVC(100~280nm)로 나눈다. UVB는 피부에서 비타민 D가 만들어지게 돕지만, 지나치게 쬐면 DNA를 손상시켜 피부암 위험을 높인다. UVC는 세균과 바이러스의 유전 물질을 파괴하므로 살균에 쓰인다. 대기의 오존이 UVB와 UVC를 대부분 막아, 땅에 닿는 자외선은 95% 이상이 UVA이다."
전주 화약 뒤 전라도에 둔 개혁 기구,"동학 농민 운동은 1894년 전라도 고부에서 시작된 농민 봉기다. 고부 군수 조병갑이 만석보라는 보를 새로 쌓고 물세를 거두는 등 가혹하게 수탈하자 전봉준이 농민을 이끌고 일어섰다. 농민군은 황토현에서 관군을 처음 크게 이기고 음력 4월 27일 전주성에 들어갔으며, 정부와 전주 화약을 맺은 뒤 전라도 고을마다 집강소를 두어 잘못된 정치를 바로잡으려 했다. 가을에 다시 일어났으나 공주 우금치에서 일본군과 관군에게 크게 졌고, 전봉준은 이듬해 처형되었다.","임오군란은 1882년 한양에서 구식 군대의 군인들이 일으킨 변란이다. 신식 군대인 별기군에 밀려 차별을 받던 구식 군인들은 13개월이나 밀린 급료로 겨와 모래가 섞인 쌀을 받자 분노해 들고일어났다. 이들은 고관들의 집과 일본 공사관을 공격했고, 명성황후는 궁을 빠져나가 지방으로 몸을 피했다. 흥선대원군이 잠시 권력을 되찾았으나, 조선에 들어온 청나라 군대가 그를 붙잡아 톈진으로 데려갔다. 일본과는 제물포 조약을 맺어 배상금을 물고 일본군의 공사관 경비 주둔을 받아들였다.","갑신정변은 1884년 음력 10월 17일 김옥균, 박영효, 서광범, 홍영식, 서재필 등 급진 개화파가 일으킨 정변이다. 우정총국의 개국을 축하하는 잔치가 열린 틈을 타 반대파 대신들을 없애고 새 정부를 꾸렸다. 이들은 청에 대한 사대 관계를 끊고 문벌을 폐지하는 등의 내용을 담은 14개 조 정강을 내놓았다. 그러나 청나라 군대가 개입하고 도움을 약속했던 일본군이 물러나면서 사흘 만에 무너져 삼일천하라 불린다. 주도한 이들 가운데 다수는 일본으로 망명했다.","을미사변은 1895년 양력 10월 8일 일본 공사 미우라 고로가 꾸민 계획에 따라 일본 군인과 낭인들이 경복궁에 들어가 명성황후를 시해한 사건이다. 황후는 궁궐 깊숙한 곳의 건청궁에서 변을 당했다. 사건 뒤 친일 내각이 단발령 같은 개혁을 밀어붙이자, 이에 반발한 유생과 농민이 곳곳에서 을미의병을 일으켰다. 신변에 위협을 느낀 고종은 1896년 2월 러시아 공사관으로 거처를 옮겼다. 일본은 가담자들을 히로시마에서 재판에 넘겼으나 모두 풀어 주었다."
고사 지낼 때 쓰는 팥떡,"시루떡은 쌀가루와 고물을 시루에 번갈아 켜켜이 앉혀 김으로 쪄 낸 떡이다. 고물로는 팥을 가장 많이 쓰며, 호박이나 콩, 녹두 등을 얹기도 한다. 붉은 팥이 나쁜 기운을 쫓는다는 믿음 때문에 고사를 지내거나 이사를 하거나 가게를 새로 열 때 흔히 쪄서 이웃과 나누었다. 이렇게 복을 빌며 올리는 시루떡을 고사떡이라고도 부른다. 층을 지어 찌기 때문에 썰면 단면에 쌀가루와 고물이 줄무늬처럼 드러난다.",,,
핸드볼 한 팀은 몇 명이 뛰나,"핸드볼은 두 팀이 손으로 공을 주고받거나 튀기며 나아가 상대 골문에 던져 넣는 경기다. 오늘날과 비슷한 형태는 1898년 무렵 덴마크 등지에서 나타났고, 제1차 세계 대전 뒤 독일에서 규칙이 다듬어졌다. 처음에는 11명이 넓은 야외에서 뛰었으나, 지금은 골키퍼를 포함해 한 팀 7명이 길이 40m, 너비 20m의 실내 코트에서 경기한다. 전반과 후반 각 30분씩 치른다. 실내 핸드볼은 남자가 1972년, 여자가 1976년 올림픽 정식 종목이 되었다. 우리나라에는 1922년 송구라는 이름으로 들어왔다.","농구는 1891년 미국 매사추세츠주 스프링필드의 YMCA에서 체육 교사 제임스 네이스미스가 겨울철 실내에서 할 운동으로 고안했다. 처음에는 체육관 벽에 복숭아 바구니를 매달고 축구공을 던져 넣었다. 1892년 1월 20일 열린 첫 공식 경기에서는 한 팀이 9명이었으나, 지금은 한 팀에 5명이 뛴다. 바스켓 높이는 3.05m로 정해져 있다. 남자 농구는 1936년, 여자 농구는 1976년 올림픽 정식 종목이 되었다.","배구는 1895년 미국 매사추세츠주 홀리요크의 YMCA에서 윌리엄 G. 모건이 만든 운동이다. 몸싸움이 거친 농구보다 부드러운 운동이 필요하다고 여겨 고안했으며, 처음 이름은 민토네트였다. 한 팀은 6명이고, 공을 세 번 안에 네트 너머로 넘겨야 한다. 네트 높이는 남자 2.43m, 여자 2.24m다. 세트는 25점을 먼저 얻되 2점 차가 나야 끝나며, 다섯째 세트는 15점으로 치른다. 1964년 도쿄 올림픽에서 처음 정식 종목이 되었다.","럭비 유니언은 한 팀 15명이 타원형 공을 들고 달리거나 차면서 상대 진영 끝 선 너머에 공을 찍어 점수를 내는 경기로, 잉글랜드의 럭비 스쿨에서 비롯되었다. 공을 손으로 앞쪽에 던져 패스할 수 없어 옆이나 뒤로만 넘겨야 한다. 공을 찍는 트라이는 5점, 그 뒤에 차 넣는 컨버전은 2점, 페널티 골과 드롭 골은 각 3점이다. 1900년부터 1924년까지 올림픽에서 열렸다가 빠졌고, 2016년 7인제 경기로 다시 올림픽 종목이 되었다. 4년마다 럭비 월드컵이 열린다."
혜정교와 종묘 앞에 둔 해시계,"앙부일구는 하늘을 향해 솥을 뒤집어 놓은 듯한 오목한 반구 모양의 해시계다. 세종 때 처음 만들어 한양의 혜정교와 종묘 앞에 두고 길 가는 백성도 시각을 볼 수 있게 했다. 안쪽에 비스듬히 세운 바늘의 그림자가 떨어지는 자리로 하루의 시각은 물론 24절기까지 읽을 수 있었다. 처음 만든 것들은 임진왜란 때 모두 사라졌고, 지금 남은 것은 조선 후기에 다시 만든 것들로 보물로 지정되어 있다.","앙부일구는 하늘을 향해 솥을 뒤집어 놓은 듯한 오목한 반구 모양의 해시계다. 세종 때 처음 만들어 한양의 혜정교와 종묘 앞에 두고 길 가는 백성도 시각을 볼 수 있게 했다. 안쪽에 비스듬히 세운 바늘의 그림자가 떨어지는 자리로 하루의 시각은 물론 24절기까지 읽을 수 있었다. 처음 만든 것들은 임진왜란 때 모두 사라졌고, 지금 남은 것은 조선 후기에 다시 만든 것들로 보물로 지정되어 있다.","측우기는 내린 비의 양을 재던 조선의 기구로, 세종 23년인 1441년에 처음 만들어졌다. 당시 세자였던 문종이 고안을 이끈 것으로 전하며, 이후 같은 규격의 기구를 각 고을에 나누어 비의 양을 보고하게 했다. 원통은 깊이가 약 32cm, 지름이 약 15cm였고, 돌로 깎은 받침대인 측우대 위에 올려 썼다. 유럽의 우량계보다 약 200년 앞선 것으로 평가된다. 지금 남아 있는 것은 1837년 공주의 충청감영에 두었던 금영측우기로, 국보로 지정되어 있다.","자격루는 흐르는 물의 힘으로 정해진 시각을 스스로 알리던 조선의 물시계다. 세종 16년인 1434년 장영실과 김조 등이 만들어 경회루 남쪽의 보루각에 설치했다. 위쪽 항아리에서 흘러내린 물이 아래 통에 차오르면 떠오르는 막대가 쇠구슬을 굴렸고, 이 구슬이 장치를 건드려 인형이 종과 북, 징을 울렸다. 지금 전하는 것은 1536년 중종 때 다시 만든 것의 일부인 청동 물항아리들로, 국립고궁박물관에 있으며 국보로 지정되어 있다."
오로라는 대기 어느 층에서 나타나나,"열권은 중간권계면 위에서 고도 500~1,000km 안팎까지 이르는 대기층이다. 공기가 매우 희박하지만 태양의 강한 자외선을 흡수해 높이 올라갈수록 기온이 크게 오르며, 태양 활동이 활발할 때는 2,000°C에 이르기도 한다. 자외선이 기체 분자를 이온화하므로 전파를 반사하는 전리층이 이 층에 걸쳐 있다. 극지방 밤하늘을 물들이는 오로라가 나타나는 곳도 열권이다. 국제 우주 정거장은 고도 약 320~380km, 곧 열권의 가운데쯤을 돈다. 남은 기체는 분자의 무게에 따라 층을 이루며 높이 갈수록 점점 성겨진다.","대류권은 지표면에서 시작하는 대기의 가장 아래층이다. 두께는 위도에 따라 달라 평균 약 11km이고, 열대 지방에서는 16~18km까지 올라가며 극지방에서는 10km가 안 되기도 한다. 높이 1km마다 기온이 약 6.4°C씩 내려가므로 데워진 공기가 위아래로 섞이는 대류가 활발하다. 전체 대기 질량의 약 75~90%가 이 층에 모여 있고 수증기도 대부분 여기에 있어, 구름과 비, 눈 같은 날씨 변화가 거의 모두 이 층에서 일어난다. 위쪽 경계인 대류권계면의 기온은 중위도에서 약 -52°C이다.","성층권은 대류권 바로 위에서 고도 약 50km까지 이어지는 대기층이다. 아래층과 달리 위로 올라갈수록 기온이 오르는데, 오존이 태양의 자외선을 흡수하면서 공기를 데우기 때문이다. 오존은 이 층 안의 고도 약 25km 부근에 가장 짙게 모여 오존층을 이루며, 생물에 해로운 자외선을 걸러 준다. 위가 따뜻하고 아래가 차가워 대류와 난류가 거의 생기지 않으므로 공기가 안정되어 있다. 위쪽 경계인 성층권계면 부근의 기온은 약 270K로 지표면과 비슷하다.","중간권은 성층권 위, 고도 약 50~80km에 걸친 대기층이다. 이 층에서는 다시 높이 올라갈수록 기온이 떨어져 윗부분은 약 200K까지 내려간다. 우주에서 들어온 수많은 유성체가 이 층의 공기 입자와 부딪치며 타오르므로, 밤하늘의 별똥별은 주로 여기서 빛난다. 기상 관측 기구가 오르기에는 너무 높고 인공위성이 돌기에는 너무 낮아 직접 관측하기가 까다롭다. 성층권과 함께 중층 대기로 묶어 부르기도 하며, 위쪽 경계는 중간권계면이라 한다."
금강 물줄기가 시작되는 샘,"금강은 길이 약 398km로 한강, 낙동강에 이어 남한에서 세 번째로 큰 강이다. 유역 면적은 약 9,912km²이다. 전북특별자치도 장수군 신무산의 뜬봉샘에서 시작해 공주와 부여를 지나고, 군산과 서천 사이에서 황해로 들어간다. 하구에는 1990년 하굿둑이 완공되었다. 하류 구간은 충청남도와 전북특별자치도의 경계를 이룬다. 공주 부근 구간은 웅진강, 부여 부근 구간은 백마강이라는 이름으로도 불려 왔으며, 곰강이라는 옛 이름은 곰에 얽힌 전설과 관련이 있다.","한강은 한반도 중부를 흐르는 강으로, 길이는 약 494km, 유역 면적은 약 35,770km²이다. 태백산맥 금대봉 북쪽 비탈의 검룡소에서 시작하는 남한강과, 북쪽에서 내려오는 북한강이 경기도 양평의 양수리(두물머리)에서 만나 하나의 물줄기를 이룬다. 이후 서울을 가로질러 황해로 흘러든다. 서울 구간에만 다리가 32개 놓여 있다. 평균 유량은 초당 약 613m³이다. 삼국 시대에 고구려는 이 강을 아리수, 백제는 욱리하라고 불렀고, 신라는 상류를 이하, 하류를 왕봉하라 했다.","낙동강은 길이 약 510km로 남한에서 가장 긴 강이며, 한반도 전체에서는 압록강과 두만강 다음으로 길다. 유역 면적은 약 23,384km²이다. 강원특별자치도 태백시에서 시작되는데, 예로부터 황지연못이 발원지로 알려져 왔다. 영남 지방을 남북으로 가로질러 부산광역시 사하구 을숙도 부근에서 바다로 나가며, 하구에는 1987년 하굿둑이 완공되었다. 이름은 상주의 옛 이름인 낙양의 동쪽을 흐르는 강이라는 뜻에서 왔다고 한다. 금호강, 남강, 황강, 밀양강 등이 흘러들며, 달성습지와 우포늪 같은 철새 도래지를 끼고 있다.","영산강은 전라남도 담양군 병풍산 일대에서 시작해 장성, 광주광역시, 나주를 지나 목포에서 황해로 흘러드는 강이다. 길이는 약 139km, 유역 면적은 약 3,371km²이다. 가장 큰 지류는 황룡강이며, 지석천과 함평천 등도 흘러든다. 강 이름은 나주의 영산포에서 왔는데, 고려 때 이곳에 거두어들인 세곡을 모아 두었다가 뱃길로 도읍까지 실어 날랐다. 담양에서 하구의 둑까지 이르는 본류 구간은 국가 하천으로 관리된다."
태양계에서 제일 작은 행성은 크기가 어느 정도야?,"수성은 태양에 가장 가까운 행성으로, 태양과의 평균 거리는 약 5,800만 km(0.387AU)이다. 반지름이 약 2,440km로 태양계 행성 가운데 가장 작으며, 목성의 위성 가니메데나 토성의 위성 타이탄보다도 작다. 평균 밀도는 약 5.43g/cm³로 지구 다음으로 높다. 태양을 한 바퀴 도는 데 88일, 한 번 자전하는 데 약 58.6일이 걸린다. 대기가 거의 없어 표면 온도가 약 100K에서 700K 사이로 크게 오르내린다. 거느린 위성은 없다. 1974~1975년 매리너 10호가 처음 가까이 지나며 관측했고, 2004년 발사된 메신저호는 2015년까지 활동했다.",,,
승정원일기 남아 있는 기록 기간,"승정원일기는 왕명의 출납을 맡은 조선의 비서 기관 승정원이 날마다 처리한 일을 적은 기록이다. 임진왜란과 여러 차례의 화재로 앞 시기의 기록이 사라져, 지금은 1623년 인조 때부터 1910년까지의 분량만 남아 있다. 현존 분량은 3,243책이며 글자 수는 약 2억 4,250만 자로 헤아려진다. 서울대학교 규장각한국학연구원이 소장하고 있으며, 1999년 국보로 지정되고 2001년 유네스코 세계기록유산에 등재되었다.","훈민정음 해례본은 세종 28년인 1446년에 새 문자를 널리 알리려고 펴낸 책으로, 글자를 만든 까닭과 원리를 풀이한 해례가 붙어 있다. 해례는 정인지, 신숙주, 성삼문, 최항, 박팽년, 강희안, 이개, 이선로 등 집현전 학자 여덟 명이 함께 지었다. 오랫동안 실물이 알려지지 않다가 1940년 경상북도 안동에서 발견되었고, 지금은 서울의 간송미술관이 소장한다. 1962년 국보로 지정되었으며 1997년 유네스코 세계기록유산이 되었다.","조선왕조실록은 태조부터 철종까지 25대 임금이 다스린 472년 동안의 일을 날짜 순서대로 적은 편년체 역사서다. 분량은 모두 1,894권 888책에 이른다. 임금이 세상을 떠나면 실록청을 열고 사관들이 남긴 사초와 관청 기록을 모아 편찬했으며, 사관의 기록은 임금도 함부로 볼 수 없었다. 화재와 전쟁에 대비해 여러 사고에 나누어 보관한 덕분에 정족산본과 태백산본 등이 오늘날까지 전한다. 1973년 국보로 지정되었고, 1997년 유네스코 세계기록유산에 올랐다.","『백운화상초록불조직지심체요절』, 줄여서 직지는 고려 말 승려 백운화상이 부처와 옛 고승들의 가르침 가운데 요긴한 대목을 가려 엮은 책이다. 1377년 청주 흥덕사에서 금속활자로 찍어 냈으며, 금속활자로 인쇄한 책 가운데 지금 남아 있는 가장 오래된 것으로 인정받는다. 상권과 하권 가운데 하권만 전하고, 그마저 첫 장이 없다. 조선 말 서울에 머물던 프랑스 외교관 콜랭 드 플랑시가 수집해 가져간 뒤 경매를 거쳐 프랑스 국립도서관에 들어갔다. 2001년 유네스코 세계기록유산이 되었다."
시집 진달래꽃 출간 연도,"김소월은 1902년 평안북도에서 태어난 시인으로, 본명은 김정식이다. 오산학교에 다니며 스승 김억을 만나 시를 배웠고, 1920년 문예지 『창조』에 시를 발표하며 문단에 나왔다. 생전에 낸 유일한 시집 『진달래꽃』은 1925년에 나왔다. 떠나는 임을 보내는 마음을 담은 「진달래꽃」을 비롯해 「엄마야 누나야」, 「산유화」 등 민요 가락을 살린 시가 많아 노래로도 널리 불린다. 1934년 서른두 살의 나이로 세상을 떠났다.","윤동주는 1917년 북간도 명동촌에서 태어난 시인이다. 서울의 연희전문학교를 1941년에 졸업하고 이듬해 일본으로 건너가 릿쿄 대학을 거쳐 교토의 도시샤 대학에서 공부했다. 1943년 독립운동을 했다는 혐의로 붙잡혀 2년 형을 받았고, 1945년 2월 16일 후쿠오카 형무소에서 광복을 여섯 달 앞두고 숨졌다. 「서시」, 「별 헤는 밤」, 「자화상」 등을 담은 유고 시집 『하늘과 바람과 별과 시』는 그가 세상을 떠난 뒤인 1948년에 나왔다.","이상은 1910년 서울에서 태어난 시인이자 소설가로, 본명은 김해경이다. 경성고등공업학교 건축과를 나와 조선총독부에서 건축 기술자로 일했다. 1934년 신문에 연작시 「오감도」를 싣기 시작했으나, 뜻을 알 수 없다는 독자들의 항의가 빗발쳐 연재가 도중에 멈췄다. 문학 모임 구인회에 참여했고, 다방 제비를 운영하기도 했다. 1936년 소설 「날개」를 발표했으며, 이듬해 도쿄에서 스물여섯의 나이로 숨졌다.","한용운은 1879년 충청남도 홍성에서 태어난 승려이자 시인, 독립운동가로, 호는 만해다. 1905년 설악산 백담사에서 출가했고, 『조선불교유신론』을 지어 불교의 개혁을 주장했다. 1919년 3·1 운동 때 민족 대표 33인 가운데 한 사람으로 참여해 옥고를 치렀다. 1926년 펴낸 시집 『님의 침묵』에는 떠나간 임을 기다리는 마음이 담겨 있다. 말년에는 서울 성북동의 심우장에 머물다 광복을 한 해 앞둔 1944년 세상을 떠났다."
육각형 주상절리가 생기는 암석,"현무암은 용암이 땅 위로 흘러나와 빠르게 식어 생긴 화산암이다. 급히 굳어서 결정이 매우 작고, 색은 회색에서 검은색을 띤다. 이산화규소 함량이 약 45~52%로 낮은 편이며, 휘석과 사장석이 주된 광물이고 감람석이나 자철석이 들어 있기도 하다. 용암 속 기체가 빠져나간 자리에 구멍이 숭숭 남은 것도 흔하다. 두꺼운 용암이 식으며 수축하면 육각형 기둥이 늘어선 주상절리가 생긴다. 바다 밑 지각은 거의 전부 이 암석과 같은 성분이며, 한국에서는 제주도와 한탄강 일대에 넓게 분포한다.","화강암은 마그마가 대륙 지각 깊은 곳에서 천천히 식어 굳은 심성암이다. 오랜 시간에 걸쳐 식은 덕분에 결정이 맨눈으로 구별될 만큼 크며, 주로 석영, 정장석, 사장석에 흑운모나 백운모가 섞여 있다. 색은 밝은 회색이나 분홍빛을 띤다. 한반도에는 중생대 쥐라기의 대보 조산 운동과 백악기의 불국사 조산 운동 때 관입한 화강암이 널리 퍼져 있어, 서울과 부산, 대구 같은 도시도 화강암 지대 위에 자리 잡았다. 강도가 높고 오래 견디므로 건축 석재로 널리 쓰인다.","석회암은 탄산칼슘이 주성분인 퇴적암으로, 가장 흔한 구성 광물은 방해석이다. 조개껍데기, 산호, 플랑크톤처럼 탄산칼슘으로 된 생물의 골격이 바다 밑에 쌓이거나, 물에 녹아 있던 탄산칼슘이 가라앉아 만들어진다. 산성 용액과 만나면 이산화탄소를 내며 녹기 때문에, 빗물과 지하수가 오랫동안 녹여 내면 움푹 꺼진 땅이나 석회 동굴 같은 카르스트 지형이 생긴다. 시멘트와 석회의 원료, 콘크리트 골재로 많이 쓰인다. 한국의 석회암은 대부분 고생대 지층에 있으며 삼척, 태백, 영월, 단양 등에 모여 있다.","대리암은 석회암이나 백운암이 높은 열과 압력을 받아 다시 결정화된 변성암이다. 주된 광물은 방해석이나 백운석이며, 결정 크기가 비교적 고르고 층을 이룬 줄무늬가 거의 없다. 순수하면 흰색이지만 섞인 불순물에 따라 회색, 검은색, 붉은색, 초록색을 띤다. 깎기 쉽고 갈면 윤이 나서 조각품과 건축 장식, 기념물에 오래전부터 쓰였다. 우리말 이름은 중국 윈난성의 다리(大理) 지역이 이름난 산지였던 데서 왔다. 산성비에 약해 표면이 녹을 수 있으므로 보존할 때 주의가 필요하다."
US 오픈 주 경기장 이름,"US 오픈은 1881년 미국 로드아일랜드주 뉴포트에서 처음 열린 테니스 대회로, 해마다 8월 말부터 9월 초까지 열려 한 해의 마지막 메이저 대회가 된다. 지금은 뉴욕 퀸스의 플러싱 메도스에 있는 빌리 진 킹 국립 테니스 센터에서 열리며, 주 경기장은 1997년 문을 연 아서 애시 스타디움이다. 코트 바닥은 잔디와 클레이를 거쳐 1978년부터 하드 코트를 쓴다. 1970년에는 메이저 대회 가운데 처음으로 마지막 세트에도 타이브레이크를 적용했다.",,,
호주 오픈이 하드 코트로 바뀐 해,"호주 오픈은 1905년 오스트레일리아 멜버른에서 처음 열린 테니스 대회로, 해마다 1월에 열려 한 해를 여는 메이저 대회다. 처음 이름은 오스트랄라시아 선수권 대회였고, 1969년부터 지금의 이름을 썼다. 1987년까지는 잔디 코트에서 치렀으나 1988년 멜버른 파크로 자리를 옮기면서 하드 코트로 바꾸었다. 주 경기장은 여닫는 지붕을 갖춘 로드 레이버 아레나다.","윔블던 선수권 대회는 1877년 영국 런던 윔블던의 올 잉글랜드 클럽에서 처음 열렸으며, 4대 메이저 대회 가운데 가장 먼저 시작되었다. 첫 대회 남자 단식 우승자는 스펜서 고어였다. 4대 메이저 가운데 유일하게 잔디 코트에서 경기하며, 해마다 6월 말부터 7월 초까지 열린다. 선수들은 흰색 옷을 입어야 하는 엄격한 복장 규정을 따르고, 관중이 딸기에 크림을 곁들여 먹는 전통이 있다. 2009년 센터 코트에 여닫는 지붕을 달아 비가 와도 경기를 이어 갈 수 있게 되었다.","US 오픈은 1881년 미국 로드아일랜드주 뉴포트에서 처음 열린 테니스 대회로, 해마다 8월 말부터 9월 초까지 열려 한 해의 마지막 메이저 대회가 된다. 지금은 뉴욕 퀸스의 플러싱 메도스에 있는 빌리 진 킹 국립 테니스 센터에서 열리며, 주 경기장은 1997년 문을 연 아서 애시 스타디움이다. 코트 바닥은 잔디와 클레이를 거쳐 1978년부터 하드 코트를 쓴다. 1970년에는 메이저 대회 가운데 처음으로 마지막 세트에도 타이브레이크를 적용했다.","프랑스 오픈은 1891년에 시작된 테니스 대회로, 처음에는 프랑스 선수만 나올 수 있었으나 1925년부터 외국 선수에게도 문을 열었다. 해마다 5월 말부터 6월 초까지 파리에서 열리며, 4대 메이저 가운데 유일하게 붉은 흙을 다진 클레이 코트를 쓴다. 공이 느리고 높게 튀어 긴 랠리가 자주 나온다. 1928년부터 대회장으로 쓰는 스타드 롤랑 가로스는 제1차 세계 대전 때 활약한 프랑스 비행사 롤랑 가로스의 이름을 딴 것이다."
분청사기라는 이름을 붙인 학자,"분청사기는 회색 바탕흙으로 빚은 그릇에 흰 흙을 발라 꾸민 뒤 유약을 입혀 구운 자기다. 14세기 무렵 만들어지기 시작해 15세기에 가장 많이 만들어졌고, 16세기 들어 백자에 밀려 점차 자취를 감추었다. 도장으로 무늬를 찍는 인화, 흰 흙을 긁어 내 무늬를 남기는 박지, 쇳가루 안료로 그림을 그리는 철화, 굵은 붓으로 흰 흙을 쓱쓱 바르는 귀얄 등 꾸밈 기법이 다양하다. 분청사기라는 이름은 일제강점기에 미술사학자 고유섭이 분장회청사기를 줄여 붙였다.","고려청자는 고려 때 만든 푸른 빛깔의 자기로, 12세기에 전성기를 맞았다. 맑은 옥처럼 은은한 푸른색은 비취에 빗대어 비색이라 불렸다. 그릇 표면에 무늬를 파낸 뒤 그 자리에 흰 흙이나 검게 구워지는 흙을 메워 굽는 상감 기법을 고려 도공들이 독자적으로 꽃피운 것이 큰 특징이다. 전라남도 강진과 부안 일대에 이름난 가마터가 모여 있었다. 구름과 학을 새겨 넣은 간송미술관 소장 매병이 대표작으로 꼽혀 국보로 지정되어 있다. 13세기 후반부터는 빛깔이 누렇게 변하며 차츰 쇠퇴했다.","달항아리는 17세기 후반부터 18세기 전반 사이에 조선에서 만든 커다란 백자 항아리로, 백자대호라고도 한다. 대개 높이가 40cm를 넘으며, 둥글고 넉넉한 몸체와 젖빛 흰색이 보름달을 떠올리게 해 이런 이름이 붙었다. 한 번에 물레로 끌어올리기 어려울 만큼 커서 위쪽과 아래쪽을 따로 빚은 뒤 이어 붙였기 때문에, 허리에 이음 자국이 남고 좌우가 조금씩 어긋난 것이 많다. 여러 점이 국보로 지정되어 있으며, 그 가운데 하나는 높이 44cm, 몸통 지름 42cm에 이른다.","청화백자는 흰 백자 바탕에 코발트 안료로 푸른 무늬를 그린 뒤 투명한 유약을 입혀 구운 자기다. 조선에서는 15세기 중엽부터 만들기 시작했으며, 처음에는 중국을 거쳐 들어온 값비싼 안료 회회청을 써서 왕실과 관청에서 쓸 그릇을 주로 만들었다. 왕실 그릇은 경기도 광주에 둔 관요인 사옹원 분원에서 구웠다. 초기에는 여백을 넉넉히 남기고 풀꽃이나 매화, 대나무를 절제된 붓질로 그렸으나, 후기로 갈수록 무늬가 화려하고 복잡해졌다."
수달은 주로 무엇을 먹고 사나,"수달은 강과 하천에 사는 족제비과 동물로, 학명은 Lutra lutra이다. 몸길이는 90~110cm, 꼬리 길이는 37~46cm, 몸무게는 4~10kg이다. 몸은 물의 저항을 줄이는 유선형이고, 촘촘한 털이 물이 스며드는 것을 막아 주며, 발가락 사이에는 물갈퀴가 발달했다. 주로 물고기를 잡아먹고 개구리 같은 양서류나 게 같은 갑각류도 먹으며, 외래종인 배스와 블루길도 사냥한다. 물가의 굴이나 바위틈에 보금자리를 만든다. 한국에서는 1982년 11월 16일 천연기념물 제330호로 지정되었으며, 멸종위기 야생생물 Ⅰ급이다.","베텔게우스는 오리온자리에 있는 적색 초거성으로, 분광형은 M2Iab이다. 지구와의 거리는 약 640광년으로 추정되지만 오차가 크다. 반지름은 태양의 약 1,200배, 곧 약 5.5AU에 이른다. 밝기가 오르내리는 변광성이며, 2019년 12월부터 2020년 2월 사이에 평소보다 크게 어두워져 맨눈으로도 차이가 보였다가 그해 봄 무렵 원래 밝기를 되찾았다. 핵융합 연료가 바닥나 가는 단계로 여겨지며, 언젠가 II형 초신성으로 폭발할 것으로 예상된다. 이름은 아랍어 '야드 알 자우자'에서 왔는데, 중세 라틴어로 옮기는 과정에서 첫 글자가 잘못 적혀 지금의 형태가 되었다.","불국사 다보탑은 경주 불국사 대웅전 앞뜰 동쪽에 선 통일신라의 석탑이다. 751년 무렵 불국사를 크게 고쳐 지을 때 함께 세운 것으로 보며, 높이는 약 10.3m다. 십자 모양 기단 위에 팔각의 몸체를 올린 독특한 짜임새여서 몇 층 탑인지 헤아리기 어렵다. 기단 계단에는 본래 돌사자 네 마리가 있었으나 일제강점기인 1925년 무렵 수리 과정에서 세 마리가 사라져 지금은 한 마리만 남았다. 1966년부터 발행된 10원 동전에 그림으로 새겨졌다.","허블 우주 망원경은 1990년 4월 24일 우주왕복선 디스커버리호(STS-31)에 실려 발사되었다. 이름은 우주가 팽창한다는 사실을 밝힌 천문학자 에드윈 허블에게서 따왔다. 주거울 지름은 2.4m이며 지상 약 540km 높이의 궤도를 돈다. 발사 직후 주거울 가장자리가 설계보다 약 2,200nm 평평하게 깎인 구면 수차가 드러나 초기 영상이 흐릿했다. 1993년 12월 첫 수리 임무(STS-61)에서 우주비행사들이 보정 장치를 달아 이 결함을 바로잡았다."
토끼 간 이야기 판소리의 다른 이름,"수궁가는 토끼와 자라의 이야기를 담은 판소리로, 토별가나 별주부타령이라고도 부른다. 병이 든 용왕을 고치려면 토끼의 간이 필요하다는 말에 별주부 자라가 뭍으로 나가 토끼를 꾀어 용궁으로 데려간다. 죽을 고비에 몰린 토끼는 간을 꺼내 바위에 널어 두고 왔다고 둘러대 뭍으로 돌아와 달아난다. 『삼국사기』에 실린 거북과 토끼 설화가 뿌리로 여겨지며, 판소리 다섯 마당 가운데 동물이 주인공인 유일한 작품이다.","춘향가는 전라도 남원을 무대로 기생의 딸 성춘향과 부사의 아들 이몽룡의 사랑을 그린 판소리다. 단옷날 광한루에 나온 이몽룡이 그네를 뛰는 춘향을 보고 반하면서 두 사람의 인연이 시작된다. 이몽룡이 한양으로 떠난 뒤 새로 부임한 사또 변학도가 수청을 강요하자 춘향은 이를 거부하다 옥에 갇히고, 암행어사가 되어 돌아온 이몽룡이 그녀를 구한다. 사랑을 속삭이는 사랑가와 옥에 갇힌 춘향이 부르는 쑥대머리가 이름난 대목이다. 판소리 다섯 마당 가운데 규모가 가장 크다.","심청가는 눈먼 아버지 심학규를 위해 몸을 바친 효녀 심청의 이야기를 담은 판소리다. 어머니를 일찍 여읜 심청은 공양미 삼백 석을 바치면 아버지가 눈을 뜰 수 있다는 말을 듣고, 뱃사람들에게 제물로 팔려 인당수에 몸을 던진다. 연꽃에 싸여 되살아난 심청은 황후가 되고, 맹인 잔치를 열어 아버지를 찾는다. 슬프고 애절한 대목이 많아 웃음을 주는 장면이 적으며, 잔치에서 심 봉사가 눈을 뜨는 장면이 절정을 이룬다.","흥보가는 박타령이라고도 부르는 판소리로, 마음씨 착한 동생 흥보와 욕심 많은 형 놀보의 이야기를 담았다. 가난한 흥보가 다리가 부러진 제비를 정성껏 고쳐 주자, 제비가 이듬해 박씨 하나를 물어다 준다. 그 씨앗에서 자란 박을 타자 금은보화가 쏟아져 흥보는 큰 부자가 된다. 이를 샘낸 놀보는 일부러 제비 다리를 부러뜨렸다가 박에서 나온 온갖 재앙을 만난다. 익살스러운 대목이 많고 민요 가락을 많이 끌어들인 점이 특징이다."
우전과 세작의 차이,"녹차는 찻잎을 발효시키지 않고 푸른빛이 남도록 말린 차다. 딴 잎을 곧바로 뜨거운 솥에 덖거나 증기로 쪄서 잎 속 효소가 작용하지 못하게 한다. 우리나라에서는 곡우 전에 딴 여린 잎으로 만든 차를 우전, 곡우 뒤에 딴 잎으로 만든 차를 세작이라 부른다. 신라 흥덕왕 때인 828년 김대렴이 당나라에서 차 씨앗을 가져와 지리산에 심었다는 기록이 『삼국사기』에 있다. 오늘날에는 보성, 하동, 제주 등이 주요 산지다. 끓는 물을 60~80℃로 식혀 우리는 것이 좋다.","홍차는 찻잎을 충분히 산화시켜 만든 차로, 우려낸 찻물이 붉어서 동아시아에서는 홍차라 부르고, 서양에서는 마른 잎의 검은 빛깔을 따라 블랙 티라고 한다. 딴 잎을 시들게 하는 위조, 비벼서 세포를 깨뜨리는 유념, 산화, 건조의 과정을 거쳐 만든다. 인도의 다르질링과 아삼, 스리랑카의 실론, 중국의 기문 등이 이름난 산지다. 세계에서 생산되는 차 가운데 가장 큰 비중을 차지하며, 서양의 차 시장에서 특히 많이 소비된다.","우롱차는 찻잎을 부분적으로만 산화시킨 차로, 녹차와 홍차의 중간에 해당한다. 산화 정도는 대략 30~70% 사이이며, 중국의 차 분류로는 청차에 속한다. 명나라 말에서 청나라 초 무렵 푸젠성 무이산에서 처음 만들어진 것으로 보며, 이후 광둥성과 타이완으로 퍼졌다. 녹차의 향긋함과 홍차의 묵직함을 함께 지닌 맛으로 알려져 있다. 무이산의 대홍포, 푸젠성 남부의 철관음, 타이완의 동방미인이 대표적이다.","보이차는 중국 윈난성에서 나는 찻잎으로 만든 후발효차로, 흑차에 속한다. 옮기고 보관하기 쉽도록 찻잎을 눌러 둥근 떡 모양의 병차나 벽돌 모양의 전차로 굳힌 것이 많다. 자연스럽게 오래 묵히며 익히는 생차와, 1970년대에 도입된 방식으로 찻잎을 쌓아 빠르게 발효시킨 숙차로 나뉜다. 옛날에는 이 차를 말에 싣고 티베트와 네팔, 인도로 실어 날랐는데, 그 길을 차마고도라 부른다. 햇빛을 피해 바람이 잘 통하는 곳에 보관해야 곰팡이가 슬지 않는다."
전통 바게트에 넣을 수 있는 재료,"바게트는 막대기를 뜻하는 이름처럼 길쭉한 모양의 프랑스 빵이다. 프랑스 규정에 따르면 전통 바게트에는 밀가루, 물, 소금, 효모 네 가지만 넣을 수 있다. 굽기 전에 반죽 겉면에 비스듬히 칼집을 내고 물을 뿌리는데, 칼집은 반죽이 제멋대로 부풀어 터지는 것을 막고 물은 껍질을 바삭하게 만든다. 굵기와 길이에 따라 짧고 통통한 바타르, 가늘고 짧은 피셀 같은 여러 변형이 있다. 2022년 바게트를 만드는 장인의 기술과 문화가 유네스코 인류무형문화유산에 올랐다.","크루아상은 초승달을 뜻하는 프랑스어 이름처럼 반달 모양으로 휘어진 빵이다. 효모를 넣은 반죽 사이에 버터를 넣고 여러 번 접어 밀어 얇은 켜를 겹겹이 만들기 때문에, 구우면 결이 바삭하게 부풀어 오른다. 오스트리아의 초승달 모양 빵 킵펠에서 영향을 받았으며, 1838년 무렵 오스트리아 출신 아우구스트 창이 파리에 빈 식 빵집을 연 뒤 프랑스에 널리 퍼졌다. 19세기 후반에는 프랑스의 아침 식탁에 빠지지 않는 빵이 되었다.","베이글은 가운데에 구멍이 뚫린 고리 모양의 빵이다. 밀가루, 효모, 물, 소금으로 반죽해 모양을 잡은 뒤 끓는 물에 잠깐 데쳤다가 오븐에 굽기 때문에 속이 쫄깃하고 겉이 매끈하다. 기름에 튀기지 않아 도넛보다 지방이 적다. 17세기 초 폴란드 크라쿠프의 유대인 공동체에서 기록이 나타나며, 유대인 이민자들을 따라 뉴욕과 몬트리올 같은 북아메리카 도시로 퍼졌다. 반으로 갈라 크림치즈를 발라 먹는 경우가 많다.","프레첼은 팔짱을 낀 듯 가운데가 꼬인 매듭 모양의 빵으로, 독일어로는 브레첼이라 부른다. 반죽을 굽기 전에 묽은 가성 소다 용액에 잠깐 담갔다 꺼내는데, 이 덕분에 구우면 겉이 짙은 갈색으로 윤이 나고 독특한 풍미가 생긴다. 겉에 굵은 소금을 뿌려 먹는 경우가 많다. 수도사가 기도문을 잘 외운 아이에게 상으로 주었다는 기원 이야기가 전하며, 독일어권에서는 이 매듭 모양이 빵집 간판의 상징으로 쓰인다."
조광조가 사약을 받은 유배지,"기묘사화는 중종 14년인 1519년에 조광조를 비롯한 신진 사림이 한꺼번에 조정에서 밀려난 사건이다. 조광조는 추천으로 인재를 뽑는 현량과를 실시하고, 반정 공신 가운데 공이 부풀려진 이들의 공훈을 깎아야 한다고 주장해 훈구 세력의 반발을 샀다. 남곤, 심정, 홍경주 등은 나뭇잎에 '주초위왕'이라는 글자가 새겨졌다는 이야기를 퍼뜨려 조광조가 왕위를 노린다고 모함했다. 조광조는 능주로 귀양을 갔다가 곧 사약을 받았다.","조광조는 1482년에 태어난 조선 중기의 문신으로, 김굉필에게서 성리학을 배웠다. 과거에 급제한 지 몇 해 만에 사헌부의 으뜸 벼슬인 대사헌에 오를 만큼 중종의 신임을 받았다. 도교 제사를 맡던 소격서를 없애고 향약을 여러 도에 퍼뜨리는 등 유교 도덕으로 나라를 다스리려 했다. 급진적인 개혁에 반발한 세력의 공격으로 1519년 관직을 잃었고, 귀양지인 전라도 화순 땅 능주에서 임금이 내린 약을 마시고 서른일곱 해의 삶을 마쳤다.","무오사화는 연산군 4년인 1498년에 일어난 조선의 첫 사화다. 『성종실록』을 편찬하던 중, 사관 김일손이 사초에 스승 김종직이 지은 「조의제문」을 실어 둔 사실이 드러난 것이 발단이었다. 유자광과 이극돈 등 훈구 세력은 이 글이 세조가 단종의 왕위를 빼앗은 일을 빗대어 비판했다고 몰아세웠다. 그 결과 김일손은 처형되고, 이미 세상을 떠난 김종직은 무덤이 파헤쳐지는 부관참시를 당했으며, 그의 문집도 불태워졌다.","갑자사화는 1504년 연산군이 생모 폐비 윤씨의 죽음에 관련된 신하들을 벌하면서 벌어진 사화다. 윤씨는 성종 때인 1482년 사약을 받고 죽었는데, 연산군이 즉위한 뒤 그 경위를 알게 되면서 보복이 시작되었다. 윤필상, 이극균 등 여러 대신이 목숨을 잃었고, 이미 죽은 한명회와 정창손 등은 무덤에서 시신이 끌려 나왔다. 화를 입은 사람들 대부분은 1506년 중종반정으로 연산군이 쫓겨난 뒤 명예를 되찾았다."
달항아리를 위아래로 나눠 빚은 까닭,"달항아리는 17세기 후반부터 18세기 전반 사이에 조선에서 만든 커다란 백자 항아리로, 백자대호라고도 한다. 대개 높이가 40cm를 넘으며, 둥글고 넉넉한 몸체와 젖빛 흰색이 보름달을 떠올리게 해 이런 이름이 붙었다. 한 번에 물레로 끌어올리기 어려울 만큼 커서 위쪽과 아래쪽을 따로 빚은 뒤 이어 붙였기 때문에, 허리에 이음 자국이 남고 좌우가 조금씩 어긋난 것이 많다. 여러 점이 국보로 지정되어 있으며, 그 가운데 하나는 높이 44cm, 몸통 지름 42cm에 이른다.","고려청자는 고려 때 만든 푸른 빛깔의 자기로, 12세기에 전성기를 맞았다. 맑은 옥처럼 은은한 푸른색은 비취에 빗대어 비색이라 불렸다. 그릇 표면에 무늬를 파낸 뒤 그 자리에 흰 흙이나 검게 구워지는 흙을 메워 굽는 상감 기법을 고려 도공들이 독자적으로 꽃피운 것이 큰 특징이다. 전라남도 강진과 부안 일대에 이름난 가마터가 모여 있었다. 구름과 학을 새겨 넣은 간송미술관 소장 매병이 대표작으로 꼽혀 국보로 지정되어 있다. 13세기 후반부터는 빛깔이 누렇게 변하며 차츰 쇠퇴했다.","분청사기는 회색 바탕흙으로 빚은 그릇에 흰 흙을 발라 꾸민 뒤 유약을 입혀 구운 자기다. 14세기 무렵 만들어지기 시작해 15세기에 가장 많이 만들어졌고, 16세기 들어 백자에 밀려 점차 자취를 감추었다. 도장으로 무늬를 찍는 인화, 흰 흙을 긁어 내 무늬를 남기는 박지, 쇳가루 안료로 그림을 그리는 철화, 굵은 붓으로 흰 흙을 쓱쓱 바르는 귀얄 등 꾸밈 기법이 다양하다. 분청사기라는 이름은 일제강점기에 미술사학자 고유섭이 분장회청사기를 줄여 붙였다.","청화백자는 흰 백자 바탕에 코발트 안료로 푸른 무늬를 그린 뒤 투명한 유약을 입혀 구운 자기다. 조선에서는 15세기 중엽부터 만들기 시작했으며, 처음에는 중국을 거쳐 들어온 값비싼 안료 회회청을 써서 왕실과 관청에서 쓸 그릇을 주로 만들었다. 왕실 그릇은 경기도 광주에 둔 관요인 사옹원 분원에서 구웠다. 초기에는 여백을 넉넉히 남기고 풀꽃이나 매화, 대나무를 절제된 붓질로 그렸으나, 후기로 갈수록 무늬가 화려하고 복잡해졌다."
와키자카 야스하루 함대를 무찌른 싸움,"한산도 대첩은 1592년 음력 7월 8일 한산도 앞바다에서 조선 수군이 일본 함대를 크게 무찌른 싸움이다. 이순신은 좁고 암초가 많은 견내량에 머물던 와키자카 야스하루의 함대를 넓은 바다로 꾀어낸 뒤, 학이 날개를 펼친 모양으로 배를 벌려 세우는 학익진으로 에워쌌다. 이억기와 원균의 함대가 함께 싸웠고 거북선도 앞장섰다. 이 싸움 뒤 일본은 바닷길로 서쪽을 치려던 계획을 접었다. 진주 대첩, 행주 대첩과 함께 임진왜란 3대 대첩으로 꼽힌다.","옥포 해전은 1592년 음력 5월 7일 경상도 거제 옥포 앞바다에서 벌어진 싸움이다. 임진왜란이 터진 뒤 전라좌수사 이순신이 처음으로 출전한 해전으로, 경상우수사 원균의 배들과 함께 싸웠다. 판옥선과 작은 배를 합쳐 90여 척에 이른 조선 함대는 포구에 머물던 일본 배들을 기습해 26척을 불태웠다. 조선 쪽 피해는 부상자 한 명에 그쳤다. 육지에서 잇따라 밀리던 조선군이 전쟁이 시작된 뒤 처음 거둔 승리였다.","노량 해전은 1598년 음력 11월 19일 남해도와 하동 사이의 노량 바다에서 벌어진 임진왜란의 마지막 큰 해전이다. 도요토미 히데요시가 죽자 일본군은 철수를 서둘렀고, 순천에 발이 묶인 고니시 유키나가를 구하려고 시마즈 요시히로의 함대가 몰려왔다. 이순신은 명나라 수군 장수 진린과 연합 함대를 이루어 이들을 가로막았다. 싸움이 끝나 갈 무렵 이순신은 적의 총탄에 맞아 숨졌으며, 자신의 죽음을 알리지 말라는 말을 남겼다고 전한다.",
회회청 안료로 무늬를 그린 조선 자기,"청화백자는 흰 백자 바탕에 코발트 안료로 푸른 무늬를 그린 뒤 투명한 유약을 입혀 구운 자기다. 조선에서는 15세기 중엽부터 만들기 시작했으며, 처음에는 중국을 거쳐 들어온 값비싼 안료 회회청을 써서 왕실과 관청에서 쓸 그릇을 주로 만들었다. 왕실 그릇은 경기도 광주에 둔 관요인 사옹원 분원에서 구웠다. 초기에는 여백을 넉넉히 남기고 풀꽃이나 매화, 대나무를 절제된 붓질로 그렸으나, 후기로 갈수록 무늬가 화려하고 복잡해졌다.","고려청자는 고려 때 만든 푸른 빛깔의 자기로, 12세기에 전성기를 맞았다. 맑은 옥처럼 은은한 푸른색은 비취에 빗대어 비색이라 불렸다. 그릇 표면에 무늬를 파낸 뒤 그 자리에 흰 흙이나 검게 구워지는 흙을 메워 굽는 상감 기법을 고려 도공들이 독자적으로 꽃피운 것이 큰 특징이다. 전라남도 강진과 부안 일대에 이름난 가마터가 모여 있었다. 구름과 학을 새겨 넣은 간송미술관 소장 매병이 대표작으로 꼽혀 국보로 지정되어 있다. 13세기 후반부터는 빛깔이 누렇게 변하며 차츰 쇠퇴했다.","분청사기는 회색 바탕흙으로 빚은 그릇에 흰 흙을 발라 꾸민 뒤 유약을 입혀 구운 자기다. 14세기 무렵 만들어지기 시작해 15세기에 가장 많이 만들어졌고, 16세기 들어 백자에 밀려 점차 자취를 감추었다. 도장으로 무늬를 찍는 인화, 흰 흙을 긁어 내 무늬를 남기는 박지, 쇳가루 안료로 그림을 그리는 철화, 굵은 붓으로 흰 흙을 쓱쓱 바르는 귀얄 등 꾸밈 기법이 다양하다. 분청사기라는 이름은 일제강점기에 미술사학자 고유섭이 분장회청사기를 줄여 붙였다.","달항아리는 17세기 후반부터 18세기 전반 사이에 조선에서 만든 커다란 백자 항아리로, 백자대호라고도 한다. 대개 높이가 40cm를 넘으며, 둥글고 넉넉한 몸체와 젖빛 흰색이 보름달을 떠올리게 해 이런 이름이 붙었다. 한 번에 물레로 끌어올리기 어려울 만큼 커서 위쪽과 아래쪽을 따로 빚은 뒤 이어 붙였기 때문에, 허리에 이음 자국이 남고 좌우가 조금씩 어긋난 것이 많다. 여러 점이 국보로 지정되어 있으며, 그 가운데 하나는 높이 44cm, 몸통 지름 42cm에 이른다."
하루 원뇨량과 실제 소변량,"콩팥은 척추 양옆, 배의 뒤쪽 벽에 하나씩 모두 두 개가 있는 강낭콩 모양의 기관이다. 하나의 크기는 길이 약 10cm, 너비 약 5cm, 두께 약 3cm이다. 피를 거르는 기본 단위인 네프론이 콩팥 하나에 약 100만 개 들어 있다. 하루에 걸러 내는 원뇨는 180L가 넘지만 대부분 다시 흡수되어 실제 오줌은 약 1.5L만 나온다. 핏속의 노폐물과 여분의 무기질을 내보내는 일 말고도 혈압과 전해질, 체액의 양을 조절한다. 적혈구 생성을 돕는 호르몬 에리트로포이에틴을 만들고, 비타민 D를 활성형으로 바꾼다.","미시시피강은 미국 미네소타주 북부의 이타스카호에서 시작해 남쪽으로 흘러 멕시코만에 이르는 강으로, 길이는 약 3,734km이다. 미네소타, 위스콘신, 아이오와, 일리노이, 미주리, 켄터키, 테네시, 아칸소, 미시시피, 루이지애나 등 10개 주를 지나거나 그 경계를 이룬다. 가장 긴 지류인 미주리강(약 3,767km)과 이어지는 미시시피-미주리 수계는 약 6,270km로 세계에서 네 번째로 긴 하천 계통이다. 이름은 원주민 오지브웨족의 말로 '큰 강'이라는 뜻이다. 해마다 약 5억 톤의 퇴적물을 날라 뉴올리언스 남동쪽에 거대한 삼각주를 만들었다. 미니애폴리스까지 배가 오갈 수 있다.","김유신은 595년에 태어난 신라의 장군으로, 금관가야 왕족의 후손이다. 열다섯 살에 화랑이 되었고, 629년 낭비성 싸움에서 처음 크게 이름을 떨쳤다. 660년 황산벌에서 계백이 이끈 백제의 5천 결사대를 무너뜨려 백제 멸망의 길을 열었다. 누이 문명부인이 김춘추와 혼인하면서 왕실과 인척 관계를 맺었다. 673년에 세상을 떠났으며, 835년 흥덕왕 때 흥무대왕이라는 왕의 칭호를 받았다. 왕족이 아닌 사람이 죽은 뒤 대왕으로 높여진 드문 예다.","배구는 1895년 미국 매사추세츠주 홀리요크의 YMCA에서 윌리엄 G. 모건이 만든 운동이다. 몸싸움이 거친 농구보다 부드러운 운동이 필요하다고 여겨 고안했으며, 처음 이름은 민토네트였다. 한 팀은 6명이고, 공을 세 번 안에 네트 너머로 넘겨야 한다. 네트 높이는 남자 2.43m, 여자 2.24m다. 세트는 25점을 먼저 얻되 2점 차가 나야 끝나며, 다섯째 세트는 15점으로 치른다. 1964년 도쿄 올림픽에서 처음 정식 종목이 되었다."
루비가 빨간색을 띠는 원인 원소,"강옥은 산화알루미늄(Al₂O₃)으로 된 광물로, 결정계는 삼방정계이고 모스 굳기가 9에 이른다. 크로뮴이 섞여 붉은빛을 띠는 보석질 강옥은 루비라 하고, 그 밖의 색을 띠는 것은 사파이어라 부른다. 사파이어의 색은 섞여 든 전이 금속의 종류에 따라 파랑, 노랑, 분홍 등으로 달라진다. 단단한 성질 덕분에 숫돌과 사포 같은 연마재로도 쓰인다. 1903년 프랑스 화학자 오귀스트 베르뇌유가 불꽃으로 원료를 녹이는 방법으로 합성 루비를 상업 규모로 만들 수 있다고 발표했다.","다이아몬드는 탄소 원자만으로 이루어진 광물로, 원자들이 입방정 결정 구조로 촘촘히 결합해 있다. 모스 굳기 10으로 천연 물질 가운데 가장 단단하다. 흑연과 같은 탄소의 동소체이지만, 보통의 온도와 압력에서 더 안정한 쪽은 흑연이다. 대부분 지하 150~250km 깊이의 높은 압력과 온도에서 만들어지며, 킴벌라이트라는 화산암에 실려 지표 가까이 올라온다. 굴절률이 약 2.42로 높아 빛을 강하게 꺾어 반짝인다. 1950년대에는 고온 고압을 이용해 인공으로 합성하는 방법이 개발되었다.","석영은 이산화규소(SiO₂)로 이루어진 광물로, 대륙 지각에서 가장 흔한 광물 가운데 하나이다. 모스 굳기는 7이고, 끝이 뾰족한 육각기둥 모양의 결정으로 자란다. 누르면 전압이 생기는 압전 효과가 있어 수정 시계와 전자 기기의 진동자로 쓰인다. 보라색인 자수정, 노란색인 황수정, 분홍색인 장미 석영처럼 색에 따라 여러 변종이 있다. 유리의 주원료이며, 사암에도 평균 65% 정도 들어 있다. 약 573°C가 넘으면 결정 구조가 고온형으로 바뀐다.","방해석은 탄산칼슘(CaCO₃)으로 된 광물로, 모스 굳기 3의 기준이 된다. 결정계는 삼방정계이며, 깨뜨리면 비스듬한 육면체인 능면체 조각으로 쪼개진다. 투명한 결정을 통해 글씨를 보면 두 겹으로 보이는 복굴절이 뚜렷한데, 예전 광학 실험에 쓰인 맑은 결정은 주로 아이슬란드에서 났다. 묽은 염산을 떨어뜨리면 거품을 내며 녹는다. 석회암의 주성분이고, 변성 작용을 거친 대리암의 대부분을 이루기도 한다. 고대 이집트에서는 투탕카멘 무덤의 부장품과 그릇 재료로 쓰였다."
현존 금영측우기 제작 연도,"측우기는 내린 비의 양을 재던 조선의 기구로, 세종 23년인 1441년에 처음 만들어졌다. 당시 세자였던 문종이 고안을 이끈 것으로 전하며, 이후 같은 규격의 기구를 각 고을에 나누어 비의 양을 보고하게 했다. 원통은 깊이가 약 32cm, 지름이 약 15cm였고, 돌로 깎은 받침대인 측우대 위에 올려 썼다. 유럽의 우량계보다 약 200년 앞선 것으로 평가된다. 지금 남아 있는 것은 1837년 공주의 충청감영에 두었던 금영측우기로, 국보로 지정되어 있다.","자격루는 흐르는 물의 힘으로 정해진 시각을 스스로 알리던 조선의 물시계다. 세종 16년인 1434년 장영실과 김조 등이 만들어 경회루 남쪽의 보루각에 설치했다. 위쪽 항아리에서 흘러내린 물이 아래 통에 차오르면 떠오르는 막대가 쇠구슬을 굴렸고, 이 구슬이 장치를 건드려 인형이 종과 북, 징을 울렸다. 지금 전하는 것은 1536년 중종 때 다시 만든 것의 일부인 청동 물항아리들로, 국립고궁박물관에 있으며 국보로 지정되어 있다.","앙부일구는 하늘을 향해 솥을 뒤집어 놓은 듯한 오목한 반구 모양의 해시계다. 세종 때 처음 만들어 한양의 혜정교와 종묘 앞에 두고 길 가는 백성도 시각을 볼 수 있게 했다. 안쪽에 비스듬히 세운 바늘의 그림자가 떨어지는 자리로 하루의 시각은 물론 24절기까지 읽을 수 있었다. 처음 만든 것들은 임진왜란 때 모두 사라졌고, 지금 남은 것은 조선 후기에 다시 만든 것들로 보물로 지정되어 있다.",
국악 합주에서 음을 맞추는 기준 악기,"대금은 가로로 부는 대나무 관악기로, 신라 때 대금, 중금, 소금을 아울러 이른 삼죽 가운데 가장 크다. 길이가 80cm를 넘으며, 양쪽에 골이 파이고 살이 두꺼운 쌍골죽으로 만든 것을 으뜸으로 친다. 입김을 불어 넣는 취구, 손가락으로 막는 지공 6개와 함께 갈대 속막을 붙인 청공이 있어 떨리는 듯한 독특한 소리가 난다. 합주에서는 다른 악기들이 대금의 음에 맞추어 조율한다. 거센 물결을 잠재웠다는 신라의 피리 만파식적 이야기가 전한다.","가야금은 가야의 가실왕이 만들고 악사 우륵에게 곡을 짓게 했다고 전하는 현악기다. 전통 가야금은 명주실을 꼬아 만든 줄 12개를 걸고, 줄마다 안족이라 부르는 기러기발 모양의 받침을 세운다. 연주자는 악기 머리 쪽을 오른쪽 무릎에 올려놓고 오른손으로 줄을 뜯으며, 왼손으로 줄을 눌러 소리를 꾸민다. 궁중 음악에 쓰는 정악 가야금과 몸체가 작아 빠른 가락에 알맞은 산조 가야금으로 나뉘며, 오늘날에는 줄을 25개까지 늘린 개량 가야금도 쓰인다.","해금은 두 줄을 말총으로 만든 활로 문질러 소리를 내는 찰현악기다. 중국 북방에서 비롯되어 고려 때 들어온 것으로 보이며, 조선 성종 때 펴낸 『악학궤범』에도 실려 있다. 두 줄 사이에 활대를 끼워 넣고 안쪽 줄과 바깥쪽 줄을 번갈아 긁으며, 왼손으로 줄을 감아쥐는 힘을 달리해 음 높이를 정한다. 궁중 음악과 민속 음악에 두루 쓰이고 소리가 날카로우면서도 애잔하다. 민간에서는 깽깽이라고도 불렀다.",
네온사인 불빛은 무슨 색일까,"네온은 원자 번호 10의 비활성 기체로, 1898년 영국 런던에서 윌리엄 램지와 모리스 트래버스가 액체 공기를 낮은 온도에서 분별 증류하다가 발견했다. 이름은 '새로운 것'을 뜻하는 그리스어에서 따왔다. 공기 속에는 약 0.0018%밖에 없지만 우주 전체로 보면 다섯 번째로 흔한 원소이다. 낮은 압력의 유리관에 채우고 전기를 흘리면 붉은 주황빛을 내므로 광고용 네온사인에 가장 많이 쓰인다. 헬륨과 섞어 헬륨-네온 레이저를 만들기도 하는데, 바코드 판독기와 레이저 지시기에 이용되었다.","헬륨은 원자 번호 2의 비활성 기체로, 우주에서 수소 다음으로 많은 원소이다. 1868년 프랑스 천문학자 피에르 쥘 장센이 일식 때 태양 빛의 스펙트럼에서 파장 587.6nm의 낯선 선을 관측한 것이 발견의 시작이다. 그래서 이름도 태양을 뜻하는 그리스어 헬리오스에서 왔다. 끓는점이 약 4.22K(-268.9°C)로 모든 원소 가운데 가장 낮고, 보통 기압에서는 절대 영도 가까이 식혀도 고체가 되지 않는다. 액체 헬륨은 MRI 장치의 초전도 자석을 식히는 데 쓰인다. 지구에서는 주로 천연가스에 섞인 것을 분리해 얻는다.","아르곤은 원자 번호 18의 비활성 기체로, 1894년 레일리 경과 윌리엄 램지가 발견했다. 이름은 '일하지 않는'이라는 뜻의 그리스어에서 왔는데, 다른 물질과 거의 반응하지 않는 성질을 나타낸다. 지구 대기 부피의 약 0.934%를 차지해 비활성 기체 가운데 공기 속에 가장 많다. 자연의 아르곤은 99.6%가 아르곤-40인데, 이는 암석 속 칼륨-40이 붕괴해 생긴 것이다. 백열전구 안에 채워 텅스텐 필라멘트가 산화되지 않게 하며, 용접할 때 녹은 금속을 공기로부터 감싸는 보호 기체로도 쓴다.","제논은 원자 번호 54의 비활성 기체로, 1898년 윌리엄 램지 등이 발견했다. 이름은 '낯선 것'을 뜻하는 그리스어 크세노스에서 왔다. 색과 냄새가 없는 무거운 기체이며, 대기에는 아주 적은 양만 들어 있다. 1962년 닐 바틀릿이 육플루오린화백금산 제논을 합성하면서, 반응하지 않는다고 여겨지던 비활성 기체도 화합물을 만들 수 있음이 드러났다. 카메라 섬광 장치와 등대 램프에 쓰이고, 우주선 이온 추진기의 연료와 마취제로도 이용된다. 액체 상태로 모아 암흑 물질을 찾는 검출기에 넣기도 한다."
아프리카 최고봉의 높이,"킬리만자로산은 탄자니아 북동부에 있는 아프리카 최고봉으로, 높이는 5,895m이다. 키보, 마웬지, 시라 세 화산 봉우리로 이루어지며, 가장 높은 것이 키보이다. 마웬지는 5,254m, 시라는 3,778m이다. 1889년 10월 6일 독일의 지리학자 한스 마이어와 오스트리아의 산악인 루트비히 푸르트셸러가 유럽인으로는 처음 키보 정상에 올랐다. 적도에서 멀지 않은데도 꼭대기에 빙원이 있으나, 그 규모가 점점 줄고 있다. 각 대륙의 가장 높은 산을 이르는 7대륙 최고봉 가운데 하나이며, 국립공원으로 보호되고 유네스코 세계 유산에도 올라 있다.","에베레스트산은 해발 8,848.86m로 세계에서 가장 높은 산이다. 히말라야산맥 가운데 네팔과 중국의 국경에 솟아 있다. 네팔에서는 사가르마타, 티베트에서는 초모룽마라 부르며, 영어 이름은 영국의 측량가 조지 에베레스트에게서 따왔다. 1953년 5월 29일 뉴질랜드의 에드먼드 힐러리와 셰르파인 텐징 노르게이가 처음으로 꼭대기를 밟았다. 한국인으로는 1977년 고상돈이 처음 정상에 섰다. 지각판이 움직이는 탓에 산이 해마다 조금씩 높아지는 것으로 알려져 있다.","K2는 높이 8,611m로 에베레스트산 다음으로 높은 세계 제2봉이다. 카라코람산맥에 있으며 파키스탄과 중국의 국경에 걸쳐 있다. 1856년 영국 측량대가 카라코람의 봉우리에 차례로 번호를 매길 때 두 번째 봉우리로 기록되어 K2라는 이름이 붙었고, 초고리나 고드윈오스틴산이라고도 한다. 1954년 7월 31일 이탈리아 원정대의 아킬레 콤파뇨니와 리노 라체델리가 처음 올랐다. 2021년 1월 16일에는 10명의 등반대가 처음으로 겨울철 정상에 올랐다. 높이는 두 번째지만 오르기가 훨씬 까다롭고 사망률도 높은 산으로 이름나 있다.","몽블랑은 높이 약 4,808m로 알프스산맥과 서유럽에서 가장 높은 산이다. 프랑스의 오트사부아와 이탈리아의 발레다오스타 사이 국경에 솟아 있다. 이름은 프랑스어로 '하얀 산'이라는 뜻이다. 1786년 8월 8일 미셸가브리엘 파카르와 자크 발마가 처음 정상에 올랐으며, 이 일은 등산의 역사에서 중요한 이정표로 꼽힌다. 1965년에는 산 밑을 지나는 길이 약 11.6km의 몽블랑 터널이 완공되어 프랑스의 샤모니와 이탈리아의 쿠르마예르를 잇는다. 산자락의 샤모니는 1924년 제1회 동계 올림픽을 치렀다."
나무탈을 종이탈로 바꾼 사람,"봉산탈춤은 황해도 봉산에서 전해 온 탈춤으로, 해서 지방 탈춤을 대표한다. 해마다 단오 무렵에 놀았으며, 조선 후기 관리였던 안초목이 나무탈을 종이탈로 바꾸었다고 전한다. 일곱 과장으로 짜여 있고 말뚝이, 취발이, 노장, 미얄 할미 등이 나와 양반의 허세와 타락한 승려를 비꼰다. 긴 소매를 휘날리며 활달하게 뛰는 춤사위가 특징이다. 1915년 무렵부터 사리원으로 자리를 옮겨 놀았으며, 1967년 국가무형문화재로 지정되었다.","하회별신굿탈놀이는 경상북도 안동 하회마을에서 전해 오는 탈놀이다. 마을을 지키는 서낭신에게 별신굿을 올리면서 함께 놀던 것으로, 12세기 무렵부터 이어져 왔다고 알려져 있다. 나무를 깎아 옻칠을 한 탈을 쓰며, 양반, 선비, 각시, 부네, 초랭이, 이매 등이 나와 양반의 위선과 파계승을 꼬집는다. 마을 사람들은 놀이를 통해 신분 질서에 대한 불만을 웃음으로 풀었다. 1980년 국가무형문화재로 지정되었다.","양주별산대놀이는 경기도 양주 유양리에서 전해 온 탈놀이로, 서울 근교의 산대놀이 계열에 속한다. 18세기 무렵 양주 사람 이을축이 서울 사직골 딱딱이패의 놀이를 본떠 탈을 만들어 놀기 시작했다고 전한다. 바가지, 나무, 종이로 만든 탈을 쓰고 느린 염불 장단과 빠른 타령 장단에 맞추어 춤을 추며, 춤사위가 잘게 나뉘고 세련된 것으로 꼽힌다. 1964년 국가무형문화재 제2호로 지정되었다.","통영오광대는 경상남도 통영에서 전해 온 탈놀이로, 경상남도 여러 고장에 전해 온 오광대 계열에 속한다. 문둥이 양반, 말뚝이, 할미 같은 사람 탈과 함께 영노, 담보 같은 상상 속 동물 탈이 등장하며, 쓰이는 탈은 스무 가지가 넘는다. 탈은 바가지, 나무, 종이, 가죽, 말총 등으로 만든다. 1964년 국가무형문화재로 지정되었다."
배추김치 양념소에 들어가는 재료,"배추김치는 소금에 절인 배추 잎 사이사이에 양념소를 채워 버무린 김치로, 한국 밥상의 대표 반찬이다. 양념소는 채 썬 무에 고춧가루, 다진 마늘, 파, 젓갈 등을 섞어 만든다. 고추가 들어오기 전의 김치는 지금처럼 붉지 않았으며, 고추 양념은 조선 후기에 들어 널리 쓰였다. 속이 단단히 차는 결구배추가 퍼지면서 오늘날과 같은 포기김치가 자리를 잡았다. 흔히 입동 무렵 이웃과 모여 겨우내 먹을 양을 한꺼번에 담그는 김장의 중심이 된다.","동치미는 통무나 큼직하게 썬 무를 소금에 절여 넉넉한 국물에 담그는 물김치다. 이름의 '동'은 겨울을 뜻하며, 김장철을 앞둔 늦가을에 담가 겨울 내내 먹는다. 고춧가루를 풀지 않고 삭힌 고추와 파, 생강, 배 등을 넣어 맑고 시원한 맛을 낸다. 국물이 맑아 냉면이나 막국수의 육수로 쓰이며, 찐 고구마나 떡에 곁들이기도 한다. 특히 평안도와 함경도 등 북쪽 지방의 동치미가 이름났다.","총각김치는 손가락 굵기만 한 작은 무를 무청째 통으로 담그는 김치다. 무청이 달린 모양이 옛날 장가들지 않은 남자가 땋아 늘인 머리를 닮았다고 하여 이런 이름이 붙었다는 설명이 있다. 재료인 무는 지역에 따라 알타리무, 달랑무 등으로 불렸는데, 1988년 표준어 규정에서 총각무를 표준어로 삼았다. 절인 무에 고춧가루, 마늘, 젓갈 등을 버무려 익히며, 아삭하게 씹히는 맛이 특징이다.",
흰긴수염고래 상업 포경 금지 연도,"대왕고래는 흰긴수염고래라고도 부르며, 지구 역사를 통틀어 가장 큰 동물이다. 몸길이는 최대 약 30m, 몸무게는 190톤 안팎에 이른다. 이빨 대신 입천장에 검은 수염판 270~400장이 늘어서 있어, 바닷물을 머금었다가 내보내며 걸러 낸 크릴을 주로 먹는다. 작은 물고기나 오징어, 해파리를 먹기도 한다. 수명은 80~90년 이상으로 알려져 있다. 무분별한 포경으로 수가 크게 줄어 1966년 국제 협약으로 상업 포경이 금지되었으며, 지금은 국제자연보전연맹(IUCN) 적색 목록의 위기종이다.","범고래는 참돌고래과에서 가장 큰 종으로, 검은 등과 흰 가슴, 눈 뒤의 흰 무늬로 쉽게 알아볼 수 있다. 수컷은 몸길이 6~8m에 몸무게가 최대 7톤이고, 암컷은 5~7m에 3~4톤 정도이다. 수컷의 등지느러미는 높이가 1.8m에 이르기도 한다. 연어나 청어 같은 물고기뿐 아니라 물범, 바다사자, 다른 고래까지 사냥하는 바다의 최상위 포식자이다. 어미를 중심으로 한 안정된 무리를 이루어 산다. 극지방부터 열대까지 전 세계 바다에 분포하며, 암컷은 평균 50년, 수컷은 평균 30년쯤 산다.","상괭이는 한국 서해와 남해 연안에 사는 쇠돌고래과의 작은 고래로, 학명은 Neophocaena sunameri이다. 몸길이는 1.5~1.9m이고 몸빛은 회백색이다. 등지느러미가 없고, 그 자리에 높이 약 1cm의 낮은 융기가 있다. 입가가 올라간 모습이 웃는 얼굴처럼 보여 '웃는 돌고래'라는 별명이 붙었다. 수심 50m 이내의 얕은 바다와 해안 가까이에 살며, 멸치, 전갱이, 정어리, 오징어 등을 먹는다. 해마다 수백 마리가 그물에 걸려 죽는 혼획이 큰 위협이다. 2016년 해양 보호 생물로 지정되었고, IUCN 적색 목록에서는 위기종으로 분류된다.",
수정 시계에 석영을 쓰는 이유,"석영은 이산화규소(SiO₂)로 이루어진 광물로, 대륙 지각에서 가장 흔한 광물 가운데 하나이다. 모스 굳기는 7이고, 끝이 뾰족한 육각기둥 모양의 결정으로 자란다. 누르면 전압이 생기는 압전 효과가 있어 수정 시계와 전자 기기의 진동자로 쓰인다. 보라색인 자수정, 노란색인 황수정, 분홍색인 장미 석영처럼 색에 따라 여러 변종이 있다. 유리의 주원료이며, 사암에도 평균 65% 정도 들어 있다. 약 573°C가 넘으면 결정 구조가 고온형으로 바뀐다.","다이아몬드는 탄소 원자만으로 이루어진 광물로, 원자들이 입방정 결정 구조로 촘촘히 결합해 있다. 모스 굳기 10으로 천연 물질 가운데 가장 단단하다. 흑연과 같은 탄소의 동소체이지만, 보통의 온도와 압력에서 더 안정한 쪽은 흑연이다. 대부분 지하 150~250km 깊이의 높은 압력과 온도에서 만들어지며, 킴벌라이트라는 화산암에 실려 지표 가까이 올라온다. 굴절률이 약 2.42로 높아 빛을 강하게 꺾어 반짝인다. 1950년대에는 고온 고압을 이용해 인공으로 합성하는 방법이 개발되었다.","강옥은 산화알루미늄(Al₂O₃)으로 된 광물로, 결정계는 삼방정계이고 모스 굳기가 9에 이른다. 크로뮴이 섞여 붉은빛을 띠는 보석질 강옥은 루비라 하고, 그 밖의 색을 띠는 것은 사파이어라 부른다. 사파이어의 색은 섞여 든 전이 금속의 종류에 따라 파랑, 노랑, 분홍 등으로 달라진다. 단단한 성질 덕분에 숫돌과 사포 같은 연마재로도 쓰인다. 1903년 프랑스 화학자 오귀스트 베르뇌유가 불꽃으로 원료를 녹이는 방법으로 합성 루비를 상업 규모로 만들 수 있다고 발표했다.","방해석은 탄산칼슘(CaCO₃)으로 된 광물로, 모스 굳기 3의 기준이 된다. 결정계는 삼방정계이며, 깨뜨리면 비스듬한 육면체인 능면체 조각으로 쪼개진다. 투명한 결정을 통해 글씨를 보면 두 겹으로 보이는 복굴절이 뚜렷한데, 예전 광학 실험에 쓰인 맑은 결정은 주로 아이슬란드에서 났다. 묽은 염산을 떨어뜨리면 거품을 내며 녹는다. 석회암의 주성분이고, 변성 작용을 거친 대리암의 대부분을 이루기도 한다. 고대 이집트에서는 투탕카멘 무덤의 부장품과 그릇 재료로 쓰였다."
문둥이 양반 탈이 등장하는 탈놀이,"통영오광대는 경상남도 통영에서 전해 온 탈놀이로, 경상남도 여러 고장에 전해 온 오광대 계열에 속한다. 문둥이 양반, 말뚝이, 할미 같은 사람 탈과 함께 영노, 담보 같은 상상 속 동물 탈이 등장하며, 쓰이는 탈은 스무 가지가 넘는다. 탈은 바가지, 나무, 종이, 가죽, 말총 등으로 만든다. 1964년 국가무형문화재로 지정되었다.","하회별신굿탈놀이는 경상북도 안동 하회마을에서 전해 오는 탈놀이다. 마을을 지키는 서낭신에게 별신굿을 올리면서 함께 놀던 것으로, 12세기 무렵부터 이어져 왔다고 알려져 있다. 나무를 깎아 옻칠을 한 탈을 쓰며, 양반, 선비, 각시, 부네, 초랭이, 이매 등이 나와 양반의 위선과 파계승을 꼬집는다. 마을 사람들은 놀이를 통해 신분 질서에 대한 불만을 웃음으로 풀었다. 1980년 국가무형문화재로 지정되었다.","봉산탈춤은 황해도 봉산에서 전해 온 탈춤으로, 해서 지방 탈춤을 대표한다. 해마다 단오 무렵에 놀았으며, 조선 후기 관리였던 안초목이 나무탈을 종이탈로 바꾸었다고 전한다. 일곱 과장으로 짜여 있고 말뚝이, 취발이, 노장, 미얄 할미 등이 나와 양반의 허세와 타락한 승려를 비꼰다. 긴 소매를 휘날리며 활달하게 뛰는 춤사위가 특징이다. 1915년 무렵부터 사리원으로 자리를 옮겨 놀았으며, 1967년 국가무형문화재로 지정되었다.","양주별산대놀이는 경기도 양주 유양리에서 전해 온 탈놀이로, 서울 근교의 산대놀이 계열에 속한다. 18세기 무렵 양주 사람 이을축이 서울 사직골 딱딱이패의 놀이를 본떠 탈을 만들어 놀기 시작했다고 전한다. 바가지, 나무, 종이로 만든 탈을 쓰고 느린 염불 장단과 빠른 타령 장단에 맞추어 춤을 추며, 춤사위가 잘게 나뉘고 세련된 것으로 꼽힌다. 1964년 국가무형문화재 제2호로 지정되었다."
가곡의 왕이 남긴 가곡 수,"프란츠 슈베르트는 1797년 빈에서 태어난 작곡가로, 600곡이 넘는 가곡을 지어 '가곡의 왕'으로 불린다. 괴테의 시에 곡을 붙인 「마왕」과 「들장미」, 물고기를 노래한 「송어」가 널리 알려져 있다. 1823년 연가곡 「아름다운 물방앗간 아가씨」를, 1827년 「겨울 나그네」를 썼다. 두 악장만 완성된 교향곡은 「미완성」이라는 이름으로 불린다. 서른한 살이던 1828년 세상을 떠났으며, 생전에 우러르던 베토벤 가까이에 묻혔다.","요제프 하이든은 1732년 오스트리아 로라우에서 태어난 고전파 작곡가다. 1761년부터 약 30년 동안 헝가리 귀족 에스테르하지 가문의 궁정 악단에서 일하며 수많은 곡을 썼다. 교향곡을 100곡 넘게 남기고 현악 4중주의 틀을 다듬어 '교향곡의 아버지', '현악 4중주의 아버지'로 불린다. 후원자가 세상을 떠난 뒤 1791년부터 런던을 오가며 큰 인기를 누렸고, 조용한 악장 중간에 갑자기 큰 소리를 내는 「놀람」 교향곡도 이 무렵 썼다. 1809년 빈에서 세상을 떠났다.","볼프강 아마데우스 모차르트는 1756년 잘츠부르크에서 태어난 고전파 작곡가다. 궁정 음악가였던 아버지 레오폴트에게 음악을 배워 다섯 살에 처음 곡을 지었고, 어린 시절부터 유럽 여러 도시를 돌며 연주했다. 1781년 빈으로 옮긴 뒤 1786년 「피가로의 결혼」, 1787년 「돈 조반니」, 1791년 「마술피리」 같은 오페라를 무대에 올렸다. 그의 작품에는 루트비히 폰 쾨헬이 정리한 쾨헬 번호가 붙는다. 1791년 서른다섯 살로 세상을 떠나 「레퀴엠」은 미완성으로 남았다.","루트비히 판 베토벤은 1770년 독일 본에서 태어나 1792년 빈으로 옮겨 간 작곡가로, 그곳에서 하이든에게 배우기도 했다. 20대 후반부터 귀가 나빠지기 시작해 1802년에는 절망을 털어놓은 하일리겐슈타트 유서를 썼다. 모두 아홉 곡의 교향곡을 남겼는데, 3번 「영웅」은 처음에 나폴레옹에게 바치려다 그가 황제에 오르자 헌정을 거두었다는 일화가 있다. 1824년 초연한 9번 교향곡의 마지막 악장에는 실러의 시 「환희의 송가」에 붙인 합창이 들어 있다. 1827년 빈에서 세상을 떠났다."
합성 루비 상업 생산은 언제 시작됐나,"강옥은 산화알루미늄(Al₂O₃)으로 된 광물로, 결정계는 삼방정계이고 모스 굳기가 9에 이른다. 크로뮴이 섞여 붉은빛을 띠는 보석질 강옥은 루비라 하고, 그 밖의 색을 띠는 것은 사파이어라 부른다. 사파이어의 색은 섞여 든 전이 금속의 종류에 따라 파랑, 노랑, 분홍 등으로 달라진다. 단단한 성질 덕분에 숫돌과 사포 같은 연마재로도 쓰인다. 1903년 프랑스 화학자 오귀스트 베르뇌유가 불꽃으로 원료를 녹이는 방법으로 합성 루비를 상업 규모로 만들 수 있다고 발표했다.","다이아몬드는 탄소 원자만으로 이루어진 광물로, 원자들이 입방정 결정 구조로 촘촘히 결합해 있다. 모스 굳기 10으로 천연 물질 가운데 가장 단단하다. 흑연과 같은 탄소의 동소체이지만, 보통의 온도와 압력에서 더 안정한 쪽은 흑연이다. 대부분 지하 150~250km 깊이의 높은 압력과 온도에서 만들어지며, 킴벌라이트라는 화산암에 실려 지표 가까이 올라온다. 굴절률이 약 2.42로 높아 빛을 강하게 꺾어 반짝인다. 1950년대에는 고온 고압을 이용해 인공으로 합성하는 방법이 개발되었다.","방해석은 탄산칼슘(CaCO₃)으로 된 광물로, 모스 굳기 3의 기준이 된다. 결정계는 삼방정계이며, 깨뜨리면 비스듬한 육면체인 능면체 조각으로 쪼개진다. 투명한 결정을 통해 글씨를 보면 두 겹으로 보이는 복굴절이 뚜렷한데, 예전 광학 실험에 쓰인 맑은 결정은 주로 아이슬란드에서 났다. 묽은 염산을 떨어뜨리면 거품을 내며 녹는다. 석회암의 주성분이고, 변성 작용을 거친 대리암의 대부분을 이루기도 한다. 고대 이집트에서는 투탕카멘 무덤의 부장품과 그릇 재료로 쓰였다.",
복숭아 바구니로 시작한 구기 종목,"농구는 1891년 미국 매사추세츠주 스프링필드의 YMCA에서 체육 교사 제임스 네이스미스가 겨울철 실내에서 할 운동으로 고안했다. 처음에는 체육관 벽에 복숭아 바구니를 매달고 축구공을 던져 넣었다. 1892년 1월 20일 열린 첫 공식 경기에서는 한 팀이 9명이었으나, 지금은 한 팀에 5명이 뛴다. 바스켓 높이는 3.05m로 정해져 있다. 남자 농구는 1936년, 여자 농구는 1976년 올림픽 정식 종목이 되었다.","배구는 1895년 미국 매사추세츠주 홀리요크의 YMCA에서 윌리엄 G. 모건이 만든 운동이다. 몸싸움이 거친 농구보다 부드러운 운동이 필요하다고 여겨 고안했으며, 처음 이름은 민토네트였다. 한 팀은 6명이고, 공을 세 번 안에 네트 너머로 넘겨야 한다. 네트 높이는 남자 2.43m, 여자 2.24m다. 세트는 25점을 먼저 얻되 2점 차가 나야 끝나며, 다섯째 세트는 15점으로 치른다. 1964년 도쿄 올림픽에서 처음 정식 종목이 되었다.","핸드볼은 두 팀이 손으로 공을 주고받거나 튀기며 나아가 상대 골문에 던져 넣는 경기다. 오늘날과 비슷한 형태는 1898년 무렵 덴마크 등지에서 나타났고, 제1차 세계 대전 뒤 독일에서 규칙이 다듬어졌다. 처음에는 11명이 넓은 야외에서 뛰었으나, 지금은 골키퍼를 포함해 한 팀 7명이 길이 40m, 너비 20m의 실내 코트에서 경기한다. 전반과 후반 각 30분씩 치른다. 실내 핸드볼은 남자가 1972년, 여자가 1976년 올림픽 정식 종목이 되었다. 우리나라에는 1922년 송구라는 이름으로 들어왔다.","럭비 유니언은 한 팀 15명이 타원형 공을 들고 달리거나 차면서 상대 진영 끝 선 너머에 공을 찍어 점수를 내는 경기로, 잉글랜드의 럭비 스쿨에서 비롯되었다. 공을 손으로 앞쪽에 던져 패스할 수 없어 옆이나 뒤로만 넘겨야 한다. 공을 찍는 트라이는 5점, 그 뒤에 차 넣는 컨버전은 2점, 페널티 골과 드롭 골은 각 3점이다. 1900년부터 1924년까지 올림픽에서 열렸다가 빠졌고, 2016년 7인제 경기로 다시 올림픽 종목이 되었다. 4년마다 럭비 월드컵이 열린다."
면적 대비 방문객이 제일 많은 국립공원,"북한산 국립공원은 1983년 4월 2일 열다섯 번째 국립공원으로 지정되었다. 면적은 약 77km²로, 서울의 강북·도봉·은평·성북·종로구와 경기도 고양·양주·의정부시에 걸쳐 있다. 최고봉은 높이 836.5m의 백운대이며, 우이령을 경계로 남쪽의 북한산 지역과 북쪽의 도봉산 지역으로 나뉜다. 커다란 화강암 봉우리와 맑은 계곡이 어우러져 있고, 1711년에 쌓은 북한산성이 남아 있다. 대도시 한가운데 자리해 해마다 평균 약 650만 명이 찾으며, 단위 면적당 탐방객이 가장 많은 국립공원으로 알려져 있다.","지리산 국립공원은 1967년 12월 29일 한국에서 처음으로 지정된 국립공원이다. 면적은 약 483km²이며, 하동, 함양, 산청, 구례, 남원의 다섯 시군에 걸쳐 있다. 최고봉 천왕봉은 높이 1,916.77m로 남한에서 한라산 다음으로 높다. 반야봉(1,732m)과 노고단(1,507m) 같은 봉우리, 칠선계곡, 한신계곡, 뱀사골, 피아골 등 20개 안팎의 계곡이 있다. 화엄사, 쌍계사, 실상사 같은 이름난 절도 품고 있다. 산 이름은 어리석은 사람도 머물면 지혜로워진다는 뜻으로 풀이되기도 한다. 반달가슴곰 보전 사업이 이곳에서 이루어지고 있다.","설악산 국립공원은 1970년 3월 24일 국립공원으로 지정되었으며, 강원특별자치도 속초시, 양양군, 인제군, 고성군에 걸쳐 있다. 최고봉 대청봉은 높이 1,708m로, 설악산은 한라산과 지리산 다음으로 남한에서 세 번째로 높은 산이다. 대청봉을 기준으로 서북쪽 인제 방면을 내설악, 동쪽 속초 방면을 외설악, 남쪽 양양 방면을 남설악이라 부른다. 외설악에는 울산바위, 비선대, 공룡능선이 있다. 1965년 천연기념물로 지정되었고, 1982년에는 유네스코 생물권 보전 지역이 되었다. 추석 무렵 내린 눈이 여름까지 남는다 하여 설악이라는 이름이 붙었다고 한다.","한라산 국립공원은 제주도 한가운데 솟은 한라산 일대를 보호하려고 1970년에 지정되었다. 한라산은 높이 약 1,947m로 남한에서 가장 높은 산이며, 정상에는 화산 분화구에 물이 고인 백록담이 있다. 산자락에서 꼭대기로 오르는 동안 아열대 식물에서 고산 식물까지 기후대에 따라 식생이 층층이 바뀐다. 산 둘레에는 작은 화산체가 약 360개 흩어져 있다. 2002년 유네스코 생물권 보전 지역으로 지정되었고, 2007년 6월 27일에는 '제주 화산섬과 용암 동굴'의 일부로 세계 자연 유산에 올랐다. 유네스코 세계 지질 공원에도 포함되어 있다."
조선왕조실록 전체 분량 권수와 책수,"조선왕조실록은 태조부터 철종까지 25대 임금이 다스린 472년 동안의 일을 날짜 순서대로 적은 편년체 역사서다. 분량은 모두 1,894권 888책에 이른다. 임금이 세상을 떠나면 실록청을 열고 사관들이 남긴 사초와 관청 기록을 모아 편찬했으며, 사관의 기록은 임금도 함부로 볼 수 없었다. 화재와 전쟁에 대비해 여러 사고에 나누어 보관한 덕분에 정족산본과 태백산본 등이 오늘날까지 전한다. 1973년 국보로 지정되었고, 1997년 유네스코 세계기록유산에 올랐다.","훈민정음 해례본은 세종 28년인 1446년에 새 문자를 널리 알리려고 펴낸 책으로, 글자를 만든 까닭과 원리를 풀이한 해례가 붙어 있다. 해례는 정인지, 신숙주, 성삼문, 최항, 박팽년, 강희안, 이개, 이선로 등 집현전 학자 여덟 명이 함께 지었다. 오랫동안 실물이 알려지지 않다가 1940년 경상북도 안동에서 발견되었고, 지금은 서울의 간송미술관이 소장한다. 1962년 국보로 지정되었으며 1997년 유네스코 세계기록유산이 되었다.","『백운화상초록불조직지심체요절』, 줄여서 직지는 고려 말 승려 백운화상이 부처와 옛 고승들의 가르침 가운데 요긴한 대목을 가려 엮은 책이다. 1377년 청주 흥덕사에서 금속활자로 찍어 냈으며, 금속활자로 인쇄한 책 가운데 지금 남아 있는 가장 오래된 것으로 인정받는다. 상권과 하권 가운데 하권만 전하고, 그마저 첫 장이 없다. 조선 말 서울에 머물던 프랑스 외교관 콜랭 드 플랑시가 수집해 가져간 뒤 경매를 거쳐 프랑스 국립도서관에 들어갔다. 2001년 유네스코 세계기록유산이 되었다.","승정원일기는 왕명의 출납을 맡은 조선의 비서 기관 승정원이 날마다 처리한 일을 적은 기록이다. 임진왜란과 여러 차례의 화재로 앞 시기의 기록이 사라져, 지금은 1623년 인조 때부터 1910년까지의 분량만 남아 있다. 현존 분량은 3,243책이며 글자 수는 약 2억 4,250만 자로 헤아려진다. 서울대학교 규장각한국학연구원이 소장하고 있으며, 1999년 국보로 지정되고 2001년 유네스코 세계기록유산에 등재되었다."
제주도 다음으로 면적이 넓은 섬,"거제도는 면적 약 382km²로 제주도 다음으로 큰 한국의 섬이며, 경상남도 거제시에 속한다. 1971년 거제대교가 놓여 뭍과 이어졌고, 1999년 신거제대교, 2010년 부산과 잇는 거가대교가 차례로 개통했다. 1970~1980년대 대형 조선소가 들어서면서 조선업과 수산업이 크게 발달했다. 6·25 전쟁 때에는 국제 연합군의 포로수용소가 있었고, 임진왜란 때에는 주변 바다에서 큰 해전이 벌어졌다. 들쭉날쭉한 해안선의 길이가 약 443.8km에 이르며, 해금강과 외도가 이름난 관광지이다. 1995년 장승포시와 거제군이 합쳐 거제시가 되었다.","제주도는 면적 약 1,846km²로 한국에서 가장 큰 섬이다. 동서로 약 73km, 남북으로 약 31km 뻗어 있으며, 화산 활동으로 만들어졌다. 섬 곳곳에 오름이라 부르는 작은 화산체가 360개 넘게 흩어져 있고, 용암 동굴과 주상절리, 현무암 들판도 발달했다. 옛 이름은 탐라이다. 돌과 바람과 여자가 많다 하여 삼다도라고도 불린다. 겨울에도 기온이 영하로 떨어지는 일이 드물 만큼 따뜻하다. 2002년 생물권 보전 지역, 2007년 세계 자연 유산, 2010년 세계 지질 공원으로 유네스코의 인증을 차례로 받았다. 행정 구역은 제주시와 서귀포시 두 곳이다.","울릉도는 동해 가운데 솟은 화산섬으로, 면적은 약 72.86km²이고 경상북도 울릉군에 속한다. 가장 높은 봉우리인 성인봉은 높이 984m이다. 섬 북쪽의 나리분지는 화산 분화구가 꺼져 생긴 칼데라로, 섬에서 유일한 평지이다. 옛날에는 우산국이라는 작은 나라가 있었으나, 512년 신라의 이사부가 정벌해 신라에 복속시켰다. 포항에서 약 217km 떨어져 있으며, 인구는 약 9,000명이다. 오징어와 호박엿이 특산물로 이름나 있다.","강화도는 면적 약 302.6km²로 한국에서 네 번째로 큰 섬이며, 인천광역시 강화군에 속한다. 경기만에 자리하며 1970년 강화대교가 놓이면서 김포와 다리로 이어졌다. 고려는 몽골이 침입하자 도읍을 이곳으로 옮겨 맞섰다. 섬에는 청동기 시대의 고인돌이 100기 넘게 남아 있어, 2000년 고창·화순의 고인돌과 함께 유네스코 세계 유산에 올랐다. 높이 469m인 마니산의 꼭대기에는 참성단이 있다. 1866년 병인양요와 1871년 신미양요 때 외국 군대와 전투가 벌어진 곳이기도 하다."
비너스의 탄생 소장 미술관,"산드로 보티첼리는 1445년 무렵 피렌체에서 태어난 초기 르네상스 화가로, 본명은 알레산드로 디 마리아노 필리페피다. 수도사 화가 필리포 리피에게서 그림을 배웠고 메디치 가문의 후원을 받았다. 1482년 무렵 「봄」을, 1486년 무렵 「비너스의 탄생」을 그렸는데, 둘 다 그리스 신화를 소재로 한 작품으로 지금 피렌체 우피치 미술관에 있다. 1482년에는 로마로 불려 가 시스티나 성당 벽면 그림 작업에 참여했다. 말년에는 수도사 사보나롤라의 영향으로 종교화에 몰두했으며 1510년 세상을 떠났다.","레오나르도 다 빈치는 1452년 피렌체 근처의 작은 마을 빈치에서 태어난 이탈리아 르네상스의 화가이자 과학자다. 피렌체에서 안드레아 델 베로키오의 공방에 들어가 그림을 배웠다. 1495년부터 1498년까지 밀라노의 한 수도원 식당 벽에 「최후의 만찬」을 그렸고, 1503년 무렵부터 「모나리자」를 그리기 시작했는데 이 초상화는 지금 파리 루브르 박물관에 걸려 있다. 사람의 몸, 물의 흐름, 하늘을 나는 기계 등을 연구한 노트를 많이 남겼다. 말년에 프랑스 왕 프랑수아 1세의 초청으로 앙부아즈에 머물다 1519년 세상을 떠났다.","미켈란젤로 부오나로티는 1475년 이탈리아 카프레세에서 태어난 조각가이자 화가, 건축가다. 로마 성 베드로 대성전에 있는 「피에타」는 그가 서명을 남긴 유일한 작품으로 알려져 있다. 1501년부터 1504년까지 피렌체에서 높이 5m가 넘는 대리석상 「다비드」를 조각했다. 교황의 주문으로 1508년부터 1512년까지 시스티나 성당의 천장에 천지 창조 이야기를 그렸고, 1535년부터 1541년까지는 같은 성당 제단 벽에 「최후의 심판」을 그렸다. 1564년 로마에서 세상을 떠났다.","라파엘로 산치오는 1483년 이탈리아 우르비노에서 태어난 화가로, 궁정 화가였던 아버지와 페루지노에게서 그림을 배웠다. 교황 율리오 2세의 부름을 받아 바티칸 궁전의 여러 방을 벽화로 꾸몄으며, 그 가운데 1509년부터 1511년 사이에 그린 「아테네 학당」에는 플라톤과 아리스토텔레스를 비롯한 옛 철학자들이 한자리에 모여 있다. 부드럽고 조화로운 성모자 그림으로도 이름났다. 1520년 서른일곱 번째 생일에 세상을 떠나 로마의 판테온에 묻혔다."
시멘트 원료가 되는 퇴적암,"석회암은 탄산칼슘이 주성분인 퇴적암으로, 가장 흔한 구성 광물은 방해석이다. 조개껍데기, 산호, 플랑크톤처럼 탄산칼슘으로 된 생물의 골격이 바다 밑에 쌓이거나, 물에 녹아 있던 탄산칼슘이 가라앉아 만들어진다. 산성 용액과 만나면 이산화탄소를 내며 녹기 때문에, 빗물과 지하수가 오랫동안 녹여 내면 움푹 꺼진 땅이나 석회 동굴 같은 카르스트 지형이 생긴다. 시멘트와 석회의 원료, 콘크리트 골재로 많이 쓰인다. 한국의 석회암은 대부분 고생대 지층에 있으며 삼척, 태백, 영월, 단양 등에 모여 있다.","화강암은 마그마가 대륙 지각 깊은 곳에서 천천히 식어 굳은 심성암이다. 오랜 시간에 걸쳐 식은 덕분에 결정이 맨눈으로 구별될 만큼 크며, 주로 석영, 정장석, 사장석에 흑운모나 백운모가 섞여 있다. 색은 밝은 회색이나 분홍빛을 띤다. 한반도에는 중생대 쥐라기의 대보 조산 운동과 백악기의 불국사 조산 운동 때 관입한 화강암이 널리 퍼져 있어, 서울과 부산, 대구 같은 도시도 화강암 지대 위에 자리 잡았다. 강도가 높고 오래 견디므로 건축 석재로 널리 쓰인다.","현무암은 용암이 땅 위로 흘러나와 빠르게 식어 생긴 화산암이다. 급히 굳어서 결정이 매우 작고, 색은 회색에서 검은색을 띤다. 이산화규소 함량이 약 45~52%로 낮은 편이며, 휘석과 사장석이 주된 광물이고 감람석이나 자철석이 들어 있기도 하다. 용암 속 기체가 빠져나간 자리에 구멍이 숭숭 남은 것도 흔하다. 두꺼운 용암이 식으며 수축하면 육각형 기둥이 늘어선 주상절리가 생긴다. 바다 밑 지각은 거의 전부 이 암석과 같은 성분이며, 한국에서는 제주도와 한탄강 일대에 넓게 분포한다.","대리암은 석회암이나 백운암이 높은 열과 압력을 받아 다시 결정화된 변성암이다. 주된 광물은 방해석이나 백운석이며, 결정 크기가 비교적 고르고 층을 이룬 줄무늬가 거의 없다. 순수하면 흰색이지만 섞인 불순물에 따라 회색, 검은색, 붉은색, 초록색을 띤다. 깎기 쉽고 갈면 윤이 나서 조각품과 건축 장식, 기념물에 오래전부터 쓰였다. 우리말 이름은 중국 윈난성의 다리(大理) 지역이 이름난 산지였던 데서 왔다. 산성비에 약해 표면이 녹을 수 있으므로 보존할 때 주의가 필요하다."
냉면 육수로 쓰는 김치 국물,"동치미는 통무나 큼직하게 썬 무를 소금에 절여 넉넉한 국물에 담그는 물김치다. 이름의 '동'은 겨울을 뜻하며, 김장철을 앞둔 늦가을에 담가 겨울 내내 먹는다. 고춧가루를 풀지 않고 삭힌 고추와 파, 생강, 배 등을 넣어 맑고 시원한 맛을 낸다. 국물이 맑아 냉면이나 막국수의 육수로 쓰이며, 찐 고구마나 떡에 곁들이기도 한다. 특히 평안도와 함경도 등 북쪽 지방의 동치미가 이름났다.","배추김치는 소금에 절인 배추 잎 사이사이에 양념소를 채워 버무린 김치로, 한국 밥상의 대표 반찬이다. 양념소는 채 썬 무에 고춧가루, 다진 마늘, 파, 젓갈 등을 섞어 만든다. 고추가 들어오기 전의 김치는 지금처럼 붉지 않았으며, 고추 양념은 조선 후기에 들어 널리 쓰였다. 속이 단단히 차는 결구배추가 퍼지면서 오늘날과 같은 포기김치가 자리를 잡았다. 흔히 입동 무렵 이웃과 모여 겨우내 먹을 양을 한꺼번에 담그는 김장의 중심이 된다.","깍두기는 무를 주사위처럼 네모지게 썰어 담그는 김치다. 이름은 재료를 작고 네모나게 써는 깍둑썰기에서 왔다. 썬 무를 소금에 잠시 절인 뒤 고춧가루로 붉게 물들이고 파, 마늘, 생강, 젓갈로 버무려 익힌다. 정조의 딸 숙선옹주가 처음 만들어 임금께 올렸다는 이야기가 전한다. 굴이나 오이를 섞어 담그는 등 변형이 여럿 있으며, 설렁탕이나 곰탕 같은 국물 요리에 흔히 곁들인다.","총각김치는 손가락 굵기만 한 작은 무를 무청째 통으로 담그는 김치다. 무청이 달린 모양이 옛날 장가들지 않은 남자가 땋아 늘인 머리를 닮았다고 하여 이런 이름이 붙었다는 설명이 있다. 재료인 무는 지역에 따라 알타리무, 달랑무 등으로 불렸는데, 1988년 표준어 규정에서 총각무를 표준어로 삼았다. 절인 무에 고춧가루, 마늘, 젓갈 등을 버무려 익히며, 아삭하게 씹히는 맛이 특징이다."
시스티나 성당 천장화 작업 기간,"미켈란젤로 부오나로티는 1475년 이탈리아 카프레세에서 태어난 조각가이자 화가, 건축가다. 로마 성 베드로 대성전에 있는 「피에타」는 그가 서명을 남긴 유일한 작품으로 알려져 있다. 1501년부터 1504년까지 피렌체에서 높이 5m가 넘는 대리석상 「다비드」를 조각했다. 교황의 주문으로 1508년부터 1512년까지 시스티나 성당의 천장에 천지 창조 이야기를 그렸고, 1535년부터 1541년까지는 같은 성당 제단 벽에 「최후의 심판」을 그렸다. 1564년 로마에서 세상을 떠났다.","레오나르도 다 빈치는 1452년 피렌체 근처의 작은 마을 빈치에서 태어난 이탈리아 르네상스의 화가이자 과학자다. 피렌체에서 안드레아 델 베로키오의 공방에 들어가 그림을 배웠다. 1495년부터 1498년까지 밀라노의 한 수도원 식당 벽에 「최후의 만찬」을 그렸고, 1503년 무렵부터 「모나리자」를 그리기 시작했는데 이 초상화는 지금 파리 루브르 박물관에 걸려 있다. 사람의 몸, 물의 흐름, 하늘을 나는 기계 등을 연구한 노트를 많이 남겼다. 말년에 프랑스 왕 프랑수아 1세의 초청으로 앙부아즈에 머물다 1519년 세상을 떠났다.","라파엘로 산치오는 1483년 이탈리아 우르비노에서 태어난 화가로, 궁정 화가였던 아버지와 페루지노에게서 그림을 배웠다. 교황 율리오 2세의 부름을 받아 바티칸 궁전의 여러 방을 벽화로 꾸몄으며, 그 가운데 1509년부터 1511년 사이에 그린 「아테네 학당」에는 플라톤과 아리스토텔레스를 비롯한 옛 철학자들이 한자리에 모여 있다. 부드럽고 조화로운 성모자 그림으로도 이름났다. 1520년 서른일곱 번째 생일에 세상을 떠나 로마의 판테온에 묻혔다.","산드로 보티첼리는 1445년 무렵 피렌체에서 태어난 초기 르네상스 화가로, 본명은 알레산드로 디 마리아노 필리페피다. 수도사 화가 필리포 리피에게서 그림을 배웠고 메디치 가문의 후원을 받았다. 1482년 무렵 「봄」을, 1486년 무렵 「비너스의 탄생」을 그렸는데, 둘 다 그리스 신화를 소재로 한 작품으로 지금 피렌체 우피치 미술관에 있다. 1482년에는 로마로 불려 가 시스티나 성당 벽면 그림 작업에 참여했다. 말년에는 수도사 사보나롤라의 영향으로 종교화에 몰두했으며 1510년 세상을 떠났다."
UVA UVB UVC 파장 범위 차이,"자외선은 보랏빛보다 파장이 짧은 약 100~400nm의 전자기파이다. 1801년 독일 물리학자 요한 빌헬름 리터가 염화은을 적신 종이가 보랏빛 바깥의 보이지 않는 빛에 더 빨리 반응하는 것을 보고 발견했다. 파장에 따라 UVA(315~400nm), UVB(280~315nm), UVC(100~280nm)로 나눈다. UVB는 피부에서 비타민 D가 만들어지게 돕지만, 지나치게 쬐면 DNA를 손상시켜 피부암 위험을 높인다. UVC는 세균과 바이러스의 유전 물질을 파괴하므로 살균에 쓰인다. 대기의 오존이 UVB와 UVC를 대부분 막아, 땅에 닿는 자외선은 95% 이상이 UVA이다.","전파는 진동수가 300GHz 이하, 곧 파장이 1mm보다 긴 전자기파를 말한다. 1867년 제임스 클러크 맥스웰이 전자기 이론으로 그 존재를 예측했고, 1887년 하인리히 헤르츠가 실험실에서 전파를 만들어 내 이론을 확인했다. 1894~1895년에는 굴리엘모 마르코니가 실용적인 무선 송수신기를 처음 만들었고, 1900년 무렵부터 무선 통신이 상업적으로 쓰이기 시작했다. 진동수에 따라 장파, 중파, 단파, 초단파, 극초단파 등으로 나누며, 방송, 레이더, 위성 통신, 무선 네트워크에 널리 쓰인다.","적외선은 가시광선의 빨간빛보다 파장이 길고 마이크로파보다는 짧은 전자기파로, 대략 780nm에서 1mm 사이에 해당한다. 1800년 천문학자 윌리엄 허셜이 프리즘으로 나눈 햇빛에 온도계를 대 보다가, 빨간색 바깥의 보이지 않는 곳에서 온도가 오르는 것을 보고 발견했다. 실온 근처 물체가 내는 열복사가 주로 이 영역에 있으며, 체온의 사람 몸은 파장 약 10μm의 빛을 가장 많이 낸다. 이런 성질을 이용해 열화상 카메라와 야간 투시경이 온도 차를 영상으로 보여 준다. 가전제품 리모컨의 신호에도 쓰인다.","엑스선은 파장이 약 0.01~10nm로 자외선보다 훨씬 짧은 전자기파이다. 1895년 11월 8일 독일 물리학자 빌헬름 콘라트 뢴트겐이 음극선관 실험을 하다가 발견했으며, 정체를 알 수 없다는 뜻에서 수학의 미지수 기호 X를 붙였다. 뢴트겐은 이 발견으로 1901년 첫 노벨 물리학상을 받았고, 발견에 특허를 내지 않았다. 같은 해 12월에는 반지를 낀 아내의 손뼈를 찍은 사진을 남겼다. 파장이 짧아 물체를 잘 뚫고 지나가므로 의료용 방사선 촬영과 CT, 공항 보안 검색, 결정 구조 분석 등에 쓰인다."
국간장은 어떤 간장인가요,"간장은 콩으로 쑨 메주를 소금물에 담가 우려낸 검붉은 액체 양념이다. 메주를 담가 둔 소금물이 충분히 우러나면 건더기를 건져 내고 남은 물을 달여 만든다. 발효하는 동안 콩 단백질이 분해되며 생기는 물질 때문에 짙은 갈색을 띠며, 소금 농도는 대개 18~20% 정도다. 전통 방식으로 담근 한식간장은 빛깔이 옅고 짠맛이 강해 국간장이라고도 하며, 주로 국의 간을 맞출 때 쓴다. 공장에서 미생물로 발효시킨 양조간장과 산으로 콩을 분해한 산분해간장 등 개량간장도 널리 쓰인다.","된장은 메주를 소금물에 담가 장물을 떠내고 남은 건더기를 따로 모아 다시 숙성시킨 장이다. 한 항아리에서 간장과 된장을 함께 얻는 것이 우리 전통 장 담그기의 특징이다. 『삼국사기』에도 장에 관한 기록이 남아 있어 아주 오래전부터 먹어 온 것으로 본다. 국과 찌개의 맛을 내는 데 주로 쓰이며, 고추장과 양념을 더해 쌈장을 만들기도 한다. 메주를 곱게 빻아 짧은 기간에 익힌 막장처럼 지역마다 담그는 방식이 조금씩 다르다.","고추장은 고춧가루에 찹쌀가루나 멥쌀가루, 엿기름, 메줏가루, 소금 등을 섞어 발효시킨 붉은 장이다. 고추가 들어온 뒤에 생겨난 장으로, 1766년에 나온 『증보산림경제』에 담그는 법이 실려 있다. 엿기름이 곡물의 녹말을 당으로 바꾸어 매운맛 속에 단맛이 어우러진다. 순창은 전통 고추장 산지로 이름이 높다. 비빔밥과 떡볶이, 여러 볶음 요리에 두루 쓰이며, 2010년에는 매운 정도를 다섯 단계로 나누는 기준이 마련되었다.","청국장은 삶은 콩을 볏짚과 함께 따뜻한 곳에 두어 2~3일 만에 띄운 장이다. 볏짚에 붙어 사는 고초균이 콩을 발효시켜 끈적한 실과 특유의 냄새를 만든다. 몇 달씩 익히는 다른 장과 달리 짧은 기간에 만들 수 있는 것이 특징이다. 1715년 무렵 엮인 『산림경제』에 전국장이라는 이름으로 담그는 법이 나온다. 김치, 두부, 돼지고기 등을 넣고 끓인 찌개로 흔히 먹는다. 일본의 낫토와 비슷하지만 낫토는 정해진 한 가지 균으로 발효시킨다."
창포물에 머리 감는 명절,"단오는 음력 5월 5일로, 한 해 가운데 양의 기운이 가장 왕성한 날로 여겨졌다. 수릿날, 천중절이라고도 부른다. 여자들은 창포를 삶은 물에 머리를 감고 그네를 뛰었으며, 남자들은 씨름으로 힘을 겨루었다. 여름 더위를 앞두고 부채를 선물하는 풍습이 있었고, 수리취를 넣어 수레바퀴 무늬를 찍은 떡을 먹었다. 강원도에서 열리는 강릉단오제는 2005년 유네스코 인류무형문화유산에 올랐다.","설날은 음력 1월 1일로, 한 해를 여는 명절이다. 아침에 조상에게 차례를 지내고 웃어른께 세배를 드리며, 새로 장만한 설빔을 입는다. 흰 떡을 썰어 끓인 떡국을 먹는데, 떡국을 먹어야 나이를 한 살 더 먹는다는 말이 있다. 한동안 양력설만 공식 명절로 대접받다가 1985년 '민속의 날'이라는 이름으로 하루 공휴일이 되었다. 1989년에 설날이라는 이름을 되찾으면서 전날과 다음 날을 더한 사흘 연휴가 되었다.","정월 대보름은 음력 1월 15일로, 새해 들어 처음 보름달이 뜨는 날이다. 이날 새벽에는 호두, 땅콩, 밤 같은 단단한 견과를 깨무는 부럼깨기를 하며 한 해 동안 부스럼이 나지 않기를 빌었다. 여러 곡식을 섞어 지은 오곡밥과 말려 둔 묵은 나물을 먹고, 귀가 밝아지라며 데우지 않은 술을 마시기도 했다. 아침에 만난 사람에게 내 더위를 사 가라고 외치는 더위팔기를 했고, 밤에는 달집을 태우며 논둑에 불을 놓는 쥐불놀이를 즐겼다.","추석은 음력 8월 15일로, 한가위 또는 중추절이라고도 한다. 신라 때 궁중 여인들이 두 편으로 나뉘어 한 달 가까이 길쌈 솜씨를 겨룬 뒤 마지막 날 잔치를 벌였다는 가배 이야기가 기원으로 전한다. 햇곡식과 햇과일로 차례를 지내고 조상의 묘를 찾아 성묘를 한다. 햅쌀로 빚은 송편과 토란국을 먹으며, 밤에는 둥근 달 아래에서 강강술래를 즐겼다. 대한민국에서는 추석 전날부터 다음 날까지 사흘을 공휴일로 쉰다."
떡국 끓일 때 넣는 떡 종류,"가래떡은 멥쌀가루를 쪄서 쳐 낸 반죽을 길고 둥근 막대 모양으로 뽑은 떡으로, 흰떡이라고도 한다. 예전에는 손으로 비벼 늘였으나 요즘은 대부분 기계로 뽑는다. 설날에는 굳힌 가래떡을 얇고 어슷하게 썰어 떡국을 끓이는데, 길게 뽑은 모양에는 오래 살기를 바라는 뜻이 담겨 있다고 한다. 굵기를 달리해 떡볶이나 떡꼬치에도 쓰며, 굳은 가래떡을 구워 조청에 찍어 먹기도 한다.","농구는 1891년 미국 매사추세츠주 스프링필드의 YMCA에서 체육 교사 제임스 네이스미스가 겨울철 실내에서 할 운동으로 고안했다. 처음에는 체육관 벽에 복숭아 바구니를 매달고 축구공을 던져 넣었다. 1892년 1월 20일 열린 첫 공식 경기에서는 한 팀이 9명이었으나, 지금은 한 팀에 5명이 뛴다. 바스켓 높이는 3.05m로 정해져 있다. 남자 농구는 1936년, 여자 농구는 1976년 올림픽 정식 종목이 되었다.","동치미는 통무나 큼직하게 썬 무를 소금에 절여 넉넉한 국물에 담그는 물김치다. 이름의 '동'은 겨울을 뜻하며, 김장철을 앞둔 늦가을에 담가 겨울 내내 먹는다. 고춧가루를 풀지 않고 삭힌 고추와 파, 생강, 배 등을 넣어 맑고 시원한 맛을 낸다. 국물이 맑아 냉면이나 막국수의 육수로 쓰이며, 찐 고구마나 떡에 곁들이기도 한다. 특히 평안도와 함경도 등 북쪽 지방의 동치미가 이름났다.","양쯔강은 길이 약 6,300km로 아시아에서 가장 길고 세계에서 세 번째로 긴 강이다. 중국에서는 창장(長江)이라 부른다. 칭하이성의 티베트고원에 있는 탕구라산맥에서 발원해 중국 대륙을 가로지른 뒤 상하이 부근에서 동중국해로 들어간다. 유역은 중국 본토 면적의 약 5분의 1에 이르고, 중국 인구의 약 3분의 1이 이 유역에 산다. 후베이성 이창에는 1994년 착공해 2006년 본체가 완공된 싼샤 댐이 있는데, 설비 용량이 22,500MW에 이르러 2012년부터 세계 최대의 발전소가 되었다. 양쯔강돌고래 같은 고유종은 사라질 위기를 맞았다."
직지가 프랑스에 가게 된 경위,"『백운화상초록불조직지심체요절』, 줄여서 직지는 고려 말 승려 백운화상이 부처와 옛 고승들의 가르침 가운데 요긴한 대목을 가려 엮은 책이다. 1377년 청주 흥덕사에서 금속활자로 찍어 냈으며, 금속활자로 인쇄한 책 가운데 지금 남아 있는 가장 오래된 것으로 인정받는다. 상권과 하권 가운데 하권만 전하고, 그마저 첫 장이 없다. 조선 말 서울에 머물던 프랑스 외교관 콜랭 드 플랑시가 수집해 가져간 뒤 경매를 거쳐 프랑스 국립도서관에 들어갔다. 2001년 유네스코 세계기록유산이 되었다.","훈민정음 해례본은 세종 28년인 1446년에 새 문자를 널리 알리려고 펴낸 책으로, 글자를 만든 까닭과 원리를 풀이한 해례가 붙어 있다. 해례는 정인지, 신숙주, 성삼문, 최항, 박팽년, 강희안, 이개, 이선로 등 집현전 학자 여덟 명이 함께 지었다. 오랫동안 실물이 알려지지 않다가 1940년 경상북도 안동에서 발견되었고, 지금은 서울의 간송미술관이 소장한다. 1962년 국보로 지정되었으며 1997년 유네스코 세계기록유산이 되었다.","승정원일기는 왕명의 출납을 맡은 조선의 비서 기관 승정원이 날마다 처리한 일을 적은 기록이다. 임진왜란과 여러 차례의 화재로 앞 시기의 기록이 사라져, 지금은 1623년 인조 때부터 1910년까지의 분량만 남아 있다. 현존 분량은 3,243책이며 글자 수는 약 2억 4,250만 자로 헤아려진다. 서울대학교 규장각한국학연구원이 소장하고 있으며, 1999년 국보로 지정되고 2001년 유네스코 세계기록유산에 등재되었다.",
절기 우수 이름의 뜻,"우수는 24절기의 둘째로, 태양이 황경 330도에 이르는 양력 2월 18일이나 19일 무렵이다. 이름은 빗물이라는 뜻으로, 추위가 누그러져 눈 대신 비가 내리고 얼었던 땅이 풀리기 시작한다는 의미를 담았다. '우수 경칩이면 대동강 물도 풀린다'는 속담이 이 무렵 날씨를 잘 보여 준다. 옛 역법서에는 수달이 잡은 물고기를 늘어놓고 기러기가 북쪽으로 날아가며 풀과 나무에 싹이 트는 때로 적혀 있다.",,,
농구를 처음 만든 사람,"농구는 1891년 미국 매사추세츠주 스프링필드의 YMCA에서 체육 교사 제임스 네이스미스가 겨울철 실내에서 할 운동으로 고안했다. 처음에는 체육관 벽에 복숭아 바구니를 매달고 축구공을 던져 넣었다. 1892년 1월 20일 열린 첫 공식 경기에서는 한 팀이 9명이었으나, 지금은 한 팀에 5명이 뛴다. 바스켓 높이는 3.05m로 정해져 있다. 남자 농구는 1936년, 여자 농구는 1976년 올림픽 정식 종목이 되었다.","배구는 1895년 미국 매사추세츠주 홀리요크의 YMCA에서 윌리엄 G. 모건이 만든 운동이다. 몸싸움이 거친 농구보다 부드러운 운동이 필요하다고 여겨 고안했으며, 처음 이름은 민토네트였다. 한 팀은 6명이고, 공을 세 번 안에 네트 너머로 넘겨야 한다. 네트 높이는 남자 2.43m, 여자 2.24m다. 세트는 25점을 먼저 얻되 2점 차가 나야 끝나며, 다섯째 세트는 15점으로 치른다. 1964년 도쿄 올림픽에서 처음 정식 종목이 되었다.","핸드볼은 두 팀이 손으로 공을 주고받거나 튀기며 나아가 상대 골문에 던져 넣는 경기다. 오늘날과 비슷한 형태는 1898년 무렵 덴마크 등지에서 나타났고, 제1차 세계 대전 뒤 독일에서 규칙이 다듬어졌다. 처음에는 11명이 넓은 야외에서 뛰었으나, 지금은 골키퍼를 포함해 한 팀 7명이 길이 40m, 너비 20m의 실내 코트에서 경기한다. 전반과 후반 각 30분씩 치른다. 실내 핸드볼은 남자가 1972년, 여자가 1976년 올림픽 정식 종목이 되었다. 우리나라에는 1922년 송구라는 이름으로 들어왔다.","럭비 유니언은 한 팀 15명이 타원형 공을 들고 달리거나 차면서 상대 진영 끝 선 너머에 공을 찍어 점수를 내는 경기로, 잉글랜드의 럭비 스쿨에서 비롯되었다. 공을 손으로 앞쪽에 던져 패스할 수 없어 옆이나 뒤로만 넘겨야 한다. 공을 찍는 트라이는 5점, 그 뒤에 차 넣는 컨버전은 2점, 페널티 골과 드롭 골은 각 3점이다. 1900년부터 1924년까지 올림픽에서 열렸다가 빠졌고, 2016년 7인제 경기로 다시 올림픽 종목이 되었다. 4년마다 럭비 월드컵이 열린다."
청나일과 백나일이 만나는 도시,"나일강은 길이 약 6,650km로 흔히 세계에서 가장 긴 강으로 꼽힌다. 에티오피아, 이집트, 남수단, 수단, 우간다, 콩고 민주 공화국, 탄자니아, 케냐, 르완다 등 아홉 나라에 걸쳐 흐른다. 빅토리아호에서 흘러나온 백나일과 에티오피아 고원의 타나호에서 시작한 청나일이 수단의 하르툼에서 만난다. 이집트를 지나 지중해로 들어가며, 하구에는 넓은 삼각주가 펼쳐진다. 고대 이집트에서는 해마다 강이 넘쳐 기름진 흙을 날라 왔고, 범람 뒤 땅을 다시 나누려고 측량술과 기하학이 발달했다. 1970년 아스완 하이 댐이 완공되면서 나세르호가 생기고 물 흐름이 안정되었다.","아마존강은 남아메리카 대륙을 가로지르는 강으로, 흐르는 물의 양이 세계에서 가장 많다. 평균 유량이 초당 약 20만 m³를 넘어 전 세계 강이 바다로 내보내는 물의 약 20%를 차지한다. 유역 면적도 약 705만 km²로 세계 최대이며 남아메리카 면적의 약 40%에 해당한다. 페루 안데스산맥의 네바도 미스미(5,170m)에서 시작해 대서양으로 흘러든다. 강의 너비 전체를 건너는 다리는 하나도 없다. 1541년 프란시스코 데 오레야나가 유럽인으로는 처음 상류에서 하구까지 배를 타고 내려갔으며, 이때 원정대를 공격한 원주민 여성 전사들을 그리스 신화의 아마존에 빗댄 데서 강 이름이 왔다.","양쯔강은 길이 약 6,300km로 아시아에서 가장 길고 세계에서 세 번째로 긴 강이다. 중국에서는 창장(長江)이라 부른다. 칭하이성의 티베트고원에 있는 탕구라산맥에서 발원해 중국 대륙을 가로지른 뒤 상하이 부근에서 동중국해로 들어간다. 유역은 중국 본토 면적의 약 5분의 1에 이르고, 중국 인구의 약 3분의 1이 이 유역에 산다. 후베이성 이창에는 1994년 착공해 2006년 본체가 완공된 싼샤 댐이 있는데, 설비 용량이 22,500MW에 이르러 2012년부터 세계 최대의 발전소가 되었다. 양쯔강돌고래 같은 고유종은 사라질 위기를 맞았다.","미시시피강은 미국 미네소타주 북부의 이타스카호에서 시작해 남쪽으로 흘러 멕시코만에 이르는 강으로, 길이는 약 3,734km이다. 미네소타, 위스콘신, 아이오와, 일리노이, 미주리, 켄터키, 테네시, 아칸소, 미시시피, 루이지애나 등 10개 주를 지나거나 그 경계를 이룬다. 가장 긴 지류인 미주리강(약 3,767km)과 이어지는 미시시피-미주리 수계는 약 6,270km로 세계에서 네 번째로 긴 하천 계통이다. 이름은 원주민 오지브웨족의 말로 '큰 강'이라는 뜻이다. 해마다 약 5억 톤의 퇴적물을 날라 뉴올리언스 남동쪽에 거대한 삼각주를 만들었다. 미니애폴리스까지 배가 오갈 수 있다."
불타는 절벽 공룡알 화석 발견지,"고비 사막은 몽골 남부와 중국 북부에 걸친 사막으로, 면적은 약 129만 5천 km²이며 아시아에서 가장 크다. 이름은 몽골어로 '거친 땅'을 뜻한다. 한랭 사막이어서 겨울에는 -40°C까지 떨어지고 여름에는 45°C까지 올라가며, 하루 사이에도 기온이 35°C나 오르내리기도 한다. 공룡 화석이 많이 나오는 곳으로 유명한데, 로이 채프먼 앤드루스가 이끈 탐사대가 '불타는 절벽'에서 공룡알 화석을 찾아냈다. 봄철 한반도로 날아오는 황사의 주요 발원지이며, 혹이 두 개인 쌍봉낙타가 산다.","사하라 사막은 아프리카 북부에 펼쳐진 사막으로, 면적은 약 940만 km²이다. 남극 다음으로 넓은 사막이자 더운 사막 가운데서는 가장 크다. 이름은 아랍어로 '사막'을 뜻하는 말에서 왔다. 이집트, 리비아, 알제리, 모로코, 튀니지, 말리, 모리타니, 니제르, 차드, 수단 등 10개 나라에 걸쳐 있다. 모래로 덮인 곳은 약 20%뿐이고 나머지는 풍화된 암석과 자갈로 된 땅이다. 가장 높은 곳은 티베스티산맥의 에미쿠시로 높이가 3,445m이다. 아득한 지질 시대에는 이 일대에 늪과 맹그로브, 열대 우림이 펼쳐져 있었다.","아타카마 사막은 남아메리카 태평양 연안, 칠레 북부를 중심으로 길이 약 1,600km, 평균 너비 약 100km로 길게 뻗은 사막이다. 면적은 약 105,000km²이다. 극지방을 빼면 지구에서 가장 메마른 곳으로 꼽히며, 미국 데스밸리보다 50배나 건조하다고 한다. 차가운 훔볼트 해류가 공기를 식히고 안데스산맥이 비구름을 막는 비그늘을 만들어, 약 2천만 년 동안 가뭄이 이어져 왔다. 19세기에는 초석, 그 뒤로는 구리를 캐는 광산이 발달했다. 맑고 건조한 하늘 덕분에 알마(ALMA) 같은 천문 관측 시설이 들어섰다. 드물게 비가 내리면 메마른 땅 위로 들꽃이 한꺼번에 피어난다.",
한라산 꼭대기 화구호 이름,"한라산 국립공원은 제주도 한가운데 솟은 한라산 일대를 보호하려고 1970년에 지정되었다. 한라산은 높이 약 1,947m로 남한에서 가장 높은 산이며, 정상에는 화산 분화구에 물이 고인 백록담이 있다. 산자락에서 꼭대기로 오르는 동안 아열대 식물에서 고산 식물까지 기후대에 따라 식생이 층층이 바뀐다. 산 둘레에는 작은 화산체가 약 360개 흩어져 있다. 2002년 유네스코 생물권 보전 지역으로 지정되었고, 2007년 6월 27일에는 '제주 화산섬과 용암 동굴'의 일부로 세계 자연 유산에 올랐다. 유네스코 세계 지질 공원에도 포함되어 있다.","지리산 국립공원은 1967년 12월 29일 한국에서 처음으로 지정된 국립공원이다. 면적은 약 483km²이며, 하동, 함양, 산청, 구례, 남원의 다섯 시군에 걸쳐 있다. 최고봉 천왕봉은 높이 1,916.77m로 남한에서 한라산 다음으로 높다. 반야봉(1,732m)과 노고단(1,507m) 같은 봉우리, 칠선계곡, 한신계곡, 뱀사골, 피아골 등 20개 안팎의 계곡이 있다. 화엄사, 쌍계사, 실상사 같은 이름난 절도 품고 있다. 산 이름은 어리석은 사람도 머물면 지혜로워진다는 뜻으로 풀이되기도 한다. 반달가슴곰 보전 사업이 이곳에서 이루어지고 있다.","설악산 국립공원은 1970년 3월 24일 국립공원으로 지정되었으며, 강원특별자치도 속초시, 양양군, 인제군, 고성군에 걸쳐 있다. 최고봉 대청봉은 높이 1,708m로, 설악산은 한라산과 지리산 다음으로 남한에서 세 번째로 높은 산이다. 대청봉을 기준으로 서북쪽 인제 방면을 내설악, 동쪽 속초 방면을 외설악, 남쪽 양양 방면을 남설악이라 부른다. 외설악에는 울산바위, 비선대, 공룡능선이 있다. 1965년 천연기념물로 지정되었고, 1982년에는 유네스코 생물권 보전 지역이 되었다. 추석 무렵 내린 눈이 여름까지 남는다 하여 설악이라는 이름이 붙었다고 한다.","북한산 국립공원은 1983년 4월 2일 열다섯 번째 국립공원으로 지정되었다. 면적은 약 77km²로, 서울의 강북·도봉·은평·성북·종로구와 경기도 고양·양주·의정부시에 걸쳐 있다. 최고봉은 높이 836.5m의 백운대이며, 우이령을 경계로 남쪽의 북한산 지역과 북쪽의 도봉산 지역으로 나뉜다. 커다란 화강암 봉우리와 맑은 계곡이 어우러져 있고, 1711년에 쌓은 북한산성이 남아 있다. 대도시 한가운데 자리해 해마다 평균 약 650만 명이 찾으며, 단위 면적당 탐방객이 가장 많은 국립공원으로 알려져 있다."
인형이 종과 북을 쳐 시각을 알린 물시계,"자격루는 흐르는 물의 힘으로 정해진 시각을 스스로 알리던 조선의 물시계다. 세종 16년인 1434년 장영실과 김조 등이 만들어 경회루 남쪽의 보루각에 설치했다. 위쪽 항아리에서 흘러내린 물이 아래 통에 차오르면 떠오르는 막대가 쇠구슬을 굴렸고, 이 구슬이 장치를 건드려 인형이 종과 북, 징을 울렸다. 지금 전하는 것은 1536년 중종 때 다시 만든 것의 일부인 청동 물항아리들로, 국립고궁박물관에 있으며 국보로 지정되어 있다.","측우기는 내린 비의 양을 재던 조선의 기구로, 세종 23년인 1441년에 처음 만들어졌다. 당시 세자였던 문종이 고안을 이끈 것으로 전하며, 이후 같은 규격의 기구를 각 고을에 나누어 비의 양을 보고하게 했다. 원통은 깊이가 약 32cm, 지름이 약 15cm였고, 돌로 깎은 받침대인 측우대 위에 올려 썼다. 유럽의 우량계보다 약 200년 앞선 것으로 평가된다. 지금 남아 있는 것은 1837년 공주의 충청감영에 두었던 금영측우기로, 국보로 지정되어 있다.","앙부일구는 하늘을 향해 솥을 뒤집어 놓은 듯한 오목한 반구 모양의 해시계다. 세종 때 처음 만들어 한양의 혜정교와 종묘 앞에 두고 길 가는 백성도 시각을 볼 수 있게 했다. 안쪽에 비스듬히 세운 바늘의 그림자가 떨어지는 자리로 하루의 시각은 물론 24절기까지 읽을 수 있었다. 처음 만든 것들은 임진왜란 때 모두 사라졌고, 지금 남은 것은 조선 후기에 다시 만든 것들로 보물로 지정되어 있다.","혼천의는 해와 달, 다섯 행성의 위치를 재던 천체 관측 기구로, 여러 겹의 둥근 고리로 적도와 황도 같은 하늘의 기준선을 나타낸다. 조선에서는 세종 때인 1433년 정초, 박연, 김진 등이 처음 만들었다. 1669년 현종 때 송이영은 추의 무게로 움직이는 시계 장치에 혼천의를 이어 붙인 혼천시계를 만들었는데, 가운데에는 작은 지구의가 들어 있다. 이 혼천시계는 고려대학교박물관이 소장하고 있으며 국보로 지정되어 있다."
굽기 전에 끓는 물에 데치는 빵,"베이글은 가운데에 구멍이 뚫린 고리 모양의 빵이다. 밀가루, 효모, 물, 소금으로 반죽해 모양을 잡은 뒤 끓는 물에 잠깐 데쳤다가 오븐에 굽기 때문에 속이 쫄깃하고 겉이 매끈하다. 기름에 튀기지 않아 도넛보다 지방이 적다. 17세기 초 폴란드 크라쿠프의 유대인 공동체에서 기록이 나타나며, 유대인 이민자들을 따라 뉴욕과 몬트리올 같은 북아메리카 도시로 퍼졌다. 반으로 갈라 크림치즈를 발라 먹는 경우가 많다.","바게트는 막대기를 뜻하는 이름처럼 길쭉한 모양의 프랑스 빵이다. 프랑스 규정에 따르면 전통 바게트에는 밀가루, 물, 소금, 효모 네 가지만 넣을 수 있다. 굽기 전에 반죽 겉면에 비스듬히 칼집을 내고 물을 뿌리는데, 칼집은 반죽이 제멋대로 부풀어 터지는 것을 막고 물은 껍질을 바삭하게 만든다. 굵기와 길이에 따라 짧고 통통한 바타르, 가늘고 짧은 피셀 같은 여러 변형이 있다. 2022년 바게트를 만드는 장인의 기술과 문화가 유네스코 인류무형문화유산에 올랐다.","크루아상은 초승달을 뜻하는 프랑스어 이름처럼 반달 모양으로 휘어진 빵이다. 효모를 넣은 반죽 사이에 버터를 넣고 여러 번 접어 밀어 얇은 켜를 겹겹이 만들기 때문에, 구우면 결이 바삭하게 부풀어 오른다. 오스트리아의 초승달 모양 빵 킵펠에서 영향을 받았으며, 1838년 무렵 오스트리아 출신 아우구스트 창이 파리에 빈 식 빵집을 연 뒤 프랑스에 널리 퍼졌다. 19세기 후반에는 프랑스의 아침 식탁에 빠지지 않는 빵이 되었다.","프레첼은 팔짱을 낀 듯 가운데가 꼬인 매듭 모양의 빵으로, 독일어로는 브레첼이라 부른다. 반죽을 굽기 전에 묽은 가성 소다 용액에 잠깐 담갔다 꺼내는데, 이 덕분에 구우면 겉이 짙은 갈색으로 윤이 나고 독특한 풍미가 생긴다. 겉에 굵은 소금을 뿌려 먹는 경우가 많다. 수도사가 기도문을 잘 외운 아이에게 상으로 주었다는 기원 이야기가 전하며, 독일어권에서는 이 매듭 모양이 빵집 간판의 상징으로 쓰인다."
별똥별이 불타는 대기층,"중간권은 성층권 위, 고도 약 50~80km에 걸친 대기층이다. 이 층에서는 다시 높이 올라갈수록 기온이 떨어져 윗부분은 약 200K까지 내려간다. 우주에서 들어온 수많은 유성체가 이 층의 공기 입자와 부딪치며 타오르므로, 밤하늘의 별똥별은 주로 여기서 빛난다. 기상 관측 기구가 오르기에는 너무 높고 인공위성이 돌기에는 너무 낮아 직접 관측하기가 까다롭다. 성층권과 함께 중층 대기로 묶어 부르기도 하며, 위쪽 경계는 중간권계면이라 한다.","대류권은 지표면에서 시작하는 대기의 가장 아래층이다. 두께는 위도에 따라 달라 평균 약 11km이고, 열대 지방에서는 16~18km까지 올라가며 극지방에서는 10km가 안 되기도 한다. 높이 1km마다 기온이 약 6.4°C씩 내려가므로 데워진 공기가 위아래로 섞이는 대류가 활발하다. 전체 대기 질량의 약 75~90%가 이 층에 모여 있고 수증기도 대부분 여기에 있어, 구름과 비, 눈 같은 날씨 변화가 거의 모두 이 층에서 일어난다. 위쪽 경계인 대류권계면의 기온은 중위도에서 약 -52°C이다.","성층권은 대류권 바로 위에서 고도 약 50km까지 이어지는 대기층이다. 아래층과 달리 위로 올라갈수록 기온이 오르는데, 오존이 태양의 자외선을 흡수하면서 공기를 데우기 때문이다. 오존은 이 층 안의 고도 약 25km 부근에 가장 짙게 모여 오존층을 이루며, 생물에 해로운 자외선을 걸러 준다. 위가 따뜻하고 아래가 차가워 대류와 난류가 거의 생기지 않으므로 공기가 안정되어 있다. 위쪽 경계인 성층권계면 부근의 기온은 약 270K로 지표면과 비슷하다.","열권은 중간권계면 위에서 고도 500~1,000km 안팎까지 이르는 대기층이다. 공기가 매우 희박하지만 태양의 강한 자외선을 흡수해 높이 올라갈수록 기온이 크게 오르며, 태양 활동이 활발할 때는 2,000°C에 이르기도 한다. 자외선이 기체 분자를 이온화하므로 전파를 반사하는 전리층이 이 층에 걸쳐 있다. 극지방 밤하늘을 물들이는 오로라가 나타나는 곳도 열권이다. 국제 우주 정거장은 고도 약 320~380km, 곧 열권의 가운데쯤을 돈다. 남은 기체는 분자의 무게에 따라 층을 이루며 높이 갈수록 점점 성겨진다."
아테네 학당을 그린 화가,"라파엘로 산치오는 1483년 이탈리아 우르비노에서 태어난 화가로, 궁정 화가였던 아버지와 페루지노에게서 그림을 배웠다. 교황 율리오 2세의 부름을 받아 바티칸 궁전의 여러 방을 벽화로 꾸몄으며, 그 가운데 1509년부터 1511년 사이에 그린 「아테네 학당」에는 플라톤과 아리스토텔레스를 비롯한 옛 철학자들이 한자리에 모여 있다. 부드럽고 조화로운 성모자 그림으로도 이름났다. 1520년 서른일곱 번째 생일에 세상을 떠나 로마의 판테온에 묻혔다.","라파엘로 산치오는 1483년 이탈리아 우르비노에서 태어난 화가로, 궁정 화가였던 아버지와 페루지노에게서 그림을 배웠다. 교황 율리오 2세의 부름을 받아 바티칸 궁전의 여러 방을 벽화로 꾸몄으며, 그 가운데 1509년부터 1511년 사이에 그린 「아테네 학당」에는 플라톤과 아리스토텔레스를 비롯한 옛 철학자들이 한자리에 모여 있다. 부드럽고 조화로운 성모자 그림으로도 이름났다. 1520년 서른일곱 번째 생일에 세상을 떠나 로마의 판테온에 묻혔다고 알려져 있다.","레오나르도 다 빈치는 1452년 피렌체 근처의 작은 마을 빈치에서 태어난 이탈리아 르네상스의 화가이자 과학자다. 피렌체에서 안드레아 델 베로키오의 공방에 들어가 그림을 배웠다. 1495년부터 1498년까지 밀라노의 한 수도원 식당 벽에 「최후의 만찬」을 그렸고, 1503년 무렵부터 「모나리자」를 그리기 시작했는데 이 초상화는 지금 파리 루브르 박물관에 걸려 있다. 사람의 몸, 물의 흐름, 하늘을 나는 기계 등을 연구한 노트를 많이 남겼다. 말년에 프랑스 왕 프랑수아 1세의 초청으로 앙부아즈에 머물다 1519년 세상을 떠났다.","미켈란젤로 부오나로티는 1475년 이탈리아 카프레세에서 태어난 조각가이자 화가, 건축가다. 로마 성 베드로 대성전에 있는 「피에타」는 그가 서명을 남긴 유일한 작품으로 알려져 있다. 1501년부터 1504년까지 피렌체에서 높이 5m가 넘는 대리석상 「다비드」를 조각했다. 교황의 주문으로 1508년부터 1512년까지 시스티나 성당의 천장에 천지 창조 이야기를 그렸고, 1535년부터 1541년까지는 같은 성당 제단 벽에 「최후의 심판」을 그렸다. 1564년 로마에서 세상을 떠났다."
더운 사막 가운데 가장 넓은 곳,"사하라 사막은 아프리카 북부에 펼쳐진 사막으로, 면적은 약 940만 km²이다. 남극 다음으로 넓은 사막이자 더운 사막 가운데서는 가장 크다. 이름은 아랍어로 '사막'을 뜻하는 말에서 왔다. 이집트, 리비아, 알제리, 모로코, 튀니지, 말리, 모리타니, 니제르, 차드, 수단 등 10개 나라에 걸쳐 있다. 모래로 덮인 곳은 약 20%뿐이고 나머지는 풍화된 암석과 자갈로 된 땅이다. 가장 높은 곳은 티베스티산맥의 에미쿠시로 높이가 3,445m이다. 아득한 지질 시대에는 이 일대에 늪과 맹그로브, 열대 우림이 펼쳐져 있었다.","고비 사막은 몽골 남부와 중국 북부에 걸친 사막으로, 면적은 약 129만 5천 km²이며 아시아에서 가장 크다. 이름은 몽골어로 '거친 땅'을 뜻한다. 한랭 사막이어서 겨울에는 -40°C까지 떨어지고 여름에는 45°C까지 올라가며, 하루 사이에도 기온이 35°C나 오르내리기도 한다. 공룡 화석이 많이 나오는 곳으로 유명한데, 로이 채프먼 앤드루스가 이끈 탐사대가 '불타는 절벽'에서 공룡알 화석을 찾아냈다. 봄철 한반도로 날아오는 황사의 주요 발원지이며, 혹이 두 개인 쌍봉낙타가 산다.","아타카마 사막은 남아메리카 태평양 연안, 칠레 북부를 중심으로 길이 약 1,600km, 평균 너비 약 100km로 길게 뻗은 사막이다. 면적은 약 105,000km²이다. 극지방을 빼면 지구에서 가장 메마른 곳으로 꼽히며, 미국 데스밸리보다 50배나 건조하다고 한다. 차가운 훔볼트 해류가 공기를 식히고 안데스산맥이 비구름을 막는 비그늘을 만들어, 약 2천만 년 동안 가뭄이 이어져 왔다. 19세기에는 초석, 그 뒤로는 구리를 캐는 광산이 발달했다. 맑고 건조한 하늘 덕분에 알마(ALMA) 같은 천문 관측 시설이 들어섰다. 드물게 비가 내리면 메마른 땅 위로 들꽃이 한꺼번에 피어난다.","나미브 사막은 아프리카 남서부 대서양 해안을 따라 앙골라, 나미비아, 남아프리카 공화국에 걸쳐 약 1,600km 뻗은 사막이다. 면적은 약 80,900km²이다. 5,500만~8,000만 년 전부터 건조하거나 반건조한 상태였던 것으로 보여, 세계에서 가장 오래된 사막으로 여겨진다. 차가운 벵겔라 해류 위로 따뜻한 공기가 지나며 짙은 안개가 한 해에 180일 넘게 낀다. 해안 쪽 기온은 한 해 내내 9~20°C로 고르지만 내륙은 기온 차가 크다. 높이 300m에 이르는 모래 언덕이 이어져 있으며, 나미브 모래 바다는 유네스코 세계 유산으로 지정되었다."
석회 동굴은 어떻게 만들어지나요,"석회암은 탄산칼슘이 주성분인 퇴적암으로, 가장 흔한 구성 광물은 방해석이다. 조개껍데기, 산호, 플랑크톤처럼 탄산칼슘으로 된 생물의 골격이 바다 밑에 쌓이거나, 물에 녹아 있던 탄산칼슘이 가라앉아 만들어진다. 산성 용액과 만나면 이산화탄소를 내며 녹기 때문에, 빗물과 지하수가 오랫동안 녹여 내면 움푹 꺼진 땅이나 석회 동굴 같은 카르스트 지형이 생긴다. 시멘트와 석회의 원료, 콘크리트 골재로 많이 쓰인다. 한국의 석회암은 대부분 고생대 지층에 있으며 삼척, 태백, 영월, 단양 등에 모여 있다.","화강암은 마그마가 대륙 지각 깊은 곳에서 천천히 식어 굳은 심성암이다. 오랜 시간에 걸쳐 식은 덕분에 결정이 맨눈으로 구별될 만큼 크며, 주로 석영, 정장석, 사장석에 흑운모나 백운모가 섞여 있다. 색은 밝은 회색이나 분홍빛을 띤다. 한반도에는 중생대 쥐라기의 대보 조산 운동과 백악기의 불국사 조산 운동 때 관입한 화강암이 널리 퍼져 있어, 서울과 부산, 대구 같은 도시도 화강암 지대 위에 자리 잡았다. 강도가 높고 오래 견디므로 건축 석재로 널리 쓰인다.","현무암은 용암이 땅 위로 흘러나와 빠르게 식어 생긴 화산암이다. 급히 굳어서 결정이 매우 작고, 색은 회색에서 검은색을 띤다. 이산화규소 함량이 약 45~52%로 낮은 편이며, 휘석과 사장석이 주된 광물이고 감람석이나 자철석이 들어 있기도 하다. 용암 속 기체가 빠져나간 자리에 구멍이 숭숭 남은 것도 흔하다. 두꺼운 용암이 식으며 수축하면 육각형 기둥이 늘어선 주상절리가 생긴다. 바다 밑 지각은 거의 전부 이 암석과 같은 성분이며, 한국에서는 제주도와 한탄강 일대에 넓게 분포한다.","대리암은 석회암이나 백운암이 높은 열과 압력을 받아 다시 결정화된 변성암이다. 주된 광물은 방해석이나 백운석이며, 결정 크기가 비교적 고르고 층을 이룬 줄무늬가 거의 없다. 순수하면 흰색이지만 섞인 불순물에 따라 회색, 검은색, 붉은색, 초록색을 띤다. 깎기 쉽고 갈면 윤이 나서 조각품과 건축 장식, 기념물에 오래전부터 쓰였다. 우리말 이름은 중국 윈난성의 다리(大理) 지역이 이름난 산지였던 데서 왔다. 산성비에 약해 표면이 녹을 수 있으므로 보존할 때 주의가 필요하다."
뭉게구름은 어떻게 생기나,"적운은 우리말로 쌘구름 또는 뭉게구름이라 한다. 땅이 햇볕에 데워지면 따뜻한 공기가 올라가며 식고, 이슬점에 이르러 수증기가 엉기면서 생기는 대류성 구름이다. 구름 밑면은 지상 약 500m~2km 높이에 평평하고 어둡게 깔리며, 햇빛을 받는 윗부분은 솜처럼 부풀어 밝게 빛난다. 대부분 물방울로 이루어져 있고 보통은 비를 내리지 않지만, 크게 자란 것은 짧은 소나기를 뿌리기도 한다. 낮게 퍼진 것에서 탑처럼 높이 솟은 것까지 여러 단계로 자라며, 더 발달하면 뇌우를 일으키는 적란운이 된다.",,,
명왕성이 행성 지위를 잃은 해,"명왕성은 1930년 2월 18일 클라이드 톰보가 발견한 천체로, 발견 뒤 오랫동안 아홉 번째 행성으로 불렸다. 2006년 8월 24일 국제천문연맹(IAU)이 행성의 정의를 새로 정하면서 왜행성으로 분류가 바뀌었다. 지름은 약 2,372km이고, 태양을 한 바퀴 도는 데 약 248년이 걸린다. 위성은 카론, 닉스, 히드라, 케르베로스, 스틱스 다섯 개이며, 가장 큰 카론은 1978년에 발견되었다. 2015년 7월 14일 뉴허라이즌스호가 가까이 지나가며 표면의 하트 모양 지형을 촬영했다.","왜행성은 태양 둘레를 돌고 자체 중력으로 거의 둥근 모양을 갖추었지만, 궤도 주변의 다른 천체를 몰아내지 못한 천체를 가리킨다. 이 분류는 국제천문연맹 총회가 2006년 8월 24일에 정했으며, 그해 이 결정으로 그때까지 태양계의 아홉째 행성이던 명왕성이 행성 목록에서 빠져 왜행성으로 옮겨 갔다. 현재 공식적으로 인정된 왜행성은 세레스, 명왕성, 하우메아, 마케마케, 에리스 다섯이다. 세레스는 화성과 목성 사이 소행성대에 있고 지름이 약 952km이다. 에리스는 지름이 약 2,326km로 명왕성과 비슷하지만 질량은 더 크다.","토성은 태양에서 여섯 번째 행성이자 목성 다음으로 큰 행성으로, 적도 지름이 약 120,536km로 지구의 9.4배쯤 된다. 평균 밀도가 약 0.69g/cm³로 물보다 낮아 태양계 행성 가운데 밀도가 가장 작다. 뚜렷한 고리는 대부분 얼음 알갱이로 이루어져 있으며, 알갱이 크기는 작은 입자부터 큰 덩어리까지 다양하다. 가장 큰 위성 타이탄은 지름이 약 5,150km이고 질소와 메테인으로 된 짙은 대기를 지녔다. 태양을 한 바퀴 도는 데 약 29.5년이 걸린다. 카시니-하위헌스 탐사선은 2004년부터 토성을 돌며 관측했다.","천왕성은 1781년 3월 13일 윌리엄 허셜이 발견한 행성으로, 망원경으로 찾아낸 첫 행성이다. 자전축이 약 98도 기울어져 있어 거의 옆으로 누운 채 태양을 돈다. 공전 주기는 약 84년이다. 대기의 메테인이 붉은빛을 흡수하고 푸른빛을 되돌려 보내 청록색으로 보인다. 행성 대기 가운데 가장 추워 최저 기온이 약 49K(-224°C)까지 내려간다. 고리는 1977년에 발견되었고 지금까지 13개가 알려져 있다. 1986년 1월 24일 보이저 2호가 약 81,500km 거리까지 다가가 관측했다."
인왕제색도는 몇 년에 그렸나,"정선은 1676년에 태어난 조선 후기의 화가로, 호는 겸재다. 중국 그림을 본뜨던 관습에서 벗어나 금강산과 한양 주변 등 우리 땅의 실제 경치를 보고 그리는 진경산수화의 길을 열었다. 양천 현령 등의 벼슬을 지냈다. 1751년 일흔여섯의 나이에 비가 갠 뒤의 인왕산을 짙은 먹으로 그린 「인왕제색도」가 대표작이며, 금강산의 봉우리들을 한 화면에 둥글게 담은 「금강전도」도 이름났다. 두 그림 모두 국보로 지정되어 있다. 1759년 세상을 떠났다.","「인왕제색도」는 서울 인왕산이 여름비에 젖었다가 막 개는 순간을 그린 산수화다. 영조 27년인 1751년, 겸재가 일흔여섯 살 되던 해에 붓을 들었다. 비에 젖어 검게 빛나는 바위 봉우리는 먹을 여러 번 겹쳐 발라 묵직하게 나타냈고, 산허리에는 흰 안개가 피어오르는 모습을 담았다. 1984년 국보로 지정되었으며, 오랫동안 개인이 간직하다가 지금은 국립중앙박물관이 소장하고 있다.","김홍도는 1745년에 태어난 조선 후기의 화가로, 호는 단원이다. 어려서 문인 화가 강세황에게 그림을 배웠고, 도화서 화원이 되어 영조와 정조의 초상을 그리는 일에 참여했다. 정조의 두터운 신임을 받아 궁중의 그림 일을 도맡았으며, 1791년부터 몇 해 동안 충청도 연풍의 현감을 지냈다. 씨름, 서당, 타작처럼 서민의 일상을 익살스럽게 담은 25점짜리 풍속화첩이 대표작으로, 국립중앙박물관에 있다.","신윤복은 1758년에 태어난 조선 후기의 풍속화가로, 호는 혜원이다. 아버지 신한평도 도화서 화원이었다. 양반과 기생의 풍류, 여인들의 모습을 섬세한 선과 산뜻한 색으로 즐겨 그렸다. 30점의 그림을 묶은 『혜원전신첩』은 간송미술관이 소장하며 국보로 지정되어 있는데, 개울가에서 머리를 감고 그네를 뛰는 여인들을 그린 「단오풍정」과 달밤의 남녀를 그린 「월하정인」이 여기에 들어 있다. 여인 한 사람을 단독으로 그린 「미인도」도 대표작이다."
훈민정음 해례본은 어디서 발견됐나,"훈민정음 해례본은 세종 28년인 1446년에 새 문자를 널리 알리려고 펴낸 책으로, 글자를 만든 까닭과 원리를 풀이한 해례가 붙어 있다. 해례는 정인지, 신숙주, 성삼문, 최항, 박팽년, 강희안, 이개, 이선로 등 집현전 학자 여덟 명이 함께 지었다. 오랫동안 실물이 알려지지 않다가 1940년 경상북도 안동에서 발견되었고, 지금은 서울의 간송미술관이 소장한다. 1962년 국보로 지정되었으며 1997년 유네스코 세계기록유산이 되었다.","조선왕조실록은 태조부터 철종까지 25대 임금이 다스린 472년 동안의 일을 날짜 순서대로 적은 편년체 역사서다. 분량은 모두 1,894권 888책에 이른다. 임금이 세상을 떠나면 실록청을 열고 사관들이 남긴 사초와 관청 기록을 모아 편찬했으며, 사관의 기록은 임금도 함부로 볼 수 없었다. 화재와 전쟁에 대비해 여러 사고에 나누어 보관한 덕분에 정족산본과 태백산본 등이 오늘날까지 전한다. 1973년 국보로 지정되었고, 1997년 유네스코 세계기록유산에 올랐다.","『백운화상초록불조직지심체요절』, 줄여서 직지는 고려 말 승려 백운화상이 부처와 옛 고승들의 가르침 가운데 요긴한 대목을 가려 엮은 책이다. 1377년 청주 흥덕사에서 금속활자로 찍어 냈으며, 금속활자로 인쇄한 책 가운데 지금 남아 있는 가장 오래된 것으로 인정받는다. 상권과 하권 가운데 하권만 전하고, 그마저 첫 장이 없다. 조선 말 서울에 머물던 프랑스 외교관 콜랭 드 플랑시가 수집해 가져간 뒤 경매를 거쳐 프랑스 국립도서관에 들어갔다. 2001년 유네스코 세계기록유산이 되었다.","승정원일기는 왕명의 출납을 맡은 조선의 비서 기관 승정원이 날마다 처리한 일을 적은 기록이다. 임진왜란과 여러 차례의 화재로 앞 시기의 기록이 사라져, 지금은 1623년 인조 때부터 1910년까지의 분량만 남아 있다. 현존 분량은 3,243책이며 글자 수는 약 2억 4,250만 자로 헤아려진다. 서울대학교 규장각한국학연구원이 소장하고 있으며, 1999년 국보로 지정되고 2001년 유네스코 세계기록유산에 등재되었다."
2019년 말 베텔게우스가 어두워진 일,"베텔게우스는 오리온자리에 있는 적색 초거성으로, 분광형은 M2Iab이다. 지구와의 거리는 약 640광년으로 추정되지만 오차가 크다. 반지름은 태양의 약 1,200배, 곧 약 5.5AU에 이른다. 밝기가 오르내리는 변광성이며, 2019년 12월부터 2020년 2월 사이에 평소보다 크게 어두워져 맨눈으로도 차이가 보였다가 그해 봄 무렵 원래 밝기를 되찾았다. 핵융합 연료가 바닥나 가는 단계로 여겨지며, 언젠가 II형 초신성으로 폭발할 것으로 예상된다. 이름은 아랍어 '야드 알 자우자'에서 왔는데, 중세 라틴어로 옮기는 과정에서 첫 글자가 잘못 적혀 지금의 형태가 되었다.","시리우스는 큰개자리에서 가장 밝은 별로, 겉보기 등급이 -1.47이어서 태양을 빼면 밤하늘의 모든 별 가운데 가장 밝게 보인다. 지구에서 약 8.6광년(2.3파섹) 떨어져 있어 비교적 가까운 편이다. 밝은 주성 곁에는 백색왜성인 동반성 시리우스 B가 있으며, 이 동반성은 1862년 1월 31일에 처음 관측되었다. 고대 이집트 중왕국 사람들은 이 별을 나일강이 넘칠 시기를 알려 주는 별로 여겼다.","북극성은 작은곰자리 알파별인 폴라리스를 가리키며, 천구 북극에서 약 0.7도밖에 떨어져 있지 않아 밤새 거의 제자리에 머무는 것처럼 보인다. 겉보기 등급은 약 1.98이고, 거리는 연구에 따라 약 323~434광년으로 추정된다. 황백색 초거성이면서 밝기가 규칙적으로 변하는 고전 세페이드 변광성이며, 여러 별이 모인 다중성계이다. 지구 자전축의 세차 운동 때문에 북극성 자리는 시대마다 바뀌어, 기원전 3000년 무렵에는 용자리의 투반이 그 역할을 했다. 북반구에서는 이 별의 고도로 위도를 가늠해 항해에 이용했다.","베가는 거문고자리의 으뜸별로, 겉보기 등급 약 0.03으로 밤하늘에서 다섯 번째로 밝다. 지구에서 약 25광년 떨어져 있다. 알타이르, 데네브와 함께 여름철 대삼각형을 이루며, 동아시아에서는 직녀성이라 불러 칠석 설화에 등장한다. 1850년 7월 17일 태양이 아닌 별로는 처음으로 사진에 찍혔다. 1983년에는 둘레를 감싼 먼지 원반이 발견되었는데, 별 주위에서 먼지 원반을 찾은 첫 사례였다. 적도의 자전 속도가 초속 약 274km로 빨라 한 바퀴 도는 데 약 12.5시간이면 된다. 세차 운동 때문에 서기 14000년 무렵에는 북극성 자리에 오게 된다."
이슬비를 뿌리는 낮은 회색 구름,"층운은 우리말로 층구름 또는 안개구름이라 하며, 기호는 St이다. 대체로 지상 0~2km의 낮은 곳에 회색 층을 이루며 퍼져, 마치 안개가 땅에서 떠오른 것처럼 보인다. 조각조각 나뉘어 그 사이로 파란 하늘이 보이기도 한다. 비를 내리더라도 이슬비나 약한 비 정도에 그친다. 지형의 영향을 받아 국지적으로 생기는 경우가 많고, 조각나며 서서히 흩어진 뒤에는 날이 개는 일이 흔하다. 구름층이 얇을 때에는 해나 달 둘레에 무리가 보이기도 한다.","적란운은 우리말로 쌘비구름이라 하며 기호로는 Cb로 적는다. 강한 상승 기류를 타고 위로 높이 솟는 대류운으로, 꼭대기가 대류권계면에 닿으면 옆으로 퍼져 대장간의 모루 같은 모양을 만든다. 천둥과 번개를 동반한 뇌우, 소나기, 우박, 돌풍을 일으키며, 아주 드물게 토네이도를 낳기도 한다. 한랭 전선이나 장마 전선, 태풍 둘레처럼 대기가 불안정한 곳이나 땅이 강하게 데워진 곳에서 발달한다. 10가지 기본 운형 가운데 수직으로 크게 발달하는 구름으로 분류된다.","권운은 우리말로 털구름 또는 새털구름이라 하며, 기호는 Ci이다. 하늘 높은 곳에 생기는 구름이라 물방울이 아니라 얼음 결정으로 이루어져 있다. 생기는 높이는 위도에 따라 다른데, 극지방에서는 약 7km, 온대에서는 약 9.5km, 열대에서는 약 13.5km 부근이다. 희고 가는 선이나 좁은 띠, 깃털 같은 모양으로 흩어져 보인다. 얼음 알갱이가 떨어지더라도 땅에 닿기 전에 사라져 비를 내리지 않는다. 권운이 하늘에 많이 퍼지면 전선이 다가온다는 신호여서 날씨가 궂어질 조짐으로 본다.","적운은 우리말로 쌘구름 또는 뭉게구름이라 한다. 땅이 햇볕에 데워지면 따뜻한 공기가 올라가며 식고, 이슬점에 이르러 수증기가 엉기면서 생기는 대류성 구름이다. 구름 밑면은 지상 약 500m~2km 높이에 평평하고 어둡게 깔리며, 햇빛을 받는 윗부분은 솜처럼 부풀어 밝게 빛난다. 대부분 물방울로 이루어져 있고 보통은 비를 내리지 않지만, 크게 자란 것은 짧은 소나기를 뿌리기도 한다. 낮게 퍼진 것에서 탑처럼 높이 솟은 것까지 여러 단계로 자라며, 더 발달하면 뇌우를 일으키는 적란운이 된다."
세계에서 제일 높은 폭포와 그 낙차,"앙헬 폭포는 베네수엘라 볼리바르주의 카나이마 국립공원 안에 있으며, 전체 높이 979m로 세계에서 가장 높은 폭포이다. 끊김 없이 한 번에 떨어지는 구간만 807m에 이르고, 너비는 약 150m이다. 거의 수직으로 떨어지는데, 물이 적은 철에는 바닥에 닿기 전에 안개처럼 흩어져 버리기도 한다. 1910년 베네수엘라 탐험가 에르네스토 산체스 라 크루스가 처음 보았다고 전하며, 1933년 11월 18일 광물을 찾아 비행하던 조종사 지미 에인절이 다시 발견해 세상에 널리 알렸다. 폭포 이름도 그의 성에서 왔다.","카나이마 국립공원은 베네수엘라 남동부 볼리바르주에 있으며, 브라질 및 가이아나와의 국경에 닿아 있다. 1962년 국립공원이 되었고, 1994년 유네스코 세계 자연 유산으로 지정되었다. 면적은 약 3만 km²로 베네수엘라에서 손꼽히게 넓다. 꼭대기가 탁자처럼 평평하고 둘레가 절벽인 테푸이라는 산들이 유명한데, 로라이마산과 아우얀테푸이가 대표적이며 약 20억 년 전의 지질 구조를 간직하고 있다. 아우얀테푸이에서 쏟아지는 앙헬 폭포는 낙차가 979m로 지구상의 어떤 폭포보다 높다. 원주민 페몬족이 예로부터 이 땅에 살아왔으며, 12월부터 5월까지는 건기, 6월부터 11월까지는 우기이다.","이구아수 폭포는 이구아수강이 아르헨티나와 브라질의 국경을 지나며 만든 폭포로, 너비 약 2.7km에 걸쳐 약 270개의 크고 작은 폭포가 늘어서 있다. 대부분 높이가 64m 안팎이고 가장 높은 곳은 82m이다. 가장 이름난 곳은 '악마의 목구멍'이라 불리는 곳이다. 이름은 원주민 과라니족의 말로 '큰 물'을 뜻한다. 폭포를 둘러싼 국립공원은 아르헨티나 쪽이 1984년, 브라질 쪽이 1986년에 각각 유네스코 세계 유산으로 지정되었다. 세계 7대 자연 경관 가운데 하나로도 뽑혔으며, 걷는 길이나 배, 헬리콥터로 둘러볼 수 있다.","빅토리아 폭포는 아프리카 남부의 잠베지강이 잠비아와 짐바브웨의 국경에서 떨어지며 만든 폭포로, 너비는 약 1.7km, 높이는 약 108m이다. 세계에서 손꼽히게 큰 폭포이다. 현지에서는 '천둥 치는 연기'라는 뜻의 모시오아툰야라는 이름으로 부른다. 영어 이름은 스코틀랜드의 탐험가 데이비드 리빙스턴이 영국의 빅토리아 여왕을 기려 붙였다. 1989년 자연 경관과 지질학적 가치를 인정받아 유네스코 세계 자연 유산으로 지정되었으며, 세계 유산 목록에는 두 이름이 함께 올라 있다."
갈대로 엮은 떠 있는 섬이 있는 호수,"티티카카호는 남아메리카 안데스산맥의 알티플라노 고원에서 페루와 볼리비아의 국경에 걸친 호수이다. 수면이 해발 약 3,812m에 있어, 큰 배가 다닐 수 있는 호수 가운데 세계에서 가장 높은 곳에 있다고 흔히 일컬어진다. 면적은 약 8,372km², 가장 깊은 곳은 284m, 평균 깊이는 약 135m이다. 물의 양으로는 남아메리카에서 가장 큰 호수이다. 호수에는 섬이 41개 있으며, 원주민이 토토라 갈대를 엮어 만든 떠 있는 인공 섬 우로스가 이름나 있다. 태양의 섬과 달의 섬은 잉카의 창조 신화에 등장한다.","바이칼호는 러시아 시베리아 남부, 이르쿠츠크주와 부랴티야 공화국 사이에 있는 호수이다. 가장 깊은 곳이 1,642m로 세계에서 가장 깊은 호수이다. 물의 양은 약 23,000km³로 지구 전체 민물의 약 20%를 담고 있다. 2,500만~3,000만 년 전에 생겨 지구에서 가장 오래된 호수 가운데 하나로 꼽힌다. 길이는 636km, 너비는 20~80km이다. 셀렝가강을 비롯한 여러 강이 흘러들지만 빠져나가는 물길은 앙가라강이다. 바이칼물범을 비롯해 1,550종이 넘는 동물이 살며, 그 가운데 60% 이상이 이곳에만 사는 고유종이다. 1996년 유네스코 세계 자연 유산으로 지정되었다.","카스피해는 면적 약 371,000km²로 세계에서 가장 넓은 호수이다. 이름에 바다가 붙을 만큼 넓어 흔히 바다처럼 여겨진다. 러시아, 카자흐스탄, 투르크메니스탄, 이란, 아제르바이잔 다섯 나라에 둘러싸여 있다. 수면은 해수면보다 약 28m 낮다. 물에는 소금기가 있지만 염분은 약 1.2%로 보통 바닷물의 3분의 1 정도이다. 유럽에서 가장 긴 강인 볼가강이 얕은 북쪽으로 흘러든다. 가장 깊은 곳은 1,025m이다. 캐비아를 얻는 철갑상어와 풍부한 석유·천연가스 자원으로 이름나 있다.","슈피리어호는 북아메리카 오대호 가운데 가장 크며, 면적은 약 82,400km²로 표면적 기준 세계 최대의 민물 호수이다. 북쪽은 캐나다 온타리오주, 남쪽과 서쪽은 미국 미네소타주, 위스콘신주, 미시간주와 맞닿아 있다. 가장 깊은 곳은 406m이고, 담긴 물의 양은 세계 호수 가운데 세 번째로 많다. 오대호 가운데 가장 위쪽에 있어 '위쪽의'라는 뜻의 이름이 붙었다. 호수의 물은 세인트메리스강을 거쳐 휴런호로 빠져나간다. 1975년 폭풍 속에서 화물선 에드먼드 피츠제럴드호가 이 호수에 가라앉았다."
설악산 대청봉 해발 높이,"설악산 국립공원은 1970년 3월 24일 국립공원으로 지정되었으며, 강원특별자치도 속초시, 양양군, 인제군, 고성군에 걸쳐 있다. 최고봉 대청봉은 높이 1,708m로, 설악산은 한라산과 지리산 다음으로 남한에서 세 번째로 높은 산이다. 대청봉을 기준으로 서북쪽 인제 방면을 내설악, 동쪽 속초 방면을 외설악, 남쪽 양양 방면을 남설악이라 부른다. 외설악에는 울산바위, 비선대, 공룡능선이 있다. 1965년 천연기념물로 지정되었고, 1982년에는 유네스코 생물권 보전 지역이 되었다. 추석 무렵 내린 눈이 여름까지 남는다 하여 설악이라는 이름이 붙었다고 한다.","설악산 국립공원은 1970년 3월 24일 국립공원으로 지정되었으며, 강원특별자치도 속초시, 양양군, 인제군, 고성군에 걸쳐 있다. 최고봉 대청봉은 높이 1,708m로, 설악산은 한라산과 지리산 다음으로 남한에서 세 번째로 높은 산이다. 대청봉을 기준으로 서북쪽 인제 방면을 내설악, 동쪽 속초 방면을 외설악, 남쪽 양양 방면을 남설악이라 부른다. 외설악에는 울산바위, 비선대, 공룡능선이 있다. 1965년 천연기념물로 지정되었고, 1982년에는 유네스코 생물권 보전 지역이 되었다. 추석 무렵 내린 눈이 여름까지 남는다 하여 설악이라는 이름이 붙었다고 한다.","지리산 국립공원은 1967년 12월 29일 한국에서 처음으로 지정된 국립공원이다. 면적은 약 483km²이며, 하동, 함양, 산청, 구례, 남원의 다섯 시군에 걸쳐 있다. 최고봉 천왕봉은 높이 1,916.77m로 남한에서 한라산 다음으로 높다. 반야봉(1,732m)과 노고단(1,507m) 같은 봉우리, 칠선계곡, 한신계곡, 뱀사골, 피아골 등 20개 안팎의 계곡이 있다. 화엄사, 쌍계사, 실상사 같은 이름난 절도 품고 있다. 산 이름은 어리석은 사람도 머물면 지혜로워진다는 뜻으로 풀이되기도 한다. 반달가슴곰 보전 사업이 이곳에서 이루어지고 있다.","한라산 국립공원은 제주도 한가운데 솟은 한라산 일대를 보호하려고 1970년에 지정되었다. 한라산은 높이 약 1,947m로 남한에서 가장 높은 산이며, 정상에는 화산 분화구에 물이 고인 백록담이 있다. 산자락에서 꼭대기로 오르는 동안 아열대 식물에서 고산 식물까지 기후대에 따라 식생이 층층이 바뀐다. 산 둘레에는 작은 화산체가 약 360개 흩어져 있다. 2002년 유네스코 생물권 보전 지역으로 지정되었고, 2007년 6월 27일에는 '제주 화산섬과 용암 동굴'의 일부로 세계 자연 유산에 올랐다. 유네스코 세계 지질 공원에도 포함되어 있다."
태양 말고 처음으로 사진에 찍힌 별,"베가는 거문고자리의 으뜸별로, 겉보기 등급 약 0.03으로 밤하늘에서 다섯 번째로 밝다. 지구에서 약 25광년 떨어져 있다. 알타이르, 데네브와 함께 여름철 대삼각형을 이루며, 동아시아에서는 직녀성이라 불러 칠석 설화에 등장한다. 1850년 7월 17일 태양이 아닌 별로는 처음으로 사진에 찍혔다. 1983년에는 둘레를 감싼 먼지 원반이 발견되었는데, 별 주위에서 먼지 원반을 찾은 첫 사례였다. 적도의 자전 속도가 초속 약 274km로 빨라 한 바퀴 도는 데 약 12.5시간이면 된다. 세차 운동 때문에 서기 14000년 무렵에는 북극성 자리에 오게 된다.","시리우스는 큰개자리에서 가장 밝은 별로, 겉보기 등급이 -1.47이어서 태양을 빼면 밤하늘의 모든 별 가운데 가장 밝게 보인다. 지구에서 약 8.6광년(2.3파섹) 떨어져 있어 비교적 가까운 편이다. 밝은 주성 곁에는 백색왜성인 동반성 시리우스 B가 있으며, 이 동반성은 1862년 1월 31일에 처음 관측되었다. 고대 이집트 중왕국 사람들은 이 별을 나일강이 넘칠 시기를 알려 주는 별로 여겼다.","북극성은 작은곰자리 알파별인 폴라리스를 가리키며, 천구 북극에서 약 0.7도밖에 떨어져 있지 않아 밤새 거의 제자리에 머무는 것처럼 보인다. 겉보기 등급은 약 1.98이고, 거리는 연구에 따라 약 323~434광년으로 추정된다. 황백색 초거성이면서 밝기가 규칙적으로 변하는 고전 세페이드 변광성이며, 여러 별이 모인 다중성계이다. 지구 자전축의 세차 운동 때문에 북극성 자리는 시대마다 바뀌어, 기원전 3000년 무렵에는 용자리의 투반이 그 역할을 했다. 북반구에서는 이 별의 고도로 위도를 가늠해 항해에 이용했다.","베텔게우스는 오리온자리에 있는 적색 초거성으로, 분광형은 M2Iab이다. 지구와의 거리는 약 640광년으로 추정되지만 오차가 크다. 반지름은 태양의 약 1,200배, 곧 약 5.5AU에 이른다. 밝기가 오르내리는 변광성이며, 2019년 12월부터 2020년 2월 사이에 평소보다 크게 어두워져 맨눈으로도 차이가 보였다가 그해 봄 무렵 원래 밝기를 되찾았다. 핵융합 연료가 바닥나 가는 단계로 여겨지며, 언젠가 II형 초신성으로 폭발할 것으로 예상된다. 이름은 아랍어 '야드 알 자우자'에서 왔는데, 중세 라틴어로 옮기는 과정에서 첫 글자가 잘못 적혀 지금의 형태가 되었다."
공기 중에 가장 많이 들어 있는 비활성 기체,"아르곤은 원자 번호 18의 비활성 기체로, 1894년 레일리 경과 윌리엄 램지가 발견했다. 이름은 '일하지 않는'이라는 뜻의 그리스어에서 왔는데, 다른 물질과 거의 반응하지 않는 성질을 나타낸다. 지구 대기 부피의 약 0.934%를 차지해 비활성 기체 가운데 공기 속에 가장 많다. 자연의 아르곤은 99.6%가 아르곤-40인데, 이는 암석 속 칼륨-40이 붕괴해 생긴 것이다. 백열전구 안에 채워 텅스텐 필라멘트가 산화되지 않게 하며, 용접할 때 녹은 금속을 공기로부터 감싸는 보호 기체로도 쓴다.","수증기를 뺀 맑은 공기를 부피로 따지면 질소가 약 78.08%, 산소가 약 20.95%를 차지한다. 셋째로 많은 성분은 아르곤으로 약 0.93%인데, 주기율표 18족 기체 가운데 대기에 이만큼 흔한 것은 따로 없다. 이산화탄소는 이보다 훨씬 적은 미량 기체이다. 수증기는 장소와 날씨에 따라 크게 달라지며 평균 1% 안팎이다. 대기 전체의 질량은 약 5.15×10¹⁸kg으로 추산된다. 공기 질량의 절반은 지상 5.6km 아래에, 90%는 16km 아래에 몰려 있다. 지상 100km의 카르만 선은 흔히 대기와 우주를 가르는 경계로 쓰인다.","헬륨은 원자 번호 2의 비활성 기체로, 우주에서 수소 다음으로 많은 원소이다. 1868년 프랑스 천문학자 피에르 쥘 장센이 일식 때 태양 빛의 스펙트럼에서 파장 587.6nm의 낯선 선을 관측한 것이 발견의 시작이다. 그래서 이름도 태양을 뜻하는 그리스어 헬리오스에서 왔다. 끓는점이 약 4.22K(-268.9°C)로 모든 원소 가운데 가장 낮고, 보통 기압에서는 절대 영도 가까이 식혀도 고체가 되지 않는다. 액체 헬륨은 MRI 장치의 초전도 자석을 식히는 데 쓰인다. 지구에서는 주로 천연가스에 섞인 것을 분리해 얻는다.","네온은 원자 번호 10의 비활성 기체로, 1898년 영국 런던에서 윌리엄 램지와 모리스 트래버스가 액체 공기를 낮은 온도에서 분별 증류하다가 발견했다. 이름은 '새로운 것'을 뜻하는 그리스어에서 따왔다. 공기 속에는 약 0.0018%밖에 없지만 우주 전체로 보면 다섯 번째로 흔한 원소이다. 낮은 압력의 유리관에 채우고 전기를 흘리면 붉은 주황빛을 내므로 광고용 네온사인에 가장 많이 쓰인다. 헬륨과 섞어 헬륨-네온 레이저를 만들기도 하는데, 바코드 판독기와 레이저 지시기에 이용되었다."
전자기력을 매개하는 입자는?,"전자기력은 전하를 띤 입자 사이에 작용하는 기본 힘으로, 광자가 이 힘을 전달한다. 광자는 질량과 전하가 없고 스핀이 1인 보손이다. 네 가지 기본 힘 가운데 강한 상호작용 다음으로 세며, 중력과 함께 먼 거리까지 미치는 두 힘 가운데 하나이다. 샤를 드 쿨롱은 비틀림 저울 실험으로, 두 전하 사이의 힘이 전하량의 곱에 비례하고 떨어진 거리의 제곱에 반비례한다는 법칙을 밝혔다. 같은 부호의 전하는 서로 밀어내고 다른 부호의 전하는 끌어당긴다. 1905년 아인슈타인은 빛이 알갱이 같은 에너지 덩어리로 이루어진다는 광양자설을 내놓았고, 광자라는 이름은 1926년 길버트 루이스가 널리 퍼뜨렸다.","중력은 질량을 가진 모든 물체가 서로 끌어당기는 힘으로, 자연의 네 가지 기본 힘 가운데 가장 약하다. 세기는 강한 상호작용의 약 10³⁸분의 1에 불과하지만, 미치는 거리에 끝이 없어 행성과 은하의 운동을 좌우한다. 아이작 뉴턴은 1687년 『프린키피아』에서 두 물체 사이의 인력이 질량의 곱에 비례하고 거리의 제곱에 반비례한다는 만유인력 법칙을 내놓았다. 1915년 알베르트 아인슈타인은 일반 상대성 이론에서 이 힘을 시공간의 휘어짐으로 새로 설명했다. 2016년에는 라이고(LIGO) 연구진이 두 블랙홀의 충돌로 생긴 중력파를 처음 검출했다고 발표했다. 지구 표면의 중력 가속도는 약 9.81m/s²이다.","강한 상호작용은 쿼크들을 묶어 양성자와 중성자를 만들고, 그 남은 힘으로 양성자와 중성자를 원자핵 안에 붙잡아 두는 기본 힘이다. 네 가지 기본 힘 가운데 가장 세서 전자기력보다 약 100배 강하지만, 미치는 거리는 원자핵 크기인 약 10⁻¹⁵m(1펨토미터) 안팎으로 매우 짧다. 이 힘을 전달하는 입자는 글루온이다. 쿼크와 글루온은 전기 전하와 다른 색전하를 지니며, 이를 다루는 이론을 양자 색역학이라 한다. 쿼크는 홀로 떨어져 나오지 못하고 늘 강입자 안에 갇혀 있는데, 이를 색가둠이라 한다. 1935년 유카와 히데키는 중간자가 핵자 사이의 힘을 전한다는 이론을 내놓았고, 1949년 노벨 물리학상을 받았다.","약한 상호작용은 방사성 원소의 베타 붕괴처럼 한 입자를 다른 종류의 입자로 바꾸는 기본 힘이다. 원자핵 속 중성자가 양성자로 바뀌는 것도 이 힘 때문이다. 강한 상호작용이나 전자기력보다 훨씬 약하고, 아주 짧은 거리에서만 작용한다. 엔리코 페르미가 베타 붕괴를 설명하려고 처음 이론을 세웠다. 이 힘을 전달하는 W 보손과 Z 보손은 1983년 유럽 입자 물리 연구소(CERN)에서 발견되었고, 실험을 이끈 카를로 루비아와 시몬 판 데르 메이르는 이듬해 노벨 물리학상을 받았다. 이 힘과 전자기력을 하나의 틀로 묶은 전약 이론을 세운 셸던 글래쇼, 압두스 살람, 스티븐 와인버그는 1979년 노벨 물리학상을 받았다."
혜원전신첩 소장처,"신윤복은 1758년에 태어난 조선 후기의 풍속화가로, 호는 혜원이다. 아버지 신한평도 도화서 화원이었다. 양반과 기생의 풍류, 여인들의 모습을 섬세한 선과 산뜻한 색으로 즐겨 그렸다. 30점의 그림을 묶은 『혜원전신첩』은 간송미술관이 소장하며 국보로 지정되어 있는데, 개울가에서 머리를 감고 그네를 뛰는 여인들을 그린 「단오풍정」과 달밤의 남녀를 그린 「월하정인」이 여기에 들어 있다. 여인 한 사람을 단독으로 그린 「미인도」도 대표작이다.","무오사화는 연산군 4년인 1498년에 일어난 조선의 첫 사화다. 『성종실록』을 편찬하던 중, 사관 김일손이 사초에 스승 김종직이 지은 「조의제문」을 실어 둔 사실이 드러난 것이 발단이었다. 유자광과 이극돈 등 훈구 세력은 이 글이 세조가 단종의 왕위를 빼앗은 일을 빗대어 비판했다고 몰아세웠다. 그 결과 김일손은 처형되고, 이미 세상을 떠난 김종직은 무덤이 파헤쳐지는 부관참시를 당했으며, 그의 문집도 불태워졌다.","1930년 FIFA 월드컵은 7월 13일부터 30일까지 우루과이 몬테비데오에서 열린 첫 월드컵이다. 예선 없이 초청받은 13개 나라가 참가했는데, 배를 타고 먼 길을 건너야 했던 탓에 유럽에서는 4개 나라만 왔다. 우루과이 독립 100주년을 기념해 지은 에스타디오 센테나리오가 주 경기장이었다. 대회 첫 골은 프랑스의 뤼시앵 로랑이 넣었고, 결승에서 개최국 우루과이가 아르헨티나를 4 대 2로 이겨 첫 우승국이 되었다.","리보솜은 전령 RNA(mRNA)의 유전 정보를 읽어 아미노산을 차례로 이어 붙이며 단백질을 합성하는 세포 소기관이다. 약 65%가 리보솜 RNA이고 나머지 35%가 단백질이며, 큰 단위체와 작은 단위체 두 부분으로 이루어진다. 막으로 싸여 있지 않으며, 세포질에 떠 있거나 소포체 표면에 붙어 있다. 원핵세포의 리보솜은 70S(50S와 30S), 진핵세포의 리보솜은 80S(60S와 40S)로 크기가 다르다. 1950년대 중반 조지 에밀 펄레이드가 전자 현미경으로 처음 관찰했으며, 그는 1974년 노벨 생리학·의학상을 받았다. 2009년에는 리보솜의 구조와 기능을 밝힌 세 연구자가 노벨 화학상을 받았다."
끓는점이 가장 낮은 원소,"헬륨은 원자 번호 2의 비활성 기체로, 우주에서 수소 다음으로 많은 원소이다. 1868년 프랑스 천문학자 피에르 쥘 장센이 일식 때 태양 빛의 스펙트럼에서 파장 587.6nm의 낯선 선을 관측한 것이 발견의 시작이다. 그래서 이름도 태양을 뜻하는 그리스어 헬리오스에서 왔다. 끓는점이 약 4.22K(-268.9°C)로 모든 원소 가운데 가장 낮고, 보통 기압에서는 절대 영도 가까이 식혀도 고체가 되지 않는다. 액체 헬륨은 MRI 장치의 초전도 자석을 식히는 데 쓰인다. 지구에서는 주로 천연가스에 섞인 것을 분리해 얻는다.","네온은 원자 번호 10의 비활성 기체로, 1898년 영국 런던에서 윌리엄 램지와 모리스 트래버스가 액체 공기를 낮은 온도에서 분별 증류하다가 발견했다. 이름은 '새로운 것'을 뜻하는 그리스어에서 따왔다. 공기 속에는 약 0.0018%밖에 없지만 우주 전체로 보면 다섯 번째로 흔한 원소이다. 낮은 압력의 유리관에 채우고 전기를 흘리면 붉은 주황빛을 내므로 광고용 네온사인에 가장 많이 쓰인다. 헬륨과 섞어 헬륨-네온 레이저를 만들기도 하는데, 바코드 판독기와 레이저 지시기에 이용되었다.","아르곤은 원자 번호 18의 비활성 기체로, 1894년 레일리 경과 윌리엄 램지가 발견했다. 이름은 '일하지 않는'이라는 뜻의 그리스어에서 왔는데, 다른 물질과 거의 반응하지 않는 성질을 나타낸다. 지구 대기 부피의 약 0.934%를 차지해 비활성 기체 가운데 공기 속에 가장 많다. 자연의 아르곤은 99.6%가 아르곤-40인데, 이는 암석 속 칼륨-40이 붕괴해 생긴 것이다. 백열전구 안에 채워 텅스텐 필라멘트가 산화되지 않게 하며, 용접할 때 녹은 금속을 공기로부터 감싸는 보호 기체로도 쓴다.",
경칩의 원래 이름,"경칩은 24절기의 셋째로, 태양이 황경 345도에 이르는 양력 3월 5일이나 6일 무렵이다. 겨울잠을 자던 개구리와 벌레가 놀라 깨어난다는 뜻이며, 본래 이름은 계칩이었으나 중국 한나라 황제의 이름자를 피하느라 지금의 이름으로 바뀌었다. 이날 개구리 알을 먹으면 몸에 좋다고 여겼고, 흙일을 하면 탈이 없다고 믿어 담을 쌓거나 벽을 바르기도 했다. 요즘은 날씨가 따뜻해져 개구리가 이보다 훨씬 일찍 깨어나곤 한다.","입춘은 24절기의 첫째로, 봄이 시작된다는 날이다. 태양이 황경 315도에 이를 때이며, 양력으로는 대개 2월 4일 무렵이다. 절기 차례로는 대한과 우수 사이에 든다. 이날 집집마다 대문이나 기둥에 '입춘대길' 같은 글귀를 써 붙여 한 해의 복을 빌었다. 농가에서는 보리 뿌리를 뽑아 보고 그해 농사를 점치기도 했다. 다만 실제 기온으로 따지는 기상학적 봄은 우리나라에서 대개 3월에 시작된다.","우수는 24절기의 둘째로, 태양이 황경 330도에 이르는 양력 2월 18일이나 19일 무렵이다. 이름은 빗물이라는 뜻으로, 추위가 누그러져 눈 대신 비가 내리고 얼었던 땅이 풀리기 시작한다는 의미를 담았다. '우수 경칩이면 대동강 물도 풀린다'는 속담이 이 무렵 날씨를 잘 보여 준다. 옛 역법서에는 수달이 잡은 물고기를 늘어놓고 기러기가 북쪽으로 날아가며 풀과 나무에 싹이 트는 때로 적혀 있다.","춘분은 24절기의 넷째로, 태양이 하늘의 적도를 지나 황경 0도에 이르는 날이다. 양력으로는 3월 20일이나 21일 무렵이다. 흔히 낮과 밤의 길이가 같은 날로 알려져 있으나, 대기에서 빛이 굴절되는 등의 까닭으로 실제로는 낮이 몇 분 더 길다. 하지, 추분, 동지와 함께 천문학적으로 뜻이 뚜렷한 네 절기 가운데 하나다. 강남 갔던 제비가 돌아오는 때로 여겨졌으며, 이란 등에서는 이 무렵 새해 명절 노루즈를 쇤다."
경복궁 이름 지은 사람,"경복궁은 조선이 한양으로 도읍을 옮긴 뒤 처음 세운 법궁으로, 태조 4년인 1395년에 완공되었다. 궁의 이름은 정도전이 『시경』의 한 구절에서 골라 지었는데, 새 왕조가 큰 복을 누리라는 바람이 담겨 있다. 임금의 즉위식과 조회는 정전인 근정전에서 열렸고, 연못 위에 세운 경회루는 외국 사신을 맞는 잔치 장소로 쓰였다. 1592년 임진왜란 때 불탄 뒤 오래 빈터로 남아 있다가, 흥선대원군이 주도해 1865년부터 1868년까지 다시 지었다.","창덕궁은 태종 5년인 1405년에 세운 조선의 두 번째 궁궐이다. 산자락의 지형을 거스르지 않고 건물을 자유롭게 앉힌 배치가 특징이며, 정문은 돈화문, 정전은 인정전이다. 임진왜란으로 불탄 뒤 광해군 때 주요 전각을 복구했고, 1610년 무렵부터 약 250년 동안 임금이 주로 머물며 나랏일을 본 으뜸 궁궐 역할을 했다. 북쪽에는 왕실 정원인 후원이 넓게 펼쳐져 있다. 1997년 유네스코 세계유산으로 등재되었다.","창경궁은 성종 14년인 1483년에 정희왕후, 소혜왕후, 안순왕후 세 대비가 편히 지내도록 마련한 궁궐이다. 앞서 있던 수강궁 터를 넓혀 지었으며, 창덕궁과 담을 맞대고 있다. 정전인 명정전은 다른 궁궐의 정전과 달리 동쪽을 바라보도록 앉혀졌다. 1911년 일제가 궁 안에 동물원과 식물원을 들이고 이름을 창경원으로 바꾸어 유원지로 만들었다. 동물원을 다른 곳으로 옮긴 뒤 복원 공사를 거쳐 1986년에 다시 궁궐로 공개되었다.","덕수궁의 본래 이름은 경운궁이다. 임진왜란으로 궁궐이 모두 불타자 선조가 1593년부터 왕족의 옛집을 임시 거처로 삼은 것이 시작이었다. 1897년 고종이 러시아 공사관에서 이곳으로 거처를 옮기면서 대한제국의 황궁이 되었고, 정전으로 중화전을 세웠다. 1907년 고종이 순종에게 황제 자리를 넘긴 뒤 이곳에 머물게 되면서 오늘날의 이름으로 바뀌었다. 정문은 대한문이며, 궁 안에는 서양 고전 양식을 따른 돌 건물인 석조전이 있다."
용문사 은행나무 높이와 둘레 알려 줘,,"소나무는 한국을 대표하는 늘푸른 바늘잎나무로, 학명은 Pinus densiflora이다. 바늘잎이 두 개씩 한 묶음으로 난다. 높이는 20~35m까지 자라며, 줄기 윗부분의 껍질은 붉은 갈색이고 아래쪽은 회갈색을 띤다. 한국인이 가장 좋아하는 나무를 묻는 조사에서 꾸준히 첫손에 꼽히며, 애국가 가사에도 나온다. 천연기념물로 지정된 나무 가운데 소나무가 약 40건으로 가장 많은데, 보은 속리 정이품송(제103호)이 널리 알려져 있다. 금강송처럼 곧게 자란 좋은 목재는 예로부터 궁궐을 짓는 데 쓰였다. 근래에는 소나무재선충병이 큰 위협이 되고 있다.",,
우정총국 개국 축하연에서 일어난 정변,"갑신정변은 1884년 음력 10월 17일 김옥균, 박영효, 서광범, 홍영식, 서재필 등 급진 개화파가 일으킨 정변이다. 우정총국의 개국을 축하하는 잔치가 열린 틈을 타 반대파 대신들을 없애고 새 정부를 꾸렸다. 이들은 청에 대한 사대 관계를 끊고 문벌을 폐지하는 등의 내용을 담은 14개 조 정강을 내놓았다. 그러나 청나라 군대가 개입하고 도움을 약속했던 일본군이 물러나면서 사흘 만에 무너져 삼일천하라 불린다. 주도한 이들 가운데 다수는 일본으로 망명했다.","임오군란은 1882년 한양에서 구식 군대의 군인들이 일으킨 변란이다. 신식 군대인 별기군에 밀려 차별을 받던 구식 군인들은 13개월이나 밀린 급료로 겨와 모래가 섞인 쌀을 받자 분노해 들고일어났다. 이들은 고관들의 집과 일본 공사관을 공격했고, 명성황후는 궁을 빠져나가 지방으로 몸을 피했다. 흥선대원군이 잠시 권력을 되찾았으나, 조선에 들어온 청나라 군대가 그를 붙잡아 톈진으로 데려갔다. 일본과는 제물포 조약을 맺어 배상금을 물고 일본군의 공사관 경비 주둔을 받아들였다.","동학 농민 운동은 1894년 전라도 고부에서 시작된 농민 봉기다. 고부 군수 조병갑이 만석보라는 보를 새로 쌓고 물세를 거두는 등 가혹하게 수탈하자 전봉준이 농민을 이끌고 일어섰다. 농민군은 황토현에서 관군을 처음 크게 이기고 음력 4월 27일 전주성에 들어갔으며, 정부와 전주 화약을 맺은 뒤 전라도 고을마다 집강소를 두어 잘못된 정치를 바로잡으려 했다. 가을에 다시 일어났으나 공주 우금치에서 일본군과 관군에게 크게 졌고, 전봉준은 이듬해 처형되었다.","을미사변은 1895년 양력 10월 8일 일본 공사 미우라 고로가 꾸민 계획에 따라 일본 군인과 낭인들이 경복궁에 들어가 명성황후를 시해한 사건이다. 황후는 궁궐 깊숙한 곳의 건청궁에서 변을 당했다. 사건 뒤 친일 내각이 단발령 같은 개혁을 밀어붙이자, 이에 반발한 유생과 농민이 곳곳에서 을미의병을 일으켰다. 신변에 위협을 느낀 고종은 1896년 2월 러시아 공사관으로 거처를 옮겼다. 일본은 가담자들을 히로시마에서 재판에 넘겼으나 모두 풀어 주었다."
찬드라 관측선 이름은 누구에게서 따왔나,"찬드라 엑스선 관측선은 1999년 7월 23일 우주왕복선 컬럼비아호(STS-93)에 실려 궤도에 올랐다. 지구 대기가 우주에서 오는 엑스선을 대부분 막아 땅 위에서는 관측이 어렵기 때문에 우주에 띄운 것이다. 약 0.1~10keV 에너지 범위의 엑스선을 관측한다. 이름은 백색왜성이 가질 수 있는 질량의 한계를 밝힌 인도계 미국 물리학자 수브라마니안 찬드라세카르에게서 따왔다. 미국 항공우주국의 대형 관측선 계획에서 허블 우주 망원경, 콤프턴 감마선 관측선에 이어 세 번째로 발사되었다. 지구를 한 바퀴 도는 데 약 64.2시간이 걸린다.","허블 우주 망원경은 1990년 4월 24일 우주왕복선 디스커버리호(STS-31)에 실려 발사되었다. 이름은 우주가 팽창한다는 사실을 밝힌 천문학자 에드윈 허블에게서 따왔다. 주거울 지름은 2.4m이며 지상 약 540km 높이의 궤도를 돈다. 발사 직후 주거울 가장자리가 설계보다 약 2,200nm 평평하게 깎인 구면 수차가 드러나 초기 영상이 흐릿했다. 1993년 12월 첫 수리 임무(STS-61)에서 우주비행사들이 보정 장치를 달아 이 결함을 바로잡았다.","제임스 웹 우주 망원경은 2021년 12월 25일 프랑스령 기아나의 기아나 우주 센터에서 아리안 5호 로켓에 실려 발사되었다. 미국 항공우주국(NASA), 유럽 우주국(ESA), 캐나다 우주국(CSA)이 함께 만들었다. 주거울은 금으로 코팅한 베릴륨 육각형 조각 18개를 이어 붙인 것으로, 지름이 6.5m이다. 주로 파장 약 0.6~28.3μm의 적외선을 관측하며, 여러 겹의 차양막이 햇빛을 가려 장비를 50K 아래로 차갑게 유지한다. 지구에서 약 150만 km 떨어진 태양-지구 라그랑주점 L2 부근에 머물며, 첫 공식 영상은 2022년에 공개되었다.","케플러 우주 망원경은 지구와 비슷한 외계 행성을 찾으려고 2009년 3월 7일 발사된 미국 항공우주국의 망원경이다. 행성이 별 앞을 지나갈 때 별빛이 살짝 어두워지는 순간을 잡아내는 방식으로 행성을 찾았다. 주로 백조자리 방향에 있는 별 10만 개 이상을 한꺼번에 지켜보았다. 이름은 행성 운동 법칙을 세운 독일 천문학자 요하네스 케플러에게서 왔다. 자세를 잡아 주는 반작용 휠이 고장 난 뒤에는 K2라는 새 임무로 바꾸어 관측을 이어 갔으며, 2018년 10월 30일 은퇴가 발표되었다."
도개걸윷모가 가리키는 동물,"윷놀이는 단면이 반달 모양인 나무 막대 네 개를 던져 나온 모양에 따라 말을 옮기는 놀이다. 젖혀진 가락의 수에 따라 도는 한 칸, 개는 두 칸, 걸은 세 칸, 윷은 네 칸, 모는 다섯 칸을 가며, 윷이나 모가 나오면 한 번 더 던진다. 말판에는 29개의 자리가 있고, 한 편이 말 네 개를 모두 먼저 내보내면 이긴다. 도, 개, 걸, 윷, 모가 각각 돼지, 개, 양, 소, 말을 가리킨다는 풀이가 있다. 주로 설날부터 정월 대보름 사이에 즐긴다.","제기차기는 제기를 발로 차올려 땅에 떨어뜨리지 않고 몇 번이나 이어 차는지 겨루는 놀이다. 예전에는 구멍 뚫린 엽전을 한지나 헝겊으로 싸고 끝을 여러 갈래로 찢어 제기를 만들었고, 요즘은 비닐로 만든 것을 흔히 쓴다. 찰 때마다 발을 땅에 디디는 땅강아지, 차는 발을 땅에 대지 않고 계속 차는 헐렁이, 두 발을 번갈아 차는 양발차기 등 차는 법이 여럿이다. 주로 겨울철, 특히 설 무렵에 아이들이 즐겼다.","연날리기는 대나무 살에 종이를 붙여 만든 연을 바람에 띄우는 놀이로, 주로 설날부터 정월 대보름까지 즐겼다. 대보름에는 연에 액을 뜻하는 글자를 써서 띄운 뒤 줄을 끊어 날려 보내며 한 해의 나쁜 운을 떨쳐 냈다. 연줄에 부레풀과 곱게 빻은 사기나 유리 가루를 먹여 질기고 날카롭게 만든 뒤 남의 연줄을 끊는 연싸움도 벌였다. 『삼국사기』에는 647년 김유신이 허수아비를 연에 매달아 띄워 흔들리는 민심을 가라앉혔다는 이야기가 실려 있다.","널뛰기는 긴 널빤지 가운데에 짚단이나 가마니를 괴고 양 끝에 한 사람씩 올라서서 번갈아 뛰어오르는 놀이다. 한 사람이 내려디디는 힘으로 맞은편 사람이 높이 솟아오르므로 두 사람의 호흡이 잘 맞아야 한다. 주로 여성들이 설날이나 단오 같은 명절에 즐겼다. 설에 널을 뛰면 한 해 동안 발바닥에 가시가 박히지 않는다는 말이 전하고, 처녀 시절 널을 뛰지 않으면 시집가서 아기를 낳지 못한다는 속설도 있었다."
훙커우 공원 의거 날짜,"윤봉길은 1908년 충청남도 예산에서 태어난 독립운동가로, 호는 매헌이다. 고향에서 야학을 열어 농촌 계몽에 힘쓰다가 중국으로 건너가 김구가 이끄는 한인애국단에 들어갔다. 1932년 4월 29일 상하이 훙커우 공원에서 열린 일본군의 전승 축하 행사장에 물통 모양 폭탄을 던져, 상하이 파견군 사령관 시라카와 요시노리 등이 숨지고 여러 고관이 다쳤다. 현장에서 붙잡힌 뒤 일본 가나자와로 끌려가 그해 12월 19일 총살되었다.","안중근은 1879년 황해도 해주에서 태어난 독립운동가로, 천주교 세례명은 토마스다. 교육으로 나라의 힘을 기르려고 삼흥학교를 세웠고, 1907년 나라 밖으로 나가 의병 활동에 뛰어들었다. 1909년 동지 11명과 함께 왼손 약지를 끊어 독립을 향한 뜻을 맹세했다. 같은 해 10월 26일 하얼빈역에서 한국 통감을 지낸 이토 히로부미를 저격했다. 뤼순 감옥에 갇혀 『동양평화론』을 쓰다가 1910년 3월 26일 사형되었다.","유관순은 1902년 충청남도 천안에서 태어난 독립운동가다. 서울 이화학당에 다니던 중 1919년 3·1 운동에 참여했고, 학교가 문을 닫자 고향으로 내려가 만세 시위를 준비했다. 양력 4월 1일 아우내 장터에서 많은 사람들과 함께 독립 만세를 외쳤는데, 이날 일본 헌병의 총격으로 부모를 모두 잃었다. 붙잡혀 서대문 감옥에 갇힌 뒤에도 만세를 부르다 모진 고문을 당했고, 1920년 9월 28일 열일곱 살의 나이로 옥중에서 숨졌다.","이봉창은 1900년 서울 용산에서 태어난 독립운동가다. 일본에서 일하며 차별을 겪은 뒤 상하이로 건너가 한인애국단에 가입했다. 1932년 1월 8일 도쿄 사쿠라다몬 부근에서 관병식을 마치고 돌아가던 일왕 히로히토의 행렬을 향해 수류탄을 던졌다. 목표를 이루지는 못했으나 이 일은 한국 독립운동의 뜻을 널리 알리는 계기가 되었다. 그해 10월 10일 도쿄의 이치가야 형무소에서 사형되었고, 광복 뒤인 1946년 유해가 돌아와 효창공원에 묻혔다."
추석의 기원 신라 길쌈 대회,"추석은 음력 8월 15일로, 한가위 또는 중추절이라고도 한다. 신라 때 궁중 여인들이 두 편으로 나뉘어 한 달 가까이 길쌈 솜씨를 겨룬 뒤 마지막 날 잔치를 벌였다는 가배 이야기가 기원으로 전한다. 햇곡식과 햇과일로 차례를 지내고 조상의 묘를 찾아 성묘를 한다. 햅쌀로 빚은 송편과 토란국을 먹으며, 밤에는 둥근 달 아래에서 강강술래를 즐겼다. 대한민국에서는 추석 전날부터 다음 날까지 사흘을 공휴일로 쉰다.","설날은 음력 1월 1일로, 한 해를 여는 명절이다. 아침에 조상에게 차례를 지내고 웃어른께 세배를 드리며, 새로 장만한 설빔을 입는다. 흰 떡을 썰어 끓인 떡국을 먹는데, 떡국을 먹어야 나이를 한 살 더 먹는다는 말이 있다. 한동안 양력설만 공식 명절로 대접받다가 1985년 '민속의 날'이라는 이름으로 하루 공휴일이 되었다. 1989년에 설날이라는 이름을 되찾으면서 전날과 다음 날을 더한 사흘 연휴가 되었다.","정월 대보름은 음력 1월 15일로, 새해 들어 처음 보름달이 뜨는 날이다. 이날 새벽에는 호두, 땅콩, 밤 같은 단단한 견과를 깨무는 부럼깨기를 하며 한 해 동안 부스럼이 나지 않기를 빌었다. 여러 곡식을 섞어 지은 오곡밥과 말려 둔 묵은 나물을 먹고, 귀가 밝아지라며 데우지 않은 술을 마시기도 했다. 아침에 만난 사람에게 내 더위를 사 가라고 외치는 더위팔기를 했고, 밤에는 달집을 태우며 논둑에 불을 놓는 쥐불놀이를 즐겼다.","단오는 음력 5월 5일로, 한 해 가운데 양의 기운이 가장 왕성한 날로 여겨졌다. 수릿날, 천중절이라고도 부른다. 여자들은 창포를 삶은 물에 머리를 감고 그네를 뛰었으며, 남자들은 씨름으로 힘을 겨루었다. 여름 더위를 앞두고 부채를 선물하는 풍습이 있었고, 수리취를 넣어 수레바퀴 무늬를 찍은 떡을 먹었다. 강원도에서 열리는 강릉단오제는 2005년 유네스코 인류무형문화유산에 올랐다."
가장 오랜 세월 건조했던 사막,"나미브 사막은 아프리카 남서부 대서양 해안을 따라 앙골라, 나미비아, 남아프리카 공화국에 걸쳐 약 1,600km 뻗은 사막이다. 면적은 약 80,900km²이다. 5,500만~8,000만 년 전부터 건조하거나 반건조한 상태였던 것으로 보여, 세계에서 가장 오래된 사막으로 여겨진다. 차가운 벵겔라 해류 위로 따뜻한 공기가 지나며 짙은 안개가 한 해에 180일 넘게 낀다. 해안 쪽 기온은 한 해 내내 9~20°C로 고르지만 내륙은 기온 차가 크다. 높이 300m에 이르는 모래 언덕이 이어져 있으며, 나미브 모래 바다는 유네스코 세계 유산으로 지정되었다.","사하라 사막은 아프리카 북부에 펼쳐진 사막으로, 면적은 약 940만 km²이다. 남극 다음으로 넓은 사막이자 더운 사막 가운데서는 가장 크다. 이름은 아랍어로 '사막'을 뜻하는 말에서 왔다. 이집트, 리비아, 알제리, 모로코, 튀니지, 말리, 모리타니, 니제르, 차드, 수단 등 10개 나라에 걸쳐 있다. 모래로 덮인 곳은 약 20%뿐이고 나머지는 풍화된 암석과 자갈로 된 땅이다. 가장 높은 곳은 티베스티산맥의 에미쿠시로 높이가 3,445m이다. 아득한 지질 시대에는 이 일대에 늪과 맹그로브, 열대 우림이 펼쳐져 있었다.","고비 사막은 몽골 남부와 중국 북부에 걸친 사막으로, 면적은 약 129만 5천 km²이며 아시아에서 가장 크다. 이름은 몽골어로 '거친 땅'을 뜻한다. 한랭 사막이어서 겨울에는 -40°C까지 떨어지고 여름에는 45°C까지 올라가며, 하루 사이에도 기온이 35°C나 오르내리기도 한다. 공룡 화석이 많이 나오는 곳으로 유명한데, 로이 채프먼 앤드루스가 이끈 탐사대가 '불타는 절벽'에서 공룡알 화석을 찾아냈다. 봄철 한반도로 날아오는 황사의 주요 발원지이며, 혹이 두 개인 쌍봉낙타가 산다.","아타카마 사막은 남아메리카 태평양 연안, 칠레 북부를 중심으로 길이 약 1,600km, 평균 너비 약 100km로 길게 뻗은 사막이다. 면적은 약 105,000km²이다. 극지방을 빼면 지구에서 가장 메마른 곳으로 꼽히며, 미국 데스밸리보다 50배나 건조하다고 한다. 차가운 훔볼트 해류가 공기를 식히고 안데스산맥이 비구름을 막는 비그늘을 만들어, 약 2천만 년 동안 가뭄이 이어져 왔다. 19세기에는 초석, 그 뒤로는 구리를 캐는 광산이 발달했다. 맑고 건조한 하늘 덕분에 알마(ALMA) 같은 천문 관측 시설이 들어섰다. 드물게 비가 내리면 메마른 땅 위로 들꽃이 한꺼번에 피어난다."
K2라는 이름은 어떻게 붙었나,"K2는 높이 8,611m로 에베레스트산 다음으로 높은 세계 제2봉이다. 카라코람산맥에 있으며 파키스탄과 중국의 국경에 걸쳐 있다. 1856년 영국 측량대가 카라코람의 봉우리에 차례로 번호를 매길 때 두 번째 봉우리로 기록되어 K2라는 이름이 붙었고, 초고리나 고드윈오스틴산이라고도 한다. 1954년 7월 31일 이탈리아 원정대의 아킬레 콤파뇨니와 리노 라체델리가 처음 올랐다. 2021년 1월 16일에는 10명의 등반대가 처음으로 겨울철 정상에 올랐다. 높이는 두 번째지만 오르기가 훨씬 까다롭고 사망률도 높은 산으로 이름나 있다.","에베레스트산은 해발 8,848.86m로 세계에서 가장 높은 산이다. 히말라야산맥 가운데 네팔과 중국의 국경에 솟아 있다. 네팔에서는 사가르마타, 티베트에서는 초모룽마라 부르며, 영어 이름은 영국의 측량가 조지 에베레스트에게서 따왔다. 1953년 5월 29일 뉴질랜드의 에드먼드 힐러리와 셰르파인 텐징 노르게이가 처음으로 꼭대기를 밟았다. 한국인으로는 1977년 고상돈이 처음 정상에 섰다. 지각판이 움직이는 탓에 산이 해마다 조금씩 높아지는 것으로 알려져 있다.","킬리만자로산은 탄자니아 북동부에 있는 아프리카 최고봉으로, 높이는 5,895m이다. 키보, 마웬지, 시라 세 화산 봉우리로 이루어지며, 가장 높은 것이 키보이다. 마웬지는 5,254m, 시라는 3,778m이다. 1889년 10월 6일 독일의 지리학자 한스 마이어와 오스트리아의 산악인 루트비히 푸르트셸러가 유럽인으로는 처음 키보 정상에 올랐다. 적도에서 멀지 않은데도 꼭대기에 빙원이 있으나, 그 규모가 점점 줄고 있다. 각 대륙의 가장 높은 산을 이르는 7대륙 최고봉 가운데 하나이며, 국립공원으로 보호되고 유네스코 세계 유산에도 올라 있다.","몽블랑은 높이 약 4,808m로 알프스산맥과 서유럽에서 가장 높은 산이다. 프랑스의 오트사부아와 이탈리아의 발레다오스타 사이 국경에 솟아 있다. 이름은 프랑스어로 '하얀 산'이라는 뜻이다. 1786년 8월 8일 미셸가브리엘 파카르와 자크 발마가 처음 정상에 올랐으며, 이 일은 등산의 역사에서 중요한 이정표로 꼽힌다. 1965년에는 산 밑을 지나는 길이 약 11.6km의 몽블랑 터널이 완공되어 프랑스의 샤모니와 이탈리아의 쿠르마예르를 잇는다. 산자락의 샤모니는 1924년 제1회 동계 올림픽을 치렀다."
우포늪은 언제 생겨났을까,"우포늪은 경상남도 창녕군 유어면, 이방면, 대합면, 대지면에 걸친 한국 최대의 내륙 습지로, 면적은 약 231만 m²이다. 약 1억 4천만 년 전에 생겨난 것으로 추정되며, 낙동강 지류인 토평천이 흘러든다. 식물 340여 종, 조류 62종, 어류 28종이 사는 것으로 조사되었고, 멸종 위기종인 가시연꽃도 자란다. 1998년 람사르 협약에 따른 국제 보호 습지로 등록되었으며, 2011년 1월 13일 천연기념물 제524호로 다시 지정되었다.","대암산 용늪은 강원특별자치도 인제군 대암산(1,304m) 꼭대기 가까이, 해발 약 1,280m에 자리한 산지 습지이다. 1997년 한국에서 처음으로 람사르 협약 습지로 등록되었다. 추운 날씨 탓에 죽은 식물이 다 썩지 못하고 쌓여 이탄층을 이루었으며, 이런 고층 습원은 국내에서 매우 드물다. 습지는 4,000~5,000년 전부터 만들어진 것으로 보이며 면적은 약 1.06km²이다. 끈끈이주걱, 비로용담, 삿갓사초 같은 희귀 식물이 군락을 이룬다. 하늘로 오르던 용이 쉬어 갔다는 전설에서 이름이 왔고, 보호를 위해 미리 예약한 사람만 정해진 철에 들어갈 수 있다.","한국의 갯벌은 2021년 7월 26일 제44차 세계 유산 위원회에서 유네스코 세계 자연 유산으로 등재되었다. 서천, 고창, 신안, 보성·순천의 갯벌 네 곳으로 이루어지며, 모두 합친 면적은 약 1,293km²이다. 제주 화산섬과 용암 동굴에 이어 한국의 두 번째 세계 자연 유산이다. 생물 다양성을 제자리에서 보전하는 데 중요한 서식지라는 기준을 인정받았다. 해마다 300종 가까운 철새 약 100만 마리가 머물다 가고, 150여 종의 바닥 생물이 산다. 시베리아로 향하는 도요물떼새가 쉬어 가는 중간 기착지로도 중요하다.",
원핵세포와 진핵세포 리보솜 크기 차이,"리보솜은 전령 RNA(mRNA)의 유전 정보를 읽어 아미노산을 차례로 이어 붙이며 단백질을 합성하는 세포 소기관이다. 약 65%가 리보솜 RNA이고 나머지 35%가 단백질이며, 큰 단위체와 작은 단위체 두 부분으로 이루어진다. 막으로 싸여 있지 않으며, 세포질에 떠 있거나 소포체 표면에 붙어 있다. 원핵세포의 리보솜은 70S(50S와 30S), 진핵세포의 리보솜은 80S(60S와 40S)로 크기가 다르다. 1950년대 중반 조지 에밀 펄레이드가 전자 현미경으로 처음 관찰했으며, 그는 1974년 노벨 생리학·의학상을 받았다. 2009년에는 리보솜의 구조와 기능을 밝힌 세 연구자가 노벨 화학상을 받았다.","미토콘드리아는 진핵세포 안에서 영양소에 저장된 에너지를 산화적 인산화 과정으로 ATP로 바꾸는 세포 소기관이다. 바깥막과 안쪽막의 이중막으로 싸여 있고, 안쪽막이 안으로 여러 겹 접혀 들어간 주름을 크리스타라 한다. 보통 길이 2~6μm, 지름 약 0.5μm 크기이며, 한 세포에 들어 있는 수는 세포 종류에 따라 다르다. 핵과 별도로 자기만의 DNA를 지니는데, 수정 뒤 정자의 미토콘드리아가 없어지므로 거의 어머니 쪽으로만 물려받는다. 약 20억 년 전 독립 생활을 하던 세균이 다른 세포 안에 들어가 함께 살게 된 데서 비롯했다는 세포 내 공생설로 그 기원을 설명한다.","엽록체는 식물과 조류의 세포에서 광합성을 맡는 세포 소기관이다. 종자식물에서는 지름 약 5μm의 원반 모양이다. 안에는 납작한 막 주머니인 틸라코이드가 동전을 쌓은 듯 겹친 그라나가 있고, 그 둘레를 스트로마라는 액체가 채운다. 빛에너지를 받아들이는 반응은 틸라코이드 막에서 일어난다. 색소인 엽록소는 주로 파란빛과 붉은빛을 흡수하고 초록빛을 반사하므로 잎이 초록색으로 보인다. 스트로마에는 핵과 별개인 자체 DNA가 들어 있으며, 먼 옛날 남세균이 다른 세포 안에 들어와 공생하면서 생겨났다고 여겨진다. 광합성 외에 아미노산과 지질 합성에도 관여한다.","골지체는 납작한 주머니가 여러 겹 포개진 모양의 세포 소기관으로, 1898년 이탈리아 해부학자 카밀로 골지가 처음 발견해 그의 이름이 붙었다. 소포체 쪽을 향한 시스면으로 물질을 받아들이고, 반대편 트랜스면으로 가공을 마친 물질을 내보낸다. 안에서는 단백질과 지질에 당을 붙이거나 인산기를 다는 등 화학적 변형을 하고, 목적지에 맞는 표지를 달아 분류한다. 정리된 물질은 작은 막 주머니인 소포에 담겨 운반되며, 리소좀을 만드는 데도 관여한다. 항체를 분비하는 형질 세포처럼 분비가 활발한 세포에서 특히 잘 발달해 있다."
모차르트 마술피리 발표 연도,"볼프강 아마데우스 모차르트는 1756년 잘츠부르크에서 태어난 고전파 작곡가다. 궁정 음악가였던 아버지 레오폴트에게 음악을 배워 다섯 살에 처음 곡을 지었고, 어린 시절부터 유럽 여러 도시를 돌며 연주했다. 1781년 빈으로 옮긴 뒤 1786년 「피가로의 결혼」, 1787년 「돈 조반니」, 1791년 「마술피리」 같은 오페라를 무대에 올렸다. 그의 작품에는 루트비히 폰 쾨헬이 정리한 쾨헬 번호가 붙는다. 1791년 서른다섯 살로 세상을 떠나 「레퀴엠」은 미완성으로 남았다.","요제프 하이든은 1732년 오스트리아 로라우에서 태어난 고전파 작곡가다. 1761년부터 약 30년 동안 헝가리 귀족 에스테르하지 가문의 궁정 악단에서 일하며 수많은 곡을 썼다. 교향곡을 100곡 넘게 남기고 현악 4중주의 틀을 다듬어 '교향곡의 아버지', '현악 4중주의 아버지'로 불린다. 후원자가 세상을 떠난 뒤 1791년부터 런던을 오가며 큰 인기를 누렸고, 조용한 악장 중간에 갑자기 큰 소리를 내는 「놀람」 교향곡도 이 무렵 썼다. 1809년 빈에서 세상을 떠났다.","루트비히 판 베토벤은 1770년 독일 본에서 태어나 1792년 빈으로 옮겨 간 작곡가로, 그곳에서 하이든에게 배우기도 했다. 20대 후반부터 귀가 나빠지기 시작해 1802년에는 절망을 털어놓은 하일리겐슈타트 유서를 썼다. 모두 아홉 곡의 교향곡을 남겼는데, 3번 「영웅」은 처음에 나폴레옹에게 바치려다 그가 황제에 오르자 헌정을 거두었다는 일화가 있다. 1824년 초연한 9번 교향곡의 마지막 악장에는 실러의 시 「환희의 송가」에 붙인 합창이 들어 있다. 1827년 빈에서 세상을 떠났다.","프란츠 슈베르트는 1797년 빈에서 태어난 작곡가로, 600곡이 넘는 가곡을 지어 '가곡의 왕'으로 불린다. 괴테의 시에 곡을 붙인 「마왕」과 「들장미」, 물고기를 노래한 「송어」가 널리 알려져 있다. 1823년 연가곡 「아름다운 물방앗간 아가씨」를, 1827년 「겨울 나그네」를 썼다. 두 악장만 완성된 교향곡은 「미완성」이라는 이름으로 불린다. 서른한 살이던 1828년 세상을 떠났으며, 생전에 우러르던 베토벤 가까이에 묻혔다."
트리케라톱스 뿔은 몇 개이고 어디 있나,"트리케라톱스는 백악기 말, 약 7,000만 년 전 오늘날의 미국과 캐나다 서부 지역에 살았던 초식 공룡이다. 이름은 고대 그리스어로 '세 개의 뿔이 있는 얼굴'이라는 뜻인데, 두 눈 위에 하나씩, 코 위에 하나의 뿔이 있다. 목 뒤로는 뼈로 된 넓은 프릴이 둘러 있고 가장자리에 작은 뼈 장식이 늘어서 있다. 몸길이는 8~9m, 몸무게는 5~9톤으로 추정된다. 완전한 두개골은 길이가 약 2.5m에 이르러 몸길이의 3분의 1쯤 된다. 야자류, 소철류, 양치류 같은 식물을 먹었을 것으로 보이며, 1889년 오스니얼 찰스 마시가 이름을 붙였다.",,,
우리 역사 첫 여왕은 언제 즉위했나,"선덕여왕은 진평왕의 딸 덕만으로, 632년에 즉위한 신라 제27대 왕이다. 우리 역사에서 처음으로 왕위에 오른 여성이다. 634년부터 인평이라는 연호를 썼고, 같은 해 분황사를 완공했다. 재위 중에 별을 관측한 시설로 알려진 첨성대를 세웠으며, 645년에는 황룡사 구층 목탑을 완성했다. 647년 상대등 비담이 반란을 일으킨 와중에 세상을 떠났고, 경주 낭산 자락에 묻혔다.","김유신은 595년에 태어난 신라의 장군으로, 금관가야 왕족의 후손이다. 열다섯 살에 화랑이 되었고, 629년 낭비성 싸움에서 처음 크게 이름을 떨쳤다. 660년 황산벌에서 계백이 이끈 백제의 5천 결사대를 무너뜨려 백제 멸망의 길을 열었다. 누이 문명부인이 김춘추와 혼인하면서 왕실과 인척 관계를 맺었다. 673년에 세상을 떠났으며, 835년 흥덕왕 때 흥무대왕이라는 왕의 칭호를 받았다. 왕족이 아닌 사람이 죽은 뒤 대왕으로 높여진 드문 예다.","태종 무열왕은 신라 제29대 왕으로, 이름은 김춘추이며 654년에 즉위했다. 성골의 대가 끊긴 뒤 진골 신분으로서는 처음 왕위에 올랐다. 즉위하기 전인 648년 당나라에 직접 건너가 당 태종에게서 군사를 보내 주겠다는 약속을 받아 냈다. 왕이 된 뒤 당군과 힘을 합쳐 660년 백제의 수도 사비를 함락했고, 이듬해 세상을 떠났다. 경주 서악동에 능이 있으며, 능 앞 비석은 몸돌이 사라지고 거북 모양 받침돌과 머릿돌만 남아 국보로 지정되었다.","문무왕은 태종 무열왕의 맏아들 김법민으로, 661년에 즉위한 신라 제30대 왕이다. 668년 당나라 군대와 함께 평양성을 함락해 고구려를 무너뜨렸다. 그 뒤 한반도 전체를 차지하려는 당과 맞서 싸워, 675년 매소성과 676년 기벌포에서 당군을 크게 물리치고 삼국 통일을 마무리했다. 681년 세상을 떠나면서 죽어서 용이 되어 나라를 지키겠다는 뜻을 남겼다고 전하며, 유해는 경주 앞바다의 대왕암에 모셔졌다. 아들 신문왕이 그를 기리는 감은사를 완성했다."
명량 해전 때 조선 판옥선 몇 척,"명량 해전은 1597년 음력 9월 16일 전라도 해남과 진도 사이의 좁은 물목에서 벌어졌다. 앞서 원균이 이끈 조선 수군이 칠천량에서 거의 무너지자, 선조는 백의종군하던 이순신을 다시 삼도수군통제사로 불러들였다. 이순신은 남은 판옥선 13척으로 130척이 넘는 일본 함대를 맞았고, 물살의 방향이 바뀌는 때를 이용해 적을 몰아붙였다. 일본 배 30여 척이 부서졌으나 조선은 한 척의 배도 잃지 않았다.","울돌목은 전라남도 해남군과 진도군 사이에 놓인 해협으로, 한자로는 명량이라 쓴다. 가장 좁은 곳의 폭이 300m 안팎이고 물살이 매우 빨라, 바닷물이 바위에 부딪혀 우는 듯한 소리를 낸다는 데서 이름이 붙었다. 1984년 길이 484m의 진도대교가 놓이면서 섬과 뭍이 이어졌다. 정유재란 때 이순신은 겨우 열세 척의 판옥선을 이끌고 이 물목에서 일본 수군을 막아 냈다.","옥포 해전은 1592년 음력 5월 7일 경상도 거제 옥포 앞바다에서 벌어진 싸움이다. 임진왜란이 터진 뒤 전라좌수사 이순신이 처음으로 출전한 해전으로, 경상우수사 원균의 배들과 함께 싸웠다. 판옥선과 작은 배를 합쳐 90여 척에 이른 조선 함대는 포구에 머물던 일본 배들을 기습해 26척을 불태웠다. 조선 쪽 피해는 부상자 한 명에 그쳤다. 육지에서 잇따라 밀리던 조선군이 전쟁이 시작된 뒤 처음 거둔 승리였다.","한산도 대첩은 1592년 음력 7월 8일 한산도 앞바다에서 조선 수군이 일본 함대를 크게 무찌른 싸움이다. 이순신은 좁고 암초가 많은 견내량에 머물던 와키자카 야스하루의 함대를 넓은 바다로 꾀어낸 뒤, 학이 날개를 펼친 모양으로 배를 벌려 세우는 학익진으로 에워쌌다. 이억기와 원균의 함대가 함께 싸웠고 거북선도 앞장섰다. 이 싸움 뒤 일본은 바닷길로 서쪽을 치려던 계획을 접었다. 진주 대첩, 행주 대첩과 함께 임진왜란 3대 대첩으로 꼽힌다."
흥무대왕으로 높여진 신라 장군,"김유신은 595년에 태어난 신라의 장군으로, 금관가야 왕족의 후손이다. 열다섯 살에 화랑이 되었고, 629년 낭비성 싸움에서 처음 크게 이름을 떨쳤다. 660년 황산벌에서 계백이 이끈 백제의 5천 결사대를 무너뜨려 백제 멸망의 길을 열었다. 누이 문명부인이 김춘추와 혼인하면서 왕실과 인척 관계를 맺었다. 673년에 세상을 떠났으며, 835년 흥덕왕 때 흥무대왕이라는 왕의 칭호를 받았다. 왕족이 아닌 사람이 죽은 뒤 대왕으로 높여진 드문 예다.","태종 무열왕은 신라 제29대 왕으로, 이름은 김춘추이며 654년에 즉위했다. 성골의 대가 끊긴 뒤 진골 신분으로서는 처음 왕위에 올랐다. 즉위하기 전인 648년 당나라에 직접 건너가 당 태종에게서 군사를 보내 주겠다는 약속을 받아 냈다. 왕이 된 뒤 당군과 힘을 합쳐 660년 백제의 수도 사비를 함락했고, 이듬해 세상을 떠났다. 경주 서악동에 능이 있으며, 능 앞 비석은 몸돌이 사라지고 거북 모양 받침돌과 머릿돌만 남아 국보로 지정되었다.","문무왕은 태종 무열왕의 맏아들 김법민으로, 661년에 즉위한 신라 제30대 왕이다. 668년 당나라 군대와 함께 평양성을 함락해 고구려를 무너뜨렸다. 그 뒤 한반도 전체를 차지하려는 당과 맞서 싸워, 675년 매소성과 676년 기벌포에서 당군을 크게 물리치고 삼국 통일을 마무리했다. 681년 세상을 떠나면서 죽어서 용이 되어 나라를 지키겠다는 뜻을 남겼다고 전하며, 유해는 경주 앞바다의 대왕암에 모셔졌다. 아들 신문왕이 그를 기리는 감은사를 완성했다.","선덕여왕은 진평왕의 딸 덕만으로, 632년에 즉위한 신라 제27대 왕이다. 우리 역사에서 처음으로 왕위에 오른 여성이다. 634년부터 인평이라는 연호를 썼고, 같은 해 분황사를 완공했다. 재위 중에 별을 관측한 시설로 알려진 첨성대를 세웠으며, 645년에는 황룡사 구층 목탑을 완성했다. 647년 상대등 비담이 반란을 일으킨 와중에 세상을 떠났고, 경주 낭산 자락에 묻혔다."
왕산악이 만든 현악기,"거문고는 고구려의 재상 왕산악이 중국 진나라에서 들어온 칠현금을 고쳐 만들었다고 전하는 현악기다. 그가 새 악기로 곡을 연주하자 검은 학이 날아와 춤을 추었다 하여 현학금이라 불렸고, 이것이 거문고라는 이름으로 이어졌다. 명주실 줄 6개와 16개의 괘를 갖추었으며, 대나무로 깎은 술대로 줄을 내리치거나 뜯어 소리를 낸다. 소리가 깊고 묵직해 옛 선비들이 마음을 닦는 악기로 아꼈다.","가야금은 가야의 가실왕이 만들고 악사 우륵에게 곡을 짓게 했다고 전하는 현악기다. 전통 가야금은 명주실을 꼬아 만든 줄 12개를 걸고, 줄마다 안족이라 부르는 기러기발 모양의 받침을 세운다. 연주자는 악기 머리 쪽을 오른쪽 무릎에 올려놓고 오른손으로 줄을 뜯으며, 왼손으로 줄을 눌러 소리를 꾸민다. 궁중 음악에 쓰는 정악 가야금과 몸체가 작아 빠른 가락에 알맞은 산조 가야금으로 나뉘며, 오늘날에는 줄을 25개까지 늘린 개량 가야금도 쓰인다.","해금은 두 줄을 말총으로 만든 활로 문질러 소리를 내는 찰현악기다. 중국 북방에서 비롯되어 고려 때 들어온 것으로 보이며, 조선 성종 때 펴낸 『악학궤범』에도 실려 있다. 두 줄 사이에 활대를 끼워 넣고 안쪽 줄과 바깥쪽 줄을 번갈아 긁으며, 왼손으로 줄을 감아쥐는 힘을 달리해 음 높이를 정한다. 궁중 음악과 민속 음악에 두루 쓰이고 소리가 날카로우면서도 애잔하다. 민간에서는 깽깽이라고도 불렀다.","대금은 가로로 부는 대나무 관악기로, 신라 때 대금, 중금, 소금을 아울러 이른 삼죽 가운데 가장 크다. 길이가 80cm를 넘으며, 양쪽에 골이 파이고 살이 두꺼운 쌍골죽으로 만든 것을 으뜸으로 친다. 입김을 불어 넣는 취구, 손가락으로 막는 지공 6개와 함께 갈대 속막을 붙인 청공이 있어 떨리는 듯한 독특한 소리가 난다. 합주에서는 다른 악기들이 대금의 음에 맞추어 조율한다. 거센 물결을 잠재웠다는 신라의 피리 만파식적 이야기가 전한다."
지구 부피에서 맨틀이 차지하는 비율,"맨틀은 지각 아래에서 깊이 약 2,900km까지 이어지는 층으로, 지구 부피의 약 84%와 질량의 약 67%를 차지한다. 주로 감람석과 휘석이 든 감람암으로 이루어져 있다. 깊이에 따라 상부 맨틀, 약 410~660km 구간의 전이대, 하부 맨틀로 나뉜다. 상부 맨틀에는 깊이 100~200km 부근부터 부분적으로 무른 연약권이 있어, 그 위에 얹힌 딱딱한 암석권 판이 움직일 수 있다. 맨틀 물질은 온도 차 때문에 아주 느리게 대류하는데, 뜨거운 물질은 해령 쪽에서 솟고 식은 물질은 섭입대에서 가라앉으며 판을 움직이는 힘이 된다.","지각은 지구의 가장 바깥을 이루는 얇은 암석층으로, 지구 부피의 1%도 되지 않는다. 대륙 지각은 화강암질 암석이 많고 두께가 곳에 따라 20~90km, 평균 약 35km이다. 해양 지각은 현무암질 암석으로 이루어져 두께가 5~10km로 얇지만 밀도는 더 크다. 주로 산소와 규소에 알루미늄, 철, 칼슘 등이 결합한 규산염 광물로 되어 있다. 지각과 그 아래 맨틀의 경계는 모호로비치치 불연속면이라 하는데, 크로아티아 지진학자 안드리야 모호로비치치가 1909년 지진 기록을 분석해 찾아냈다. 이 경계를 지나면 P파의 속도가 초속 1km쯤 갑자기 빨라진다.","외핵은 맨틀 아래 깊이 약 2,890km에서 5,150km 사이에 있는 층으로, 두께가 약 2,260km이다. 지구를 이루는 큰 층 가운데 유일하게 액체 상태인데, 이는 고체만 지날 수 있는 S파가 이 층을 통과하지 못한다는 관측으로 확인되었다. 주성분은 철과 니켈이고 산소, 규소, 황 같은 가벼운 원소가 섞여 있다. 온도는 바깥쪽이 약 3,000~4,500K이며 안쪽으로 갈수록 더 높아진다. 전기가 통하는 금속 유체가 대류하며 전류를 만들고, 이 다이너모 작용이 지구 자기장을 유지한다.","내핵은 지구 한가운데 있는 반지름 약 1,230km의 공 모양 부분으로, 지구 반지름의 약 20%에 해당한다. 온도는 약 5,400~5,700K로 태양 표면과 맞먹을 만큼 높지만, 엄청난 압력이 철의 녹는점을 끌어올려 고체 상태를 유지한다. 주로 철과 니켈의 합금으로 되어 있다. 덴마크 지진학자 잉에 레만이 1936년 지진파를 분석해 그 존재를 처음 밝혔으며, 당시 추정한 반지름은 약 1,400km였다. 둘레의 액체 금속이 조금씩 얼어붙으면서 해마다 약 1mm씩 커지는 것으로 추정된다."
유럽 최고 높이의 활화산,"에트나산은 이탈리아 시칠리아섬 동부, 메시나와 카타니아 사이에 있는 성층 화산으로, 높이는 약 3,350m이다. 유럽에서 가장 높은 활화산이며, 알프스 남쪽 이탈리아에서도 가장 높은 산이다. 지금도 분화가 잦아 2020년 12월에는 용암이 100m 넘게 솟구치고 화산재가 상공 5km까지 올라갔다. 2013년 유네스코 세계 자연 유산으로 지정되었다. 그리스 신화에서는 제우스가 괴물 티폰을 이 산 밑에 가두었다고 하며, 대장장이 신 헤파이스토스의 대장간이 산속 깊은 곳에 있다고도 전한다.","후지산은 일본 혼슈 중부의 시즈오카현과 야마나시현 경계에 솟은 산으로, 높이 3,776m로 일본에서 가장 높다. 수만 년 동안 분화가 거듭되며 쌓인 성층 화산이다. 마지막 분화는 1707년의 호에이 대분화이다. 기슭에는 후지 5호라 불리는 호수들이 있고, 맑은 날에는 도쿄에서도 보인다. 예로부터 신앙의 대상이자 예술의 소재였으며, 2013년 '후지산, 신앙의 대상이자 예술의 원천'이라는 이름으로 유네스코 세계 문화유산에 올랐다. 일반 등산은 주로 7~8월에 할 수 있다.","베수비오산은 이탈리아 캄파니아주 나폴리에서 약 6km 떨어진 성층 화산으로, 주봉의 높이는 1,281m이다. 서기 79년의 대분화로 로마 도시 폼페이와 헤르쿨라네움이 화산재와 부석에 묻혔는데, 소 플리니우스가 이 광경을 글로 남겼다. 이처럼 화산재와 가스를 높이 뿜어 올리는 격렬한 분화를 그의 이름을 따 플리니식 분화라 한다. 마지막 분화는 1944년이며 그 뒤로는 잠잠하지만 여전히 활화산으로 분류된다. 20세기에 유럽 본토에서 분화한 유일한 화산이다. 주변에 약 300만 명이 살아 세계에서 가장 위험한 화산 가운데 하나로 꼽힌다.","킬라우에아산은 미국 하와이주 하와이섬에 있는 순상 화산으로, 높이는 약 1,222m이다. 세계에서 가장 활발하게 분화하는 화산으로 꼽힌다. 1983년 시작된 분화가 오랫동안 이어지며 푸우오오 분화구를 만들고 넓은 용암 대지를 쌓았다. 2018년에는 규모 6.9의 지진과 함께 큰 분화가 일어나 주민 약 2,000명이 대피했다. 정상부의 할레마우마우 분화구는 하와이 전설 속 불의 여신 펠레가 사는 곳으로 전해진다. 폭발보다는 용암이 분수처럼 솟고 흘러내리는 하와이식 분화를 하며, 이웃한 마우나로아산과 함께 하와이 화산 국립공원에 속한다."
명성황후 시해를 꾸민 일본 공사,"을미사변은 1895년 양력 10월 8일 일본 공사 미우라 고로가 꾸민 계획에 따라 일본 군인과 낭인들이 경복궁에 들어가 명성황후를 시해한 사건이다. 황후는 궁궐 깊숙한 곳의 건청궁에서 변을 당했다. 사건 뒤 친일 내각이 단발령 같은 개혁을 밀어붙이자, 이에 반발한 유생과 농민이 곳곳에서 을미의병을 일으켰다. 신변에 위협을 느낀 고종은 1896년 2월 러시아 공사관으로 거처를 옮겼다. 일본은 가담자들을 히로시마에서 재판에 넘겼으나 모두 풀어 주었다.","윷놀이는 단면이 반달 모양인 나무 막대 네 개를 던져 나온 모양에 따라 말을 옮기는 놀이다. 젖혀진 가락의 수에 따라 도는 한 칸, 개는 두 칸, 걸은 세 칸, 윷은 네 칸, 모는 다섯 칸을 가며, 윷이나 모가 나오면 한 번 더 던진다. 말판에는 29개의 자리가 있고, 한 편이 말 네 개를 모두 먼저 내보내면 이긴다. 도, 개, 걸, 윷, 모가 각각 돼지, 개, 양, 소, 말을 가리킨다는 풀이가 있다. 주로 설날부터 정월 대보름 사이에 즐긴다.","프랑스 오픈은 1891년에 시작된 테니스 대회로, 처음에는 프랑스 선수만 나올 수 있었으나 1925년부터 외국 선수에게도 문을 열었다. 해마다 5월 말부터 6월 초까지 파리에서 열리며, 4대 메이저 가운데 유일하게 붉은 흙을 다진 클레이 코트를 쓴다. 공이 느리고 높게 튀어 긴 랠리가 자주 나온다. 1928년부터 대회장으로 쓰는 스타드 롤랑 가로스는 제1차 세계 대전 때 활약한 프랑스 비행사 롤랑 가로스의 이름을 딴 것이다.","간장은 콩으로 쑨 메주를 소금물에 담가 우려낸 검붉은 액체 양념이다. 메주를 담가 둔 소금물이 충분히 우러나면 건더기를 건져 내고 남은 물을 달여 만든다. 발효하는 동안 콩 단백질이 분해되며 생기는 물질 때문에 짙은 갈색을 띠며, 소금 농도는 대개 18~20% 정도다. 전통 방식으로 담근 한식간장은 빛깔이 옅고 짠맛이 강해 국간장이라고도 하며, 주로 국의 간을 맞출 때 쓴다. 공장에서 미생물로 발효시킨 양조간장과 산으로 콩을 분해한 산분해간장 등 개량간장도 널리 쓰인다."
목성 대적점은 무엇인가,"목성은 태양계에서 가장 큰 행성으로, 적도 지름이 약 139,822km이다. 질량은 나머지 행성을 모두 합한 것의 약 2.5배에 이른다. 자전이 매우 빨라 하루가 약 10시간이고, 태양을 한 바퀴 도는 데는 약 11.86년이 걸린다. 표면에 보이는 대적점은 거대한 고기압성 폭풍으로, 1665년 무렵부터 관측된 것으로 알려져 있다. 1610년 갈릴레오 갈릴레이가 이오, 유로파, 가니메데, 칼리스토 네 위성을 찾아냈으며, 이들을 갈릴레이 위성이라 부른다. 탐사선 주노는 2016년 7월 목성 궤도에 도착했다.","수성은 태양에 가장 가까운 행성으로, 태양과의 평균 거리는 약 5,800만 km(0.387AU)이다. 반지름이 약 2,440km로 태양계 행성 가운데 가장 작으며, 목성의 위성 가니메데나 토성의 위성 타이탄보다도 작다. 평균 밀도는 약 5.43g/cm³로 지구 다음으로 높다. 태양을 한 바퀴 도는 데 88일, 한 번 자전하는 데 약 58.6일이 걸린다. 대기가 거의 없어 표면 온도가 약 100K에서 700K 사이로 크게 오르내린다. 거느린 위성은 없다. 1974~1975년 매리너 10호가 처음 가까이 지나며 관측했고, 2004년 발사된 메신저호는 2015년까지 활동했다.","금성은 태양에서 두 번째로 가까운 행성으로, 크기와 화학 조성이 지구와 비슷해 지구의 자매 행성이라 불린다. 질량은 지구의 약 81.5%이다. 지구와 반대로 동쪽에서 서쪽으로 자전하며, 한 번 자전하는 데 약 243일이 걸려 공전 주기인 224.7일보다 오히려 길다. 대기는 대부분 이산화탄소이고 표면 기압은 지구의 약 95배에 이른다. 두꺼운 대기가 열을 가두는 탓에 표면 온도가 약 460°C까지 올라간다. 하늘을 덮은 구름은 주로 황산 방울로 이루어져 있다. 1960~1970년대 소련의 베네라 계획 탐사선들이 표면에 내려앉아 자료를 보냈다.","화성은 태양에서 네 번째 행성으로, 표면을 덮은 산화철 먼지 때문에 붉게 보인다. 하루의 길이는 24시간 37분 22초로 지구와 비슷하지만, 태양을 한 바퀴 도는 데는 약 687일이 걸린다. 대기는 매우 얇고 약 96%가 이산화탄소이다. 태양계에서 가장 높은 화산인 올림푸스 산과, 길이 약 4,000km에 깊이가 최대 7km인 매리너스 협곡이 있다. 위성은 포보스와 데이모스 두 개이며, 1877년 아사프 홀이 발견했다. 2021년 2월에는 탐사 로버 퍼서비어런스가 표면에 내려앉았다."
크루아상을 프랑스에 퍼뜨린 사람,"크루아상은 초승달을 뜻하는 프랑스어 이름처럼 반달 모양으로 휘어진 빵이다. 효모를 넣은 반죽 사이에 버터를 넣고 여러 번 접어 밀어 얇은 켜를 겹겹이 만들기 때문에, 구우면 결이 바삭하게 부풀어 오른다. 오스트리아의 초승달 모양 빵 킵펠에서 영향을 받았으며, 1838년 무렵 오스트리아 출신 아우구스트 창이 파리에 빈 식 빵집을 연 뒤 프랑스에 널리 퍼졌다. 19세기 후반에는 프랑스의 아침 식탁에 빠지지 않는 빵이 되었다.","윤봉길은 1908년 충청남도 예산에서 태어난 독립운동가로, 호는 매헌이다. 고향에서 야학을 열어 농촌 계몽에 힘쓰다가 중국으로 건너가 김구가 이끄는 한인애국단에 들어갔다. 1932년 4월 29일 상하이 훙커우 공원에서 열린 일본군의 전승 축하 행사장에 물통 모양 폭탄을 던져, 상하이 파견군 사령관 시라카와 요시노리 등이 숨지고 여러 고관이 다쳤다. 현장에서 붙잡힌 뒤 일본 가나자와로 끌려가 그해 12월 19일 총살되었다.","한라산 국립공원은 제주도 한가운데 솟은 한라산 일대를 보호하려고 1970년에 지정되었다. 한라산은 높이 약 1,947m로 남한에서 가장 높은 산이며, 정상에는 화산 분화구에 물이 고인 백록담이 있다. 산자락에서 꼭대기로 오르는 동안 아열대 식물에서 고산 식물까지 기후대에 따라 식생이 층층이 바뀐다. 산 둘레에는 작은 화산체가 약 360개 흩어져 있다. 2002년 유네스코 생물권 보전 지역으로 지정되었고, 2007년 6월 27일에는 '제주 화산섬과 용암 동굴'의 일부로 세계 자연 유산에 올랐다. 유네스코 세계 지질 공원에도 포함되어 있다.","리보솜은 전령 RNA(mRNA)의 유전 정보를 읽어 아미노산을 차례로 이어 붙이며 단백질을 합성하는 세포 소기관이다. 약 65%가 리보솜 RNA이고 나머지 35%가 단백질이며, 큰 단위체와 작은 단위체 두 부분으로 이루어진다. 막으로 싸여 있지 않으며, 세포질에 떠 있거나 소포체 표면에 붙어 있다. 원핵세포의 리보솜은 70S(50S와 30S), 진핵세포의 리보솜은 80S(60S와 40S)로 크기가 다르다. 1950년대 중반 조지 에밀 펄레이드가 전자 현미경으로 처음 관찰했으며, 그는 1974년 노벨 생리학·의학상을 받았다. 2009년에는 리보솜의 구조와 기능을 밝힌 세 연구자가 노벨 화학상을 받았다."
망원경으로 처음 찾은 행성과 발견자,"천왕성은 1781년 3월 13일 윌리엄 허셜이 발견한 행성으로, 망원경으로 찾아낸 첫 행성이다. 자전축이 약 98도 기울어져 있어 거의 옆으로 누운 채 태양을 돈다. 공전 주기는 약 84년이다. 대기의 메테인이 붉은빛을 흡수하고 푸른빛을 되돌려 보내 청록색으로 보인다. 행성 대기 가운데 가장 추워 최저 기온이 약 49K(-224°C)까지 내려간다. 고리는 1977년에 발견되었고 지금까지 13개가 알려져 있다. 1986년 1월 24일 보이저 2호가 약 81,500km 거리까지 다가가 관측했다.","해왕성은 태양에서 가장 먼 행성으로, 태양과의 평균 거리가 약 30.1AU이다. 맨눈으로 보이지 않아 관측보다 수학 계산으로 먼저 위치가 예측되었다. 위르뱅 르베리에가 계산한 자리를 바탕으로 1846년 9월 23일 요한 고트프리트 갈레가 망원경으로 찾아냈다. 공전 주기는 약 164.8년이다. 대기에서는 초속 600m 가까운 바람이 분다. 가장 큰 위성 트리톤은 행성의 자전과 반대 방향으로 공전한다. 1989년 8월 보이저 2호가 근접 통과하며 대흑점을 발견했는데, 이 폭풍은 1994년 관측에서 사라져 있었다.","명왕성은 1930년 2월 18일 클라이드 톰보가 발견한 천체로, 발견 뒤 오랫동안 아홉 번째 행성으로 불렸다. 2006년 8월 24일 국제천문연맹(IAU)이 행성의 정의를 새로 정하면서 왜행성으로 분류가 바뀌었다. 지름은 약 2,372km이고, 태양을 한 바퀴 도는 데 약 248년이 걸린다. 위성은 카론, 닉스, 히드라, 케르베로스, 스틱스 다섯 개이며, 가장 큰 카론은 1978년에 발견되었다. 2015년 7월 14일 뉴허라이즌스호가 가까이 지나가며 표면의 하트 모양 지형을 촬영했다.",
우리나라 마지막 야생 황새는 어떻게 사라졌나,"황새는 몸이 흰색이고 날개 끝이 검은 큰 물새로, 학명은 Ciconia boyciana이며 목과 윗가슴에 긴 깃털이 나 있다. 1968년 5월 31일 천연기념물 제199호로 지정되었고, 환경부 멸종위기 야생생물 Ⅰ급이며 국제자연보전연맹(IUCN)도 위기종으로 분류한다. 한국에서 번식하던 마지막 야생 황새 부부 가운데 수컷이 1971년 충청북도 음성에서 밀렵꾼의 총에 맞아 죽었고, 남은 암컷도 1994년 사육 시설에서 죽었다. 1996년 복원 연구가 시작되었으며, 2015년 충청남도 예산의 황새공원에서 처음으로 야생에 풀어 주었다. 예산군을 상징하는 새이기도 하다.","반달가슴곰은 온몸이 검은 털로 덮여 있고 가슴에 반달이나 V자 모양의 흰 털 무늬가 있는 곰이다. 몸길이는 130~190cm이며, 몸무게는 수컷이 110~150kg, 암컷이 65~90kg 정도이다. 풀과 나무 열매, 꿀 같은 먹이를 주로 먹고 겨울에는 겨울잠을 잔다. 냄새와 소리를 잘 알아차리며 한 번에 새끼를 보통 두 마리 낳는다. 한국에서는 1982년 11월 16일 천연기념물 제329호로 지정되었고, 멸종위기 야생생물 Ⅰ급으로 보호받는다. 2004년 지리산에서 개체를 풀어놓는 복원 사업이 시작되었고, 2009년부터는 야생에서 새끼가 태어나기 시작했다.","수달은 강과 하천에 사는 족제비과 동물로, 학명은 Lutra lutra이다. 몸길이는 90~110cm, 꼬리 길이는 37~46cm, 몸무게는 4~10kg이다. 몸은 물의 저항을 줄이는 유선형이고, 촘촘한 털이 물이 스며드는 것을 막아 주며, 발가락 사이에는 물갈퀴가 발달했다. 주로 물고기를 잡아먹고 개구리 같은 양서류나 게 같은 갑각류도 먹으며, 외래종인 배스와 블루길도 사냥한다. 물가의 굴이나 바위틈에 보금자리를 만든다. 한국에서는 1982년 11월 16일 천연기념물 제330호로 지정되었으며, 멸종위기 야생생물 Ⅰ급이다.","산양은 소과에 속하는 동물로, 한국에 사는 종의 학명은 Naemorhedus caudatus이다. 몸길이는 115~130cm, 꼬리는 11~15cm이다. 굵은 다리와 뾰족한 발굽을 지녀 가파른 바위 절벽을 잘 오르내린다. 해발 1,000m가 넘는 높은 산의 침엽수림과 바위 지대에 살며, 한국에서 사는 곳의 남쪽 끝은 울진 일대이다. 2~5마리가 무리를 지어 살고 주로 새벽과 해 질 녘에 움직이며, 지의류와 풀, 진달래 잎 등을 먹는다. 1968년 11월 20일 천연기념물 제217호로 지정되었고, 멸종위기 야생생물 Ⅰ급이다. 1960년대 큰 눈이 내렸을 때 먹이를 찾아 마을로 내려왔다가 많이 잡힌 일이 있다."
아스완 하이 댐은 언제 완공됐나,"나일강은 길이 약 6,650km로 흔히 세계에서 가장 긴 강으로 꼽힌다. 에티오피아, 이집트, 남수단, 수단, 우간다, 콩고 민주 공화국, 탄자니아, 케냐, 르완다 등 아홉 나라에 걸쳐 흐른다. 빅토리아호에서 흘러나온 백나일과 에티오피아 고원의 타나호에서 시작한 청나일이 수단의 하르툼에서 만난다. 이집트를 지나 지중해로 들어가며, 하구에는 넓은 삼각주가 펼쳐진다. 고대 이집트에서는 해마다 강이 넘쳐 기름진 흙을 날라 왔고, 범람 뒤 땅을 다시 나누려고 측량술과 기하학이 발달했다. 1970년 아스완 하이 댐이 완공되면서 나세르호가 생기고 물 흐름이 안정되었다.","양쯔강은 길이 약 6,300km로 아시아에서 가장 길고 세계에서 세 번째로 긴 강이다. 중국에서는 창장(長江)이라 부른다. 칭하이성의 티베트고원에 있는 탕구라산맥에서 발원해 중국 대륙을 가로지른 뒤 상하이 부근에서 동중국해로 들어간다. 유역은 중국 본토 면적의 약 5분의 1에 이르고, 중국 인구의 약 3분의 1이 이 유역에 산다. 후베이성 이창에는 1994년 착공해 2006년 본체가 완공된 싼샤 댐이 있는데, 설비 용량이 22,500MW에 이르러 2012년부터 세계 최대의 발전소가 되었다. 양쯔강돌고래 같은 고유종은 사라질 위기를 맞았다.","미시시피강은 미국 미네소타주 북부의 이타스카호에서 시작해 남쪽으로 흘러 멕시코만에 이르는 강으로, 길이는 약 3,734km이다. 미네소타, 위스콘신, 아이오와, 일리노이, 미주리, 켄터키, 테네시, 아칸소, 미시시피, 루이지애나 등 10개 주를 지나거나 그 경계를 이룬다. 가장 긴 지류인 미주리강(약 3,767km)과 이어지는 미시시피-미주리 수계는 약 6,270km로 세계에서 네 번째로 긴 하천 계통이다. 이름은 원주민 오지브웨족의 말로 '큰 강'이라는 뜻이다. 해마다 약 5억 톤의 퇴적물을 날라 뉴올리언스 남동쪽에 거대한 삼각주를 만들었다. 미니애폴리스까지 배가 오갈 수 있다.",
골지체를 처음 발견한 사람은 누구인가,"골지체는 납작한 주머니가 여러 겹 포개진 모양의 세포 소기관으로, 1898년 이탈리아 해부학자 카밀로 골지가 처음 발견해 그의 이름이 붙었다. 소포체 쪽을 향한 시스면으로 물질을 받아들이고, 반대편 트랜스면으로 가공을 마친 물질을 내보낸다. 안에서는 단백질과 지질에 당을 붙이거나 인산기를 다는 등 화학적 변형을 하고, 목적지에 맞는 표지를 달아 분류한다. 정리된 물질은 작은 막 주머니인 소포에 담겨 운반되며, 리소좀을 만드는 데도 관여한다. 항체를 분비하는 형질 세포처럼 분비가 활발한 세포에서 특히 잘 발달해 있다.","미토콘드리아는 진핵세포 안에서 영양소에 저장된 에너지를 산화적 인산화 과정으로 ATP로 바꾸는 세포 소기관이다. 바깥막과 안쪽막의 이중막으로 싸여 있고, 안쪽막이 안으로 여러 겹 접혀 들어간 주름을 크리스타라 한다. 보통 길이 2~6μm, 지름 약 0.5μm 크기이며, 한 세포에 들어 있는 수는 세포 종류에 따라 다르다. 핵과 별도로 자기만의 DNA를 지니는데, 수정 뒤 정자의 미토콘드리아가 없어지므로 거의 어머니 쪽으로만 물려받는다. 약 20억 년 전 독립 생활을 하던 세균이 다른 세포 안에 들어가 함께 살게 된 데서 비롯했다는 세포 내 공생설로 그 기원을 설명한다.","엽록체는 식물과 조류의 세포에서 광합성을 맡는 세포 소기관이다. 종자식물에서는 지름 약 5μm의 원반 모양이다. 안에는 납작한 막 주머니인 틸라코이드가 동전을 쌓은 듯 겹친 그라나가 있고, 그 둘레를 스트로마라는 액체가 채운다. 빛에너지를 받아들이는 반응은 틸라코이드 막에서 일어난다. 색소인 엽록소는 주로 파란빛과 붉은빛을 흡수하고 초록빛을 반사하므로 잎이 초록색으로 보인다. 스트로마에는 핵과 별개인 자체 DNA가 들어 있으며, 먼 옛날 남세균이 다른 세포 안에 들어와 공생하면서 생겨났다고 여겨진다. 광합성 외에 아미노산과 지질 합성에도 관여한다.","리보솜은 전령 RNA(mRNA)의 유전 정보를 읽어 아미노산을 차례로 이어 붙이며 단백질을 합성하는 세포 소기관이다. 약 65%가 리보솜 RNA이고 나머지 35%가 단백질이며, 큰 단위체와 작은 단위체 두 부분으로 이루어진다. 막으로 싸여 있지 않으며, 세포질에 떠 있거나 소포체 표면에 붙어 있다. 원핵세포의 리보솜은 70S(50S와 30S), 진핵세포의 리보솜은 80S(60S와 40S)로 크기가 다르다. 1950년대 중반 조지 에밀 펄레이드가 전자 현미경으로 처음 관찰했으며, 그는 1974년 노벨 생리학·의학상을 받았다. 2009년에는 리보솜의 구조와 기능을 밝힌 세 연구자가 노벨 화학상을 받았다."
폐비 윤씨 사건이 발단이 된 사화는 몇 년?,"갑자사화는 1504년 연산군이 생모 폐비 윤씨의 죽음에 관련된 신하들을 벌하면서 벌어진 사화다. 윤씨는 성종 때인 1482년 사약을 받고 죽었는데, 연산군이 즉위한 뒤 그 경위를 알게 되면서 보복이 시작되었다. 윤필상, 이극균 등 여러 대신이 목숨을 잃었고, 이미 죽은 한명회와 정창손 등은 무덤에서 시신이 끌려 나왔다. 화를 입은 사람들 대부분은 1506년 중종반정으로 연산군이 쫓겨난 뒤 명예를 되찾았다.",,,
하얼빈역에서 이토 히로부미를 쏜 사람,"안중근은 1879년 황해도 해주에서 태어난 독립운동가로, 천주교 세례명은 토마스다. 교육으로 나라의 힘을 기르려고 삼흥학교를 세웠고, 1907년 나라 밖으로 나가 의병 활동에 뛰어들었다. 1909년 동지 11명과 함께 왼손 약지를 끊어 독립을 향한 뜻을 맹세했다. 같은 해 10월 26일 하얼빈역에서 한국 통감을 지낸 이토 히로부미를 저격했다. 뤼순 감옥에 갇혀 『동양평화론』을 쓰다가 1910년 3월 26일 사형되었다.","윤봉길은 1908년 충청남도 예산에서 태어난 독립운동가로, 호는 매헌이다. 고향에서 야학을 열어 농촌 계몽에 힘쓰다가 중국으로 건너가 김구가 이끄는 한인애국단에 들어갔다. 1932년 4월 29일 상하이 훙커우 공원에서 열린 일본군의 전승 축하 행사장에 물통 모양 폭탄을 던져, 상하이 파견군 사령관 시라카와 요시노리 등이 숨지고 여러 고관이 다쳤다. 현장에서 붙잡힌 뒤 일본 가나자와로 끌려가 그해 12월 19일 총살되었다.","유관순은 1902년 충청남도 천안에서 태어난 독립운동가다. 서울 이화학당에 다니던 중 1919년 3·1 운동에 참여했고, 학교가 문을 닫자 고향으로 내려가 만세 시위를 준비했다. 양력 4월 1일 아우내 장터에서 많은 사람들과 함께 독립 만세를 외쳤는데, 이날 일본 헌병의 총격으로 부모를 모두 잃었다. 붙잡혀 서대문 감옥에 갇힌 뒤에도 만세를 부르다 모진 고문을 당했고, 1920년 9월 28일 열일곱 살의 나이로 옥중에서 숨졌다.","이봉창은 1900년 서울 용산에서 태어난 독립운동가다. 일본에서 일하며 차별을 겪은 뒤 상하이로 건너가 한인애국단에 가입했다. 1932년 1월 8일 도쿄 사쿠라다몬 부근에서 관병식을 마치고 돌아가던 일왕 히로히토의 행렬을 향해 수류탄을 던졌다. 목표를 이루지는 못했으나 이 일은 한국 독립운동의 뜻을 널리 알리는 계기가 되었다. 그해 10월 10일 도쿄의 이치가야 형무소에서 사형되었고, 광복 뒤인 1946년 유해가 돌아와 효창공원에 묻혔다."
과라니어로 큰 물을 뜻하는 폭포,"이구아수 폭포는 이구아수강이 아르헨티나와 브라질의 국경을 지나며 만든 폭포로, 너비 약 2.7km에 걸쳐 약 270개의 크고 작은 폭포가 늘어서 있다. 대부분 높이가 64m 안팎이고 가장 높은 곳은 82m이다. 가장 이름난 곳은 '악마의 목구멍'이라 불리는 곳이다. 이름은 원주민 과라니족의 말로 '큰 물'을 뜻한다. 폭포를 둘러싼 국립공원은 아르헨티나 쪽이 1984년, 브라질 쪽이 1986년에 각각 유네스코 세계 유산으로 지정되었다. 세계 7대 자연 경관 가운데 하나로도 뽑혔으며, 걷는 길이나 배, 헬리콥터로 둘러볼 수 있다.","빅토리아 폭포는 아프리카 남부의 잠베지강이 잠비아와 짐바브웨의 국경에서 떨어지며 만든 폭포로, 너비는 약 1.7km, 높이는 약 108m이다. 세계에서 손꼽히게 큰 폭포이다. 현지에서는 '천둥 치는 연기'라는 뜻의 모시오아툰야라는 이름으로 부른다. 영어 이름은 스코틀랜드의 탐험가 데이비드 리빙스턴이 영국의 빅토리아 여왕을 기려 붙였다. 1989년 자연 경관과 지질학적 가치를 인정받아 유네스코 세계 자연 유산으로 지정되었으며, 세계 유산 목록에는 두 이름이 함께 올라 있다.","나이아가라 폭포는 미국 뉴욕주와 캐나다 온타리오주의 국경에 있으며, 캐나다 쪽의 호스슈 폭포와 미국 쪽의 아메리칸 폭포, 브라이덜베일 폭포 세 개로 이루어진다. 이리호의 물이 온타리오호로 흘러가는 길목에 있다. 캐나다 쪽 폭포는 높이가 약 53.6m이며, 세 폭포를 합쳐 1분에 약 168,000m³의 물이 떨어진다. 약 1만 년 전 빙하가 녹으면서 생겨났고, 처음에는 지금보다 약 11km 하류의 루이스턴 부근에 있었으나 침식으로 조금씩 상류 쪽으로 물러났다. 1961년 들어선 수력 발전소는 발전기 13대로 약 219만 kW를 만든다. 해마다 약 2천만 명이 찾는다.",
물체가 이중으로 비쳐 보이는 광물,"방해석은 탄산칼슘(CaCO₃)으로 된 광물로, 모스 굳기 3의 기준이 된다. 결정계는 삼방정계이며, 깨뜨리면 비스듬한 육면체인 능면체 조각으로 쪼개진다. 투명한 결정을 통해 글씨를 보면 두 겹으로 보이는 복굴절이 뚜렷한데, 예전 광학 실험에 쓰인 맑은 결정은 주로 아이슬란드에서 났다. 묽은 염산을 떨어뜨리면 거품을 내며 녹는다. 석회암의 주성분이고, 변성 작용을 거친 대리암의 대부분을 이루기도 한다. 고대 이집트에서는 투탕카멘 무덤의 부장품과 그릇 재료로 쓰였다.","다이아몬드는 탄소 원자만으로 이루어진 광물로, 원자들이 입방정 결정 구조로 촘촘히 결합해 있다. 모스 굳기 10으로 천연 물질 가운데 가장 단단하다. 흑연과 같은 탄소의 동소체이지만, 보통의 온도와 압력에서 더 안정한 쪽은 흑연이다. 대부분 지하 150~250km 깊이의 높은 압력과 온도에서 만들어지며, 킴벌라이트라는 화산암에 실려 지표 가까이 올라온다. 굴절률이 약 2.42로 높아 빛을 강하게 꺾어 반짝인다. 1950년대에는 고온 고압을 이용해 인공으로 합성하는 방법이 개발되었다.","석영은 이산화규소(SiO₂)로 이루어진 광물로, 대륙 지각에서 가장 흔한 광물 가운데 하나이다. 모스 굳기는 7이고, 끝이 뾰족한 육각기둥 모양의 결정으로 자란다. 누르면 전압이 생기는 압전 효과가 있어 수정 시계와 전자 기기의 진동자로 쓰인다. 보라색인 자수정, 노란색인 황수정, 분홍색인 장미 석영처럼 색에 따라 여러 변종이 있다. 유리의 주원료이며, 사암에도 평균 65% 정도 들어 있다. 약 573°C가 넘으면 결정 구조가 고온형으로 바뀐다.","강옥은 산화알루미늄(Al₂O₃)으로 된 광물로, 결정계는 삼방정계이고 모스 굳기가 9에 이른다. 크로뮴이 섞여 붉은빛을 띠는 보석질 강옥은 루비라 하고, 그 밖의 색을 띠는 것은 사파이어라 부른다. 사파이어의 색은 섞여 든 전이 금속의 종류에 따라 파랑, 노랑, 분홍 등으로 달라진다. 단단한 성질 덕분에 숫돌과 사포 같은 연마재로도 쓰인다. 1903년 프랑스 화학자 오귀스트 베르뇌유가 불꽃으로 원료를 녹이는 방법으로 합성 루비를 상업 규모로 만들 수 있다고 발표했다."
바이칼호에서 흘러나가는 강 이름,"바이칼호는 러시아 시베리아 남부, 이르쿠츠크주와 부랴티야 공화국 사이에 있는 호수이다. 가장 깊은 곳이 1,642m로 세계에서 가장 깊은 호수이다. 물의 양은 약 23,000km³로 지구 전체 민물의 약 20%를 담고 있다. 2,500만~3,000만 년 전에 생겨 지구에서 가장 오래된 호수 가운데 하나로 꼽힌다. 길이는 636km, 너비는 20~80km이다. 셀렝가강을 비롯한 여러 강이 흘러들지만 빠져나가는 물길은 앙가라강이다. 바이칼물범을 비롯해 1,550종이 넘는 동물이 살며, 그 가운데 60% 이상이 이곳에만 사는 고유종이다. 1996년 유네스코 세계 자연 유산으로 지정되었다.","을사사화는 명종이 즉위한 1545년에 일어난 사화다. 어린 명종을 대신해 어머니 문정왕후가 수렴청정을 하자, 그 동생 윤원형이 이끈 소윤이 인종의 외숙 윤임이 이끈 대윤을 몰아냈다. 윤임과 그를 따르던 관료, 선비들이 죽거나 귀양을 갔다. 1547년 양재역 벽서 사건을 빌미로 숙청이 다시 이어졌고, 몇 해에 걸쳐 화를 입은 사람이 100명 가까이에 이르렀다.","윷놀이는 단면이 반달 모양인 나무 막대 네 개를 던져 나온 모양에 따라 말을 옮기는 놀이다. 젖혀진 가락의 수에 따라 도는 한 칸, 개는 두 칸, 걸은 세 칸, 윷은 네 칸, 모는 다섯 칸을 가며, 윷이나 모가 나오면 한 번 더 던진다. 말판에는 29개의 자리가 있고, 한 편이 말 네 개를 모두 먼저 내보내면 이긴다. 도, 개, 걸, 윷, 모가 각각 돼지, 개, 양, 소, 말을 가리킨다는 풀이가 있다. 주로 설날부터 정월 대보름 사이에 즐긴다.","창경궁은 성종 14년인 1483년에 정희왕후, 소혜왕후, 안순왕후 세 대비가 편히 지내도록 마련한 궁궐이다. 앞서 있던 수강궁 터를 넓혀 지었으며, 창덕궁과 담을 맞대고 있다. 정전인 명정전은 다른 궁궐의 정전과 달리 동쪽을 바라보도록 앉혀졌다. 1911년 일제가 궁 안에 동물원과 식물원을 들이고 이름을 창경원으로 바꾸어 유원지로 만들었다. 동물원을 다른 곳으로 옮긴 뒤 복원 공사를 거쳐 1986년에 다시 궁궐로 공개되었다."
백혈구 중 비율이 가장 높은 종류,"백혈구는 몸에 들어온 세균이나 이물질을 막아 내는 면역 세포이다. 적혈구와 달리 핵이 있고 크기가 더 크며, 빛깔이 없다. 건강한 어른의 혈액 1L에는 약 45억~110억 개가 들어 있다. 종류별로는 호중구가 약 62%로 가장 많고, 이어 림프구 약 30%, 단핵구 약 5.3%, 호산구 약 2.3%, 호염기구 약 0.4% 순이다. 호중구처럼 병원체를 삼켜 없애는 식세포 작용을 하는 것도 있고, 항체를 만드는 일에 관여하는 것도 있다. 골수와 지라, 림프샘 등에서 만들어진다.","적혈구는 혈액 속에서 산소를 나르는 세포로, 가운데가 오목한 원반 모양이다. 지름은 약 7~8μm, 두께는 평균 약 2.2μm이며, 이런 모양 덕분에 표면적이 넓고 가느다란 모세 혈관도 휘어지며 지나간다. 포유류의 적혈구는 자라는 과정에서 핵을 잃는다. 세포 하나에 헤모글로빈 분자가 약 2억 8천만 개 들어 있는데, 헤모글로빈에 든 철 때문에 피가 붉게 보인다. 골수에서 만들어지며 혈액 1mm³에 남성은 약 500만 개, 여성은 약 450만 개가 있다. 혈관을 도는 기간은 평균 120일이다. 1658년 네덜란드의 얀 스바메르담이 현미경으로 처음 관찰했다.","혈소판은 피가 날 때 상처 부위에 모여 피를 멈추게 하는 혈액 성분이다. 골수의 큰 세포인 거핵구의 세포질이 잘게 떨어져 나온 조각이어서 핵이 없고, 크기는 약 0.5~2.5μm로 작다. 거핵구 하나에서 수백에서 수천 개가 만들어진다. 혈액 1L에 약 1,500억~3,700억 개가 있으며, 전체의 약 3분의 1은 지라에 머물러 있다. 섬유소 그물이 생기게 해 핏덩이를 이루도록 돕는다. 약 7~11일 동안 제 기능을 하고 나면 혈류에서 제거된다. 아스피린은 혈소판의 작용을 약하게 하고, 수가 비정상적으로 적은 상태는 혈소판 감소증이라 한다.","혈장은 혈액에서 세포 성분을 뺀 액체 부분으로, 혈액 부피의 약 55%를 차지한다. 약 92%가 물이고 약 8%가 단백질이며, 그 밖에 포도당, 무기 염류, 호르몬 등이 녹아 있다. 단백질 가운데 가장 많은 것은 알부민이고, 면역에 관여하는 글로불린과 혈액 응고에 쓰이는 피브리노겐도 들어 있다. 적혈구가 깨질 때 생기는 빌리루빈 때문에 옅은 노란빛을 띤다. 혈장에서 피브리노겐 같은 응고 인자를 뺀 것을 혈청이라 한다. 영양분과 호르몬을 온몸으로 나르며, 얼려 보관한 신선 동결 혈장은 수혈에 쓰인다."
윤동주가 숨진 형무소,"윤동주는 1917년 북간도 명동촌에서 태어난 시인이다. 서울의 연희전문학교를 1941년에 졸업하고 이듬해 일본으로 건너가 릿쿄 대학을 거쳐 교토의 도시샤 대학에서 공부했다. 1943년 독립운동을 했다는 혐의로 붙잡혀 2년 형을 받았고, 1945년 2월 16일 후쿠오카 형무소에서 광복을 여섯 달 앞두고 숨졌다. 「서시」, 「별 헤는 밤」, 「자화상」 등을 담은 유고 시집 『하늘과 바람과 별과 시』는 그가 세상을 떠난 뒤인 1948년에 나왔다.","김소월은 1902년 평안북도에서 태어난 시인으로, 본명은 김정식이다. 오산학교에 다니며 스승 김억을 만나 시를 배웠고, 1920년 문예지 『창조』에 시를 발표하며 문단에 나왔다. 생전에 낸 유일한 시집 『진달래꽃』은 1925년에 나왔다. 떠나는 임을 보내는 마음을 담은 「진달래꽃」을 비롯해 「엄마야 누나야」, 「산유화」 등 민요 가락을 살린 시가 많아 노래로도 널리 불린다. 1934년 서른두 살의 나이로 세상을 떠났다.","이상은 1910년 서울에서 태어난 시인이자 소설가로, 본명은 김해경이다. 경성고등공업학교 건축과를 나와 조선총독부에서 건축 기술자로 일했다. 1934년 신문에 연작시 「오감도」를 싣기 시작했으나, 뜻을 알 수 없다는 독자들의 항의가 빗발쳐 연재가 도중에 멈췄다. 문학 모임 구인회에 참여했고, 다방 제비를 운영하기도 했다. 1936년 소설 「날개」를 발표했으며, 이듬해 도쿄에서 스물여섯의 나이로 숨졌다.","한용운은 1879년 충청남도 홍성에서 태어난 승려이자 시인, 독립운동가로, 호는 만해다. 1905년 설악산 백담사에서 출가했고, 『조선불교유신론』을 지어 불교의 개혁을 주장했다. 1919년 3·1 운동 때 민족 대표 33인 가운데 한 사람으로 참여해 옥고를 치렀다. 1926년 펴낸 시집 『님의 침묵』에는 떠나간 임을 기다리는 마음이 담겨 있다. 말년에는 서울 성북동의 심우장에 머물다 광복을 한 해 앞둔 1944년 세상을 떠났다."
성종이 대비들을 모시려고 지은 궁궐은?,"창경궁은 성종 14년인 1483년에 정희왕후, 소혜왕후, 안순왕후 세 대비가 편히 지내도록 마련한 궁궐이다. 앞서 있던 수강궁 터를 넓혀 지었으며, 창덕궁과 담을 맞대고 있다. 정전인 명정전은 다른 궁궐의 정전과 달리 동쪽을 바라보도록 앉혀졌다. 1911년 일제가 궁 안에 동물원과 식물원을 들이고 이름을 창경원으로 바꾸어 유원지로 만들었다. 동물원을 다른 곳으로 옮긴 뒤 복원 공사를 거쳐 1986년에 다시 궁궐로 공개되었다.","경복궁은 조선이 한양으로 도읍을 옮긴 뒤 처음 세운 법궁으로, 태조 4년인 1395년에 완공되었다. 궁의 이름은 정도전이 『시경』의 한 구절에서 골라 지었는데, 새 왕조가 큰 복을 누리라는 바람이 담겨 있다. 임금의 즉위식과 조회는 정전인 근정전에서 열렸고, 연못 위에 세운 경회루는 외국 사신을 맞는 잔치 장소로 쓰였다. 1592년 임진왜란 때 불탄 뒤 오래 빈터로 남아 있다가, 흥선대원군이 주도해 1865년부터 1868년까지 다시 지었다.","창덕궁은 태종 5년인 1405년에 세운 조선의 두 번째 궁궐이다. 산자락의 지형을 거스르지 않고 건물을 자유롭게 앉힌 배치가 특징이며, 정문은 돈화문, 정전은 인정전이다. 임진왜란으로 불탄 뒤 광해군 때 주요 전각을 복구했고, 1610년 무렵부터 약 250년 동안 임금이 주로 머물며 나랏일을 본 으뜸 궁궐 역할을 했다. 북쪽에는 왕실 정원인 후원이 넓게 펼쳐져 있다. 1997년 유네스코 세계유산으로 등재되었다.","덕수궁의 본래 이름은 경운궁이다. 임진왜란으로 궁궐이 모두 불타자 선조가 1593년부터 왕족의 옛집을 임시 거처로 삼은 것이 시작이었다. 1897년 고종이 러시아 공사관에서 이곳으로 거처를 옮기면서 대한제국의 황궁이 되었고, 정전으로 중화전을 세웠다. 1907년 고종이 순종에게 황제 자리를 넘긴 뒤 이곳에 머물게 되면서 오늘날의 이름으로 바뀌었다. 정문은 대한문이며, 궁 안에는 서양 고전 양식을 따른 돌 건물인 석조전이 있다."
프레첼 반죽을 담그는 용액,"프레첼은 팔짱을 낀 듯 가운데가 꼬인 매듭 모양의 빵으로, 독일어로는 브레첼이라 부른다. 반죽을 굽기 전에 묽은 가성 소다 용액에 잠깐 담갔다 꺼내는데, 이 덕분에 구우면 겉이 짙은 갈색으로 윤이 나고 독특한 풍미가 생긴다. 겉에 굵은 소금을 뿌려 먹는 경우가 많다. 수도사가 기도문을 잘 외운 아이에게 상으로 주었다는 기원 이야기가 전하며, 독일어권에서는 이 매듭 모양이 빵집 간판의 상징으로 쓰인다.","바게트는 막대기를 뜻하는 이름처럼 길쭉한 모양의 프랑스 빵이다. 프랑스 규정에 따르면 전통 바게트에는 밀가루, 물, 소금, 효모 네 가지만 넣을 수 있다. 굽기 전에 반죽 겉면에 비스듬히 칼집을 내고 물을 뿌리는데, 칼집은 반죽이 제멋대로 부풀어 터지는 것을 막고 물은 껍질을 바삭하게 만든다. 굵기와 길이에 따라 짧고 통통한 바타르, 가늘고 짧은 피셀 같은 여러 변형이 있다. 2022년 바게트를 만드는 장인의 기술과 문화가 유네스코 인류무형문화유산에 올랐다.","크루아상은 초승달을 뜻하는 프랑스어 이름처럼 반달 모양으로 휘어진 빵이다. 효모를 넣은 반죽 사이에 버터를 넣고 여러 번 접어 밀어 얇은 켜를 겹겹이 만들기 때문에, 구우면 결이 바삭하게 부풀어 오른다. 오스트리아의 초승달 모양 빵 킵펠에서 영향을 받았으며, 1838년 무렵 오스트리아 출신 아우구스트 창이 파리에 빈 식 빵집을 연 뒤 프랑스에 널리 퍼졌다. 19세기 후반에는 프랑스의 아침 식탁에 빠지지 않는 빵이 되었다.","베이글은 가운데에 구멍이 뚫린 고리 모양의 빵이다. 밀가루, 효모, 물, 소금으로 반죽해 모양을 잡은 뒤 끓는 물에 잠깐 데쳤다가 오븐에 굽기 때문에 속이 쫄깃하고 겉이 매끈하다. 기름에 튀기지 않아 도넛보다 지방이 적다. 17세기 초 폴란드 크라쿠프의 유대인 공동체에서 기록이 나타나며, 유대인 이민자들을 따라 뉴욕과 몬트리올 같은 북아메리카 도시로 퍼졌다. 반으로 갈라 크림치즈를 발라 먹는 경우가 많다."
제주도에 있는 오름 개수,"제주도는 면적 약 1,846km²로 한국에서 가장 큰 섬이다. 동서로 약 73km, 남북으로 약 31km 뻗어 있으며, 화산 활동으로 만들어졌다. 섬 곳곳에 오름이라 부르는 작은 화산체가 360개 넘게 흩어져 있고, 용암 동굴과 주상절리, 현무암 들판도 발달했다. 옛 이름은 탐라이다. 돌과 바람과 여자가 많다 하여 삼다도라고도 불린다. 겨울에도 기온이 영하로 떨어지는 일이 드물 만큼 따뜻하다. 2002년 생물권 보전 지역, 2007년 세계 자연 유산, 2010년 세계 지질 공원으로 유네스코의 인증을 차례로 받았다. 행정 구역은 제주시와 서귀포시 두 곳이다.","울릉도는 동해 가운데 솟은 화산섬으로, 면적은 약 72.86km²이고 경상북도 울릉군에 속한다. 가장 높은 봉우리인 성인봉은 높이 984m이다. 섬 북쪽의 나리분지는 화산 분화구가 꺼져 생긴 칼데라로, 섬에서 유일한 평지이다. 옛날에는 우산국이라는 작은 나라가 있었으나, 512년 신라의 이사부가 정벌해 신라에 복속시켰다. 포항에서 약 217km 떨어져 있으며, 인구는 약 9,000명이다. 오징어와 호박엿이 특산물로 이름나 있다.","거제도는 면적 약 382km²로 제주도 다음으로 큰 한국의 섬이며, 경상남도 거제시에 속한다. 1971년 거제대교가 놓여 뭍과 이어졌고, 1999년 신거제대교, 2010년 부산과 잇는 거가대교가 차례로 개통했다. 1970~1980년대 대형 조선소가 들어서면서 조선업과 수산업이 크게 발달했다. 6·25 전쟁 때에는 국제 연합군의 포로수용소가 있었고, 임진왜란 때에는 주변 바다에서 큰 해전이 벌어졌다. 들쭉날쭉한 해안선의 길이가 약 443.8km에 이르며, 해금강과 외도가 이름난 관광지이다. 1995년 장승포시와 거제군이 합쳐 거제시가 되었다.","강화도는 면적 약 302.6km²로 한국에서 네 번째로 큰 섬이며, 인천광역시 강화군에 속한다. 경기만에 자리하며 1970년 강화대교가 놓이면서 김포와 다리로 이어졌다. 고려는 몽골이 침입하자 도읍을 이곳으로 옮겨 맞섰다. 섬에는 청동기 시대의 고인돌이 100기 넘게 남아 있어, 2000년 고창·화순의 고인돌과 함께 유네스코 세계 유산에 올랐다. 높이 469m인 마니산의 꼭대기에는 참성단이 있다. 1866년 병인양요와 1871년 신미양요 때 외국 군대와 전투가 벌어진 곳이기도 하다."
폴라리스 겉보기 등급과 거리,"북극성은 작은곰자리 알파별인 폴라리스를 가리키며, 천구 북극에서 약 0.7도밖에 떨어져 있지 않아 밤새 거의 제자리에 머무는 것처럼 보인다. 겉보기 등급은 약 1.98이고, 거리는 연구에 따라 약 323~434광년으로 추정된다. 황백색 초거성이면서 밝기가 규칙적으로 변하는 고전 세페이드 변광성이며, 여러 별이 모인 다중성계이다. 지구 자전축의 세차 운동 때문에 북극성 자리는 시대마다 바뀌어, 기원전 3000년 무렵에는 용자리의 투반이 그 역할을 했다. 북반구에서는 이 별의 고도로 위도를 가늠해 항해에 이용했다.","시리우스는 큰개자리에서 가장 밝은 별로, 겉보기 등급이 -1.47이어서 태양을 빼면 밤하늘의 모든 별 가운데 가장 밝게 보인다. 지구에서 약 8.6광년(2.3파섹) 떨어져 있어 비교적 가까운 편이다. 밝은 주성 곁에는 백색왜성인 동반성 시리우스 B가 있으며, 이 동반성은 1862년 1월 31일에 처음 관측되었다. 고대 이집트 중왕국 사람들은 이 별을 나일강이 넘칠 시기를 알려 주는 별로 여겼다.","베가는 거문고자리의 으뜸별로, 겉보기 등급 약 0.03으로 밤하늘에서 다섯 번째로 밝다. 지구에서 약 25광년 떨어져 있다. 알타이르, 데네브와 함께 여름철 대삼각형을 이루며, 동아시아에서는 직녀성이라 불러 칠석 설화에 등장한다. 1850년 7월 17일 태양이 아닌 별로는 처음으로 사진에 찍혔다. 1983년에는 둘레를 감싼 먼지 원반이 발견되었는데, 별 주위에서 먼지 원반을 찾은 첫 사례였다. 적도의 자전 속도가 초속 약 274km로 빨라 한 바퀴 도는 데 약 12.5시간이면 된다. 세차 운동 때문에 서기 14000년 무렵에는 북극성 자리에 오게 된다.",
측우기를 처음 고안한 사람은 누구,"측우기는 내린 비의 양을 재던 조선의 기구로, 세종 23년인 1441년에 처음 만들어졌다. 당시 세자였던 문종이 고안을 이끈 것으로 전하며, 이후 같은 규격의 기구를 각 고을에 나누어 비의 양을 보고하게 했다. 원통은 깊이가 약 32cm, 지름이 약 15cm였고, 돌로 깎은 받침대인 측우대 위에 올려 썼다. 유럽의 우량계보다 약 200년 앞선 것으로 평가된다. 지금 남아 있는 것은 1837년 공주의 충청감영에 두었던 금영측우기로, 국보로 지정되어 있다.","자격루는 흐르는 물의 힘으로 정해진 시각을 스스로 알리던 조선의 물시계다. 세종 16년인 1434년 장영실과 김조 등이 만들어 경회루 남쪽의 보루각에 설치했다. 위쪽 항아리에서 흘러내린 물이 아래 통에 차오르면 떠오르는 막대가 쇠구슬을 굴렸고, 이 구슬이 장치를 건드려 인형이 종과 북, 징을 울렸다. 지금 전하는 것은 1536년 중종 때 다시 만든 것의 일부인 청동 물항아리들로, 국립고궁박물관에 있으며 국보로 지정되어 있다.","앙부일구는 하늘을 향해 솥을 뒤집어 놓은 듯한 오목한 반구 모양의 해시계다. 세종 때 처음 만들어 한양의 혜정교와 종묘 앞에 두고 길 가는 백성도 시각을 볼 수 있게 했다. 안쪽에 비스듬히 세운 바늘의 그림자가 떨어지는 자리로 하루의 시각은 물론 24절기까지 읽을 수 있었다. 처음 만든 것들은 임진왜란 때 모두 사라졌고, 지금 남은 것은 조선 후기에 다시 만든 것들로 보물로 지정되어 있다.","혼천의는 해와 달, 다섯 행성의 위치를 재던 천체 관측 기구로, 여러 겹의 둥근 고리로 적도와 황도 같은 하늘의 기준선을 나타낸다. 조선에서는 세종 때인 1433년 정초, 박연, 김진 등이 처음 만들었다. 1669년 현종 때 송이영은 추의 무게로 움직이는 시계 장치에 혼천의를 이어 붙인 혼천시계를 만들었는데, 가운데에는 작은 지구의가 들어 있다. 이 혼천시계는 고려대학교박물관이 소장하고 있으며 국보로 지정되어 있다."
우포늪은 언제 생겨났을까 알려 줘,,"대암산 용늪은 강원특별자치도 인제군 대암산(1,304m) 꼭대기 가까이, 해발 약 1,280m에 자리한 산지 습지이다. 1997년 한국에서 처음으로 람사르 협약 습지로 등록되었다. 추운 날씨 탓에 죽은 식물이 다 썩지 못하고 쌓여 이탄층을 이루었으며, 이런 고층 습원은 국내에서 매우 드물다. 습지는 4,000~5,000년 전부터 만들어진 것으로 보이며 면적은 약 1.06km²이다. 끈끈이주걱, 비로용담, 삿갓사초 같은 희귀 식물이 군락을 이룬다. 하늘로 오르던 용이 쉬어 갔다는 전설에서 이름이 왔고, 보호를 위해 미리 예약한 사람만 정해진 철에 들어갈 수 있다.",,
매소성·기벌포에서 당군을 이긴 신라 왕,"문무왕은 태종 무열왕의 맏아들 김법민으로, 661년에 즉위한 신라 제30대 왕이다. 668년 당나라 군대와 함께 평양성을 함락해 고구려를 무너뜨렸다. 그 뒤 한반도 전체를 차지하려는 당과 맞서 싸워, 675년 매소성과 676년 기벌포에서 당군을 크게 물리치고 삼국 통일을 마무리했다. 681년 세상을 떠나면서 죽어서 용이 되어 나라를 지키겠다는 뜻을 남겼다고 전하며, 유해는 경주 앞바다의 대왕암에 모셔졌다. 아들 신문왕이 그를 기리는 감은사를 완성했다.","김유신은 595년에 태어난 신라의 장군으로, 금관가야 왕족의 후손이다. 열다섯 살에 화랑이 되었고, 629년 낭비성 싸움에서 처음 크게 이름을 떨쳤다. 660년 황산벌에서 계백이 이끈 백제의 5천 결사대를 무너뜨려 백제 멸망의 길을 열었다. 누이 문명부인이 김춘추와 혼인하면서 왕실과 인척 관계를 맺었다. 673년에 세상을 떠났으며, 835년 흥덕왕 때 흥무대왕이라는 왕의 칭호를 받았다. 왕족이 아닌 사람이 죽은 뒤 대왕으로 높여진 드문 예다.","태종 무열왕은 신라 제29대 왕으로, 이름은 김춘추이며 654년에 즉위했다. 성골의 대가 끊긴 뒤 진골 신분으로서는 처음 왕위에 올랐다. 즉위하기 전인 648년 당나라에 직접 건너가 당 태종에게서 군사를 보내 주겠다는 약속을 받아 냈다. 왕이 된 뒤 당군과 힘을 합쳐 660년 백제의 수도 사비를 함락했고, 이듬해 세상을 떠났다. 경주 서악동에 능이 있으며, 능 앞 비석은 몸돌이 사라지고 거북 모양 받침돌과 머릿돌만 남아 국보로 지정되었다.","선덕여왕은 진평왕의 딸 덕만으로, 632년에 즉위한 신라 제27대 왕이다. 우리 역사에서 처음으로 왕위에 오른 여성이다. 634년부터 인평이라는 연호를 썼고, 같은 해 분황사를 완공했다. 재위 중에 별을 관측한 시설로 알려진 첨성대를 세웠으며, 645년에는 황룡사 구층 목탑을 완성했다. 647년 상대등 비담이 반란을 일으킨 와중에 세상을 떠났고, 경주 낭산 자락에 묻혔다."
하회별신굿탈놀이 국가무형문화재 지정 연도,"하회별신굿탈놀이는 경상북도 안동 하회마을에서 전해 오는 탈놀이다. 마을을 지키는 서낭신에게 별신굿을 올리면서 함께 놀던 것으로, 12세기 무렵부터 이어져 왔다고 알려져 있다. 나무를 깎아 옻칠을 한 탈을 쓰며, 양반, 선비, 각시, 부네, 초랭이, 이매 등이 나와 양반의 위선과 파계승을 꼬집는다. 마을 사람들은 놀이를 통해 신분 질서에 대한 불만을 웃음으로 풀었다. 1980년 국가무형문화재로 지정되었다.","봉산탈춤은 황해도 봉산에서 전해 온 탈춤으로, 해서 지방 탈춤을 대표한다. 해마다 단오 무렵에 놀았으며, 조선 후기 관리였던 안초목이 나무탈을 종이탈로 바꾸었다고 전한다. 일곱 과장으로 짜여 있고 말뚝이, 취발이, 노장, 미얄 할미 등이 나와 양반의 허세와 타락한 승려를 비꼰다. 긴 소매를 휘날리며 활달하게 뛰는 춤사위가 특징이다. 1915년 무렵부터 사리원으로 자리를 옮겨 놀았으며, 1967년 국가무형문화재로 지정되었다.","양주별산대놀이는 경기도 양주 유양리에서 전해 온 탈놀이로, 서울 근교의 산대놀이 계열에 속한다. 18세기 무렵 양주 사람 이을축이 서울 사직골 딱딱이패의 놀이를 본떠 탈을 만들어 놀기 시작했다고 전한다. 바가지, 나무, 종이로 만든 탈을 쓰고 느린 염불 장단과 빠른 타령 장단에 맞추어 춤을 추며, 춤사위가 잘게 나뉘고 세련된 것으로 꼽힌다. 1964년 국가무형문화재 제2호로 지정되었다.","통영오광대는 경상남도 통영에서 전해 온 탈놀이로, 경상남도 여러 고장에 전해 온 오광대 계열에 속한다. 문둥이 양반, 말뚝이, 할미 같은 사람 탈과 함께 영노, 담보 같은 상상 속 동물 탈이 등장하며, 쓰이는 탈은 스무 가지가 넘는다. 탈은 바가지, 나무, 종이, 가죽, 말총 등으로 만든다. 1964년 국가무형문화재로 지정되었다."
유량이 세계에서 가장 많은 강,"아마존강은 남아메리카 대륙을 가로지르는 강으로, 흐르는 물의 양이 세계에서 가장 많다. 평균 유량이 초당 약 20만 m³를 넘어 전 세계 강이 바다로 내보내는 물의 약 20%를 차지한다. 유역 면적도 약 705만 km²로 세계 최대이며 남아메리카 면적의 약 40%에 해당한다. 페루 안데스산맥의 네바도 미스미(5,170m)에서 시작해 대서양으로 흘러든다. 강의 너비 전체를 건너는 다리는 하나도 없다. 1541년 프란시스코 데 오레야나가 유럽인으로는 처음 상류에서 하구까지 배를 타고 내려갔으며, 이때 원정대를 공격한 원주민 여성 전사들을 그리스 신화의 아마존에 빗댄 데서 강 이름이 왔다.","나일강은 길이 약 6,650km로 흔히 세계에서 가장 긴 강으로 꼽힌다. 에티오피아, 이집트, 남수단, 수단, 우간다, 콩고 민주 공화국, 탄자니아, 케냐, 르완다 등 아홉 나라에 걸쳐 흐른다. 빅토리아호에서 흘러나온 백나일과 에티오피아 고원의 타나호에서 시작한 청나일이 수단의 하르툼에서 만난다. 이집트를 지나 지중해로 들어가며, 하구에는 넓은 삼각주가 펼쳐진다. 고대 이집트에서는 해마다 강이 넘쳐 기름진 흙을 날라 왔고, 범람 뒤 땅을 다시 나누려고 측량술과 기하학이 발달했다. 1970년 아스완 하이 댐이 완공되면서 나세르호가 생기고 물 흐름이 안정되었다.","양쯔강은 길이 약 6,300km로 아시아에서 가장 길고 세계에서 세 번째로 긴 강이다. 중국에서는 창장(長江)이라 부른다. 칭하이성의 티베트고원에 있는 탕구라산맥에서 발원해 중국 대륙을 가로지른 뒤 상하이 부근에서 동중국해로 들어간다. 유역은 중국 본토 면적의 약 5분의 1에 이르고, 중국 인구의 약 3분의 1이 이 유역에 산다. 후베이성 이창에는 1994년 착공해 2006년 본체가 완공된 싼샤 댐이 있는데, 설비 용량이 22,500MW에 이르러 2012년부터 세계 최대의 발전소가 되었다. 양쯔강돌고래 같은 고유종은 사라질 위기를 맞았다.","미시시피강은 미국 미네소타주 북부의 이타스카호에서 시작해 남쪽으로 흘러 멕시코만에 이르는 강으로, 길이는 약 3,734km이다. 미네소타, 위스콘신, 아이오와, 일리노이, 미주리, 켄터키, 테네시, 아칸소, 미시시피, 루이지애나 등 10개 주를 지나거나 그 경계를 이룬다. 가장 긴 지류인 미주리강(약 3,767km)과 이어지는 미시시피-미주리 수계는 약 6,270km로 세계에서 네 번째로 긴 하천 계통이다. 이름은 원주민 오지브웨족의 말로 '큰 강'이라는 뜻이다. 해마다 약 5억 톤의 퇴적물을 날라 뉴올리언스 남동쪽에 거대한 삼각주를 만들었다. 미니애폴리스까지 배가 오갈 수 있다."
무예 최초로 유네스코 무형유산이 된 것,"택견은 춤을 추듯 리듬 있게 발을 옮기는 품밟기를 바탕으로 발질과 걸어 넘기기를 주로 쓰는 한국의 전통 무예다. 주먹을 쥐고 치는 기술 대신 발과 손바닥으로 상대를 차거나 밀어 넘어뜨리는 기술이 중심을 이룬다. 1798년에 엮인 『재물보』 등에 기록이 보이며, 조선 말에 택견을 익힌 송덕기가 그 맥을 오늘날에 전했다. 국가무형문화재로 지정되어 있으며, 2011년 무예로서는 세계에서 처음으로 유네스코 인류무형문화유산에 올랐다.","태권도는 발을 뜻하는 '태', 주먹을 뜻하는 '권', 길을 뜻하는 '도'를 합친 이름의 한국 무술이다. 1965년 대한태수도협회가 대한태권도협회로 이름을 바꾸면서 태권도라는 이름이 자리를 잡았다. 1972년 국기원이, 이듬해인 1973년 지금의 세계태권도연맹이 세워졌다. 1988년 서울 올림픽에서 시범 종목으로 선보인 뒤 2000년 시드니 올림픽부터 정식 종목이 되었다. 2018년에는 법률로 대한민국의 국기로 지정되었다.","씨름은 두 사람이 허리와 다리에 맨 샅바를 서로 잡고 힘과 기술로 상대를 먼저 넘어뜨리면 이기는 한국의 전통 운동이다. 지름 8m 정도의 둥근 모래판에서 겨룬다. 4세기 무렵의 고구려 고분인 각저총 벽화에 씨름하는 모습이 남아 있어 역사가 깊음을 보여 준다. 예로부터 단오나 추석 같은 명절이면 곳곳에서 씨름판이 벌어졌고, 우승한 장사에게는 황소를 상으로 주었다. 2018년 남북한이 함께 신청해 유네스코 인류무형문화유산에 올랐다.","국궁은 서양식 양궁과 구별해 우리 전통 활쏘기를 이르는 말로, 궁도라고도 한다. 대표적인 전통 활인 각궁은 물소 뿔, 소 힘줄, 대나무, 뽕나무 등을 붙여 만든다. 과녁은 145m 떨어진 곳에 세우며, 크기는 너비 2m, 높이 2.67m 정도다. 조선에서는 무과 시험 과목이었고, 1928년 전국 대회가 처음 열리면서 근대 경기로 자리 잡았다. 서울의 황학정처럼 활을 쏘는 활터가 전국 곳곳에 있다."
배구의 처음 이름,"배구는 1895년 미국 매사추세츠주 홀리요크의 YMCA에서 윌리엄 G. 모건이 만든 운동이다. 몸싸움이 거친 농구보다 부드러운 운동이 필요하다고 여겨 고안했으며, 처음 이름은 민토네트였다. 한 팀은 6명이고, 공을 세 번 안에 네트 너머로 넘겨야 한다. 네트 높이는 남자 2.43m, 여자 2.24m다. 세트는 25점을 먼저 얻되 2점 차가 나야 끝나며, 다섯째 세트는 15점으로 치른다. 1964년 도쿄 올림픽에서 처음 정식 종목이 되었다.","배구는 1895년 미국 매사추세츠주 홀리요크의 YMCA에서 윌리엄 G. 모건이 만든 운동이다. 몸싸움이 거친 농구보다 부드러운 운동이 필요하다고 여겨 고안했으며, 처음 이름은 민토네트였다. 한 팀은 6명이고, 공을 세 번 안에 네트 너머로 넘겨야 한다. 네트 높이는 남자 2.43m, 여자 2.24m다. 세트는 25점을 먼저 얻되 2점 차가 나야 끝나며, 다섯째 세트는 15점으로 치른다. 1964년 도쿄 올림픽에서 처음 정식 종목이 되었다고 알려져 있다.","농구는 1891년 미국 매사추세츠주 스프링필드의 YMCA에서 체육 교사 제임스 네이스미스가 겨울철 실내에서 할 운동으로 고안했다. 처음에는 체육관 벽에 복숭아 바구니를 매달고 축구공을 던져 넣었다. 1892년 1월 20일 열린 첫 공식 경기에서는 한 팀이 9명이었으나, 지금은 한 팀에 5명이 뛴다. 바스켓 높이는 3.05m로 정해져 있다. 남자 농구는 1936년, 여자 농구는 1976년 올림픽 정식 종목이 되었다.","핸드볼은 두 팀이 손으로 공을 주고받거나 튀기며 나아가 상대 골문에 던져 넣는 경기다. 오늘날과 비슷한 형태는 1898년 무렵 덴마크 등지에서 나타났고, 제1차 세계 대전 뒤 독일에서 규칙이 다듬어졌다. 처음에는 11명이 넓은 야외에서 뛰었으나, 지금은 골키퍼를 포함해 한 팀 7명이 길이 40m, 너비 20m의 실내 코트에서 경기한다. 전반과 후반 각 30분씩 치른다. 실내 핸드볼은 남자가 1972년, 여자가 1976년 올림픽 정식 종목이 되었다. 우리나라에는 1922년 송구라는 이름으로 들어왔다."
씨름 우승자에게 주던 상품,"씨름은 두 사람이 허리와 다리에 맨 샅바를 서로 잡고 힘과 기술로 상대를 먼저 넘어뜨리면 이기는 한국의 전통 운동이다. 지름 8m 정도의 둥근 모래판에서 겨룬다. 4세기 무렵의 고구려 고분인 각저총 벽화에 씨름하는 모습이 남아 있어 역사가 깊음을 보여 준다. 예로부터 단오나 추석 같은 명절이면 곳곳에서 씨름판이 벌어졌고, 우승한 장사에게는 황소를 상으로 주었다. 2018년 남북한이 함께 신청해 유네스코 인류무형문화유산에 올랐다.","조선왕조실록은 태조부터 철종까지 25대 임금이 다스린 472년 동안의 일을 날짜 순서대로 적은 편년체 역사서다. 분량은 모두 1,894권 888책에 이른다. 임금이 세상을 떠나면 실록청을 열고 사관들이 남긴 사초와 관청 기록을 모아 편찬했으며, 사관의 기록은 임금도 함부로 볼 수 없었다. 화재와 전쟁에 대비해 여러 사고에 나누어 보관한 덕분에 정족산본과 태백산본 등이 오늘날까지 전한다. 1973년 국보로 지정되었고, 1997년 유네스코 세계기록유산에 올랐다.","경칩은 24절기의 셋째로, 태양이 황경 345도에 이르는 양력 3월 5일이나 6일 무렵이다. 겨울잠을 자던 개구리와 벌레가 놀라 깨어난다는 뜻이며, 본래 이름은 계칩이었으나 중국 한나라 황제의 이름자를 피하느라 지금의 이름으로 바뀌었다. 이날 개구리 알을 먹으면 몸에 좋다고 여겼고, 흙일을 하면 탈이 없다고 믿어 담을 쌓거나 벽을 바르기도 했다. 요즘은 날씨가 따뜻해져 개구리가 이보다 훨씬 일찍 깨어나곤 한다.","툰드라는 여름이 짧고 추워 나무가 자라지 못하는 땅으로, 이름은 나무 없는 고지를 뜻하는 사미어에서 왔다. 땅속에는 일 년 내내 녹지 않는 영구 동토층이 있고 강수량이 적다. 가장 따뜻한 달의 평균 기온이 10°C보다 낮은 곳을 가리키며, 위도가 높은 곳뿐 아니라 높은 산 위에도 고산 툰드라가 나타난다. 짧은 여름에는 겉흙만 녹아 이끼, 지의류, 사초, 키 작은 관목이 자란다. 시베리아, 캐나다, 알래스카, 그린란드, 스칸디나비아 북부 등 약 1,160만 km²를 차지하며, 지구 온난화로 영구 동토가 녹으면서 면적이 줄고 있다."
국궁 과녁까지 거리,"국궁은 서양식 양궁과 구별해 우리 전통 활쏘기를 이르는 말로, 궁도라고도 한다. 대표적인 전통 활인 각궁은 물소 뿔, 소 힘줄, 대나무, 뽕나무 등을 붙여 만든다. 과녁은 145m 떨어진 곳에 세우며, 크기는 너비 2m, 높이 2.67m 정도다. 조선에서는 무과 시험 과목이었고, 1928년 전국 대회가 처음 열리면서 근대 경기로 자리 잡았다. 서울의 황학정처럼 활을 쏘는 활터가 전국 곳곳에 있다.","태권도는 발을 뜻하는 '태', 주먹을 뜻하는 '권', 길을 뜻하는 '도'를 합친 이름의 한국 무술이다. 1965년 대한태수도협회가 대한태권도협회로 이름을 바꾸면서 태권도라는 이름이 자리를 잡았다. 1972년 국기원이, 이듬해인 1973년 지금의 세계태권도연맹이 세워졌다. 1988년 서울 올림픽에서 시범 종목으로 선보인 뒤 2000년 시드니 올림픽부터 정식 종목이 되었다. 2018년에는 법률로 대한민국의 국기로 지정되었다.","씨름은 두 사람이 허리와 다리에 맨 샅바를 서로 잡고 힘과 기술로 상대를 먼저 넘어뜨리면 이기는 한국의 전통 운동이다. 지름 8m 정도의 둥근 모래판에서 겨룬다. 4세기 무렵의 고구려 고분인 각저총 벽화에 씨름하는 모습이 남아 있어 역사가 깊음을 보여 준다. 예로부터 단오나 추석 같은 명절이면 곳곳에서 씨름판이 벌어졌고, 우승한 장사에게는 황소를 상으로 주었다. 2018년 남북한이 함께 신청해 유네스코 인류무형문화유산에 올랐다.","택견은 춤을 추듯 리듬 있게 발을 옮기는 품밟기를 바탕으로 발질과 걸어 넘기기를 주로 쓰는 한국의 전통 무예다. 주먹을 쥐고 치는 기술 대신 발과 손바닥으로 상대를 차거나 밀어 넘어뜨리는 기술이 중심을 이룬다. 1798년에 엮인 『재물보』 등에 기록이 보이며, 조선 말에 택견을 익힌 송덕기가 그 맥을 오늘날에 전했다. 국가무형문화재로 지정되어 있으며, 2011년 무예로서는 세계에서 처음으로 유네스코 인류무형문화유산에 올랐다."
새털구름은 무엇으로 이루어져 있나,"권운은 우리말로 털구름 또는 새털구름이라 하며, 기호는 Ci이다. 하늘 높은 곳에 생기는 구름이라 물방울이 아니라 얼음 결정으로 이루어져 있다. 생기는 높이는 위도에 따라 다른데, 극지방에서는 약 7km, 온대에서는 약 9.5km, 열대에서는 약 13.5km 부근이다. 희고 가는 선이나 좁은 띠, 깃털 같은 모양으로 흩어져 보인다. 얼음 알갱이가 떨어지더라도 땅에 닿기 전에 사라져 비를 내리지 않는다. 권운이 하늘에 많이 퍼지면 전선이 다가온다는 신호여서 날씨가 궂어질 조짐으로 본다.","적란운은 우리말로 쌘비구름이라 하며 기호로는 Cb로 적는다. 강한 상승 기류를 타고 위로 높이 솟는 대류운으로, 꼭대기가 대류권계면에 닿으면 옆으로 퍼져 대장간의 모루 같은 모양을 만든다. 천둥과 번개를 동반한 뇌우, 소나기, 우박, 돌풍을 일으키며, 아주 드물게 토네이도를 낳기도 한다. 한랭 전선이나 장마 전선, 태풍 둘레처럼 대기가 불안정한 곳이나 땅이 강하게 데워진 곳에서 발달한다. 10가지 기본 운형 가운데 수직으로 크게 발달하는 구름으로 분류된다.","층운은 우리말로 층구름 또는 안개구름이라 하며, 기호는 St이다. 대체로 지상 0~2km의 낮은 곳에 회색 층을 이루며 퍼져, 마치 안개가 땅에서 떠오른 것처럼 보인다. 조각조각 나뉘어 그 사이로 파란 하늘이 보이기도 한다. 비를 내리더라도 이슬비나 약한 비 정도에 그친다. 지형의 영향을 받아 국지적으로 생기는 경우가 많고, 조각나며 서서히 흩어진 뒤에는 날이 개는 일이 흔하다. 구름층이 얇을 때에는 해나 달 둘레에 무리가 보이기도 한다.","적운은 우리말로 쌘구름 또는 뭉게구름이라 한다. 땅이 햇볕에 데워지면 따뜻한 공기가 올라가며 식고, 이슬점에 이르러 수증기가 엉기면서 생기는 대류성 구름이다. 구름 밑면은 지상 약 500m~2km 높이에 평평하고 어둡게 깔리며, 햇빛을 받는 윗부분은 솜처럼 부풀어 밝게 빛난다. 대부분 물방울로 이루어져 있고 보통은 비를 내리지 않지만, 크게 자란 것은 짧은 소나기를 뿌리기도 한다. 낮게 퍼진 것에서 탑처럼 높이 솟은 것까지 여러 단계로 자라며, 더 발달하면 뇌우를 일으키는 적란운이 된다."
무구정광대다라니경이 발견된 탑,"불국사 삼층석탑은 불국사 대웅전 앞뜰 서쪽에 선 통일신라의 탑으로, 석가탑이라고도 부른다. 두 단의 기단 위에 세 층의 몸돌을 올린 단정한 모습으로, 신라 석탑의 전형으로 꼽힌다. 높이는 약 10.75m다. 탑을 쌓던 백제 석공 아사달을 기다리던 아내가 연못에 탑 그림자가 비치지 않자 몸을 던졌다는 전설 때문에 무영탑이라는 이름도 붙었다. 1966년 보수를 위해 해체했을 때 2층 사리 공간에서 현존 최고의 목판 인쇄물로 꼽히는 무구정광대다라니경이 나왔다.","불국사 다보탑은 경주 불국사 대웅전 앞뜰 동쪽에 선 통일신라의 석탑이다. 751년 무렵 불국사를 크게 고쳐 지을 때 함께 세운 것으로 보며, 높이는 약 10.3m다. 십자 모양 기단 위에 팔각의 몸체를 올린 독특한 짜임새여서 몇 층 탑인지 헤아리기 어렵다. 기단 계단에는 본래 돌사자 네 마리가 있었으나 일제강점기인 1925년 무렵 수리 과정에서 세 마리가 사라져 지금은 한 마리만 남았다. 1966년부터 발행된 10원 동전에 그림으로 새겨졌다.","익산 미륵사지 석탑은 백제 무왕 때 세운 미륵사 터에 남은 탑으로, 우리나라에 전하는 석탑 가운데 가장 오래되었다. 나무로 짓던 탑의 짜임새를 돌로 옮겨 놓은 모습이어서 석탑이 처음 생겨나던 무렵의 형태를 보여 준다. 본래 9층이었을 것으로 추정되지만 6층까지만 남아 있다. 일제강점기인 1915년 무너진 부분을 시멘트로 덧발랐으며, 2001년부터 2019년까지 해체와 보수를 거쳐 다시 세웠다. 2009년 해체 도중 나온 사리봉영기를 통해 639년에 세운 것이 밝혀졌다.","부여 정림사지 오층석탑은 백제의 마지막 도읍 사비, 곧 지금의 부여에 있는 정림사 터에 남은 탑이다. 백제 때 세운 석탑 가운데 오늘날까지 전하는 두 기 중 하나로, 높이는 약 8.3m다. 폭이 좁고 긴 몸돌과 얇게 뻗은 지붕돌이 어울려 단아한 느낌을 준다. 660년 백제를 무너뜨린 당나라 장수 소정방이 맨 아래층 몸돌에 자신의 공적을 기리는 글을 새겨, 한때 평제탑이라는 잘못된 이름으로 불렸다. 1962년 국보로 지정되었다."
물보다 밀도가 낮은 행성,"토성은 태양에서 여섯 번째 행성이자 목성 다음으로 큰 행성으로, 적도 지름이 약 120,536km로 지구의 9.4배쯤 된다. 평균 밀도가 약 0.69g/cm³로 물보다 낮아 태양계 행성 가운데 밀도가 가장 작다. 뚜렷한 고리는 대부분 얼음 알갱이로 이루어져 있으며, 알갱이 크기는 작은 입자부터 큰 덩어리까지 다양하다. 가장 큰 위성 타이탄은 지름이 약 5,150km이고 질소와 메테인으로 된 짙은 대기를 지녔다. 태양을 한 바퀴 도는 데 약 29.5년이 걸린다. 카시니-하위헌스 탐사선은 2004년부터 토성을 돌며 관측했다.","천왕성은 1781년 3월 13일 윌리엄 허셜이 발견한 행성으로, 망원경으로 찾아낸 첫 행성이다. 자전축이 약 98도 기울어져 있어 거의 옆으로 누운 채 태양을 돈다. 공전 주기는 약 84년이다. 대기의 메테인이 붉은빛을 흡수하고 푸른빛을 되돌려 보내 청록색으로 보인다. 행성 대기 가운데 가장 추워 최저 기온이 약 49K(-224°C)까지 내려간다. 고리는 1977년에 발견되었고 지금까지 13개가 알려져 있다. 1986년 1월 24일 보이저 2호가 약 81,500km 거리까지 다가가 관측했다.","해왕성은 태양에서 가장 먼 행성으로, 태양과의 평균 거리가 약 30.1AU이다. 맨눈으로 보이지 않아 관측보다 수학 계산으로 먼저 위치가 예측되었다. 위르뱅 르베리에가 계산한 자리를 바탕으로 1846년 9월 23일 요한 고트프리트 갈레가 망원경으로 찾아냈다. 공전 주기는 약 164.8년이다. 대기에서는 초속 600m 가까운 바람이 분다. 가장 큰 위성 트리톤은 행성의 자전과 반대 방향으로 공전한다. 1989년 8월 보이저 2호가 근접 통과하며 대흑점을 발견했는데, 이 폭풍은 1994년 관측에서 사라져 있었다.","명왕성은 1930년 2월 18일 클라이드 톰보가 발견한 천체로, 발견 뒤 오랫동안 아홉 번째 행성으로 불렸다. 2006년 8월 24일 국제천문연맹(IAU)이 행성의 정의를 새로 정하면서 왜행성으로 분류가 바뀌었다. 지름은 약 2,372km이고, 태양을 한 바퀴 도는 데 약 248년이 걸린다. 위성은 카론, 닉스, 히드라, 케르베로스, 스틱스 다섯 개이며, 가장 큰 카론은 1978년에 발견되었다. 2015년 7월 14일 뉴허라이즌스호가 가까이 지나가며 표면의 하트 모양 지형을 촬영했다."
W Z 보손 발견 연도와 장소,"약한 상호작용은 방사성 원소의 베타 붕괴처럼 한 입자를 다른 종류의 입자로 바꾸는 기본 힘이다. 원자핵 속 중성자가 양성자로 바뀌는 것도 이 힘 때문이다. 강한 상호작용이나 전자기력보다 훨씬 약하고, 아주 짧은 거리에서만 작용한다. 엔리코 페르미가 베타 붕괴를 설명하려고 처음 이론을 세웠다. 이 힘을 전달하는 W 보손과 Z 보손은 1983년 유럽 입자 물리 연구소(CERN)에서 발견되었고, 실험을 이끈 카를로 루비아와 시몬 판 데르 메이르는 이듬해 노벨 물리학상을 받았다. 이 힘과 전자기력을 하나의 틀로 묶은 전약 이론을 세운 셸던 글래쇼, 압두스 살람, 스티븐 와인버그는 1979년 노벨 물리학상을 받았다.","중력은 질량을 가진 모든 물체가 서로 끌어당기는 힘으로, 자연의 네 가지 기본 힘 가운데 가장 약하다. 세기는 강한 상호작용의 약 10³⁸분의 1에 불과하지만, 미치는 거리에 끝이 없어 행성과 은하의 운동을 좌우한다. 아이작 뉴턴은 1687년 『프린키피아』에서 두 물체 사이의 인력이 질량의 곱에 비례하고 거리의 제곱에 반비례한다는 만유인력 법칙을 내놓았다. 1915년 알베르트 아인슈타인은 일반 상대성 이론에서 이 힘을 시공간의 휘어짐으로 새로 설명했다. 2016년에는 라이고(LIGO) 연구진이 두 블랙홀의 충돌로 생긴 중력파를 처음 검출했다고 발표했다. 지구 표면의 중력 가속도는 약 9.81m/s²이다.","전자기력은 전하를 띤 입자 사이에 작용하는 기본 힘으로, 광자가 이 힘을 전달한다. 광자는 질량과 전하가 없고 스핀이 1인 보손이다. 네 가지 기본 힘 가운데 강한 상호작용 다음으로 세며, 중력과 함께 먼 거리까지 미치는 두 힘 가운데 하나이다. 샤를 드 쿨롱은 비틀림 저울 실험으로, 두 전하 사이의 힘이 전하량의 곱에 비례하고 떨어진 거리의 제곱에 반비례한다는 법칙을 밝혔다. 같은 부호의 전하는 서로 밀어내고 다른 부호의 전하는 끌어당긴다. 1905년 아인슈타인은 빛이 알갱이 같은 에너지 덩어리로 이루어진다는 광양자설을 내놓았고, 광자라는 이름은 1926년 길버트 루이스가 널리 퍼뜨렸다.","강한 상호작용은 쿼크들을 묶어 양성자와 중성자를 만들고, 그 남은 힘으로 양성자와 중성자를 원자핵 안에 붙잡아 두는 기본 힘이다. 네 가지 기본 힘 가운데 가장 세서 전자기력보다 약 100배 강하지만, 미치는 거리는 원자핵 크기인 약 10⁻¹⁵m(1펨토미터) 안팎으로 매우 짧다. 이 힘을 전달하는 입자는 글루온이다. 쿼크와 글루온은 전기 전하와 다른 색전하를 지니며, 이를 다루는 이론을 양자 색역학이라 한다. 쿼크는 홀로 떨어져 나오지 못하고 늘 강입자 안에 갇혀 있는데, 이를 색가둠이라 한다. 1935년 유카와 히데키는 중간자가 핵자 사이의 힘을 전한다는 이론을 내놓았고, 1949년 노벨 물리학상을 받았다."
미시시피라는 강 이름의 뜻,"미시시피강은 미국 미네소타주 북부의 이타스카호에서 시작해 남쪽으로 흘러 멕시코만에 이르는 강으로, 길이는 약 3,734km이다. 미네소타, 위스콘신, 아이오와, 일리노이, 미주리, 켄터키, 테네시, 아칸소, 미시시피, 루이지애나 등 10개 주를 지나거나 그 경계를 이룬다. 가장 긴 지류인 미주리강(약 3,767km)과 이어지는 미시시피-미주리 수계는 약 6,270km로 세계에서 네 번째로 긴 하천 계통이다. 이름은 원주민 오지브웨족의 말로 '큰 강'이라는 뜻이다. 해마다 약 5억 톤의 퇴적물을 날라 뉴올리언스 남동쪽에 거대한 삼각주를 만들었다. 미니애폴리스까지 배가 오갈 수 있다.","미시시피강은 미국 미네소타주 북부의 이타스카호에서 시작해 남쪽으로 흘러 멕시코만에 이르는 강으로, 길이는 약 3,734km이다. 미네소타, 위스콘신, 아이오와, 일리노이, 미주리, 켄터키, 테네시, 아칸소, 미시시피, 루이지애나 등 10개 주를 지나거나 그 경계를 이룬다. 가장 긴 지류인 미주리강(약 3,767km)과 이어지는 미시시피-미주리 수계는 약 6,270km로 세계에서 네 번째로 긴 하천 계통이다. 이름은 원주민 오지브웨족의 말로 '큰 강'이라는 뜻이다. 해마다 약 5억 톤의 퇴적물을 날라 뉴올리언스 남동쪽에 거대한 삼각주를 만들었다. 미니애폴리스까지 배가 오갈 수 있다고 알려져 있다.","나일강은 길이 약 6,650km로 흔히 세계에서 가장 긴 강으로 꼽힌다. 에티오피아, 이집트, 남수단, 수단, 우간다, 콩고 민주 공화국, 탄자니아, 케냐, 르완다 등 아홉 나라에 걸쳐 흐른다. 빅토리아호에서 흘러나온 백나일과 에티오피아 고원의 타나호에서 시작한 청나일이 수단의 하르툼에서 만난다. 이집트를 지나 지중해로 들어가며, 하구에는 넓은 삼각주가 펼쳐진다. 고대 이집트에서는 해마다 강이 넘쳐 기름진 흙을 날라 왔고, 범람 뒤 땅을 다시 나누려고 측량술과 기하학이 발달했다. 1970년 아스완 하이 댐이 완공되면서 나세르호가 생기고 물 흐름이 안정되었다.","아마존강은 남아메리카 대륙을 가로지르는 강으로, 흐르는 물의 양이 세계에서 가장 많다. 평균 유량이 초당 약 20만 m³를 넘어 전 세계 강이 바다로 내보내는 물의 약 20%를 차지한다. 유역 면적도 약 705만 km²로 세계 최대이며 남아메리카 면적의 약 40%에 해당한다. 페루 안데스산맥의 네바도 미스미(5,170m)에서 시작해 대서양으로 흘러든다. 강의 너비 전체를 건너는 다리는 하나도 없다. 1541년 프란시스코 데 오레야나가 유럽인으로는 처음 상류에서 하구까지 배를 타고 내려갔으며, 이때 원정대를 공격한 원주민 여성 전사들을 그리스 신화의 아마존에 빗댄 데서 강 이름이 왔다."
적혈구 수명은 며칠,"적혈구는 혈액 속에서 산소를 나르는 세포로, 가운데가 오목한 원반 모양이다. 지름은 약 7~8μm, 두께는 평균 약 2.2μm이며, 이런 모양 덕분에 표면적이 넓고 가느다란 모세 혈관도 휘어지며 지나간다. 포유류의 적혈구는 자라는 과정에서 핵을 잃는다. 세포 하나에 헤모글로빈 분자가 약 2억 8천만 개 들어 있는데, 헤모글로빈에 든 철 때문에 피가 붉게 보인다. 골수에서 만들어지며 혈액 1mm³에 남성은 약 500만 개, 여성은 약 450만 개가 있다. 혈관을 도는 기간은 평균 120일이다. 1658년 네덜란드의 얀 스바메르담이 현미경으로 처음 관찰했다.",,,
민속의 날이 설날로 이름이 바뀐 해,"설날은 음력 1월 1일로, 한 해를 여는 명절이다. 아침에 조상에게 차례를 지내고 웃어른께 세배를 드리며, 새로 장만한 설빔을 입는다. 흰 떡을 썰어 끓인 떡국을 먹는데, 떡국을 먹어야 나이를 한 살 더 먹는다는 말이 있다. 한동안 양력설만 공식 명절로 대접받다가 1985년 '민속의 날'이라는 이름으로 하루 공휴일이 되었다. 1989년에 설날이라는 이름을 되찾으면서 전날과 다음 날을 더한 사흘 연휴가 되었다.","정월 대보름은 음력 1월 15일로, 새해 들어 처음 보름달이 뜨는 날이다. 이날 새벽에는 호두, 땅콩, 밤 같은 단단한 견과를 깨무는 부럼깨기를 하며 한 해 동안 부스럼이 나지 않기를 빌었다. 여러 곡식을 섞어 지은 오곡밥과 말려 둔 묵은 나물을 먹고, 귀가 밝아지라며 데우지 않은 술을 마시기도 했다. 아침에 만난 사람에게 내 더위를 사 가라고 외치는 더위팔기를 했고, 밤에는 달집을 태우며 논둑에 불을 놓는 쥐불놀이를 즐겼다.","단오는 음력 5월 5일로, 한 해 가운데 양의 기운이 가장 왕성한 날로 여겨졌다. 수릿날, 천중절이라고도 부른다. 여자들은 창포를 삶은 물에 머리를 감고 그네를 뛰었으며, 남자들은 씨름으로 힘을 겨루었다. 여름 더위를 앞두고 부채를 선물하는 풍습이 있었고, 수리취를 넣어 수레바퀴 무늬를 찍은 떡을 먹었다. 강원도에서 열리는 강릉단오제는 2005년 유네스코 인류무형문화유산에 올랐다.","추석은 음력 8월 15일로, 한가위 또는 중추절이라고도 한다. 신라 때 궁중 여인들이 두 편으로 나뉘어 한 달 가까이 길쌈 솜씨를 겨룬 뒤 마지막 날 잔치를 벌였다는 가배 이야기가 기원으로 전한다. 햇곡식과 햇과일로 차례를 지내고 조상의 묘를 찾아 성묘를 한다. 햅쌀로 빚은 송편과 토란국을 먹으며, 밤에는 둥근 달 아래에서 강강술래를 즐겼다. 대한민국에서는 추석 전날부터 다음 날까지 사흘을 공휴일로 쉰다."
울릉도 나리분지는 어떻게 생겼나,"울릉도는 동해 가운데 솟은 화산섬으로, 면적은 약 72.86km²이고 경상북도 울릉군에 속한다. 가장 높은 봉우리인 성인봉은 높이 984m이다. 섬 북쪽의 나리분지는 화산 분화구가 꺼져 생긴 칼데라로, 섬에서 유일한 평지이다. 옛날에는 우산국이라는 작은 나라가 있었으나, 512년 신라의 이사부가 정벌해 신라에 복속시켰다. 포항에서 약 217km 떨어져 있으며, 인구는 약 9,000명이다. 오징어와 호박엿이 특산물로 이름나 있다.","제주도는 면적 약 1,846km²로 한국에서 가장 큰 섬이다. 동서로 약 73km, 남북으로 약 31km 뻗어 있으며, 화산 활동으로 만들어졌다. 섬 곳곳에 오름이라 부르는 작은 화산체가 360개 넘게 흩어져 있고, 용암 동굴과 주상절리, 현무암 들판도 발달했다. 옛 이름은 탐라이다. 돌과 바람과 여자가 많다 하여 삼다도라고도 불린다. 겨울에도 기온이 영하로 떨어지는 일이 드물 만큼 따뜻하다. 2002년 생물권 보전 지역, 2007년 세계 자연 유산, 2010년 세계 지질 공원으로 유네스코의 인증을 차례로 받았다. 행정 구역은 제주시와 서귀포시 두 곳이다.","거제도는 면적 약 382km²로 제주도 다음으로 큰 한국의 섬이며, 경상남도 거제시에 속한다. 1971년 거제대교가 놓여 뭍과 이어졌고, 1999년 신거제대교, 2010년 부산과 잇는 거가대교가 차례로 개통했다. 1970~1980년대 대형 조선소가 들어서면서 조선업과 수산업이 크게 발달했다. 6·25 전쟁 때에는 국제 연합군의 포로수용소가 있었고, 임진왜란 때에는 주변 바다에서 큰 해전이 벌어졌다. 들쭉날쭉한 해안선의 길이가 약 443.8km에 이르며, 해금강과 외도가 이름난 관광지이다. 1995년 장승포시와 거제군이 합쳐 거제시가 되었다.",
사람 몸에서 가장 큰 내장 기관은?,"간은 사람 몸의 내장 기관 가운데 가장 크며, 어른의 간은 무게가 약 1.2kg이다. 가로막 아래 배의 오른쪽 윗부분에 자리한다. 지방의 소화를 돕는 쓸개즙을 만들고, 몸에 해로운 물질을 해독한다. 남는 포도당을 글리코겐으로 저장했다가 필요할 때 풀어 혈당을 조절하며, 혈장 단백질인 알부민을 합성한다. 수명을 다한 적혈구를 처리하는 일도 한다. 피는 간동맥과 간문맥 두 길로 들어오며, 안쪽은 간세포가 모인 작은 간소엽들로 이루어져 있다.","심장은 온몸으로 피를 뿜어 보내는 근육 기관으로, 크기는 주먹만 하고 무게는 약 250~300g이다. 양쪽 폐 사이에 있으며, 가슴뼈를 기준으로 약 3분의 2가 왼쪽에 치우쳐 있다. 안은 좌우 심방과 좌우 심실, 곧 2심방 2심실로 나뉜다. 피가 거꾸로 흐르지 않도록 삼첨판, 승모판(이첨판), 폐동맥판, 대동맥판 네 판막이 막아 준다. 쉴 때는 1분에 약 72번 뛰며, 한 번 수축할 때마다 약 60~80mL의 피를 내보낸다. 박동의 박자는 굴심방결절의 조율 세포가 정하고, 심장 근육 자체에는 관상 동맥이 피를 공급한다.","콩팥은 척추 양옆, 배의 뒤쪽 벽에 하나씩 모두 두 개가 있는 강낭콩 모양의 기관이다. 하나의 크기는 길이 약 10cm, 너비 약 5cm, 두께 약 3cm이다. 피를 거르는 기본 단위인 네프론이 콩팥 하나에 약 100만 개 들어 있다. 하루에 걸러 내는 원뇨는 180L가 넘지만 대부분 다시 흡수되어 실제 오줌은 약 1.5L만 나온다. 핏속의 노폐물과 여분의 무기질을 내보내는 일 말고도 혈압과 전해질, 체액의 양을 조절한다. 적혈구 생성을 돕는 호르몬 에리트로포이에틴을 만들고, 비타민 D를 활성형으로 바꾼다.","폐(허파)는 공기 속 산소를 받아들이고 이산화탄소를 내보내는 호흡 기관으로, 가슴 속에서 갈비뼈에 둘러싸여 있다. 기관에서 갈라진 기관지가 나뭇가지처럼 뻗어 끝마다 작은 공기주머니인 허파꽈리에 이르며, 허파꽈리는 수억 개에 달해 기체를 주고받는 면적이 매우 넓다. 기체 교환은 허파꽈리와 둘레 모세 혈관 사이의 분압 차에 따른 확산으로만 이루어진다. 폐 자체에는 근육이 없어 가로막과 갈비뼈 사이의 근육이 가슴 공간을 넓히고 좁혀 숨을 쉬게 한다. 건강한 성인 남성의 최대 폐활량은 약 4,800mL이고, 평소에는 1분에 15~18번, 한 번에 약 500mL씩 숨을 쉰다. 폐의 겉은 흉막이 싸고 있다."
중력파 첫 검출 발표 연도,"중력은 질량을 가진 모든 물체가 서로 끌어당기는 힘으로, 자연의 네 가지 기본 힘 가운데 가장 약하다. 세기는 강한 상호작용의 약 10³⁸분의 1에 불과하지만, 미치는 거리에 끝이 없어 행성과 은하의 운동을 좌우한다. 아이작 뉴턴은 1687년 『프린키피아』에서 두 물체 사이의 인력이 질량의 곱에 비례하고 거리의 제곱에 반비례한다는 만유인력 법칙을 내놓았다. 1915년 알베르트 아인슈타인은 일반 상대성 이론에서 이 힘을 시공간의 휘어짐으로 새로 설명했다. 2016년에는 라이고(LIGO) 연구진이 두 블랙홀의 충돌로 생긴 중력파를 처음 검출했다고 발표했다. 지구 표면의 중력 가속도는 약 9.81m/s²이다.","중력은 질량을 가진 모든 물체가 서로 끌어당기는 힘으로, 자연의 네 가지 기본 힘 가운데 가장 약하다. 세기는 강한 상호작용의 약 10³⁸분의 1에 불과하지만, 미치는 거리에 끝이 없어 행성과 은하의 운동을 좌우한다. 아이작 뉴턴은 1687년 『프린키피아』에서 두 물체 사이의 인력이 질량의 곱에 비례하고 거리의 제곱에 반비례한다는 만유인력 법칙을 내놓았다. 1915년 알베르트 아인슈타인은 일반 상대성 이론에서 이 힘을 시공간의 휘어짐으로 새로 설명했다. 2016년에는 라이고(LIGO) 연구진이 두 블랙홀의 충돌로 생긴 중력파를 처음 검출했다고 발표했다. 지구 표면의 중력 가속도는 약 9.81m/s²이다고 알려져 있다.","전자기력은 전하를 띤 입자 사이에 작용하는 기본 힘으로, 광자가 이 힘을 전달한다. 광자는 질량과 전하가 없고 스핀이 1인 보손이다. 네 가지 기본 힘 가운데 강한 상호작용 다음으로 세며, 중력과 함께 먼 거리까지 미치는 두 힘 가운데 하나이다. 샤를 드 쿨롱은 비틀림 저울 실험으로, 두 전하 사이의 힘이 전하량의 곱에 비례하고 떨어진 거리의 제곱에 반비례한다는 법칙을 밝혔다. 같은 부호의 전하는 서로 밀어내고 다른 부호의 전하는 끌어당긴다. 1905년 아인슈타인은 빛이 알갱이 같은 에너지 덩어리로 이루어진다는 광양자설을 내놓았고, 광자라는 이름은 1926년 길버트 루이스가 널리 퍼뜨렸다.","강한 상호작용은 쿼크들을 묶어 양성자와 중성자를 만들고, 그 남은 힘으로 양성자와 중성자를 원자핵 안에 붙잡아 두는 기본 힘이다. 네 가지 기본 힘 가운데 가장 세서 전자기력보다 약 100배 강하지만, 미치는 거리는 원자핵 크기인 약 10⁻¹⁵m(1펨토미터) 안팎으로 매우 짧다. 이 힘을 전달하는 입자는 글루온이다. 쿼크와 글루온은 전기 전하와 다른 색전하를 지니며, 이를 다루는 이론을 양자 색역학이라 한다. 쿼크는 홀로 떨어져 나오지 못하고 늘 강입자 안에 갇혀 있는데, 이를 색가둠이라 한다. 1935년 유카와 히데키는 중간자가 핵자 사이의 힘을 전한다는 이론을 내놓았고, 1949년 노벨 물리학상을 받았다."
솔잎을 깔고 쪄 내는 떡,"송편은 멥쌀가루를 익반죽해 소를 넣고 반달이나 조개 모양으로 빚어 찌는 떡이다. 소로는 참깨, 팥, 콩, 녹두, 밤, 대추 등을 넣는다. 찔 때 솔잎을 켜켜이 깔아 떡끼리 달라붙지 않게 하고 은은한 솔 향을 입히는데, 이름도 소나무를 뜻하는 '송'에서 왔다. 추석에 햅쌀로 빚어 차례상에 올리는 대표적인 명절 떡이다. 서울 송편은 작고 조개처럼 오므린 모양이며, 평안도와 강원도에서는 손가락 자국을 낸 큼직한 송편을 빚기도 한다.","시루떡은 쌀가루와 고물을 시루에 번갈아 켜켜이 앉혀 김으로 쪄 낸 떡이다. 고물로는 팥을 가장 많이 쓰며, 호박이나 콩, 녹두 등을 얹기도 한다. 붉은 팥이 나쁜 기운을 쫓는다는 믿음 때문에 고사를 지내거나 이사를 하거나 가게를 새로 열 때 흔히 쪄서 이웃과 나누었다. 이렇게 복을 빌며 올리는 시루떡을 고사떡이라고도 부른다. 층을 지어 찌기 때문에 썰면 단면에 쌀가루와 고물이 줄무늬처럼 드러난다.","인절미는 찹쌀을 쪄서 절구나 떡판에 올려 차지게 친 다음 알맞은 크기로 썰어 고물을 묻힌 떡이다. 고물로는 볶은 콩가루를 가장 많이 쓰고, 팥고물이나 깨, 채 썬 대추를 묻히기도 하며 쑥을 섞어 치기도 한다. 이괄의 난을 피해 공주 공산성에 머물던 인조에게 임씨 성의 백성이 이 떡을 바쳤는데, 맛에 감탄한 임금의 말에서 '임절미'라는 이름이 나와 바뀌었다는 이야기가 전한다. 얼렸다가 녹여도 부드러운 식감이 크게 변하지 않는다.","가래떡은 멥쌀가루를 쪄서 쳐 낸 반죽을 길고 둥근 막대 모양으로 뽑은 떡으로, 흰떡이라고도 한다. 예전에는 손으로 비벼 늘였으나 요즘은 대부분 기계로 뽑는다. 설날에는 굳힌 가래떡을 얇고 어슷하게 썰어 떡국을 끓이는데, 길게 뽑은 모양에는 오래 살기를 바라는 뜻이 담겨 있다고 한다. 굵기를 달리해 떡볶이나 떡꼬치에도 쓰며, 굳은 가래떡을 구워 조청에 찍어 먹기도 한다."
태양 다음으로 밝게 보이는 별,"시리우스는 큰개자리에서 가장 밝은 별로, 겉보기 등급이 -1.47이어서 태양을 빼면 밤하늘의 모든 별 가운데 가장 밝게 보인다. 지구에서 약 8.6광년(2.3파섹) 떨어져 있어 비교적 가까운 편이다. 밝은 주성 곁에는 백색왜성인 동반성 시리우스 B가 있으며, 이 동반성은 1862년 1월 31일에 처음 관측되었다. 고대 이집트 중왕국 사람들은 이 별을 나일강이 넘칠 시기를 알려 주는 별로 여겼다.","북극성은 작은곰자리 알파별인 폴라리스를 가리키며, 천구 북극에서 약 0.7도밖에 떨어져 있지 않아 밤새 거의 제자리에 머무는 것처럼 보인다. 겉보기 등급은 약 1.98이고, 거리는 연구에 따라 약 323~434광년으로 추정된다. 황백색 초거성이면서 밝기가 규칙적으로 변하는 고전 세페이드 변광성이며, 여러 별이 모인 다중성계이다. 지구 자전축의 세차 운동 때문에 북극성 자리는 시대마다 바뀌어, 기원전 3000년 무렵에는 용자리의 투반이 그 역할을 했다. 북반구에서는 이 별의 고도로 위도를 가늠해 항해에 이용했다.","베텔게우스는 오리온자리에 있는 적색 초거성으로, 분광형은 M2Iab이다. 지구와의 거리는 약 640광년으로 추정되지만 오차가 크다. 반지름은 태양의 약 1,200배, 곧 약 5.5AU에 이른다. 밝기가 오르내리는 변광성이며, 2019년 12월부터 2020년 2월 사이에 평소보다 크게 어두워져 맨눈으로도 차이가 보였다가 그해 봄 무렵 원래 밝기를 되찾았다. 핵융합 연료가 바닥나 가는 단계로 여겨지며, 언젠가 II형 초신성으로 폭발할 것으로 예상된다. 이름은 아랍어 '야드 알 자우자'에서 왔는데, 중세 라틴어로 옮기는 과정에서 첫 글자가 잘못 적혀 지금의 형태가 되었다.","베가는 거문고자리의 으뜸별로, 겉보기 등급 약 0.03으로 밤하늘에서 다섯 번째로 밝다. 지구에서 약 25광년 떨어져 있다. 알타이르, 데네브와 함께 여름철 대삼각형을 이루며, 동아시아에서는 직녀성이라 불러 칠석 설화에 등장한다. 1850년 7월 17일 태양이 아닌 별로는 처음으로 사진에 찍혔다. 1983년에는 둘레를 감싼 먼지 원반이 발견되었는데, 별 주위에서 먼지 원반을 찾은 첫 사례였다. 적도의 자전 속도가 초속 약 274km로 빨라 한 바퀴 도는 데 약 12.5시간이면 된다. 세차 운동 때문에 서기 14000년 무렵에는 북극성 자리에 오게 된다."
국물이 맑은 겨울 무 물김치,"동치미는 통무나 큼직하게 썬 무를 소금에 절여 넉넉한 국물에 담그는 물김치다. 이름의 '동'은 겨울을 뜻하며, 김장철을 앞둔 늦가을에 담가 겨울 내내 먹는다. 고춧가루를 풀지 않고 삭힌 고추와 파, 생강, 배 등을 넣어 맑고 시원한 맛을 낸다. 국물이 맑아 냉면이나 막국수의 육수로 쓰이며, 찐 고구마나 떡에 곁들이기도 한다. 특히 평안도와 함경도 등 북쪽 지방의 동치미가 이름났다.","배추김치는 소금에 절인 배추 잎 사이사이에 양념소를 채워 버무린 김치로, 한국 밥상의 대표 반찬이다. 양념소는 채 썬 무에 고춧가루, 다진 마늘, 파, 젓갈 등을 섞어 만든다. 고추가 들어오기 전의 김치는 지금처럼 붉지 않았으며, 고추 양념은 조선 후기에 들어 널리 쓰였다. 속이 단단히 차는 결구배추가 퍼지면서 오늘날과 같은 포기김치가 자리를 잡았다. 흔히 입동 무렵 이웃과 모여 겨우내 먹을 양을 한꺼번에 담그는 김장의 중심이 된다.","깍두기는 무를 주사위처럼 네모지게 썰어 담그는 김치다. 이름은 재료를 작고 네모나게 써는 깍둑썰기에서 왔다. 썬 무를 소금에 잠시 절인 뒤 고춧가루로 붉게 물들이고 파, 마늘, 생강, 젓갈로 버무려 익힌다. 정조의 딸 숙선옹주가 처음 만들어 임금께 올렸다는 이야기가 전한다. 굴이나 오이를 섞어 담그는 등 변형이 여럿 있으며, 설렁탕이나 곰탕 같은 국물 요리에 흔히 곁들인다.","총각김치는 손가락 굵기만 한 작은 무를 무청째 통으로 담그는 김치다. 무청이 달린 모양이 옛날 장가들지 않은 남자가 땋아 늘인 머리를 닮았다고 하여 이런 이름이 붙었다는 설명이 있다. 재료인 무는 지역에 따라 알타리무, 달랑무 등으로 불렸는데, 1988년 표준어 규정에서 총각무를 표준어로 삼았다. 절인 무에 고춧가루, 마늘, 젓갈 등을 버무려 익히며, 아삭하게 씹히는 맛이 특징이다."
허블 망원경 초기 사진이 흐렸던 원인,"허블 우주 망원경은 1990년 4월 24일 우주왕복선 디스커버리호(STS-31)에 실려 발사되었다. 이름은 우주가 팽창한다는 사실을 밝힌 천문학자 에드윈 허블에게서 따왔다. 주거울 지름은 2.4m이며 지상 약 540km 높이의 궤도를 돈다. 발사 직후 주거울 가장자리가 설계보다 약 2,200nm 평평하게 깎인 구면 수차가 드러나 초기 영상이 흐릿했다. 1993년 12월 첫 수리 임무(STS-61)에서 우주비행사들이 보정 장치를 달아 이 결함을 바로잡았다.","제임스 웹 우주 망원경은 2021년 12월 25일 프랑스령 기아나의 기아나 우주 센터에서 아리안 5호 로켓에 실려 발사되었다. 미국 항공우주국(NASA), 유럽 우주국(ESA), 캐나다 우주국(CSA)이 함께 만들었다. 주거울은 금으로 코팅한 베릴륨 육각형 조각 18개를 이어 붙인 것으로, 지름이 6.5m이다. 주로 파장 약 0.6~28.3μm의 적외선을 관측하며, 여러 겹의 차양막이 햇빛을 가려 장비를 50K 아래로 차갑게 유지한다. 지구에서 약 150만 km 떨어진 태양-지구 라그랑주점 L2 부근에 머물며, 첫 공식 영상은 2022년에 공개되었다.","케플러 우주 망원경은 지구와 비슷한 외계 행성을 찾으려고 2009년 3월 7일 발사된 미국 항공우주국의 망원경이다. 행성이 별 앞을 지나갈 때 별빛이 살짝 어두워지는 순간을 잡아내는 방식으로 행성을 찾았다. 주로 백조자리 방향에 있는 별 10만 개 이상을 한꺼번에 지켜보았다. 이름은 행성 운동 법칙을 세운 독일 천문학자 요하네스 케플러에게서 왔다. 자세를 잡아 주는 반작용 휠이 고장 난 뒤에는 K2라는 새 임무로 바꾸어 관측을 이어 갔으며, 2018년 10월 30일 은퇴가 발표되었다.","찬드라 엑스선 관측선은 1999년 7월 23일 우주왕복선 컬럼비아호(STS-93)에 실려 궤도에 올랐다. 지구 대기가 우주에서 오는 엑스선을 대부분 막아 땅 위에서는 관측이 어렵기 때문에 우주에 띄운 것이다. 약 0.1~10keV 에너지 범위의 엑스선을 관측한다. 이름은 백색왜성이 가질 수 있는 질량의 한계를 밝힌 인도계 미국 물리학자 수브라마니안 찬드라세카르에게서 따왔다. 미국 항공우주국의 대형 관측선 계획에서 허블 우주 망원경, 콤프턴 감마선 관측선에 이어 세 번째로 발사되었다. 지구를 한 바퀴 도는 데 약 64.2시간이 걸린다."
대동강 물이 풀린다는 속담 속 절기,"우수는 24절기의 둘째로, 태양이 황경 330도에 이르는 양력 2월 18일이나 19일 무렵이다. 이름은 빗물이라는 뜻으로, 추위가 누그러져 눈 대신 비가 내리고 얼었던 땅이 풀리기 시작한다는 의미를 담았다. '우수 경칩이면 대동강 물도 풀린다'는 속담이 이 무렵 날씨를 잘 보여 준다. 옛 역법서에는 수달이 잡은 물고기를 늘어놓고 기러기가 북쪽으로 날아가며 풀과 나무에 싹이 트는 때로 적혀 있다.","입춘은 24절기의 첫째로, 봄이 시작된다는 날이다. 태양이 황경 315도에 이를 때이며, 양력으로는 대개 2월 4일 무렵이다. 절기 차례로는 대한과 우수 사이에 든다. 이날 집집마다 대문이나 기둥에 '입춘대길' 같은 글귀를 써 붙여 한 해의 복을 빌었다. 농가에서는 보리 뿌리를 뽑아 보고 그해 농사를 점치기도 했다. 다만 실제 기온으로 따지는 기상학적 봄은 우리나라에서 대개 3월에 시작된다.","춘분은 24절기의 넷째로, 태양이 하늘의 적도를 지나 황경 0도에 이르는 날이다. 양력으로는 3월 20일이나 21일 무렵이다. 흔히 낮과 밤의 길이가 같은 날로 알려져 있으나, 대기에서 빛이 굴절되는 등의 까닭으로 실제로는 낮이 몇 분 더 길다. 하지, 추분, 동지와 함께 천문학적으로 뜻이 뚜렷한 네 절기 가운데 하나다. 강남 갔던 제비가 돌아오는 때로 여겨졌으며, 이란 등에서는 이 무렵 새해 명절 노루즈를 쇤다.",
임진왜란에서 조선이 처음 이긴 해전,"옥포 해전은 1592년 음력 5월 7일 경상도 거제 옥포 앞바다에서 벌어진 싸움이다. 임진왜란이 터진 뒤 전라좌수사 이순신이 처음으로 출전한 해전으로, 경상우수사 원균의 배들과 함께 싸웠다. 판옥선과 작은 배를 합쳐 90여 척에 이른 조선 함대는 포구에 머물던 일본 배들을 기습해 26척을 불태웠다. 조선 쪽 피해는 부상자 한 명에 그쳤다. 육지에서 잇따라 밀리던 조선군이 전쟁이 시작된 뒤 처음 거둔 승리였다.","옥포 해전은 1592년 음력 5월 7일 경상도 거제 옥포 앞바다에서 벌어진 싸움이다. 임진왜란이 터진 뒤 전라좌수사 이순신이 처음으로 출전한 해전으로, 경상우수사 원균의 배들과 함께 싸웠다. 판옥선과 작은 배를 합쳐 90여 척에 이른 조선 함대는 포구에 머물던 일본 배들을 기습해 26척을 불태웠다. 조선 쪽 피해는 부상자 한 명에 그쳤다. 육지에서 잇따라 밀리던 조선군이 전쟁이 시작된 뒤 처음 거둔 승리였다.","한산도 대첩은 1592년 음력 7월 8일 한산도 앞바다에서 조선 수군이 일본 함대를 크게 무찌른 싸움이다. 이순신은 좁고 암초가 많은 견내량에 머물던 와키자카 야스하루의 함대를 넓은 바다로 꾀어낸 뒤, 학이 날개를 펼친 모양으로 배를 벌려 세우는 학익진으로 에워쌌다. 이억기와 원균의 함대가 함께 싸웠고 거북선도 앞장섰다. 이 싸움 뒤 일본은 바닷길로 서쪽을 치려던 계획을 접었다. 진주 대첩, 행주 대첩과 함께 임진왜란 3대 대첩으로 꼽힌다.","명량 해전은 1597년 음력 9월 16일 전라도 해남과 진도 사이의 좁은 물목에서 벌어졌다. 앞서 원균이 이끈 조선 수군이 칠천량에서 거의 무너지자, 선조는 백의종군하던 이순신을 다시 삼도수군통제사로 불러들였다. 이순신은 남은 판옥선 13척으로 130척이 넘는 일본 함대를 맞았고, 물살의 방향이 바뀌는 때를 이용해 적을 몰아붙였다. 일본 배 30여 척이 부서졌으나 조선은 한 척의 배도 잃지 않았다."
주초위왕 나뭇잎 사건 주도 인물,"기묘사화는 중종 14년인 1519년에 조광조를 비롯한 신진 사림이 한꺼번에 조정에서 밀려난 사건이다. 조광조는 추천으로 인재를 뽑는 현량과를 실시하고, 반정 공신 가운데 공이 부풀려진 이들의 공훈을 깎아야 한다고 주장해 훈구 세력의 반발을 샀다. 남곤, 심정, 홍경주 등은 나뭇잎에 '주초위왕'이라는 글자가 새겨졌다는 이야기를 퍼뜨려 조광조가 왕위를 노린다고 모함했다. 조광조는 능주로 귀양을 갔다가 곧 사약을 받았다.","무오사화는 연산군 4년인 1498년에 일어난 조선의 첫 사화다. 『성종실록』을 편찬하던 중, 사관 김일손이 사초에 스승 김종직이 지은 「조의제문」을 실어 둔 사실이 드러난 것이 발단이었다. 유자광과 이극돈 등 훈구 세력은 이 글이 세조가 단종의 왕위를 빼앗은 일을 빗대어 비판했다고 몰아세웠다. 그 결과 김일손은 처형되고, 이미 세상을 떠난 김종직은 무덤이 파헤쳐지는 부관참시를 당했으며, 그의 문집도 불태워졌다.","갑자사화는 1504년 연산군이 생모 폐비 윤씨의 죽음에 관련된 신하들을 벌하면서 벌어진 사화다. 윤씨는 성종 때인 1482년 사약을 받고 죽었는데, 연산군이 즉위한 뒤 그 경위를 알게 되면서 보복이 시작되었다. 윤필상, 이극균 등 여러 대신이 목숨을 잃었고, 이미 죽은 한명회와 정창손 등은 무덤에서 시신이 끌려 나왔다. 화를 입은 사람들 대부분은 1506년 중종반정으로 연산군이 쫓겨난 뒤 명예를 되찾았다.","을사사화는 명종이 즉위한 1545년에 일어난 사화다. 어린 명종을 대신해 어머니 문정왕후가 수렴청정을 하자, 그 동생 윤원형이 이끈 소윤이 인종의 외숙 윤임이 이끈 대윤을 몰아냈다. 윤임과 그를 따르던 관료, 선비들이 죽거나 귀양을 갔다. 1547년 양재역 벽서 사건을 빌미로 숙청이 다시 이어졌고, 몇 해에 걸쳐 화를 입은 사람이 100명 가까이에 이르렀다."
씨름과 서당 풍속화를 그린 화가,"김홍도는 1745년에 태어난 조선 후기의 화가로, 호는 단원이다. 어려서 문인 화가 강세황에게 그림을 배웠고, 도화서 화원이 되어 영조와 정조의 초상을 그리는 일에 참여했다. 정조의 두터운 신임을 받아 궁중의 그림 일을 도맡았으며, 1791년부터 몇 해 동안 충청도 연풍의 현감을 지냈다. 씨름, 서당, 타작처럼 서민의 일상을 익살스럽게 담은 25점짜리 풍속화첩이 대표작으로, 국립중앙박물관에 있다.","김홍도는 1745년에 태어난 조선 후기의 화가로, 호는 단원이다. 어려서 문인 화가 강세황에게 그림을 배웠고, 도화서 화원이 되어 영조와 정조의 초상을 그리는 일에 참여했다. 정조의 두터운 신임을 받아 궁중의 그림 일을 도맡았으며, 1791년부터 몇 해 동안 충청도 연풍의 현감을 지냈다. 씨름, 서당, 타작처럼 서민의 일상을 익살스럽게 담은 25점짜리 풍속화첩이 대표작으로, 국립중앙박물관에 있다고 알려져 있다.","정선은 1676년에 태어난 조선 후기의 화가로, 호는 겸재다. 중국 그림을 본뜨던 관습에서 벗어나 금강산과 한양 주변 등 우리 땅의 실제 경치를 보고 그리는 진경산수화의 길을 열었다. 양천 현령 등의 벼슬을 지냈다. 1751년 일흔여섯의 나이에 비가 갠 뒤의 인왕산을 짙은 먹으로 그린 「인왕제색도」가 대표작이며, 금강산의 봉우리들을 한 화면에 둥글게 담은 「금강전도」도 이름났다. 두 그림 모두 국보로 지정되어 있다. 1759년 세상을 떠났다.","신윤복은 1758년에 태어난 조선 후기의 풍속화가로, 호는 혜원이다. 아버지 신한평도 도화서 화원이었다. 양반과 기생의 풍류, 여인들의 모습을 섬세한 선과 산뜻한 색으로 즐겨 그렸다. 30점의 그림을 묶은 『혜원전신첩』은 간송미술관이 소장하며 국보로 지정되어 있는데, 개울가에서 머리를 감고 그네를 뛰는 여인들을 그린 「단오풍정」과 달밤의 남녀를 그린 「월하정인」이 여기에 들어 있다. 여인 한 사람을 단독으로 그린 「미인도」도 대표작이다."
전통 가야금 줄 개수,"가야금은 가야의 가실왕이 만들고 악사 우륵에게 곡을 짓게 했다고 전하는 현악기다. 전통 가야금은 명주실을 꼬아 만든 줄 12개를 걸고, 줄마다 안족이라 부르는 기러기발 모양의 받침을 세운다. 연주자는 악기 머리 쪽을 오른쪽 무릎에 올려놓고 오른손으로 줄을 뜯으며, 왼손으로 줄을 눌러 소리를 꾸민다. 궁중 음악에 쓰는 정악 가야금과 몸체가 작아 빠른 가락에 알맞은 산조 가야금으로 나뉘며, 오늘날에는 줄을 25개까지 늘린 개량 가야금도 쓰인다.","가야금은 가야의 가실왕이 만들고 악사 우륵에게 곡을 짓게 했다고 전하는 현악기다. 전통 가야금은 명주실을 꼬아 만든 줄 12개를 걸고, 줄마다 안족이라 부르는 기러기발 모양의 받침을 세운다. 연주자는 악기 머리 쪽을 오른쪽 무릎에 올려놓고 오른손으로 줄을 뜯으며, 왼손으로 줄을 눌러 소리를 꾸민다. 궁중 음악에 쓰는 정악 가야금과 몸체가 작아 빠른 가락에 알맞은 산조 가야금으로 나뉘며, 오늘날에는 줄을 25개까지 늘린 개량 가야금도 쓰인다고 알려져 있다.","거문고는 고구려의 재상 왕산악이 중국 진나라에서 들어온 칠현금을 고쳐 만들었다고 전하는 현악기다. 그가 새 악기로 곡을 연주하자 검은 학이 날아와 춤을 추었다 하여 현학금이라 불렸고, 이것이 거문고라는 이름으로 이어졌다. 명주실 줄 6개와 16개의 괘를 갖추었으며, 대나무로 깎은 술대로 줄을 내리치거나 뜯어 소리를 낸다. 소리가 깊고 묵직해 옛 선비들이 마음을 닦는 악기로 아꼈다.","해금은 두 줄을 말총으로 만든 활로 문질러 소리를 내는 찰현악기다. 중국 북방에서 비롯되어 고려 때 들어온 것으로 보이며, 조선 성종 때 펴낸 『악학궤범』에도 실려 있다. 두 줄 사이에 활대를 끼워 넣고 안쪽 줄과 바깥쪽 줄을 번갈아 긁으며, 왼손으로 줄을 감아쥐는 힘을 달리해 음 높이를 정한다. 궁중 음악과 민속 음악에 두루 쓰이고 소리가 날카로우면서도 애잔하다. 민간에서는 깽깽이라고도 불렀다."
철관음과 대홍포는 무슨 차,"우롱차는 찻잎을 부분적으로만 산화시킨 차로, 녹차와 홍차의 중간에 해당한다. 산화 정도는 대략 30~70% 사이이며, 중국의 차 분류로는 청차에 속한다. 명나라 말에서 청나라 초 무렵 푸젠성 무이산에서 처음 만들어진 것으로 보며, 이후 광둥성과 타이완으로 퍼졌다. 녹차의 향긋함과 홍차의 묵직함을 함께 지닌 맛으로 알려져 있다. 무이산의 대홍포, 푸젠성 남부의 철관음, 타이완의 동방미인이 대표적이다.","녹차는 찻잎을 발효시키지 않고 푸른빛이 남도록 말린 차다. 딴 잎을 곧바로 뜨거운 솥에 덖거나 증기로 쪄서 잎 속 효소가 작용하지 못하게 한다. 우리나라에서는 곡우 전에 딴 여린 잎으로 만든 차를 우전, 곡우 뒤에 딴 잎으로 만든 차를 세작이라 부른다. 신라 흥덕왕 때인 828년 김대렴이 당나라에서 차 씨앗을 가져와 지리산에 심었다는 기록이 『삼국사기』에 있다. 오늘날에는 보성, 하동, 제주 등이 주요 산지다. 끓는 물을 60~80℃로 식혀 우리는 것이 좋다.","홍차는 찻잎을 충분히 산화시켜 만든 차로, 우려낸 찻물이 붉어서 동아시아에서는 홍차라 부르고, 서양에서는 마른 잎의 검은 빛깔을 따라 블랙 티라고 한다. 딴 잎을 시들게 하는 위조, 비벼서 세포를 깨뜨리는 유념, 산화, 건조의 과정을 거쳐 만든다. 인도의 다르질링과 아삼, 스리랑카의 실론, 중국의 기문 등이 이름난 산지다. 세계에서 생산되는 차 가운데 가장 큰 비중을 차지하며, 서양의 차 시장에서 특히 많이 소비된다.","보이차는 중국 윈난성에서 나는 찻잎으로 만든 후발효차로, 흑차에 속한다. 옮기고 보관하기 쉽도록 찻잎을 눌러 둥근 떡 모양의 병차나 벽돌 모양의 전차로 굳힌 것이 많다. 자연스럽게 오래 묵히며 익히는 생차와, 1970년대에 도입된 방식으로 찻잎을 쌓아 빠르게 발효시킨 숙차로 나뉜다. 옛날에는 이 차를 말에 싣고 티베트와 네팔, 인도로 실어 날랐는데, 그 길을 차마고도라 부른다. 햇빛을 피해 바람이 잘 통하는 곳에 보관해야 곰팡이가 슬지 않는다."
몽블랑은 언제 누가 처음 올랐나,"몽블랑은 높이 약 4,808m로 알프스산맥과 서유럽에서 가장 높은 산이다. 프랑스의 오트사부아와 이탈리아의 발레다오스타 사이 국경에 솟아 있다. 이름은 프랑스어로 '하얀 산'이라는 뜻이다. 1786년 8월 8일 미셸가브리엘 파카르와 자크 발마가 처음 정상에 올랐으며, 이 일은 등산의 역사에서 중요한 이정표로 꼽힌다. 1965년에는 산 밑을 지나는 길이 약 11.6km의 몽블랑 터널이 완공되어 프랑스의 샤모니와 이탈리아의 쿠르마예르를 잇는다. 산자락의 샤모니는 1924년 제1회 동계 올림픽을 치렀다.","에베레스트산은 해발 8,848.86m로 세계에서 가장 높은 산이다. 히말라야산맥 가운데 네팔과 중국의 국경에 솟아 있다. 네팔에서는 사가르마타, 티베트에서는 초모룽마라 부르며, 영어 이름은 영국의 측량가 조지 에베레스트에게서 따왔다. 1953년 5월 29일 뉴질랜드의 에드먼드 힐러리와 셰르파인 텐징 노르게이가 처음으로 꼭대기를 밟았다. 한국인으로는 1977년 고상돈이 처음 정상에 섰다. 지각판이 움직이는 탓에 산이 해마다 조금씩 높아지는 것으로 알려져 있다.","K2는 높이 8,611m로 에베레스트산 다음으로 높은 세계 제2봉이다. 카라코람산맥에 있으며 파키스탄과 중국의 국경에 걸쳐 있다. 1856년 영국 측량대가 카라코람의 봉우리에 차례로 번호를 매길 때 두 번째 봉우리로 기록되어 K2라는 이름이 붙었고, 초고리나 고드윈오스틴산이라고도 한다. 1954년 7월 31일 이탈리아 원정대의 아킬레 콤파뇨니와 리노 라체델리가 처음 올랐다. 2021년 1월 16일에는 10명의 등반대가 처음으로 겨울철 정상에 올랐다. 높이는 두 번째지만 오르기가 훨씬 까다롭고 사망률도 높은 산으로 이름나 있다.","킬리만자로산은 탄자니아 북동부에 있는 아프리카 최고봉으로, 높이는 5,895m이다. 키보, 마웬지, 시라 세 화산 봉우리로 이루어지며, 가장 높은 것이 키보이다. 마웬지는 5,254m, 시라는 3,778m이다. 1889년 10월 6일 독일의 지리학자 한스 마이어와 오스트리아의 산악인 루트비히 푸르트셸러가 유럽인으로는 처음 키보 정상에 올랐다. 적도에서 멀지 않은데도 꼭대기에 빙원이 있으나, 그 규모가 점점 줄고 있다. 각 대륙의 가장 높은 산을 이르는 7대륙 최고봉 가운데 하나이며, 국립공원으로 보호되고 유네스코 세계 유산에도 올라 있다."
지구 생물 종이 가장 많이 사는 숲,"열대 우림은 적도를 중심으로 남북 약 10도 사이에 펼쳐진 숲으로, 아마존 유역, 콩고 분지, 동남아시아에 넓게 자리한다. 월평균 기온이 늘 18°C를 넘고, 연 강수량은 최소 1,680mm이며 보통 1,750~3,000mm에 이른다. 지구 생물 종의 40~75%가 이곳에 사는 것으로 추정될 만큼 생물 다양성이 크다. 숲은 우뚝 솟은 나무들의 돌출층, 나뭇잎이 빽빽한 수관층, 그 아래의 하층, 햇빛이 2% 정도밖에 닿지 않는 지표층으로 나뉜다. 비가 양분을 씻어 내 흙은 척박하고 산성이며, 철과 알루미늄 산화물이 많다.","사바나는 열대와 아열대 지역에서 건기와 우기가 뚜렷하게 갈리는 곳에 발달하는 초원이다. 풀밭 위에 나무가 드문드문 서 있어, 나무 윗부분의 잎들이 서로 닿지 않고 그 사이로 풀이 자란다. 연 강수량은 약 500~1,270mm인데 비가 한 철에 몰려 내리고, 해마다 5~7개월가량 건기가 이어진다. 아프리카, 오스트레일리아, 남아메리카, 인도 등의 따뜻한 지역에 분포한다. 아프리카 사바나에는 아카시아와 바오바브나무가 자라고 기린, 코끼리, 얼룩말, 영양 같은 큰 동물이 산다. 주기적으로 나는 불은 숲이 초원을 덮지 않게 하는 구실을 한다.","툰드라는 여름이 짧고 추워 나무가 자라지 못하는 땅으로, 이름은 나무 없는 고지를 뜻하는 사미어에서 왔다. 땅속에는 일 년 내내 녹지 않는 영구 동토층이 있고 강수량이 적다. 가장 따뜻한 달의 평균 기온이 10°C보다 낮은 곳을 가리키며, 위도가 높은 곳뿐 아니라 높은 산 위에도 고산 툰드라가 나타난다. 짧은 여름에는 겉흙만 녹아 이끼, 지의류, 사초, 키 작은 관목이 자란다. 시베리아, 캐나다, 알래스카, 그린란드, 스칸디나비아 북부 등 약 1,160만 km²를 차지하며, 지구 온난화로 영구 동토가 녹으면서 면적이 줄고 있다.","타이가는 러시아어에서 온 이름으로, 북방림 또는 한대 침엽수림이라고도 한다. 전 세계 숲의 약 29%를 차지하는, 땅 위에서 가장 넓은 생물군계이다. 가문비나무, 전나무, 소나무, 잎갈나무 같은 바늘잎나무가 주로 자란다. 시베리아를 비롯한 러시아 전역과 캐나다, 알래스카, 스칸디나비아, 몽골 북부, 홋카이도 북부에 걸쳐 있다. 겨울이 길고 몹시 추우며 계절 사이 기온 차가 커서 연평균 기온이 -5~5°C 정도이다. 흙은 산성이고 양분이 적은 포드졸이다. 말코손바닥사슴, 순록, 불곰, 회색늑대, 스라소니 등이 산다."
1896년 올림픽 마라톤 우승자,"1896년 하계 올림픽은 4월 6일부터 15일까지 그리스 아테네에서 열린 첫 근대 올림픽이다. 14개 나라에서 남자 선수 241명이 참가해 9개 종목 43개 세부 경기를 치렀으며, 여자 선수는 나오지 않았다. 옛 경기장을 되살린 파나티나이코 경기장이 주 무대였다. 1위에게는 금메달이 아니라 은메달과 올리브 가지 관을 주었다. 그리스의 스피리돈 루이스가 마라톤에서 우승해 국민 영웅이 되었다. 예산이 모자라 수영 경기는 바다에서 치렀다.","1904년 하계 올림픽은 미국 미주리주 세인트루이스에서 열렸다. 유럽 밖에서 열린 첫 올림픽이자 미국에서 열린 첫 올림픽이다. 루이지애나 매입을 기념하는 박람회와 함께 7월 1일부터 11월 23일까지 다섯 달 가까이 이어졌다. 먼 거리 탓에 12개 나라만 참가했고, 선수 651명 대부분이 미국인이었다. 이 대회부터 1위, 2위, 3위에게 금메달, 은메달, 동메달을 나누어 주었으며, 권투와 10종 경기가 처음 열렸다.","1908년 하계 올림픽은 영국 런던에서 열렸다. 본래 이탈리아 로마가 개최할 예정이었으나 1906년 베수비오 화산이 분화하자 이탈리아가 복구에 힘을 쏟으려고 개최를 포기했다. 4월 27일부터 10월 31일까지 187일 동안 이어져 가장 오래 열린 하계 올림픽으로 남았고, 22개 나라에서 약 2,000명이 참가했다. 주 경기장은 새로 지은 화이트 시티 스타디움이었다. 마라톤 출발점을 윈저성으로 옮기고 결승선을 왕실 관람석 앞에 맞추면서, 오늘날의 마라톤 거리 42.195km가 이 대회에서 정해졌다.",
천연 물질 중 가장 단단한 광물,"다이아몬드는 탄소 원자만으로 이루어진 광물로, 원자들이 입방정 결정 구조로 촘촘히 결합해 있다. 모스 굳기 10으로 천연 물질 가운데 가장 단단하다. 흑연과 같은 탄소의 동소체이지만, 보통의 온도와 압력에서 더 안정한 쪽은 흑연이다. 대부분 지하 150~250km 깊이의 높은 압력과 온도에서 만들어지며, 킴벌라이트라는 화산암에 실려 지표 가까이 올라온다. 굴절률이 약 2.42로 높아 빛을 강하게 꺾어 반짝인다. 1950년대에는 고온 고압을 이용해 인공으로 합성하는 방법이 개발되었다.","석영은 이산화규소(SiO₂)로 이루어진 광물로, 대륙 지각에서 가장 흔한 광물 가운데 하나이다. 모스 굳기는 7이고, 끝이 뾰족한 육각기둥 모양의 결정으로 자란다. 누르면 전압이 생기는 압전 효과가 있어 수정 시계와 전자 기기의 진동자로 쓰인다. 보라색인 자수정, 노란색인 황수정, 분홍색인 장미 석영처럼 색에 따라 여러 변종이 있다. 유리의 주원료이며, 사암에도 평균 65% 정도 들어 있다. 약 573°C가 넘으면 결정 구조가 고온형으로 바뀐다.","강옥은 산화알루미늄(Al₂O₃)으로 된 광물로, 결정계는 삼방정계이고 모스 굳기가 9에 이른다. 크로뮴이 섞여 붉은빛을 띠는 보석질 강옥은 루비라 하고, 그 밖의 색을 띠는 것은 사파이어라 부른다. 사파이어의 색은 섞여 든 전이 금속의 종류에 따라 파랑, 노랑, 분홍 등으로 달라진다. 단단한 성질 덕분에 숫돌과 사포 같은 연마재로도 쓰인다. 1903년 프랑스 화학자 오귀스트 베르뇌유가 불꽃으로 원료를 녹이는 방법으로 합성 루비를 상업 규모로 만들 수 있다고 발표했다.","방해석은 탄산칼슘(CaCO₃)으로 된 광물로, 모스 굳기 3의 기준이 된다. 결정계는 삼방정계이며, 깨뜨리면 비스듬한 육면체인 능면체 조각으로 쪼개진다. 투명한 결정을 통해 글씨를 보면 두 겹으로 보이는 복굴절이 뚜렷한데, 예전 광학 실험에 쓰인 맑은 결정은 주로 아이슬란드에서 났다. 묽은 염산을 떨어뜨리면 거품을 내며 녹는다. 석회암의 주성분이고, 변성 작용을 거친 대리암의 대부분을 이루기도 한다. 고대 이집트에서는 투탕카멘 무덤의 부장품과 그릇 재료로 쓰였다."
고추장 담그는 법이 실린 옛 문헌,"고추장은 고춧가루에 찹쌀가루나 멥쌀가루, 엿기름, 메줏가루, 소금 등을 섞어 발효시킨 붉은 장이다. 고추가 들어온 뒤에 생겨난 장으로, 1766년에 나온 『증보산림경제』에 담그는 법이 실려 있다. 엿기름이 곡물의 녹말을 당으로 바꾸어 매운맛 속에 단맛이 어우러진다. 순창은 전통 고추장 산지로 이름이 높다. 비빔밥과 떡볶이, 여러 볶음 요리에 두루 쓰이며, 2010년에는 매운 정도를 다섯 단계로 나누는 기준이 마련되었다.","간장은 콩으로 쑨 메주를 소금물에 담가 우려낸 검붉은 액체 양념이다. 메주를 담가 둔 소금물이 충분히 우러나면 건더기를 건져 내고 남은 물을 달여 만든다. 발효하는 동안 콩 단백질이 분해되며 생기는 물질 때문에 짙은 갈색을 띠며, 소금 농도는 대개 18~20% 정도다. 전통 방식으로 담근 한식간장은 빛깔이 옅고 짠맛이 강해 국간장이라고도 하며, 주로 국의 간을 맞출 때 쓴다. 공장에서 미생물로 발효시킨 양조간장과 산으로 콩을 분해한 산분해간장 등 개량간장도 널리 쓰인다.","된장은 메주를 소금물에 담가 장물을 떠내고 남은 건더기를 따로 모아 다시 숙성시킨 장이다. 한 항아리에서 간장과 된장을 함께 얻는 것이 우리 전통 장 담그기의 특징이다. 『삼국사기』에도 장에 관한 기록이 남아 있어 아주 오래전부터 먹어 온 것으로 본다. 국과 찌개의 맛을 내는 데 주로 쓰이며, 고추장과 양념을 더해 쌈장을 만들기도 한다. 메주를 곱게 빻아 짧은 기간에 익힌 막장처럼 지역마다 담그는 방식이 조금씩 다르다.","청국장은 삶은 콩을 볏짚과 함께 따뜻한 곳에 두어 2~3일 만에 띄운 장이다. 볏짚에 붙어 사는 고초균이 콩을 발효시켜 끈적한 실과 특유의 냄새를 만든다. 몇 달씩 익히는 다른 장과 달리 짧은 기간에 만들 수 있는 것이 특징이다. 1715년 무렵 엮인 『산림경제』에 전국장이라는 이름으로 담그는 법이 나온다. 김치, 두부, 돼지고기 등을 넣고 끓인 찌개로 흔히 먹는다. 일본의 낫토와 비슷하지만 낫토는 정해진 한 가지 균으로 발효시킨다."
청공에 갈대 속막을 붙이는 관악기,"대금은 가로로 부는 대나무 관악기로, 신라 때 대금, 중금, 소금을 아울러 이른 삼죽 가운데 가장 크다. 길이가 80cm를 넘으며, 양쪽에 골이 파이고 살이 두꺼운 쌍골죽으로 만든 것을 으뜸으로 친다. 입김을 불어 넣는 취구, 손가락으로 막는 지공 6개와 함께 갈대 속막을 붙인 청공이 있어 떨리는 듯한 독특한 소리가 난다. 합주에서는 다른 악기들이 대금의 음에 맞추어 조율한다. 거센 물결을 잠재웠다는 신라의 피리 만파식적 이야기가 전한다.","가야금은 가야의 가실왕이 만들고 악사 우륵에게 곡을 짓게 했다고 전하는 현악기다. 전통 가야금은 명주실을 꼬아 만든 줄 12개를 걸고, 줄마다 안족이라 부르는 기러기발 모양의 받침을 세운다. 연주자는 악기 머리 쪽을 오른쪽 무릎에 올려놓고 오른손으로 줄을 뜯으며, 왼손으로 줄을 눌러 소리를 꾸민다. 궁중 음악에 쓰는 정악 가야금과 몸체가 작아 빠른 가락에 알맞은 산조 가야금으로 나뉘며, 오늘날에는 줄을 25개까지 늘린 개량 가야금도 쓰인다.","거문고는 고구려의 재상 왕산악이 중국 진나라에서 들어온 칠현금을 고쳐 만들었다고 전하는 현악기다. 그가 새 악기로 곡을 연주하자 검은 학이 날아와 춤을 추었다 하여 현학금이라 불렸고, 이것이 거문고라는 이름으로 이어졌다. 명주실 줄 6개와 16개의 괘를 갖추었으며, 대나무로 깎은 술대로 줄을 내리치거나 뜯어 소리를 낸다. 소리가 깊고 묵직해 옛 선비들이 마음을 닦는 악기로 아꼈다.","해금은 두 줄을 말총으로 만든 활로 문질러 소리를 내는 찰현악기다. 중국 북방에서 비롯되어 고려 때 들어온 것으로 보이며, 조선 성종 때 펴낸 『악학궤범』에도 실려 있다. 두 줄 사이에 활대를 끼워 넣고 안쪽 줄과 바깥쪽 줄을 번갈아 긁으며, 왼손으로 줄을 감아쥐는 힘을 달리해 음 높이를 정한다. 궁중 음악과 민속 음악에 두루 쓰이고 소리가 날카로우면서도 애잔하다. 민간에서는 깽깽이라고도 불렀다."
내핵이 그렇게 뜨거운데도 고체인 이유,"내핵은 지구 한가운데 있는 반지름 약 1,230km의 공 모양 부분으로, 지구 반지름의 약 20%에 해당한다. 온도는 약 5,400~5,700K로 태양 표면과 맞먹을 만큼 높지만, 엄청난 압력이 철의 녹는점을 끌어올려 고체 상태를 유지한다. 주로 철과 니켈의 합금으로 되어 있다. 덴마크 지진학자 잉에 레만이 1936년 지진파를 분석해 그 존재를 처음 밝혔으며, 당시 추정한 반지름은 약 1,400km였다. 둘레의 액체 금속이 조금씩 얼어붙으면서 해마다 약 1mm씩 커지는 것으로 추정된다.","지각은 지구의 가장 바깥을 이루는 얇은 암석층으로, 지구 부피의 1%도 되지 않는다. 대륙 지각은 화강암질 암석이 많고 두께가 곳에 따라 20~90km, 평균 약 35km이다. 해양 지각은 현무암질 암석으로 이루어져 두께가 5~10km로 얇지만 밀도는 더 크다. 주로 산소와 규소에 알루미늄, 철, 칼슘 등이 결합한 규산염 광물로 되어 있다. 지각과 그 아래 맨틀의 경계는 모호로비치치 불연속면이라 하는데, 크로아티아 지진학자 안드리야 모호로비치치가 1909년 지진 기록을 분석해 찾아냈다. 이 경계를 지나면 P파의 속도가 초속 1km쯤 갑자기 빨라진다.","맨틀은 지각 아래에서 깊이 약 2,900km까지 이어지는 층으로, 지구 부피의 약 84%와 질량의 약 67%를 차지한다. 주로 감람석과 휘석이 든 감람암으로 이루어져 있다. 깊이에 따라 상부 맨틀, 약 410~660km 구간의 전이대, 하부 맨틀로 나뉜다. 상부 맨틀에는 깊이 100~200km 부근부터 부분적으로 무른 연약권이 있어, 그 위에 얹힌 딱딱한 암석권 판이 움직일 수 있다. 맨틀 물질은 온도 차 때문에 아주 느리게 대류하는데, 뜨거운 물질은 해령 쪽에서 솟고 식은 물질은 섭입대에서 가라앉으며 판을 움직이는 힘이 된다.","외핵은 맨틀 아래 깊이 약 2,890km에서 5,150km 사이에 있는 층으로, 두께가 약 2,260km이다. 지구를 이루는 큰 층 가운데 유일하게 액체 상태인데, 이는 고체만 지날 수 있는 S파가 이 층을 통과하지 못한다는 관측으로 확인되었다. 주성분은 철과 니켈이고 산소, 규소, 황 같은 가벼운 원소가 섞여 있다. 온도는 바깥쪽이 약 3,000~4,500K이며 안쪽으로 갈수록 더 높아진다. 전기가 통하는 금속 유체가 대류하며 전류를 만들고, 이 다이너모 작용이 지구 자기장을 유지한다."
카스피해를 둘러싼 다섯 나라,"카스피해는 면적 약 371,000km²로 세계에서 가장 넓은 호수이다. 이름에 바다가 붙을 만큼 넓어 흔히 바다처럼 여겨진다. 러시아, 카자흐스탄, 투르크메니스탄, 이란, 아제르바이잔 다섯 나라에 둘러싸여 있다. 수면은 해수면보다 약 28m 낮다. 물에는 소금기가 있지만 염분은 약 1.2%로 보통 바닷물의 3분의 1 정도이다. 유럽에서 가장 긴 강인 볼가강이 얕은 북쪽으로 흘러든다. 가장 깊은 곳은 1,025m이다. 캐비아를 얻는 철갑상어와 풍부한 석유·천연가스 자원으로 이름나 있다.","바이칼호는 러시아 시베리아 남부, 이르쿠츠크주와 부랴티야 공화국 사이에 있는 호수이다. 가장 깊은 곳이 1,642m로 세계에서 가장 깊은 호수이다. 물의 양은 약 23,000km³로 지구 전체 민물의 약 20%를 담고 있다. 2,500만~3,000만 년 전에 생겨 지구에서 가장 오래된 호수 가운데 하나로 꼽힌다. 길이는 636km, 너비는 20~80km이다. 셀렝가강을 비롯한 여러 강이 흘러들지만 빠져나가는 물길은 앙가라강이다. 바이칼물범을 비롯해 1,550종이 넘는 동물이 살며, 그 가운데 60% 이상이 이곳에만 사는 고유종이다. 1996년 유네스코 세계 자연 유산으로 지정되었다.","슈피리어호는 북아메리카 오대호 가운데 가장 크며, 면적은 약 82,400km²로 표면적 기준 세계 최대의 민물 호수이다. 북쪽은 캐나다 온타리오주, 남쪽과 서쪽은 미국 미네소타주, 위스콘신주, 미시간주와 맞닿아 있다. 가장 깊은 곳은 406m이고, 담긴 물의 양은 세계 호수 가운데 세 번째로 많다. 오대호 가운데 가장 위쪽에 있어 '위쪽의'라는 뜻의 이름이 붙었다. 호수의 물은 세인트메리스강을 거쳐 휴런호로 빠져나간다. 1975년 폭풍 속에서 화물선 에드먼드 피츠제럴드호가 이 호수에 가라앉았다.","티티카카호는 남아메리카 안데스산맥의 알티플라노 고원에서 페루와 볼리비아의 국경에 걸친 호수이다. 수면이 해발 약 3,812m에 있어, 큰 배가 다닐 수 있는 호수 가운데 세계에서 가장 높은 곳에 있다고 흔히 일컬어진다. 면적은 약 8,372km², 가장 깊은 곳은 284m, 평균 깊이는 약 135m이다. 물의 양으로는 남아메리카에서 가장 큰 호수이다. 호수에는 섬이 41개 있으며, 원주민이 토토라 갈대를 엮어 만든 떠 있는 인공 섬 우로스가 이름나 있다. 태양의 섬과 달의 섬은 잉카의 창조 신화에 등장한다."
쓸개즙은 어느 기관에서 만들어지나,"간은 사람 몸의 내장 기관 가운데 가장 크며, 어른의 간은 무게가 약 1.2kg이다. 가로막 아래 배의 오른쪽 윗부분에 자리한다. 지방의 소화를 돕는 쓸개즙을 만들고, 몸에 해로운 물질을 해독한다. 남는 포도당을 글리코겐으로 저장했다가 필요할 때 풀어 혈당을 조절하며, 혈장 단백질인 알부민을 합성한다. 수명을 다한 적혈구를 처리하는 일도 한다. 피는 간동맥과 간문맥 두 길로 들어오며, 안쪽은 간세포가 모인 작은 간소엽들로 이루어져 있다.","쓸개는 간 아래쪽에 붙어 있는 배 모양의 작은 주머니로, 길이는 7~10cm, 지름은 약 4cm이다. 쓸개즙을 스스로 만들지는 않으며, 간세포가 분비한 쓸개즙이 흘러 들어오면 한 번에 30~60mL 정도를 담아 둔다. 보관하는 동안 수분을 빼내 쓸개즙을 3~10배로 진하게 만든다. 기름진 음식이 들어오면 콜레시스토키닌이라는 호르몬이 나와 쓸개를 수축시키고, 흘러나간 쓸개즙은 지방을 잘게 유화시켜 흡수를 돕는다. 담석이나 쓸개염 같은 질환이 생길 수 있으며, 심하면 쓸개를 떼어 내는 수술을 한다.","심장은 온몸으로 피를 뿜어 보내는 근육 기관으로, 크기는 주먹만 하고 무게는 약 250~300g이다. 양쪽 폐 사이에 있으며, 가슴뼈를 기준으로 약 3분의 2가 왼쪽에 치우쳐 있다. 안은 좌우 심방과 좌우 심실, 곧 2심방 2심실로 나뉜다. 피가 거꾸로 흐르지 않도록 삼첨판, 승모판(이첨판), 폐동맥판, 대동맥판 네 판막이 막아 준다. 쉴 때는 1분에 약 72번 뛰며, 한 번 수축할 때마다 약 60~80mL의 피를 내보낸다. 박동의 박자는 굴심방결절의 조율 세포가 정하고, 심장 근육 자체에는 관상 동맥이 피를 공급한다.","콩팥은 척추 양옆, 배의 뒤쪽 벽에 하나씩 모두 두 개가 있는 강낭콩 모양의 기관이다. 하나의 크기는 길이 약 10cm, 너비 약 5cm, 두께 약 3cm이다. 피를 거르는 기본 단위인 네프론이 콩팥 하나에 약 100만 개 들어 있다. 하루에 걸러 내는 원뇨는 180L가 넘지만 대부분 다시 흡수되어 실제 오줌은 약 1.5L만 나온다. 핏속의 노폐물과 여분의 무기질을 내보내는 일 말고도 혈압과 전해질, 체액의 양을 조절한다. 적혈구 생성을 돕는 호르몬 에리트로포이에틴을 만들고, 비타민 D를 활성형으로 바꾼다."
창덕궁 유네스코 세계유산 등재 연도,"창덕궁은 태종 5년인 1405년에 세운 조선의 두 번째 궁궐이다. 산자락의 지형을 거스르지 않고 건물을 자유롭게 앉힌 배치가 특징이며, 정문은 돈화문, 정전은 인정전이다. 임진왜란으로 불탄 뒤 광해군 때 주요 전각을 복구했고, 1610년 무렵부터 약 250년 동안 임금이 주로 머물며 나랏일을 본 으뜸 궁궐 역할을 했다. 북쪽에는 왕실 정원인 후원이 넓게 펼쳐져 있다. 1997년 유네스코 세계유산으로 등재되었다.","경복궁은 조선이 한양으로 도읍을 옮긴 뒤 처음 세운 법궁으로, 태조 4년인 1395년에 완공되었다. 궁의 이름은 정도전이 『시경』의 한 구절에서 골라 지었는데, 새 왕조가 큰 복을 누리라는 바람이 담겨 있다. 임금의 즉위식과 조회는 정전인 근정전에서 열렸고, 연못 위에 세운 경회루는 외국 사신을 맞는 잔치 장소로 쓰였다. 1592년 임진왜란 때 불탄 뒤 오래 빈터로 남아 있다가, 흥선대원군이 주도해 1865년부터 1868년까지 다시 지었다.","창경궁은 성종 14년인 1483년에 정희왕후, 소혜왕후, 안순왕후 세 대비가 편히 지내도록 마련한 궁궐이다. 앞서 있던 수강궁 터를 넓혀 지었으며, 창덕궁과 담을 맞대고 있다. 정전인 명정전은 다른 궁궐의 정전과 달리 동쪽을 바라보도록 앉혀졌다. 1911년 일제가 궁 안에 동물원과 식물원을 들이고 이름을 창경원으로 바꾸어 유원지로 만들었다. 동물원을 다른 곳으로 옮긴 뒤 복원 공사를 거쳐 1986년에 다시 궁궐로 공개되었다.","덕수궁의 본래 이름은 경운궁이다. 임진왜란으로 궁궐이 모두 불타자 선조가 1593년부터 왕족의 옛집을 임시 거처로 삼은 것이 시작이었다. 1897년 고종이 러시아 공사관에서 이곳으로 거처를 옮기면서 대한제국의 황궁이 되었고, 정전으로 중화전을 세웠다. 1907년 고종이 순종에게 황제 자리를 넘긴 뒤 이곳에 머물게 되면서 오늘날의 이름으로 바뀌었다. 정문은 대한문이며, 궁 안에는 서양 고전 양식을 따른 돌 건물인 석조전이 있다."
미얄 할미가 나오는 황해도 탈춤,"봉산탈춤은 황해도 봉산에서 전해 온 탈춤으로, 해서 지방 탈춤을 대표한다. 해마다 단오 무렵에 놀았으며, 조선 후기 관리였던 안초목이 나무탈을 종이탈로 바꾸었다고 전한다. 일곱 과장으로 짜여 있고 말뚝이, 취발이, 노장, 미얄 할미 등이 나와 양반의 허세와 타락한 승려를 비꼰다. 긴 소매를 휘날리며 활달하게 뛰는 춤사위가 특징이다. 1915년 무렵부터 사리원으로 자리를 옮겨 놀았으며, 1967년 국가무형문화재로 지정되었다.","하회별신굿탈놀이는 경상북도 안동 하회마을에서 전해 오는 탈놀이다. 마을을 지키는 서낭신에게 별신굿을 올리면서 함께 놀던 것으로, 12세기 무렵부터 이어져 왔다고 알려져 있다. 나무를 깎아 옻칠을 한 탈을 쓰며, 양반, 선비, 각시, 부네, 초랭이, 이매 등이 나와 양반의 위선과 파계승을 꼬집는다. 마을 사람들은 놀이를 통해 신분 질서에 대한 불만을 웃음으로 풀었다. 1980년 국가무형문화재로 지정되었다.","양주별산대놀이는 경기도 양주 유양리에서 전해 온 탈놀이로, 서울 근교의 산대놀이 계열에 속한다. 18세기 무렵 양주 사람 이을축이 서울 사직골 딱딱이패의 놀이를 본떠 탈을 만들어 놀기 시작했다고 전한다. 바가지, 나무, 종이로 만든 탈을 쓰고 느린 염불 장단과 빠른 타령 장단에 맞추어 춤을 추며, 춤사위가 잘게 나뉘고 세련된 것으로 꼽힌다. 1964년 국가무형문화재 제2호로 지정되었다.","통영오광대는 경상남도 통영에서 전해 온 탈놀이로, 경상남도 여러 고장에 전해 온 오광대 계열에 속한다. 문둥이 양반, 말뚝이, 할미 같은 사람 탈과 함께 영노, 담보 같은 상상 속 동물 탈이 등장하며, 쓰이는 탈은 스무 가지가 넘는다. 탈은 바가지, 나무, 종이, 가죽, 말총 등으로 만든다. 1964년 국가무형문화재로 지정되었다."
이순신이 전사한 해전 날짜,"노량 해전은 1598년 음력 11월 19일 남해도와 하동 사이의 노량 바다에서 벌어진 임진왜란의 마지막 큰 해전이다. 도요토미 히데요시가 죽자 일본군은 철수를 서둘렀고, 순천에 발이 묶인 고니시 유키나가를 구하려고 시마즈 요시히로의 함대가 몰려왔다. 이순신은 명나라 수군 장수 진린과 연합 함대를 이루어 이들을 가로막았다. 싸움이 끝나 갈 무렵 이순신은 적의 총탄에 맞아 숨졌으며, 자신의 죽음을 알리지 말라는 말을 남겼다고 전한다.","옥포 해전은 1592년 음력 5월 7일 경상도 거제 옥포 앞바다에서 벌어진 싸움이다. 임진왜란이 터진 뒤 전라좌수사 이순신이 처음으로 출전한 해전으로, 경상우수사 원균의 배들과 함께 싸웠다. 판옥선과 작은 배를 합쳐 90여 척에 이른 조선 함대는 포구에 머물던 일본 배들을 기습해 26척을 불태웠다. 조선 쪽 피해는 부상자 한 명에 그쳤다. 육지에서 잇따라 밀리던 조선군이 전쟁이 시작된 뒤 처음 거둔 승리였다.","한산도 대첩은 1592년 음력 7월 8일 한산도 앞바다에서 조선 수군이 일본 함대를 크게 무찌른 싸움이다. 이순신은 좁고 암초가 많은 견내량에 머물던 와키자카 야스하루의 함대를 넓은 바다로 꾀어낸 뒤, 학이 날개를 펼친 모양으로 배를 벌려 세우는 학익진으로 에워쌌다. 이억기와 원균의 함대가 함께 싸웠고 거북선도 앞장섰다. 이 싸움 뒤 일본은 바닷길로 서쪽을 치려던 계획을 접었다. 진주 대첩, 행주 대첩과 함께 임진왜란 3대 대첩으로 꼽힌다.","명량 해전은 1597년 음력 9월 16일 전라도 해남과 진도 사이의 좁은 물목에서 벌어졌다. 앞서 원균이 이끈 조선 수군이 칠천량에서 거의 무너지자, 선조는 백의종군하던 이순신을 다시 삼도수군통제사로 불러들였다. 이순신은 남은 판옥선 13척으로 130척이 넘는 일본 함대를 맞았고, 물살의 방향이 바뀌는 때를 이용해 적을 몰아붙였다. 일본 배 30여 척이 부서졌으나 조선은 한 척의 배도 잃지 않았다."
대리석이라는 이름의 유래,"대리암은 석회암이나 백운암이 높은 열과 압력을 받아 다시 결정화된 변성암이다. 주된 광물은 방해석이나 백운석이며, 결정 크기가 비교적 고르고 층을 이룬 줄무늬가 거의 없다. 순수하면 흰색이지만 섞인 불순물에 따라 회색, 검은색, 붉은색, 초록색을 띤다. 깎기 쉽고 갈면 윤이 나서 조각품과 건축 장식, 기념물에 오래전부터 쓰였다. 우리말 이름은 중국 윈난성의 다리(大理) 지역이 이름난 산지였던 데서 왔다. 산성비에 약해 표면이 녹을 수 있으므로 보존할 때 주의가 필요하다.","화강암은 마그마가 대륙 지각 깊은 곳에서 천천히 식어 굳은 심성암이다. 오랜 시간에 걸쳐 식은 덕분에 결정이 맨눈으로 구별될 만큼 크며, 주로 석영, 정장석, 사장석에 흑운모나 백운모가 섞여 있다. 색은 밝은 회색이나 분홍빛을 띤다. 한반도에는 중생대 쥐라기의 대보 조산 운동과 백악기의 불국사 조산 운동 때 관입한 화강암이 널리 퍼져 있어, 서울과 부산, 대구 같은 도시도 화강암 지대 위에 자리 잡았다. 강도가 높고 오래 견디므로 건축 석재로 널리 쓰인다.","석회암은 탄산칼슘이 주성분인 퇴적암으로, 가장 흔한 구성 광물은 방해석이다. 조개껍데기, 산호, 플랑크톤처럼 탄산칼슘으로 된 생물의 골격이 바다 밑에 쌓이거나, 물에 녹아 있던 탄산칼슘이 가라앉아 만들어진다. 산성 용액과 만나면 이산화탄소를 내며 녹기 때문에, 빗물과 지하수가 오랫동안 녹여 내면 움푹 꺼진 땅이나 석회 동굴 같은 카르스트 지형이 생긴다. 시멘트와 석회의 원료, 콘크리트 골재로 많이 쓰인다. 한국의 석회암은 대부분 고생대 지층에 있으며 삼척, 태백, 영월, 단양 등에 모여 있다.",
지구 자기장은 어디에서 만들어질까,"외핵은 맨틀 아래 깊이 약 2,890km에서 5,150km 사이에 있는 층으로, 두께가 약 2,260km이다. 지구를 이루는 큰 층 가운데 유일하게 액체 상태인데, 이는 고체만 지날 수 있는 S파가 이 층을 통과하지 못한다는 관측으로 확인되었다. 주성분은 철과 니켈이고 산소, 규소, 황 같은 가벼운 원소가 섞여 있다. 온도는 바깥쪽이 약 3,000~4,500K이며 안쪽으로 갈수록 더 높아진다. 전기가 통하는 금속 유체가 대류하며 전류를 만들고, 이 다이너모 작용이 지구 자기장을 유지한다.","외핵은 맨틀 아래 깊이 약 2,890km에서 5,150km 사이에 있는 층으로, 두께가 약 2,260km이다. 지구를 이루는 큰 층 가운데 유일하게 액체 상태인데, 이는 고체만 지날 수 있는 S파가 이 층을 통과하지 못한다는 관측으로 확인되었다. 주성분은 철과 니켈이고 산소, 규소, 황 같은 가벼운 원소가 섞여 있다. 온도는 바깥쪽이 약 3,000~4,500K이며 안쪽으로 갈수록 더 높아진다. 전기가 통하는 금속 유체가 대류하며 전류를 만들고, 이 다이너모 작용이 지구 자기장을 유지한다고 알려져 있다.","지각은 지구의 가장 바깥을 이루는 얇은 암석층으로, 지구 부피의 1%도 되지 않는다. 대륙 지각은 화강암질 암석이 많고 두께가 곳에 따라 20~90km, 평균 약 35km이다. 해양 지각은 현무암질 암석으로 이루어져 두께가 5~10km로 얇지만 밀도는 더 크다. 주로 산소와 규소에 알루미늄, 철, 칼슘 등이 결합한 규산염 광물로 되어 있다. 지각과 그 아래 맨틀의 경계는 모호로비치치 불연속면이라 하는데, 크로아티아 지진학자 안드리야 모호로비치치가 1909년 지진 기록을 분석해 찾아냈다. 이 경계를 지나면 P파의 속도가 초속 1km쯤 갑자기 빨라진다.","맨틀은 지각 아래에서 깊이 약 2,900km까지 이어지는 층으로, 지구 부피의 약 84%와 질량의 약 67%를 차지한다. 주로 감람석과 휘석이 든 감람암으로 이루어져 있다. 깊이에 따라 상부 맨틀, 약 410~660km 구간의 전이대, 하부 맨틀로 나뉜다. 상부 맨틀에는 깊이 100~200km 부근부터 부분적으로 무른 연약권이 있어, 그 위에 얹힌 딱딱한 암석권 판이 움직일 수 있다. 맨틀 물질은 온도 차 때문에 아주 느리게 대류하는데, 뜨거운 물질은 해령 쪽에서 솟고 식은 물질은 섭입대에서 가라앉으며 판을 움직이는 힘이 된다."
세계에서 가장 넓은 육상 생물군계,"타이가는 러시아어에서 온 이름으로, 북방림 또는 한대 침엽수림이라고도 한다. 전 세계 숲의 약 29%를 차지하는, 땅 위에서 가장 넓은 생물군계이다. 가문비나무, 전나무, 소나무, 잎갈나무 같은 바늘잎나무가 주로 자란다. 시베리아를 비롯한 러시아 전역과 캐나다, 알래스카, 스칸디나비아, 몽골 북부, 홋카이도 북부에 걸쳐 있다. 겨울이 길고 몹시 추우며 계절 사이 기온 차가 커서 연평균 기온이 -5~5°C 정도이다. 흙은 산성이고 양분이 적은 포드졸이다. 말코손바닥사슴, 순록, 불곰, 회색늑대, 스라소니 등이 산다.","열대 우림은 적도를 중심으로 남북 약 10도 사이에 펼쳐진 숲으로, 아마존 유역, 콩고 분지, 동남아시아에 넓게 자리한다. 월평균 기온이 늘 18°C를 넘고, 연 강수량은 최소 1,680mm이며 보통 1,750~3,000mm에 이른다. 지구 생물 종의 40~75%가 이곳에 사는 것으로 추정될 만큼 생물 다양성이 크다. 숲은 우뚝 솟은 나무들의 돌출층, 나뭇잎이 빽빽한 수관층, 그 아래의 하층, 햇빛이 2% 정도밖에 닿지 않는 지표층으로 나뉜다. 비가 양분을 씻어 내 흙은 척박하고 산성이며, 철과 알루미늄 산화물이 많다.","사바나는 열대와 아열대 지역에서 건기와 우기가 뚜렷하게 갈리는 곳에 발달하는 초원이다. 풀밭 위에 나무가 드문드문 서 있어, 나무 윗부분의 잎들이 서로 닿지 않고 그 사이로 풀이 자란다. 연 강수량은 약 500~1,270mm인데 비가 한 철에 몰려 내리고, 해마다 5~7개월가량 건기가 이어진다. 아프리카, 오스트레일리아, 남아메리카, 인도 등의 따뜻한 지역에 분포한다. 아프리카 사바나에는 아카시아와 바오바브나무가 자라고 기린, 코끼리, 얼룩말, 영양 같은 큰 동물이 산다. 주기적으로 나는 불은 숲이 초원을 덮지 않게 하는 구실을 한다.","툰드라는 여름이 짧고 추워 나무가 자라지 못하는 땅으로, 이름은 나무 없는 고지를 뜻하는 사미어에서 왔다. 땅속에는 일 년 내내 녹지 않는 영구 동토층이 있고 강수량이 적다. 가장 따뜻한 달의 평균 기온이 10°C보다 낮은 곳을 가리키며, 위도가 높은 곳뿐 아니라 높은 산 위에도 고산 툰드라가 나타난다. 짧은 여름에는 겉흙만 녹아 이끼, 지의류, 사초, 키 작은 관목이 자란다. 시베리아, 캐나다, 알래스카, 그린란드, 스칸디나비아 북부 등 약 1,160만 km²를 차지하며, 지구 온난화로 영구 동토가 녹으면서 면적이 줄고 있다."
대보름에 연줄을 끊어 날려 보내는 까닭,"연날리기는 대나무 살에 종이를 붙여 만든 연을 바람에 띄우는 놀이로, 주로 설날부터 정월 대보름까지 즐겼다. 대보름에는 연에 액을 뜻하는 글자를 써서 띄운 뒤 줄을 끊어 날려 보내며 한 해의 나쁜 운을 떨쳐 냈다. 연줄에 부레풀과 곱게 빻은 사기나 유리 가루를 먹여 질기고 날카롭게 만든 뒤 남의 연줄을 끊는 연싸움도 벌였다. 『삼국사기』에는 647년 김유신이 허수아비를 연에 매달아 띄워 흔들리는 민심을 가라앉혔다는 이야기가 실려 있다.","황새는 몸이 흰색이고 날개 끝이 검은 큰 물새로, 학명은 Ciconia boyciana이며 목과 윗가슴에 긴 깃털이 나 있다. 1968년 5월 31일 천연기념물 제199호로 지정되었고, 환경부 멸종위기 야생생물 Ⅰ급이며 국제자연보전연맹(IUCN)도 위기종으로 분류한다. 한국에서 번식하던 마지막 야생 황새 부부 가운데 수컷이 1971년 충청북도 음성에서 밀렵꾼의 총에 맞아 죽었고, 남은 암컷도 1994년 사육 시설에서 죽었다. 1996년 복원 연구가 시작되었으며, 2015년 충청남도 예산의 황새공원에서 처음으로 야생에 풀어 주었다. 예산군을 상징하는 새이기도 하다.","미시시피강은 미국 미네소타주 북부의 이타스카호에서 시작해 남쪽으로 흘러 멕시코만에 이르는 강으로, 길이는 약 3,734km이다. 미네소타, 위스콘신, 아이오와, 일리노이, 미주리, 켄터키, 테네시, 아칸소, 미시시피, 루이지애나 등 10개 주를 지나거나 그 경계를 이룬다. 가장 긴 지류인 미주리강(약 3,767km)과 이어지는 미시시피-미주리 수계는 약 6,270km로 세계에서 네 번째로 긴 하천 계통이다. 이름은 원주민 오지브웨족의 말로 '큰 강'이라는 뜻이다. 해마다 약 5억 톤의 퇴적물을 날라 뉴올리언스 남동쪽에 거대한 삼각주를 만들었다. 미니애폴리스까지 배가 오갈 수 있다.","미토콘드리아는 진핵세포 안에서 영양소에 저장된 에너지를 산화적 인산화 과정으로 ATP로 바꾸는 세포 소기관이다. 바깥막과 안쪽막의 이중막으로 싸여 있고, 안쪽막이 안으로 여러 겹 접혀 들어간 주름을 크리스타라 한다. 보통 길이 2~6μm, 지름 약 0.5μm 크기이며, 한 세포에 들어 있는 수는 세포 종류에 따라 다르다. 핵과 별도로 자기만의 DNA를 지니는데, 수정 뒤 정자의 미토콘드리아가 없어지므로 거의 어머니 쪽으로만 물려받는다. 약 20억 년 전 독립 생활을 하던 세균이 다른 세포 안에 들어가 함께 살게 된 데서 비롯했다는 세포 내 공생설로 그 기원을 설명한다."
대류권 기온 감률 1km당 몇 도,"대류권은 지표면에서 시작하는 대기의 가장 아래층이다. 두께는 위도에 따라 달라 평균 약 11km이고, 열대 지방에서는 16~18km까지 올라가며 극지방에서는 10km가 안 되기도 한다. 높이 1km마다 기온이 약 6.4°C씩 내려가므로 데워진 공기가 위아래로 섞이는 대류가 활발하다. 전체 대기 질량의 약 75~90%가 이 층에 모여 있고 수증기도 대부분 여기에 있어, 구름과 비, 눈 같은 날씨 변화가 거의 모두 이 층에서 일어난다. 위쪽 경계인 대류권계면의 기온은 중위도에서 약 -52°C이다.",,,
헬륨은 어떻게 처음 발견되었나,"헬륨은 원자 번호 2의 비활성 기체로, 우주에서 수소 다음으로 많은 원소이다. 1868년 프랑스 천문학자 피에르 쥘 장센이 일식 때 태양 빛의 스펙트럼에서 파장 587.6nm의 낯선 선을 관측한 것이 발견의 시작이다. 그래서 이름도 태양을 뜻하는 그리스어 헬리오스에서 왔다. 끓는점이 약 4.22K(-268.9°C)로 모든 원소 가운데 가장 낮고, 보통 기압에서는 절대 영도 가까이 식혀도 고체가 되지 않는다. 액체 헬륨은 MRI 장치의 초전도 자석을 식히는 데 쓰인다. 지구에서는 주로 천연가스에 섞인 것을 분리해 얻는다.","네온은 원자 번호 10의 비활성 기체로, 1898년 영국 런던에서 윌리엄 램지와 모리스 트래버스가 액체 공기를 낮은 온도에서 분별 증류하다가 발견했다. 이름은 '새로운 것'을 뜻하는 그리스어에서 따왔다. 공기 속에는 약 0.0018%밖에 없지만 우주 전체로 보면 다섯 번째로 흔한 원소이다. 낮은 압력의 유리관에 채우고 전기를 흘리면 붉은 주황빛을 내므로 광고용 네온사인에 가장 많이 쓰인다. 헬륨과 섞어 헬륨-네온 레이저를 만들기도 하는데, 바코드 판독기와 레이저 지시기에 이용되었다.","아르곤은 원자 번호 18의 비활성 기체로, 1894년 레일리 경과 윌리엄 램지가 발견했다. 이름은 '일하지 않는'이라는 뜻의 그리스어에서 왔는데, 다른 물질과 거의 반응하지 않는 성질을 나타낸다. 지구 대기 부피의 약 0.934%를 차지해 비활성 기체 가운데 공기 속에 가장 많다. 자연의 아르곤은 99.6%가 아르곤-40인데, 이는 암석 속 칼륨-40이 붕괴해 생긴 것이다. 백열전구 안에 채워 텅스텐 필라멘트가 산화되지 않게 하며, 용접할 때 녹은 금속을 공기로부터 감싸는 보호 기체로도 쓴다.","제논은 원자 번호 54의 비활성 기체로, 1898년 윌리엄 램지 등이 발견했다. 이름은 '낯선 것'을 뜻하는 그리스어 크세노스에서 왔다. 색과 냄새가 없는 무거운 기체이며, 대기에는 아주 적은 양만 들어 있다. 1962년 닐 바틀릿이 육플루오린화백금산 제논을 합성하면서, 반응하지 않는다고 여겨지던 비활성 기체도 화합물을 만들 수 있음이 드러났다. 카메라 섬광 장치와 등대 램프에 쓰이고, 우주선 이온 추진기의 연료와 마취제로도 이용된다. 액체 상태로 모아 암흑 물질을 찾는 검출기에 넣기도 한다."
현존하는 가장 오래된 우리나라 석탑,"익산 미륵사지 석탑은 백제 무왕 때 세운 미륵사 터에 남은 탑으로, 우리나라에 전하는 석탑 가운데 가장 오래되었다. 나무로 짓던 탑의 짜임새를 돌로 옮겨 놓은 모습이어서 석탑이 처음 생겨나던 무렵의 형태를 보여 준다. 본래 9층이었을 것으로 추정되지만 6층까지만 남아 있다. 일제강점기인 1915년 무너진 부분을 시멘트로 덧발랐으며, 2001년부터 2019년까지 해체와 보수를 거쳐 다시 세웠다. 2009년 해체 도중 나온 사리봉영기를 통해 639년에 세운 것이 밝혀졌다.","불국사 다보탑은 경주 불국사 대웅전 앞뜰 동쪽에 선 통일신라의 석탑이다. 751년 무렵 불국사를 크게 고쳐 지을 때 함께 세운 것으로 보며, 높이는 약 10.3m다. 십자 모양 기단 위에 팔각의 몸체를 올린 독특한 짜임새여서 몇 층 탑인지 헤아리기 어렵다. 기단 계단에는 본래 돌사자 네 마리가 있었으나 일제강점기인 1925년 무렵 수리 과정에서 세 마리가 사라져 지금은 한 마리만 남았다. 1966년부터 발행된 10원 동전에 그림으로 새겨졌다.","불국사 삼층석탑은 불국사 대웅전 앞뜰 서쪽에 선 통일신라의 탑으로, 석가탑이라고도 부른다. 두 단의 기단 위에 세 층의 몸돌을 올린 단정한 모습으로, 신라 석탑의 전형으로 꼽힌다. 높이는 약 10.75m다. 탑을 쌓던 백제 석공 아사달을 기다리던 아내가 연못에 탑 그림자가 비치지 않자 몸을 던졌다는 전설 때문에 무영탑이라는 이름도 붙었다. 1966년 보수를 위해 해체했을 때 2층 사리 공간에서 현존 최고의 목판 인쇄물로 꼽히는 무구정광대다라니경이 나왔다.","부여 정림사지 오층석탑은 백제의 마지막 도읍 사비, 곧 지금의 부여에 있는 정림사 터에 남은 탑이다. 백제 때 세운 석탑 가운데 오늘날까지 전하는 두 기 중 하나로, 높이는 약 8.3m다. 폭이 좁고 긴 몸돌과 얇게 뻗은 지붕돌이 어울려 단아한 느낌을 준다. 660년 백제를 무너뜨린 당나라 장수 소정방이 맨 아래층 몸돌에 자신의 공적을 기리는 글을 새겨, 한때 평제탑이라는 잘못된 이름으로 불렸다. 1962년 국보로 지정되었다."
꼭대기가 모루 모양으로 퍼지는 구름,"적란운은 우리말로 쌘비구름이라 하며 기호로는 Cb로 적는다. 강한 상승 기류를 타고 위로 높이 솟는 대류운으로, 꼭대기가 대류권계면에 닿으면 옆으로 퍼져 대장간의 모루 같은 모양을 만든다. 천둥과 번개를 동반한 뇌우, 소나기, 우박, 돌풍을 일으키며, 아주 드물게 토네이도를 낳기도 한다. 한랭 전선이나 장마 전선, 태풍 둘레처럼 대기가 불안정한 곳이나 땅이 강하게 데워진 곳에서 발달한다. 10가지 기본 운형 가운데 수직으로 크게 발달하는 구름으로 분류된다.","권운은 우리말로 털구름 또는 새털구름이라 하며, 기호는 Ci이다. 하늘 높은 곳에 생기는 구름이라 물방울이 아니라 얼음 결정으로 이루어져 있다. 생기는 높이는 위도에 따라 다른데, 극지방에서는 약 7km, 온대에서는 약 9.5km, 열대에서는 약 13.5km 부근이다. 희고 가는 선이나 좁은 띠, 깃털 같은 모양으로 흩어져 보인다. 얼음 알갱이가 떨어지더라도 땅에 닿기 전에 사라져 비를 내리지 않는다. 권운이 하늘에 많이 퍼지면 전선이 다가온다는 신호여서 날씨가 궂어질 조짐으로 본다.","층운은 우리말로 층구름 또는 안개구름이라 하며, 기호는 St이다. 대체로 지상 0~2km의 낮은 곳에 회색 층을 이루며 퍼져, 마치 안개가 땅에서 떠오른 것처럼 보인다. 조각조각 나뉘어 그 사이로 파란 하늘이 보이기도 한다. 비를 내리더라도 이슬비나 약한 비 정도에 그친다. 지형의 영향을 받아 국지적으로 생기는 경우가 많고, 조각나며 서서히 흩어진 뒤에는 날이 개는 일이 흔하다. 구름층이 얇을 때에는 해나 달 둘레에 무리가 보이기도 한다.","적운은 우리말로 쌘구름 또는 뭉게구름이라 한다. 땅이 햇볕에 데워지면 따뜻한 공기가 올라가며 식고, 이슬점에 이르러 수증기가 엉기면서 생기는 대류성 구름이다. 구름 밑면은 지상 약 500m~2km 높이에 평평하고 어둡게 깔리며, 햇빛을 받는 윗부분은 솜처럼 부풀어 밝게 빛난다. 대부분 물방울로 이루어져 있고 보통은 비를 내리지 않지만, 크게 자란 것은 짧은 소나기를 뿌리기도 한다. 낮게 퍼진 것에서 탑처럼 높이 솟은 것까지 여러 단계로 자라며, 더 발달하면 뇌우를 일으키는 적란운이 된다."
인절미 이름이 인조와 관련 있다던데,"인절미는 찹쌀을 쪄서 절구나 떡판에 올려 차지게 친 다음 알맞은 크기로 썰어 고물을 묻힌 떡이다. 고물로는 볶은 콩가루를 가장 많이 쓰고, 팥고물이나 깨, 채 썬 대추를 묻히기도 하며 쑥을 섞어 치기도 한다. 이괄의 난을 피해 공주 공산성에 머물던 인조에게 임씨 성의 백성이 이 떡을 바쳤는데, 맛에 감탄한 임금의 말에서 '임절미'라는 이름이 나와 바뀌었다는 이야기가 전한다. 얼렸다가 녹여도 부드러운 식감이 크게 변하지 않는다.","송편은 멥쌀가루를 익반죽해 소를 넣고 반달이나 조개 모양으로 빚어 찌는 떡이다. 소로는 참깨, 팥, 콩, 녹두, 밤, 대추 등을 넣는다. 찔 때 솔잎을 켜켜이 깔아 떡끼리 달라붙지 않게 하고 은은한 솔 향을 입히는데, 이름도 소나무를 뜻하는 '송'에서 왔다. 추석에 햅쌀로 빚어 차례상에 올리는 대표적인 명절 떡이다. 서울 송편은 작고 조개처럼 오므린 모양이며, 평안도와 강원도에서는 손가락 자국을 낸 큼직한 송편을 빚기도 한다.","시루떡은 쌀가루와 고물을 시루에 번갈아 켜켜이 앉혀 김으로 쪄 낸 떡이다. 고물로는 팥을 가장 많이 쓰며, 호박이나 콩, 녹두 등을 얹기도 한다. 붉은 팥이 나쁜 기운을 쫓는다는 믿음 때문에 고사를 지내거나 이사를 하거나 가게를 새로 열 때 흔히 쪄서 이웃과 나누었다. 이렇게 복을 빌며 올리는 시루떡을 고사떡이라고도 부른다. 층을 지어 찌기 때문에 썰면 단면에 쌀가루와 고물이 줄무늬처럼 드러난다.","가래떡은 멥쌀가루를 쪄서 쳐 낸 반죽을 길고 둥근 막대 모양으로 뽑은 떡으로, 흰떡이라고도 한다. 예전에는 손으로 비벼 늘였으나 요즘은 대부분 기계로 뽑는다. 설날에는 굳힌 가래떡을 얇고 어슷하게 썰어 떡국을 끓이는데, 길게 뽑은 모양에는 오래 살기를 바라는 뜻이 담겨 있다고 한다. 굵기를 달리해 떡볶이나 떡꼬치에도 쓰며, 굳은 가래떡을 구워 조청에 찍어 먹기도 한다."
나이아가라 폭포를 이루는 세 폭포 이름,"나이아가라 폭포는 미국 뉴욕주와 캐나다 온타리오주의 국경에 있으며, 캐나다 쪽의 호스슈 폭포와 미국 쪽의 아메리칸 폭포, 브라이덜베일 폭포 세 개로 이루어진다. 이리호의 물이 온타리오호로 흘러가는 길목에 있다. 캐나다 쪽 폭포는 높이가 약 53.6m이며, 세 폭포를 합쳐 1분에 약 168,000m³의 물이 떨어진다. 약 1만 년 전 빙하가 녹으면서 생겨났고, 처음에는 지금보다 약 11km 하류의 루이스턴 부근에 있었으나 침식으로 조금씩 상류 쪽으로 물러났다. 1961년 들어선 수력 발전소는 발전기 13대로 약 219만 kW를 만든다. 해마다 약 2천만 명이 찾는다.","이구아수 폭포는 이구아수강이 아르헨티나와 브라질의 국경을 지나며 만든 폭포로, 너비 약 2.7km에 걸쳐 약 270개의 크고 작은 폭포가 늘어서 있다. 대부분 높이가 64m 안팎이고 가장 높은 곳은 82m이다. 가장 이름난 곳은 '악마의 목구멍'이라 불리는 곳이다. 이름은 원주민 과라니족의 말로 '큰 물'을 뜻한다. 폭포를 둘러싼 국립공원은 아르헨티나 쪽이 1984년, 브라질 쪽이 1986년에 각각 유네스코 세계 유산으로 지정되었다. 세계 7대 자연 경관 가운데 하나로도 뽑혔으며, 걷는 길이나 배, 헬리콥터로 둘러볼 수 있다.","빅토리아 폭포는 아프리카 남부의 잠베지강이 잠비아와 짐바브웨의 국경에서 떨어지며 만든 폭포로, 너비는 약 1.7km, 높이는 약 108m이다. 세계에서 손꼽히게 큰 폭포이다. 현지에서는 '천둥 치는 연기'라는 뜻의 모시오아툰야라는 이름으로 부른다. 영어 이름은 스코틀랜드의 탐험가 데이비드 리빙스턴이 영국의 빅토리아 여왕을 기려 붙였다. 1989년 자연 경관과 지질학적 가치를 인정받아 유네스코 세계 자연 유산으로 지정되었으며, 세계 유산 목록에는 두 이름이 함께 올라 있다.","앙헬 폭포는 베네수엘라 볼리바르주의 카나이마 국립공원 안에 있으며, 전체 높이 979m로 세계에서 가장 높은 폭포이다. 끊김 없이 한 번에 떨어지는 구간만 807m에 이르고, 너비는 약 150m이다. 거의 수직으로 떨어지는데, 물이 적은 철에는 바닥에 닿기 전에 안개처럼 흩어져 버리기도 한다. 1910년 베네수엘라 탐험가 에르네스토 산체스 라 크루스가 처음 보았다고 전하며, 1933년 11월 18일 광물을 찾아 비행하던 조종사 지미 에인절이 다시 발견해 세상에 널리 알렸다. 폭포 이름도 그의 성에서 왔다."
하늘과 바람과 별과 시 출간 연도,"윤동주는 1917년 북간도 명동촌에서 태어난 시인이다. 서울의 연희전문학교를 1941년에 졸업하고 이듬해 일본으로 건너가 릿쿄 대학을 거쳐 교토의 도시샤 대학에서 공부했다. 1943년 독립운동을 했다는 혐의로 붙잡혀 2년 형을 받았고, 1945년 2월 16일 후쿠오카 형무소에서 광복을 여섯 달 앞두고 숨졌다. 「서시」, 「별 헤는 밤」, 「자화상」 등을 담은 유고 시집 『하늘과 바람과 별과 시』는 그가 세상을 떠난 뒤인 1948년에 나왔다.","김소월은 1902년 평안북도에서 태어난 시인으로, 본명은 김정식이다. 오산학교에 다니며 스승 김억을 만나 시를 배웠고, 1920년 문예지 『창조』에 시를 발표하며 문단에 나왔다. 생전에 낸 유일한 시집 『진달래꽃』은 1925년에 나왔다. 떠나는 임을 보내는 마음을 담은 「진달래꽃」을 비롯해 「엄마야 누나야」, 「산유화」 등 민요 가락을 살린 시가 많아 노래로도 널리 불린다. 1934년 서른두 살의 나이로 세상을 떠났다.","이상은 1910년 서울에서 태어난 시인이자 소설가로, 본명은 김해경이다. 경성고등공업학교 건축과를 나와 조선총독부에서 건축 기술자로 일했다. 1934년 신문에 연작시 「오감도」를 싣기 시작했으나, 뜻을 알 수 없다는 독자들의 항의가 빗발쳐 연재가 도중에 멈췄다. 문학 모임 구인회에 참여했고, 다방 제비를 운영하기도 했다. 1936년 소설 「날개」를 발표했으며, 이듬해 도쿄에서 스물여섯의 나이로 숨졌다.","한용운은 1879년 충청남도 홍성에서 태어난 승려이자 시인, 독립운동가로, 호는 만해다. 1905년 설악산 백담사에서 출가했고, 『조선불교유신론』을 지어 불교의 개혁을 주장했다. 1919년 3·1 운동 때 민족 대표 33인 가운데 한 사람으로 참여해 옥고를 치렀다. 1926년 펴낸 시집 『님의 침묵』에는 떠나간 임을 기다리는 마음이 담겨 있다. 말년에는 서울 성북동의 심우장에 머물다 광복을 한 해 앞둔 1944년 세상을 떠났다."
춘향과 이몽룡이 처음 만난 장소,"춘향가는 전라도 남원을 무대로 기생의 딸 성춘향과 부사의 아들 이몽룡의 사랑을 그린 판소리다. 단옷날 광한루에 나온 이몽룡이 그네를 뛰는 춘향을 보고 반하면서 두 사람의 인연이 시작된다. 이몽룡이 한양으로 떠난 뒤 새로 부임한 사또 변학도가 수청을 강요하자 춘향은 이를 거부하다 옥에 갇히고, 암행어사가 되어 돌아온 이몽룡이 그녀를 구한다. 사랑을 속삭이는 사랑가와 옥에 갇힌 춘향이 부르는 쑥대머리가 이름난 대목이다. 판소리 다섯 마당 가운데 규모가 가장 크다.","광한루원은 전북 남원시 천거동에 있는 누각과 정원이다. 1414년 황희가 광통루라는 작은 누각을 지은 것이 시작이며, 1444년 정인지가 달 속 궁전을 뜻하는 광한루로 이름을 고쳤다. 1582년 전라도 관찰사 정철이 은하수를 본뜬 연못을 넓히고 견우와 직녀 이야기를 담은 오작교를 놓았다. 옛이야기에서 이몽룡이 그네 타는 춘향을 처음 보고 마음을 빼앗기는 자리가 바로 이 누각이어서, 경내에는 춘향의 사당도 있다. 2008년 명승으로 지정되었다.","심청가는 눈먼 아버지 심학규를 위해 몸을 바친 효녀 심청의 이야기를 담은 판소리다. 어머니를 일찍 여읜 심청은 공양미 삼백 석을 바치면 아버지가 눈을 뜰 수 있다는 말을 듣고, 뱃사람들에게 제물로 팔려 인당수에 몸을 던진다. 연꽃에 싸여 되살아난 심청은 황후가 되고, 맹인 잔치를 열어 아버지를 찾는다. 슬프고 애절한 대목이 많아 웃음을 주는 장면이 적으며, 잔치에서 심 봉사가 눈을 뜨는 장면이 절정을 이룬다.","흥보가는 박타령이라고도 부르는 판소리로, 마음씨 착한 동생 흥보와 욕심 많은 형 놀보의 이야기를 담았다. 가난한 흥보가 다리가 부러진 제비를 정성껏 고쳐 주자, 제비가 이듬해 박씨 하나를 물어다 준다. 그 씨앗에서 자란 박을 타자 금은보화가 쏟아져 흥보는 큰 부자가 된다. 이를 샘낸 놀보는 일부러 제비 다리를 부러뜨렸다가 박에서 나온 온갖 재앙을 만난다. 익살스러운 대목이 많고 민요 가락을 많이 끌어들인 점이 특징이다."
지구 역사상 가장 큰 동물,"대왕고래는 흰긴수염고래라고도 부르며, 지구 역사를 통틀어 가장 큰 동물이다. 몸길이는 최대 약 30m, 몸무게는 190톤 안팎에 이른다. 이빨 대신 입천장에 검은 수염판 270~400장이 늘어서 있어, 바닷물을 머금었다가 내보내며 걸러 낸 크릴을 주로 먹는다. 작은 물고기나 오징어, 해파리를 먹기도 한다. 수명은 80~90년 이상으로 알려져 있다. 무분별한 포경으로 수가 크게 줄어 1966년 국제 협약으로 상업 포경이 금지되었으며, 지금은 국제자연보전연맹(IUCN) 적색 목록의 위기종이다.","범고래는 참돌고래과에서 가장 큰 종으로, 검은 등과 흰 가슴, 눈 뒤의 흰 무늬로 쉽게 알아볼 수 있다. 수컷은 몸길이 6~8m에 몸무게가 최대 7톤이고, 암컷은 5~7m에 3~4톤 정도이다. 수컷의 등지느러미는 높이가 1.8m에 이르기도 한다. 연어나 청어 같은 물고기뿐 아니라 물범, 바다사자, 다른 고래까지 사냥하는 바다의 최상위 포식자이다. 어미를 중심으로 한 안정된 무리를 이루어 산다. 극지방부터 열대까지 전 세계 바다에 분포하며, 암컷은 평균 50년, 수컷은 평균 30년쯤 산다.","향고래는 이빨고래 가운데 가장 큰 종으로, 다 자란 수컷은 몸길이 16~21m, 암컷은 평균 11m쯤 된다. 뇌 무게가 약 7.8kg으로, 지금까지 알려진 동물 가운데 가장 무거운 뇌를 지녔다. 수심 2,250m 안팎까지 잠수할 수 있고 90분 넘게 물속에 머물기도 한다. 깊은 바다의 오징어와 대왕오징어를 주로 먹는다. 커다란 머리에는 기름과 밀랍이 섞인 경뇌유가 든 기관이 있어 소리를 내고 되울림으로 위치를 찾는 데 쓰인다. 허먼 멜빌의 소설 『모비 딕』에 나오는 흰 고래가 이 종이다.","상괭이는 한국 서해와 남해 연안에 사는 쇠돌고래과의 작은 고래로, 학명은 Neophocaena sunameri이다. 몸길이는 1.5~1.9m이고 몸빛은 회백색이다. 등지느러미가 없고, 그 자리에 높이 약 1cm의 낮은 융기가 있다. 입가가 올라간 모습이 웃는 얼굴처럼 보여 '웃는 돌고래'라는 별명이 붙었다. 수심 50m 이내의 얕은 바다와 해안 가까이에 살며, 멸치, 전갱이, 정어리, 오징어 등을 먹는다. 해마다 수백 마리가 그물에 걸려 죽는 혼획이 큰 위협이다. 2016년 해양 보호 생물로 지정되었고, IUCN 적색 목록에서는 위기종으로 분류된다."
티라노사우루스 렉스 학명의 뜻,"티라노사우루스는 백악기 후기, 약 6,900만~6,500만 년 전 북아메리카 서부에 살았던 대형 육식 공룡이다. 화석은 캐나다에서 미국 텍사스와 뉴멕시코에 이르는 지역에서 나왔다. 몸길이는 평균 약 12m, 몸무게는 평균 8~9톤으로 추정된다. 1905년 헨리 페어필드 오즈번이 이름을 붙였으며, 학명 티라노사우루스 렉스는 '폭군 도마뱀의 왕'이라는 뜻이다. 커다란 몸에 비해 앞다리는 짧고 손가락이 두 개뿐이다. 1990년 발견된 표본 '수(Sue)'는 뼈의 약 85%가 남아 있어 가장 완전한 표본으로 꼽힌다.","트리케라톱스는 백악기 말, 약 7,000만 년 전 오늘날의 미국과 캐나다 서부 지역에 살았던 초식 공룡이다. 이름은 고대 그리스어로 '세 개의 뿔이 있는 얼굴'이라는 뜻인데, 두 눈 위에 하나씩, 코 위에 하나의 뿔이 있다. 목 뒤로는 뼈로 된 넓은 프릴이 둘러 있고 가장자리에 작은 뼈 장식이 늘어서 있다. 몸길이는 8~9m, 몸무게는 5~9톤으로 추정된다. 완전한 두개골은 길이가 약 2.5m에 이르러 몸길이의 3분의 1쯤 된다. 야자류, 소철류, 양치류 같은 식물을 먹었을 것으로 보이며, 1889년 오스니얼 찰스 마시가 이름을 붙였다.","벨로키랍토르는 백악기 후기, 약 7,500만~7,100만 년 전 지금의 몽골 고비 사막 일대에 살았던 작은 육식 공룡이다. 1924년에 화석이 발견되어 같은 해 이름이 붙었는데, 이름은 '날쌘 도둑'이라는 뜻이다. 몸길이는 1.5~2m, 몸무게는 15~20kg 정도였다. 뒷발에는 길이 약 8cm의 낫처럼 굽은 발톱이 있어 사냥에 썼을 것으로 보인다. 2007년 몽골에서 나온 앞팔 뼈에서 깃털이 붙어 있던 자리인 깃혹이 확인되었다. 먹잇감이던 프로토케라톱스와 엉겨 붙은 채 굳은 이른바 '싸우는 공룡' 화석으로도 유명하다.","브라키오사우루스는 쥐라기 후기, 약 1억 5,500만~1억 4,500만 년 전 북아메리카에 살았던 거대한 초식 용각류 공룡이다. 1900년 미국 콜로라도주 프루타 부근의 모리슨층에서 엘머 릭스가 처음 화석을 찾아냈고, 1903년에 이름이 붙었다. 이름은 '팔 도마뱀'이라는 뜻으로, 다른 용각류와 달리 앞다리가 뒷다리보다 길다는 특징에서 왔다. 몸길이는 18~22m, 키는 9~13m 정도로 추정된다. 한때 이 속으로 분류되던 탄자니아의 화석은 2009년 마이클 테일러의 연구에 따라 기라파티탄이라는 별개의 속으로 옮겨졌다."
학익진 전법을 쓴 해전은?,"한산도 대첩은 1592년 음력 7월 8일 한산도 앞바다에서 조선 수군이 일본 함대를 크게 무찌른 싸움이다. 이순신은 좁고 암초가 많은 견내량에 머물던 와키자카 야스하루의 함대를 넓은 바다로 꾀어낸 뒤, 학이 날개를 펼친 모양으로 배를 벌려 세우는 학익진으로 에워쌌다. 이억기와 원균의 함대가 함께 싸웠고 거북선도 앞장섰다. 이 싸움 뒤 일본은 바닷길로 서쪽을 치려던 계획을 접었다. 진주 대첩, 행주 대첩과 함께 임진왜란 3대 대첩으로 꼽힌다.","옥포 해전은 1592년 음력 5월 7일 경상도 거제 옥포 앞바다에서 벌어진 싸움이다. 임진왜란이 터진 뒤 전라좌수사 이순신이 처음으로 출전한 해전으로, 경상우수사 원균의 배들과 함께 싸웠다. 판옥선과 작은 배를 합쳐 90여 척에 이른 조선 함대는 포구에 머물던 일본 배들을 기습해 26척을 불태웠다. 조선 쪽 피해는 부상자 한 명에 그쳤다. 육지에서 잇따라 밀리던 조선군이 전쟁이 시작된 뒤 처음 거둔 승리였다.","명량 해전은 1597년 음력 9월 16일 전라도 해남과 진도 사이의 좁은 물목에서 벌어졌다. 앞서 원균이 이끈 조선 수군이 칠천량에서 거의 무너지자, 선조는 백의종군하던 이순신을 다시 삼도수군통제사로 불러들였다. 이순신은 남은 판옥선 13척으로 130척이 넘는 일본 함대를 맞았고, 물살의 방향이 바뀌는 때를 이용해 적을 몰아붙였다. 일본 배 30여 척이 부서졌으나 조선은 한 척의 배도 잃지 않았다.","노량 해전은 1598년 음력 11월 19일 남해도와 하동 사이의 노량 바다에서 벌어진 임진왜란의 마지막 큰 해전이다. 도요토미 히데요시가 죽자 일본군은 철수를 서둘렀고, 순천에 발이 묶인 고니시 유키나가를 구하려고 시마즈 요시히로의 함대가 몰려왔다. 이순신은 명나라 수군 장수 진린과 연합 함대를 이루어 이들을 가로막았다. 싸움이 끝나 갈 무렵 이순신은 적의 총탄에 맞아 숨졌으며, 자신의 죽음을 알리지 말라는 말을 남겼다고 전한다."
말총 활로 켜는 두 줄짜리 악기,"해금은 두 줄을 말총으로 만든 활로 문질러 소리를 내는 찰현악기다. 중국 북방에서 비롯되어 고려 때 들어온 것으로 보이며, 조선 성종 때 펴낸 『악학궤범』에도 실려 있다. 두 줄 사이에 활대를 끼워 넣고 안쪽 줄과 바깥쪽 줄을 번갈아 긁으며, 왼손으로 줄을 감아쥐는 힘을 달리해 음 높이를 정한다. 궁중 음악과 민속 음악에 두루 쓰이고 소리가 날카로우면서도 애잔하다. 민간에서는 깽깽이라고도 불렀다.","가야금은 가야의 가실왕이 만들고 악사 우륵에게 곡을 짓게 했다고 전하는 현악기다. 전통 가야금은 명주실을 꼬아 만든 줄 12개를 걸고, 줄마다 안족이라 부르는 기러기발 모양의 받침을 세운다. 연주자는 악기 머리 쪽을 오른쪽 무릎에 올려놓고 오른손으로 줄을 뜯으며, 왼손으로 줄을 눌러 소리를 꾸민다. 궁중 음악에 쓰는 정악 가야금과 몸체가 작아 빠른 가락에 알맞은 산조 가야금으로 나뉘며, 오늘날에는 줄을 25개까지 늘린 개량 가야금도 쓰인다.","거문고는 고구려의 재상 왕산악이 중국 진나라에서 들어온 칠현금을 고쳐 만들었다고 전하는 현악기다. 그가 새 악기로 곡을 연주하자 검은 학이 날아와 춤을 추었다 하여 현학금이라 불렸고, 이것이 거문고라는 이름으로 이어졌다. 명주실 줄 6개와 16개의 괘를 갖추었으며, 대나무로 깎은 술대로 줄을 내리치거나 뜯어 소리를 낸다. 소리가 깊고 묵직해 옛 선비들이 마음을 닦는 악기로 아꼈다.","대금은 가로로 부는 대나무 관악기로, 신라 때 대금, 중금, 소금을 아울러 이른 삼죽 가운데 가장 크다. 길이가 80cm를 넘으며, 양쪽에 골이 파이고 살이 두꺼운 쌍골죽으로 만든 것을 으뜸으로 친다. 입김을 불어 넣는 취구, 손가락으로 막는 지공 6개와 함께 갈대 속막을 붙인 청공이 있어 떨리는 듯한 독특한 소리가 난다. 합주에서는 다른 악기들이 대금의 음에 맞추어 조율한다. 거센 물결을 잠재웠다는 신라의 피리 만파식적 이야기가 전한다."
깍두기라는 이름은 어디서 왔나,"깍두기는 무를 주사위처럼 네모지게 썰어 담그는 김치다. 이름은 재료를 작고 네모나게 써는 깍둑썰기에서 왔다. 썬 무를 소금에 잠시 절인 뒤 고춧가루로 붉게 물들이고 파, 마늘, 생강, 젓갈로 버무려 익힌다. 정조의 딸 숙선옹주가 처음 만들어 임금께 올렸다는 이야기가 전한다. 굴이나 오이를 섞어 담그는 등 변형이 여럿 있으며, 설렁탕이나 곰탕 같은 국물 요리에 흔히 곁들인다.","배추김치는 소금에 절인 배추 잎 사이사이에 양념소를 채워 버무린 김치로, 한국 밥상의 대표 반찬이다. 양념소는 채 썬 무에 고춧가루, 다진 마늘, 파, 젓갈 등을 섞어 만든다. 고추가 들어오기 전의 김치는 지금처럼 붉지 않았으며, 고추 양념은 조선 후기에 들어 널리 쓰였다. 속이 단단히 차는 결구배추가 퍼지면서 오늘날과 같은 포기김치가 자리를 잡았다. 흔히 입동 무렵 이웃과 모여 겨우내 먹을 양을 한꺼번에 담그는 김장의 중심이 된다.","동치미는 통무나 큼직하게 썬 무를 소금에 절여 넉넉한 국물에 담그는 물김치다. 이름의 '동'은 겨울을 뜻하며, 김장철을 앞둔 늦가을에 담가 겨울 내내 먹는다. 고춧가루를 풀지 않고 삭힌 고추와 파, 생강, 배 등을 넣어 맑고 시원한 맛을 낸다. 국물이 맑아 냉면이나 막국수의 육수로 쓰이며, 찐 고구마나 떡에 곁들이기도 한다. 특히 평안도와 함경도 등 북쪽 지방의 동치미가 이름났다.","총각김치는 손가락 굵기만 한 작은 무를 무청째 통으로 담그는 김치다. 무청이 달린 모양이 옛날 장가들지 않은 남자가 땋아 늘인 머리를 닮았다고 하여 이런 이름이 붙었다는 설명이 있다. 재료인 무는 지역에 따라 알타리무, 달랑무 등으로 불렸는데, 1988년 표준어 규정에서 총각무를 표준어로 삼았다. 절인 무에 고춧가루, 마늘, 젓갈 등을 버무려 익히며, 아삭하게 씹히는 맛이 특징이다."
모호면은 누가 언제 발견했나,"지각은 지구의 가장 바깥을 이루는 얇은 암석층으로, 지구 부피의 1%도 되지 않는다. 대륙 지각은 화강암질 암석이 많고 두께가 곳에 따라 20~90km, 평균 약 35km이다. 해양 지각은 현무암질 암석으로 이루어져 두께가 5~10km로 얇지만 밀도는 더 크다. 주로 산소와 규소에 알루미늄, 철, 칼슘 등이 결합한 규산염 광물로 되어 있다. 지각과 그 아래 맨틀의 경계는 모호로비치치 불연속면이라 하는데, 크로아티아 지진학자 안드리야 모호로비치치가 1909년 지진 기록을 분석해 찾아냈다. 이 경계를 지나면 P파의 속도가 초속 1km쯤 갑자기 빨라진다.","농구는 1891년 미국 매사추세츠주 스프링필드의 YMCA에서 체육 교사 제임스 네이스미스가 겨울철 실내에서 할 운동으로 고안했다. 처음에는 체육관 벽에 복숭아 바구니를 매달고 축구공을 던져 넣었다. 1892년 1월 20일 열린 첫 공식 경기에서는 한 팀이 9명이었으나, 지금은 한 팀에 5명이 뛴다. 바스켓 높이는 3.05m로 정해져 있다. 남자 농구는 1936년, 여자 농구는 1976년 올림픽 정식 종목이 되었다.","사바나는 열대와 아열대 지역에서 건기와 우기가 뚜렷하게 갈리는 곳에 발달하는 초원이다. 풀밭 위에 나무가 드문드문 서 있어, 나무 윗부분의 잎들이 서로 닿지 않고 그 사이로 풀이 자란다. 연 강수량은 약 500~1,270mm인데 비가 한 철에 몰려 내리고, 해마다 5~7개월가량 건기가 이어진다. 아프리카, 오스트레일리아, 남아메리카, 인도 등의 따뜻한 지역에 분포한다. 아프리카 사바나에는 아카시아와 바오바브나무가 자라고 기린, 코끼리, 얼룩말, 영양 같은 큰 동물이 산다. 주기적으로 나는 불은 숲이 초원을 덮지 않게 하는 구실을 한다.","케플러 우주 망원경은 지구와 비슷한 외계 행성을 찾으려고 2009년 3월 7일 발사된 미국 항공우주국의 망원경이다. 행성이 별 앞을 지나갈 때 별빛이 살짝 어두워지는 순간을 잡아내는 방식으로 행성을 찾았다. 주로 백조자리 방향에 있는 별 10만 개 이상을 한꺼번에 지켜보았다. 이름은 행성 운동 법칙을 세운 독일 천문학자 요하네스 케플러에게서 왔다. 자세를 잡아 주는 반작용 휠이 고장 난 뒤에는 K2라는 새 임무로 바꾸어 관측을 이어 갔으며, 2018년 10월 30일 은퇴가 발표되었다."
공양미 삼백 석이 나오는 판소리,"심청가는 눈먼 아버지 심학규를 위해 몸을 바친 효녀 심청의 이야기를 담은 판소리다. 어머니를 일찍 여읜 심청은 공양미 삼백 석을 바치면 아버지가 눈을 뜰 수 있다는 말을 듣고, 뱃사람들에게 제물로 팔려 인당수에 몸을 던진다. 연꽃에 싸여 되살아난 심청은 황후가 되고, 맹인 잔치를 열어 아버지를 찾는다. 슬프고 애절한 대목이 많아 웃음을 주는 장면이 적으며, 잔치에서 심 봉사가 눈을 뜨는 장면이 절정을 이룬다.","춘향가는 전라도 남원을 무대로 기생의 딸 성춘향과 부사의 아들 이몽룡의 사랑을 그린 판소리다. 단옷날 광한루에 나온 이몽룡이 그네를 뛰는 춘향을 보고 반하면서 두 사람의 인연이 시작된다. 이몽룡이 한양으로 떠난 뒤 새로 부임한 사또 변학도가 수청을 강요하자 춘향은 이를 거부하다 옥에 갇히고, 암행어사가 되어 돌아온 이몽룡이 그녀를 구한다. 사랑을 속삭이는 사랑가와 옥에 갇힌 춘향이 부르는 쑥대머리가 이름난 대목이다. 판소리 다섯 마당 가운데 규모가 가장 크다.","흥보가는 박타령이라고도 부르는 판소리로, 마음씨 착한 동생 흥보와 욕심 많은 형 놀보의 이야기를 담았다. 가난한 흥보가 다리가 부러진 제비를 정성껏 고쳐 주자, 제비가 이듬해 박씨 하나를 물어다 준다. 그 씨앗에서 자란 박을 타자 금은보화가 쏟아져 흥보는 큰 부자가 된다. 이를 샘낸 놀보는 일부러 제비 다리를 부러뜨렸다가 박에서 나온 온갖 재앙을 만난다. 익살스러운 대목이 많고 민요 가락을 많이 끌어들인 점이 특징이다.","수궁가는 토끼와 자라의 이야기를 담은 판소리로, 토별가나 별주부타령이라고도 부른다. 병이 든 용왕을 고치려면 토끼의 간이 필요하다는 말에 별주부 자라가 뭍으로 나가 토끼를 꾀어 용궁으로 데려간다. 죽을 고비에 몰린 토끼는 간을 꺼내 바위에 널어 두고 왔다고 둘러대 뭍으로 돌아와 달아난다. 『삼국사기』에 실린 거북과 토끼 설화가 뿌리로 여겨지며, 판소리 다섯 마당 가운데 동물이 주인공인 유일한 작품이다."
사람 피가 빨간색인 이유,"적혈구는 혈액 속에서 산소를 나르는 세포로, 가운데가 오목한 원반 모양이다. 지름은 약 7~8μm, 두께는 평균 약 2.2μm이며, 이런 모양 덕분에 표면적이 넓고 가느다란 모세 혈관도 휘어지며 지나간다. 포유류의 적혈구는 자라는 과정에서 핵을 잃는다. 세포 하나에 헤모글로빈 분자가 약 2억 8천만 개 들어 있는데, 헤모글로빈에 든 철 때문에 피가 붉게 보인다. 골수에서 만들어지며 혈액 1mm³에 남성은 약 500만 개, 여성은 약 450만 개가 있다. 혈관을 도는 기간은 평균 120일이다. 1658년 네덜란드의 얀 스바메르담이 현미경으로 처음 관찰했다.","백혈구는 몸에 들어온 세균이나 이물질을 막아 내는 면역 세포이다. 적혈구와 달리 핵이 있고 크기가 더 크며, 빛깔이 없다. 건강한 어른의 혈액 1L에는 약 45억~110억 개가 들어 있다. 종류별로는 호중구가 약 62%로 가장 많고, 이어 림프구 약 30%, 단핵구 약 5.3%, 호산구 약 2.3%, 호염기구 약 0.4% 순이다. 호중구처럼 병원체를 삼켜 없애는 식세포 작용을 하는 것도 있고, 항체를 만드는 일에 관여하는 것도 있다. 골수와 지라, 림프샘 등에서 만들어진다.","혈장은 혈액에서 세포 성분을 뺀 액체 부분으로, 혈액 부피의 약 55%를 차지한다. 약 92%가 물이고 약 8%가 단백질이며, 그 밖에 포도당, 무기 염류, 호르몬 등이 녹아 있다. 단백질 가운데 가장 많은 것은 알부민이고, 면역에 관여하는 글로불린과 혈액 응고에 쓰이는 피브리노겐도 들어 있다. 적혈구가 깨질 때 생기는 빌리루빈 때문에 옅은 노란빛을 띤다. 혈장에서 피브리노겐 같은 응고 인자를 뺀 것을 혈청이라 한다. 영양분과 호르몬을 온몸으로 나르며, 얼려 보관한 신선 동결 혈장은 수혈에 쓰인다.",
국내 첫 람사르 습지,"대암산 용늪은 강원특별자치도 인제군 대암산(1,304m) 꼭대기 가까이, 해발 약 1,280m에 자리한 산지 습지이다. 1997년 한국에서 처음으로 람사르 협약 습지로 등록되었다. 추운 날씨 탓에 죽은 식물이 다 썩지 못하고 쌓여 이탄층을 이루었으며, 이런 고층 습원은 국내에서 매우 드물다. 습지는 4,000~5,000년 전부터 만들어진 것으로 보이며 면적은 약 1.06km²이다. 끈끈이주걱, 비로용담, 삿갓사초 같은 희귀 식물이 군락을 이룬다. 하늘로 오르던 용이 쉬어 갔다는 전설에서 이름이 왔고, 보호를 위해 미리 예약한 사람만 정해진 철에 들어갈 수 있다.","순천만은 전라남도 순천시 앞바다, 여자만 안쪽에 자리한 만으로, 남북 약 30km, 동서 약 22km에 걸쳐 있다. 약 5.4km²에 이르는 갈대 군락은 국내에서 가장 넓게 보전된 갈대밭으로 꼽히며, 염습지와 갯벌이 함께 펼쳐진다. 흑두루미, 저어새, 황새 등 140종이 넘는 새가 찾아온다. 2006년 한국의 네 번째 람사르 습지로 등록되었는데, 연안 습지로는 처음이었다. 2008년 국가 명승으로 지정되었고, S자로 굽이치는 물길 위의 해넘이 풍경이 이름나 있다. 2013년 국제 정원 박람회를 계기로 인근에 정원과 습지 시설이 들어섰다.","우포늪은 경상남도 창녕군 유어면, 이방면, 대합면, 대지면에 걸친 한국 최대의 내륙 습지로, 면적은 약 231만 m²이다. 약 1억 4천만 년 전에 생겨난 것으로 추정되며, 낙동강 지류인 토평천이 흘러든다. 식물 340여 종, 조류 62종, 어류 28종이 사는 것으로 조사되었고, 멸종 위기종인 가시연꽃도 자란다. 1998년 람사르 협약에 따른 국제 보호 습지로 등록되었으며, 2011년 1월 13일 천연기념물 제524호로 다시 지정되었다.","한국의 갯벌은 2021년 7월 26일 제44차 세계 유산 위원회에서 유네스코 세계 자연 유산으로 등재되었다. 서천, 고창, 신안, 보성·순천의 갯벌 네 곳으로 이루어지며, 모두 합친 면적은 약 1,293km²이다. 제주 화산섬과 용암 동굴에 이어 한국의 두 번째 세계 자연 유산이다. 생물 다양성을 제자리에서 보전하는 데 중요한 서식지라는 기준을 인정받았다. 해마다 300종 가까운 철새 약 100만 마리가 머물다 가고, 150여 종의 바닥 생물이 산다. 시베리아로 향하는 도요물떼새가 쉬어 가는 중간 기착지로도 중요하다."
상감청자 가마터가 있던 지역,"고려청자는 고려 때 만든 푸른 빛깔의 자기로, 12세기에 전성기를 맞았다. 맑은 옥처럼 은은한 푸른색은 비취에 빗대어 비색이라 불렸다. 그릇 표면에 무늬를 파낸 뒤 그 자리에 흰 흙이나 검게 구워지는 흙을 메워 굽는 상감 기법을 고려 도공들이 독자적으로 꽃피운 것이 큰 특징이다. 전라남도 강진과 부안 일대에 이름난 가마터가 모여 있었다. 구름과 학을 새겨 넣은 간송미술관 소장 매병이 대표작으로 꼽혀 국보로 지정되어 있다. 13세기 후반부터는 빛깔이 누렇게 변하며 차츰 쇠퇴했다.","달항아리는 17세기 후반부터 18세기 전반 사이에 조선에서 만든 커다란 백자 항아리로, 백자대호라고도 한다. 대개 높이가 40cm를 넘으며, 둥글고 넉넉한 몸체와 젖빛 흰색이 보름달을 떠올리게 해 이런 이름이 붙었다. 한 번에 물레로 끌어올리기 어려울 만큼 커서 위쪽과 아래쪽을 따로 빚은 뒤 이어 붙였기 때문에, 허리에 이음 자국이 남고 좌우가 조금씩 어긋난 것이 많다. 여러 점이 국보로 지정되어 있으며, 그 가운데 하나는 높이 44cm, 몸통 지름 42cm에 이른다.","청화백자는 흰 백자 바탕에 코발트 안료로 푸른 무늬를 그린 뒤 투명한 유약을 입혀 구운 자기다. 조선에서는 15세기 중엽부터 만들기 시작했으며, 처음에는 중국을 거쳐 들어온 값비싼 안료 회회청을 써서 왕실과 관청에서 쓸 그릇을 주로 만들었다. 왕실 그릇은 경기도 광주에 둔 관요인 사옹원 분원에서 구웠다. 초기에는 여백을 넉넉히 남기고 풀꽃이나 매화, 대나무를 절제된 붓질로 그렸으나, 후기로 갈수록 무늬가 화려하고 복잡해졌다.",
춘분에 정말 낮과 밤 길이가 같을까,"춘분은 24절기의 넷째로, 태양이 하늘의 적도를 지나 황경 0도에 이르는 날이다. 양력으로는 3월 20일이나 21일 무렵이다. 흔히 낮과 밤의 길이가 같은 날로 알려져 있으나, 대기에서 빛이 굴절되는 등의 까닭으로 실제로는 낮이 몇 분 더 길다. 하지, 추분, 동지와 함께 천문학적으로 뜻이 뚜렷한 네 절기 가운데 하나다. 강남 갔던 제비가 돌아오는 때로 여겨졌으며, 이란 등에서는 이 무렵 새해 명절 노루즈를 쇤다.","입춘은 24절기의 첫째로, 봄이 시작된다는 날이다. 태양이 황경 315도에 이를 때이며, 양력으로는 대개 2월 4일 무렵이다. 절기 차례로는 대한과 우수 사이에 든다. 이날 집집마다 대문이나 기둥에 '입춘대길' 같은 글귀를 써 붙여 한 해의 복을 빌었다. 농가에서는 보리 뿌리를 뽑아 보고 그해 농사를 점치기도 했다. 다만 실제 기온으로 따지는 기상학적 봄은 우리나라에서 대개 3월에 시작된다.","우수는 24절기의 둘째로, 태양이 황경 330도에 이르는 양력 2월 18일이나 19일 무렵이다. 이름은 빗물이라는 뜻으로, 추위가 누그러져 눈 대신 비가 내리고 얼었던 땅이 풀리기 시작한다는 의미를 담았다. '우수 경칩이면 대동강 물도 풀린다'는 속담이 이 무렵 날씨를 잘 보여 준다. 옛 역법서에는 수달이 잡은 물고기를 늘어놓고 기러기가 북쪽으로 날아가며 풀과 나무에 싹이 트는 때로 적혀 있다.","경칩은 24절기의 셋째로, 태양이 황경 345도에 이르는 양력 3월 5일이나 6일 무렵이다. 겨울잠을 자던 개구리와 벌레가 놀라 깨어난다는 뜻이며, 본래 이름은 계칩이었으나 중국 한나라 황제의 이름자를 피하느라 지금의 이름으로 바뀌었다. 이날 개구리 알을 먹으면 몸에 좋다고 여겼고, 흙일을 하면 탈이 없다고 믿어 담을 쌓거나 벽을 바르기도 했다. 요즘은 날씨가 따뜻해져 개구리가 이보다 훨씬 일찍 깨어나곤 한다."
해양 지각과 대륙 지각 두께 비교,"지각은 지구의 가장 바깥을 이루는 얇은 암석층으로, 지구 부피의 1%도 되지 않는다. 대륙 지각은 화강암질 암석이 많고 두께가 곳에 따라 20~90km, 평균 약 35km이다. 해양 지각은 현무암질 암석으로 이루어져 두께가 5~10km로 얇지만 밀도는 더 크다. 주로 산소와 규소에 알루미늄, 철, 칼슘 등이 결합한 규산염 광물로 되어 있다. 지각과 그 아래 맨틀의 경계는 모호로비치치 불연속면이라 하는데, 크로아티아 지진학자 안드리야 모호로비치치가 1909년 지진 기록을 분석해 찾아냈다. 이 경계를 지나면 P파의 속도가 초속 1km쯤 갑자기 빨라진다.","지각은 지구의 가장 바깥을 이루는 얇은 암석층으로, 지구 부피의 1%도 되지 않는다. 대륙 지각은 화강암질 암석이 많고 두께가 곳에 따라 20~90km, 평균 약 35km이다. 해양 지각은 현무암질 암석으로 이루어져 두께가 5~10km로 얇지만 밀도는 더 크다. 주로 산소와 규소에 알루미늄, 철, 칼슘 등이 결합한 규산염 광물로 되어 있다. 지각과 그 아래 맨틀의 경계는 모호로비치치 불연속면이라 하는데, 크로아티아 지진학자 안드리야 모호로비치치가 1909년 지진 기록을 분석해 찾아냈다. 이 경계를 지나면 P파의 속도가 초속 1km쯤 갑자기 빨라진다.","맨틀은 지각 아래에서 깊이 약 2,900km까지 이어지는 층으로, 지구 부피의 약 84%와 질량의 약 67%를 차지한다. 주로 감람석과 휘석이 든 감람암으로 이루어져 있다. 깊이에 따라 상부 맨틀, 약 410~660km 구간의 전이대, 하부 맨틀로 나뉜다. 상부 맨틀에는 깊이 100~200km 부근부터 부분적으로 무른 연약권이 있어, 그 위에 얹힌 딱딱한 암석권 판이 움직일 수 있다. 맨틀 물질은 온도 차 때문에 아주 느리게 대류하는데, 뜨거운 물질은 해령 쪽에서 솟고 식은 물질은 섭입대에서 가라앉으며 판을 움직이는 힘이 된다.","외핵은 맨틀 아래 깊이 약 2,890km에서 5,150km 사이에 있는 층으로, 두께가 약 2,260km이다. 지구를 이루는 큰 층 가운데 유일하게 액체 상태인데, 이는 고체만 지날 수 있는 S파가 이 층을 통과하지 못한다는 관측으로 확인되었다. 주성분은 철과 니켈이고 산소, 규소, 황 같은 가벼운 원소가 섞여 있다. 온도는 바깥쪽이 약 3,000~4,500K이며 안쪽으로 갈수록 더 높아진다. 전기가 통하는 금속 유체가 대류하며 전류를 만들고, 이 다이너모 작용이 지구 자기장을 유지한다."
부럼 깨는 날은 언제,"정월 대보름은 음력 1월 15일로, 새해 들어 처음 보름달이 뜨는 날이다. 이날 새벽에는 호두, 땅콩, 밤 같은 단단한 견과를 깨무는 부럼깨기를 하며 한 해 동안 부스럼이 나지 않기를 빌었다. 여러 곡식을 섞어 지은 오곡밥과 말려 둔 묵은 나물을 먹고, 귀가 밝아지라며 데우지 않은 술을 마시기도 했다. 아침에 만난 사람에게 내 더위를 사 가라고 외치는 더위팔기를 했고, 밤에는 달집을 태우며 논둑에 불을 놓는 쥐불놀이를 즐겼다.","설날은 음력 1월 1일로, 한 해를 여는 명절이다. 아침에 조상에게 차례를 지내고 웃어른께 세배를 드리며, 새로 장만한 설빔을 입는다. 흰 떡을 썰어 끓인 떡국을 먹는데, 떡국을 먹어야 나이를 한 살 더 먹는다는 말이 있다. 한동안 양력설만 공식 명절로 대접받다가 1985년 '민속의 날'이라는 이름으로 하루 공휴일이 되었다. 1989년에 설날이라는 이름을 되찾으면서 전날과 다음 날을 더한 사흘 연휴가 되었다.","단오는 음력 5월 5일로, 한 해 가운데 양의 기운이 가장 왕성한 날로 여겨졌다. 수릿날, 천중절이라고도 부른다. 여자들은 창포를 삶은 물에 머리를 감고 그네를 뛰었으며, 남자들은 씨름으로 힘을 겨루었다. 여름 더위를 앞두고 부채를 선물하는 풍습이 있었고, 수리취를 넣어 수레바퀴 무늬를 찍은 떡을 먹었다. 강원도에서 열리는 강릉단오제는 2005년 유네스코 인류무형문화유산에 올랐다.","추석은 음력 8월 15일로, 한가위 또는 중추절이라고도 한다. 신라 때 궁중 여인들이 두 편으로 나뉘어 한 달 가까이 길쌈 솜씨를 겨룬 뒤 마지막 날 잔치를 벌였다는 가배 이야기가 기원으로 전한다. 햇곡식과 햇과일로 차례를 지내고 조상의 묘를 찾아 성묘를 한다. 햅쌀로 빚은 송편과 토란국을 먹으며, 밤에는 둥근 달 아래에서 강강술래를 즐겼다. 대한민국에서는 추석 전날부터 다음 날까지 사흘을 공휴일로 쉰다."
허파꽈리에서 기체가 교환되는 원리,"폐(허파)는 공기 속 산소를 받아들이고 이산화탄소를 내보내는 호흡 기관으로, 가슴 속에서 갈비뼈에 둘러싸여 있다. 기관에서 갈라진 기관지가 나뭇가지처럼 뻗어 끝마다 작은 공기주머니인 허파꽈리에 이르며, 허파꽈리는 수억 개에 달해 기체를 주고받는 면적이 매우 넓다. 기체 교환은 허파꽈리와 둘레 모세 혈관 사이의 분압 차에 따른 확산으로만 이루어진다. 폐 자체에는 근육이 없어 가로막과 갈비뼈 사이의 근육이 가슴 공간을 넓히고 좁혀 숨을 쉬게 한다. 건강한 성인 남성의 최대 폐활량은 약 4,800mL이고, 평소에는 1분에 15~18번, 한 번에 약 500mL씩 숨을 쉰다. 폐의 겉은 흉막이 싸고 있다.","심장은 온몸으로 피를 뿜어 보내는 근육 기관으로, 크기는 주먹만 하고 무게는 약 250~300g이다. 양쪽 폐 사이에 있으며, 가슴뼈를 기준으로 약 3분의 2가 왼쪽에 치우쳐 있다. 안은 좌우 심방과 좌우 심실, 곧 2심방 2심실로 나뉜다. 피가 거꾸로 흐르지 않도록 삼첨판, 승모판(이첨판), 폐동맥판, 대동맥판 네 판막이 막아 준다. 쉴 때는 1분에 약 72번 뛰며, 한 번 수축할 때마다 약 60~80mL의 피를 내보낸다. 박동의 박자는 굴심방결절의 조율 세포가 정하고, 심장 근육 자체에는 관상 동맥이 피를 공급한다.","간은 사람 몸의 내장 기관 가운데 가장 크며, 어른의 간은 무게가 약 1.2kg이다. 가로막 아래 배의 오른쪽 윗부분에 자리한다. 지방의 소화를 돕는 쓸개즙을 만들고, 몸에 해로운 물질을 해독한다. 남는 포도당을 글리코겐으로 저장했다가 필요할 때 풀어 혈당을 조절하며, 혈장 단백질인 알부민을 합성한다. 수명을 다한 적혈구를 처리하는 일도 한다. 피는 간동맥과 간문맥 두 길로 들어오며, 안쪽은 간세포가 모인 작은 간소엽들로 이루어져 있다.","콩팥은 척추 양옆, 배의 뒤쪽 벽에 하나씩 모두 두 개가 있는 강낭콩 모양의 기관이다. 하나의 크기는 길이 약 10cm, 너비 약 5cm, 두께 약 3cm이다. 피를 거르는 기본 단위인 네프론이 콩팥 하나에 약 100만 개 들어 있다. 하루에 걸러 내는 원뇨는 180L가 넘지만 대부분 다시 흡수되어 실제 오줌은 약 1.5L만 나온다. 핏속의 노폐물과 여분의 무기질을 내보내는 일 말고도 혈압과 전해질, 체액의 양을 조절한다. 적혈구 생성을 돕는 호르몬 에리트로포이에틴을 만들고, 비타민 D를 활성형으로 바꾼다."
알타리무의 표준어,"총각김치는 손가락 굵기만 한 작은 무를 무청째 통으로 담그는 김치다. 무청이 달린 모양이 옛날 장가들지 않은 남자가 땋아 늘인 머리를 닮았다고 하여 이런 이름이 붙었다는 설명이 있다. 재료인 무는 지역에 따라 알타리무, 달랑무 등으로 불렸는데, 1988년 표준어 규정에서 총각무를 표준어로 삼았다. 절인 무에 고춧가루, 마늘, 젓갈 등을 버무려 익히며, 아삭하게 씹히는 맛이 특징이다.","배추김치는 소금에 절인 배추 잎 사이사이에 양념소를 채워 버무린 김치로, 한국 밥상의 대표 반찬이다. 양념소는 채 썬 무에 고춧가루, 다진 마늘, 파, 젓갈 등을 섞어 만든다. 고추가 들어오기 전의 김치는 지금처럼 붉지 않았으며, 고추 양념은 조선 후기에 들어 널리 쓰였다. 속이 단단히 차는 결구배추가 퍼지면서 오늘날과 같은 포기김치가 자리를 잡았다. 흔히 입동 무렵 이웃과 모여 겨우내 먹을 양을 한꺼번에 담그는 김장의 중심이 된다.","깍두기는 무를 주사위처럼 네모지게 썰어 담그는 김치다. 이름은 재료를 작고 네모나게 써는 깍둑썰기에서 왔다. 썬 무를 소금에 잠시 절인 뒤 고춧가루로 붉게 물들이고 파, 마늘, 생강, 젓갈로 버무려 익힌다. 정조의 딸 숙선옹주가 처음 만들어 임금께 올렸다는 이야기가 전한다. 굴이나 오이를 섞어 담그는 등 변형이 여럿 있으며, 설렁탕이나 곰탕 같은 국물 요리에 흔히 곁들인다.","동치미는 통무나 큼직하게 썬 무를 소금에 절여 넉넉한 국물에 담그는 물김치다. 이름의 '동'은 겨울을 뜻하며, 김장철을 앞둔 늦가을에 담가 겨울 내내 먹는다. 고춧가루를 풀지 않고 삭힌 고추와 파, 생강, 배 등을 넣어 맑고 시원한 맛을 낸다. 국물이 맑아 냉면이나 막국수의 육수로 쓰이며, 찐 고구마나 떡에 곁들이기도 한다. 특히 평안도와 함경도 등 북쪽 지방의 동치미가 이름났다."
첫 월드컵에서 첫 골을 넣은 선수,"1930년 FIFA 월드컵은 7월 13일부터 30일까지 우루과이 몬테비데오에서 열린 첫 월드컵이다. 예선 없이 초청받은 13개 나라가 참가했는데, 배를 타고 먼 길을 건너야 했던 탓에 유럽에서는 4개 나라만 왔다. 우루과이 독립 100주년을 기념해 지은 에스타디오 센테나리오가 주 경기장이었다. 대회 첫 골은 프랑스의 뤼시앵 로랑이 넣었고, 결승에서 개최국 우루과이가 아르헨티나를 4 대 2로 이겨 첫 우승국이 되었다.","1934년 FIFA 월드컵은 5월 27일부터 6월 10일까지 이탈리아에서 열렸다. 처음으로 지역 예선을 거쳐 16개 나라가 본선에 올랐고, 지면 곧바로 떨어지는 토너먼트로 모든 경기를 치렀다. 앞선 대회 우승국 우루과이는 참가하지 않았다. 결승에서 이탈리아가 체코슬로바키아를 연장전 끝에 2 대 1로 꺾고 처음 우승했다. 득점왕은 5골을 넣은 체코슬로바키아의 올드르지흐 네예들리였다.","1938년 FIFA 월드컵은 6월 4일부터 19일까지 프랑스에서 열렸다. 개최국과 앞선 대회 우승국이 예선 없이 본선에 나간 첫 대회였다. 네덜란드령 동인도가 아시아 팀으로는 처음 본선에 나왔고, 오스트리아는 나치 독일에 병합되면서 빠졌다. 결승에서 이탈리아가 헝가리를 4 대 2로 이기며 처음으로 두 대회 연속 우승을 이루었다. 브라질의 레오니다스가 7골로 득점왕에 올랐다.","1950년 FIFA 월드컵은 제2차 세계 대전으로 중단되었다가 12년 만에 브라질에서 열린 대회다. 6월 24일부터 7월 16일까지 13개 나라가 참가했으며, 처음 출전한 잉글랜드가 미국에 0 대 1로 진 일이 큰 화제가 되었다. 결승전 없이 네 팀이 겨루는 결승 리그로 우승을 가렸는데, 마지막 경기에서 우루과이가 브라질을 2 대 1로 꺾고 정상에 올랐다. 20만 명 가까운 관중 앞에서 개최국이 진 이 경기는 마라카낭의 비극이라 불린다."
환희의 송가 합창 교향곡 초연 연도,"루트비히 판 베토벤은 1770년 독일 본에서 태어나 1792년 빈으로 옮겨 간 작곡가로, 그곳에서 하이든에게 배우기도 했다. 20대 후반부터 귀가 나빠지기 시작해 1802년에는 절망을 털어놓은 하일리겐슈타트 유서를 썼다. 모두 아홉 곡의 교향곡을 남겼는데, 3번 「영웅」은 처음에 나폴레옹에게 바치려다 그가 황제에 오르자 헌정을 거두었다는 일화가 있다. 1824년 초연한 9번 교향곡의 마지막 악장에는 실러의 시 「환희의 송가」에 붙인 합창이 들어 있다. 1827년 빈에서 세상을 떠났다.",,,
엽전을 종이로 싸서 만든 놀잇감,"제기차기는 제기를 발로 차올려 땅에 떨어뜨리지 않고 몇 번이나 이어 차는지 겨루는 놀이다. 예전에는 구멍 뚫린 엽전을 한지나 헝겊으로 싸고 끝을 여러 갈래로 찢어 제기를 만들었고, 요즘은 비닐로 만든 것을 흔히 쓴다. 찰 때마다 발을 땅에 디디는 땅강아지, 차는 발을 땅에 대지 않고 계속 차는 헐렁이, 두 발을 번갈아 차는 양발차기 등 차는 법이 여럿이다. 주로 겨울철, 특히 설 무렵에 아이들이 즐겼다.","윷놀이는 단면이 반달 모양인 나무 막대 네 개를 던져 나온 모양에 따라 말을 옮기는 놀이다. 젖혀진 가락의 수에 따라 도는 한 칸, 개는 두 칸, 걸은 세 칸, 윷은 네 칸, 모는 다섯 칸을 가며, 윷이나 모가 나오면 한 번 더 던진다. 말판에는 29개의 자리가 있고, 한 편이 말 네 개를 모두 먼저 내보내면 이긴다. 도, 개, 걸, 윷, 모가 각각 돼지, 개, 양, 소, 말을 가리킨다는 풀이가 있다. 주로 설날부터 정월 대보름 사이에 즐긴다.","연날리기는 대나무 살에 종이를 붙여 만든 연을 바람에 띄우는 놀이로, 주로 설날부터 정월 대보름까지 즐겼다. 대보름에는 연에 액을 뜻하는 글자를 써서 띄운 뒤 줄을 끊어 날려 보내며 한 해의 나쁜 운을 떨쳐 냈다. 연줄에 부레풀과 곱게 빻은 사기나 유리 가루를 먹여 질기고 날카롭게 만든 뒤 남의 연줄을 끊는 연싸움도 벌였다. 『삼국사기』에는 647년 김유신이 허수아비를 연에 매달아 띄워 흔들리는 민심을 가라앉혔다는 이야기가 실려 있다.","널뛰기는 긴 널빤지 가운데에 짚단이나 가마니를 괴고 양 끝에 한 사람씩 올라서서 번갈아 뛰어오르는 놀이다. 한 사람이 내려디디는 힘으로 맞은편 사람이 높이 솟아오르므로 두 사람의 호흡이 잘 맞아야 한다. 주로 여성들이 설날이나 단오 같은 명절에 즐겼다. 설에 널을 뛰면 한 해 동안 발바닥에 가시가 박히지 않는다는 말이 전하고, 처녀 시절 널을 뛰지 않으면 시집가서 아기를 낳지 못한다는 속설도 있었다."
강릉단오제 유네스코 등재 연도,"단오는 음력 5월 5일로, 한 해 가운데 양의 기운이 가장 왕성한 날로 여겨졌다. 수릿날, 천중절이라고도 부른다. 여자들은 창포를 삶은 물에 머리를 감고 그네를 뛰었으며, 남자들은 씨름으로 힘을 겨루었다. 여름 더위를 앞두고 부채를 선물하는 풍습이 있었고, 수리취를 넣어 수레바퀴 무늬를 찍은 떡을 먹었다. 강원도에서 열리는 강릉단오제는 2005년 유네스코 인류무형문화유산에 올랐다.","설날은 음력 1월 1일로, 한 해를 여는 명절이다. 아침에 조상에게 차례를 지내고 웃어른께 세배를 드리며, 새로 장만한 설빔을 입는다. 흰 떡을 썰어 끓인 떡국을 먹는데, 떡국을 먹어야 나이를 한 살 더 먹는다는 말이 있다. 한동안 양력설만 공식 명절로 대접받다가 1985년 '민속의 날'이라는 이름으로 하루 공휴일이 되었다. 1989년에 설날이라는 이름을 되찾으면서 전날과 다음 날을 더한 사흘 연휴가 되었다.","정월 대보름은 음력 1월 15일로, 새해 들어 처음 보름달이 뜨는 날이다. 이날 새벽에는 호두, 땅콩, 밤 같은 단단한 견과를 깨무는 부럼깨기를 하며 한 해 동안 부스럼이 나지 않기를 빌었다. 여러 곡식을 섞어 지은 오곡밥과 말려 둔 묵은 나물을 먹고, 귀가 밝아지라며 데우지 않은 술을 마시기도 했다. 아침에 만난 사람에게 내 더위를 사 가라고 외치는 더위팔기를 했고, 밤에는 달집을 태우며 논둑에 불을 놓는 쥐불놀이를 즐겼다.","추석은 음력 8월 15일로, 한가위 또는 중추절이라고도 한다. 신라 때 궁중 여인들이 두 편으로 나뉘어 한 달 가까이 길쌈 솜씨를 겨룬 뒤 마지막 날 잔치를 벌였다는 가배 이야기가 기원으로 전한다. 햇곡식과 햇과일로 차례를 지내고 조상의 묘를 찾아 성묘를 한다. 햅쌀로 빚은 송편과 토란국을 먹으며, 밤에는 둥근 달 아래에서 강강술래를 즐겼다. 대한민국에서는 추석 전날부터 다음 날까지 사흘을 공휴일로 쉰다."
호취도를 그린 조선 말 화가,"장승업은 1843년에 태어난 조선 말기의 화가로, 호는 오원이다. 어려서 부모를 잃고 남의 집에 얹혀살며 그림을 익혔다고 전한다. 뛰어난 솜씨가 알려져 궁중에 불려 가 그림을 그렸고, 술을 무척 즐겨 그림과 술을 바꾸었다는 일화가 많다. 산수, 인물, 꽃과 새, 짐승 등 여러 소재를 호방하고 대담한 필치로 그렸으며, 매서운 매를 그린 「호취도」가 이름났다. 안견, 김홍도와 함께 조선의 3대 화가로 꼽히며 1897년 세상을 떠났다.","정선은 1676년에 태어난 조선 후기의 화가로, 호는 겸재다. 중국 그림을 본뜨던 관습에서 벗어나 금강산과 한양 주변 등 우리 땅의 실제 경치를 보고 그리는 진경산수화의 길을 열었다. 양천 현령 등의 벼슬을 지냈다. 1751년 일흔여섯의 나이에 비가 갠 뒤의 인왕산을 짙은 먹으로 그린 「인왕제색도」가 대표작이며, 금강산의 봉우리들을 한 화면에 둥글게 담은 「금강전도」도 이름났다. 두 그림 모두 국보로 지정되어 있다. 1759년 세상을 떠났다.","김홍도는 1745년에 태어난 조선 후기의 화가로, 호는 단원이다. 어려서 문인 화가 강세황에게 그림을 배웠고, 도화서 화원이 되어 영조와 정조의 초상을 그리는 일에 참여했다. 정조의 두터운 신임을 받아 궁중의 그림 일을 도맡았으며, 1791년부터 몇 해 동안 충청도 연풍의 현감을 지냈다. 씨름, 서당, 타작처럼 서민의 일상을 익살스럽게 담은 25점짜리 풍속화첩이 대표작으로, 국립중앙박물관에 있다.","신윤복은 1758년에 태어난 조선 후기의 풍속화가로, 호는 혜원이다. 아버지 신한평도 도화서 화원이었다. 양반과 기생의 풍류, 여인들의 모습을 섬세한 선과 산뜻한 색으로 즐겨 그렸다. 30점의 그림을 묶은 『혜원전신첩』은 간송미술관이 소장하며 국보로 지정되어 있는데, 개울가에서 머리를 감고 그네를 뛰는 여인들을 그린 「단오풍정」과 달밤의 남녀를 그린 「월하정인」이 여기에 들어 있다. 여인 한 사람을 단독으로 그린 「미인도」도 대표작이다."
비활성 기체 화합물이 처음 합성된 해,"제논은 원자 번호 54의 비활성 기체로, 1898년 윌리엄 램지 등이 발견했다. 이름은 '낯선 것'을 뜻하는 그리스어 크세노스에서 왔다. 색과 냄새가 없는 무거운 기체이며, 대기에는 아주 적은 양만 들어 있다. 1962년 닐 바틀릿이 육플루오린화백금산 제논을 합성하면서, 반응하지 않는다고 여겨지던 비활성 기체도 화합물을 만들 수 있음이 드러났다. 카메라 섬광 장치와 등대 램프에 쓰이고, 우주선 이온 추진기의 연료와 마취제로도 이용된다. 액체 상태로 모아 암흑 물질을 찾는 검출기에 넣기도 한다.",,,
메이저 테니스 대회 중 유일한 잔디 코트,"윔블던 선수권 대회는 1877년 영국 런던 윔블던의 올 잉글랜드 클럽에서 처음 열렸으며, 4대 메이저 대회 가운데 가장 먼저 시작되었다. 첫 대회 남자 단식 우승자는 스펜서 고어였다. 4대 메이저 가운데 유일하게 잔디 코트에서 경기하며, 해마다 6월 말부터 7월 초까지 열린다. 선수들은 흰색 옷을 입어야 하는 엄격한 복장 규정을 따르고, 관중이 딸기에 크림을 곁들여 먹는 전통이 있다. 2009년 센터 코트에 여닫는 지붕을 달아 비가 와도 경기를 이어 갈 수 있게 되었다.","US 오픈은 1881년 미국 로드아일랜드주 뉴포트에서 처음 열린 테니스 대회로, 해마다 8월 말부터 9월 초까지 열려 한 해의 마지막 메이저 대회가 된다. 지금은 뉴욕 퀸스의 플러싱 메도스에 있는 빌리 진 킹 국립 테니스 센터에서 열리며, 주 경기장은 1997년 문을 연 아서 애시 스타디움이다. 코트 바닥은 잔디와 클레이를 거쳐 1978년부터 하드 코트를 쓴다. 1970년에는 메이저 대회 가운데 처음으로 마지막 세트에도 타이브레이크를 적용했다.","프랑스 오픈은 1891년에 시작된 테니스 대회로, 처음에는 프랑스 선수만 나올 수 있었으나 1925년부터 외국 선수에게도 문을 열었다. 해마다 5월 말부터 6월 초까지 파리에서 열리며, 4대 메이저 가운데 유일하게 붉은 흙을 다진 클레이 코트를 쓴다. 공이 느리고 높게 튀어 긴 랠리가 자주 나온다. 1928년부터 대회장으로 쓰는 스타드 롤랑 가로스는 제1차 세계 대전 때 활약한 프랑스 비행사 롤랑 가로스의 이름을 딴 것이다.","호주 오픈은 1905년 오스트레일리아 멜버른에서 처음 열린 테니스 대회로, 해마다 1월에 열려 한 해를 여는 메이저 대회다. 처음 이름은 오스트랄라시아 선수권 대회였고, 1969년부터 지금의 이름을 썼다. 1987년까지는 잔디 코트에서 치렀으나 1988년 멜버른 파크로 자리를 옮기면서 하드 코트로 바꾸었다. 주 경기장은 여닫는 지붕을 갖춘 로드 레이버 아레나다."
국가무형문화재 제2호 탈놀이,"양주별산대놀이는 경기도 양주 유양리에서 전해 온 탈놀이로, 서울 근교의 산대놀이 계열에 속한다. 18세기 무렵 양주 사람 이을축이 서울 사직골 딱딱이패의 놀이를 본떠 탈을 만들어 놀기 시작했다고 전한다. 바가지, 나무, 종이로 만든 탈을 쓰고 느린 염불 장단과 빠른 타령 장단에 맞추어 춤을 추며, 춤사위가 잘게 나뉘고 세련된 것으로 꼽힌다. 1964년 국가무형문화재 제2호로 지정되었다.","적혈구는 혈액 속에서 산소를 나르는 세포로, 가운데가 오목한 원반 모양이다. 지름은 약 7~8μm, 두께는 평균 약 2.2μm이며, 이런 모양 덕분에 표면적이 넓고 가느다란 모세 혈관도 휘어지며 지나간다. 포유류의 적혈구는 자라는 과정에서 핵을 잃는다. 세포 하나에 헤모글로빈 분자가 약 2억 8천만 개 들어 있는데, 헤모글로빈에 든 철 때문에 피가 붉게 보인다. 골수에서 만들어지며 혈액 1mm³에 남성은 약 500만 개, 여성은 약 450만 개가 있다. 혈관을 도는 기간은 평균 120일이다. 1658년 네덜란드의 얀 스바메르담이 현미경으로 처음 관찰했다.","바게트는 막대기를 뜻하는 이름처럼 길쭉한 모양의 프랑스 빵이다. 프랑스 규정에 따르면 전통 바게트에는 밀가루, 물, 소금, 효모 네 가지만 넣을 수 있다. 굽기 전에 반죽 겉면에 비스듬히 칼집을 내고 물을 뿌리는데, 칼집은 반죽이 제멋대로 부풀어 터지는 것을 막고 물은 껍질을 바삭하게 만든다. 굵기와 길이에 따라 짧고 통통한 바타르, 가늘고 짧은 피셀 같은 여러 변형이 있다. 2022년 바게트를 만드는 장인의 기술과 문화가 유네스코 인류무형문화유산에 올랐다.","측우기는 내린 비의 양을 재던 조선의 기구로, 세종 23년인 1441년에 처음 만들어졌다. 당시 세자였던 문종이 고안을 이끈 것으로 전하며, 이후 같은 규격의 기구를 각 고을에 나누어 비의 양을 보고하게 했다. 원통은 깊이가 약 32cm, 지름이 약 15cm였고, 돌로 깎은 받침대인 측우대 위에 올려 썼다. 유럽의 우량계보다 약 200년 앞선 것으로 평가된다. 지금 남아 있는 것은 1837년 공주의 충청감영에 두었던 금영측우기로, 국보로 지정되어 있다."
향고래 최대 잠수 깊이와 시간,"향고래는 이빨고래 가운데 가장 큰 종으로, 다 자란 수컷은 몸길이 16~21m, 암컷은 평균 11m쯤 된다. 뇌 무게가 약 7.8kg으로, 지금까지 알려진 동물 가운데 가장 무거운 뇌를 지녔다. 수심 2,250m 안팎까지 잠수할 수 있고 90분 넘게 물속에 머물기도 한다. 깊은 바다의 오징어와 대왕오징어를 주로 먹는다. 커다란 머리에는 기름과 밀랍이 섞인 경뇌유가 든 기관이 있어 소리를 내고 되울림으로 위치를 찾는 데 쓰인다. 허먼 멜빌의 소설 『모비 딕』에 나오는 흰 고래가 이 종이다.","대왕고래는 흰긴수염고래라고도 부르며, 지구 역사를 통틀어 가장 큰 동물이다. 몸길이는 최대 약 30m, 몸무게는 190톤 안팎에 이른다. 이빨 대신 입천장에 검은 수염판 270~400장이 늘어서 있어, 바닷물을 머금었다가 내보내며 걸러 낸 크릴을 주로 먹는다. 작은 물고기나 오징어, 해파리를 먹기도 한다. 수명은 80~90년 이상으로 알려져 있다. 무분별한 포경으로 수가 크게 줄어 1966년 국제 협약으로 상업 포경이 금지되었으며, 지금은 국제자연보전연맹(IUCN) 적색 목록의 위기종이다.","범고래는 참돌고래과에서 가장 큰 종으로, 검은 등과 흰 가슴, 눈 뒤의 흰 무늬로 쉽게 알아볼 수 있다. 수컷은 몸길이 6~8m에 몸무게가 최대 7톤이고, 암컷은 5~7m에 3~4톤 정도이다. 수컷의 등지느러미는 높이가 1.8m에 이르기도 한다. 연어나 청어 같은 물고기뿐 아니라 물범, 바다사자, 다른 고래까지 사냥하는 바다의 최상위 포식자이다. 어미를 중심으로 한 안정된 무리를 이루어 산다. 극지방부터 열대까지 전 세계 바다에 분포하며, 암컷은 평균 50년, 수컷은 평균 30년쯤 산다.","상괭이는 한국 서해와 남해 연안에 사는 쇠돌고래과의 작은 고래로, 학명은 Neophocaena sunameri이다. 몸길이는 1.5~1.9m이고 몸빛은 회백색이다. 등지느러미가 없고, 그 자리에 높이 약 1cm의 낮은 융기가 있다. 입가가 올라간 모습이 웃는 얼굴처럼 보여 '웃는 돌고래'라는 별명이 붙었다. 수심 50m 이내의 얕은 바다와 해안 가까이에 살며, 멸치, 전갱이, 정어리, 오징어 등을 먹는다. 해마다 수백 마리가 그물에 걸려 죽는 혼획이 큰 위협이다. 2016년 해양 보호 생물로 지정되었고, IUCN 적색 목록에서는 위기종으로 분류된다."
우산국을 신라에 복속시킨 장수,"울릉도는 동해 가운데 솟은 화산섬으로, 면적은 약 72.86km²이고 경상북도 울릉군에 속한다. 가장 높은 봉우리인 성인봉은 높이 984m이다. 섬 북쪽의 나리분지는 화산 분화구가 꺼져 생긴 칼데라로, 섬에서 유일한 평지이다. 옛날에는 우산국이라는 작은 나라가 있었으나, 512년 신라의 이사부가 정벌해 신라에 복속시켰다. 포항에서 약 217km 떨어져 있으며, 인구는 약 9,000명이다. 오징어와 호박엿이 특산물로 이름나 있다.","제주도는 면적 약 1,846km²로 한국에서 가장 큰 섬이다. 동서로 약 73km, 남북으로 약 31km 뻗어 있으며, 화산 활동으로 만들어졌다. 섬 곳곳에 오름이라 부르는 작은 화산체가 360개 넘게 흩어져 있고, 용암 동굴과 주상절리, 현무암 들판도 발달했다. 옛 이름은 탐라이다. 돌과 바람과 여자가 많다 하여 삼다도라고도 불린다. 겨울에도 기온이 영하로 떨어지는 일이 드물 만큼 따뜻하다. 2002년 생물권 보전 지역, 2007년 세계 자연 유산, 2010년 세계 지질 공원으로 유네스코의 인증을 차례로 받았다. 행정 구역은 제주시와 서귀포시 두 곳이다.","거제도는 면적 약 382km²로 제주도 다음으로 큰 한국의 섬이며, 경상남도 거제시에 속한다. 1971년 거제대교가 놓여 뭍과 이어졌고, 1999년 신거제대교, 2010년 부산과 잇는 거가대교가 차례로 개통했다. 1970~1980년대 대형 조선소가 들어서면서 조선업과 수산업이 크게 발달했다. 6·25 전쟁 때에는 국제 연합군의 포로수용소가 있었고, 임진왜란 때에는 주변 바다에서 큰 해전이 벌어졌다. 들쭉날쭉한 해안선의 길이가 약 443.8km에 이르며, 해금강과 외도가 이름난 관광지이다. 1995년 장승포시와 거제군이 합쳐 거제시가 되었다.","강화도는 면적 약 302.6km²로 한국에서 네 번째로 큰 섬이며, 인천광역시 강화군에 속한다. 경기만에 자리하며 1970년 강화대교가 놓이면서 김포와 다리로 이어졌다. 고려는 몽골이 침입하자 도읍을 이곳으로 옮겨 맞섰다. 섬에는 청동기 시대의 고인돌이 100기 넘게 남아 있어, 2000년 고창·화순의 고인돌과 함께 유네스코 세계 유산에 올랐다. 높이 469m인 마니산의 꼭대기에는 참성단이 있다. 1866년 병인양요와 1871년 신미양요 때 외국 군대와 전투가 벌어진 곳이기도 하다."
쿼크를 단독으로 관측할 수 없는 이유,"강한 상호작용은 쿼크들을 묶어 양성자와 중성자를 만들고, 그 남은 힘으로 양성자와 중성자를 원자핵 안에 붙잡아 두는 기본 힘이다. 네 가지 기본 힘 가운데 가장 세서 전자기력보다 약 100배 강하지만, 미치는 거리는 원자핵 크기인 약 10⁻¹⁵m(1펨토미터) 안팎으로 매우 짧다. 이 힘을 전달하는 입자는 글루온이다. 쿼크와 글루온은 전기 전하와 다른 색전하를 지니며, 이를 다루는 이론을 양자 색역학이라 한다. 쿼크는 홀로 떨어져 나오지 못하고 늘 강입자 안에 갇혀 있는데, 이를 색가둠이라 한다. 1935년 유카와 히데키는 중간자가 핵자 사이의 힘을 전한다는 이론을 내놓았고, 1949년 노벨 물리학상을 받았다.",,,
살아 있는 화석 나무,"은행나무는 은행나무문에서 오늘날까지 살아남은 유일한 종으로, 학명은 Ginkgo biloba이다. 에오세에 번성했던 무리의 후손이어서 살아 있는 화석이라 불린다. 잎은 가운데가 갈라진 부채꼴 모양이다. 암나무와 수나무가 따로 있는 암수딴그루여서 씨앗은 암나무에만 열리며, 씨의 겉껍질에서 고약한 냄새가 난다. 씨에는 독성 물질도 들어 있다. 경기도 양평의 용문사 은행나무는 천연기념물 제30호로, 높이 약 38.8m, 둘레 약 11m에 이르러 국내 은행나무 가운데 가장 높다. 원산지는 중국, 한국, 일본 등 동아시아이다.","소나무는 한국을 대표하는 늘푸른 바늘잎나무로, 학명은 Pinus densiflora이다. 바늘잎이 두 개씩 한 묶음으로 난다. 높이는 20~35m까지 자라며, 줄기 윗부분의 껍질은 붉은 갈색이고 아래쪽은 회갈색을 띤다. 한국인이 가장 좋아하는 나무를 묻는 조사에서 꾸준히 첫손에 꼽히며, 애국가 가사에도 나온다. 천연기념물로 지정된 나무 가운데 소나무가 약 40건으로 가장 많은데, 보은 속리 정이품송(제103호)이 널리 알려져 있다. 금강송처럼 곧게 자란 좋은 목재는 예로부터 궁궐을 짓는 데 쓰였다. 근래에는 소나무재선충병이 큰 위협이 되고 있다.","느티나무는 느릅나무과의 갈잎큰키나무로, 학명은 Zelkova serrata이다. 높이 20~40m까지 자라고, 다 자란 줄기의 지름은 약 2m에 이른다. 나무껍질은 회백색이며 나이가 들수록 비늘처럼 벗겨진다. 잎은 길이 5~11cm의 달걀꼴이다. 꽃잎이 없는 초록색 꽃이 피고 바람이 꽃가루를 옮긴다. 가지가 넓게 퍼져 그늘이 넓으므로 예로부터 마을 어귀의 정자나무로 많이 심었고, 마을을 지키는 나무로 여겨지기도 했다. 목재는 가구와 목조 건축에 쓰이며, 오래된 나무 여러 그루가 천연기념물로 보호받는다.","주목은 늘푸른 바늘잎나무로, 학명은 Taxus cuspidata이다. 이름은 나무껍질과 속살이 붉은빛을 띠어 '붉은 나무'라는 뜻에서 왔다. 매우 느리게 자라고 오래 버텨 '살아 천년, 죽어 천년'이라는 말이 붙었다. 한국 곳곳에 자라지만 특히 해발 700m가 넘는 높은 산에 많아 설악산, 지리산, 제주도, 울릉도 등지에서 볼 수 있다. 8~9월에 익는 열매는 컵처럼 한쪽이 트인 붉은 헛씨껍질이 씨를 감싼 모양이다. 나무에는 탁신이라는 독성 물질이 있어 가축에게 해롭지만, 줄기에서는 항암제 원료인 택솔(파클리탁셀)을 얻는다. 높이는 20m 안팎까지 자란다."
님의 침묵을 쓴 시인의 호,"한용운은 1879년 충청남도 홍성에서 태어난 승려이자 시인, 독립운동가로, 호는 만해다. 1905년 설악산 백담사에서 출가했고, 『조선불교유신론』을 지어 불교의 개혁을 주장했다. 1919년 3·1 운동 때 민족 대표 33인 가운데 한 사람으로 참여해 옥고를 치렀다. 1926년 펴낸 시집 『님의 침묵』에는 떠나간 임을 기다리는 마음이 담겨 있다. 말년에는 서울 성북동의 심우장에 머물다 광복을 한 해 앞둔 1944년 세상을 떠났다.","김소월은 1902년 평안북도에서 태어난 시인으로, 본명은 김정식이다. 오산학교에 다니며 스승 김억을 만나 시를 배웠고, 1920년 문예지 『창조』에 시를 발표하며 문단에 나왔다. 생전에 낸 유일한 시집 『진달래꽃』은 1925년에 나왔다. 떠나는 임을 보내는 마음을 담은 「진달래꽃」을 비롯해 「엄마야 누나야」, 「산유화」 등 민요 가락을 살린 시가 많아 노래로도 널리 불린다. 1934년 서른두 살의 나이로 세상을 떠났다.","윤동주는 1917년 북간도 명동촌에서 태어난 시인이다. 서울의 연희전문학교를 1941년에 졸업하고 이듬해 일본으로 건너가 릿쿄 대학을 거쳐 교토의 도시샤 대학에서 공부했다. 1943년 독립운동을 했다는 혐의로 붙잡혀 2년 형을 받았고, 1945년 2월 16일 후쿠오카 형무소에서 광복을 여섯 달 앞두고 숨졌다. 「서시」, 「별 헤는 밤」, 「자화상」 등을 담은 유고 시집 『하늘과 바람과 별과 시』는 그가 세상을 떠난 뒤인 1948년에 나왔다.","이상은 1910년 서울에서 태어난 시인이자 소설가로, 본명은 김해경이다. 경성고등공업학교 건축과를 나와 조선총독부에서 건축 기술자로 일했다. 1934년 신문에 연작시 「오감도」를 싣기 시작했으나, 뜻을 알 수 없다는 독자들의 항의가 빗발쳐 연재가 도중에 멈췄다. 문학 모임 구인회에 참여했고, 다방 제비를 운영하기도 했다. 1936년 소설 「날개」를 발표했으며, 이듬해 도쿄에서 스물여섯의 나이로 숨졌다."
진경산수화를 개척한 화가의 호,"정선은 1676년에 태어난 조선 후기의 화가로, 호는 겸재다. 중국 그림을 본뜨던 관습에서 벗어나 금강산과 한양 주변 등 우리 땅의 실제 경치를 보고 그리는 진경산수화의 길을 열었다. 양천 현령 등의 벼슬을 지냈다. 1751년 일흔여섯의 나이에 비가 갠 뒤의 인왕산을 짙은 먹으로 그린 「인왕제색도」가 대표작이며, 금강산의 봉우리들을 한 화면에 둥글게 담은 「금강전도」도 이름났다. 두 그림 모두 국보로 지정되어 있다. 1759년 세상을 떠났다.","김홍도는 1745년에 태어난 조선 후기의 화가로, 호는 단원이다. 어려서 문인 화가 강세황에게 그림을 배웠고, 도화서 화원이 되어 영조와 정조의 초상을 그리는 일에 참여했다. 정조의 두터운 신임을 받아 궁중의 그림 일을 도맡았으며, 1791년부터 몇 해 동안 충청도 연풍의 현감을 지냈다. 씨름, 서당, 타작처럼 서민의 일상을 익살스럽게 담은 25점짜리 풍속화첩이 대표작으로, 국립중앙박물관에 있다.","신윤복은 1758년에 태어난 조선 후기의 풍속화가로, 호는 혜원이다. 아버지 신한평도 도화서 화원이었다. 양반과 기생의 풍류, 여인들의 모습을 섬세한 선과 산뜻한 색으로 즐겨 그렸다. 30점의 그림을 묶은 『혜원전신첩』은 간송미술관이 소장하며 국보로 지정되어 있는데, 개울가에서 머리를 감고 그네를 뛰는 여인들을 그린 「단오풍정」과 달밤의 남녀를 그린 「월하정인」이 여기에 들어 있다. 여인 한 사람을 단독으로 그린 「미인도」도 대표작이다.","장승업은 1843년에 태어난 조선 말기의 화가로, 호는 오원이다. 어려서 부모를 잃고 남의 집에 얹혀살며 그림을 익혔다고 전한다. 뛰어난 솜씨가 알려져 궁중에 불려 가 그림을 그렸고, 술을 무척 즐겨 그림과 술을 바꾸었다는 일화가 많다. 산수, 인물, 꽃과 새, 짐승 등 여러 소재를 호방하고 대담한 필치로 그렸으며, 매서운 매를 그린 「호취도」가 이름났다. 안견, 김홍도와 함께 조선의 3대 화가로 꼽히며 1897년 세상을 떠났다."
세포에서 ATP를 가장 많이 만드는 소기관,"미토콘드리아는 진핵세포 안에서 영양소에 저장된 에너지를 산화적 인산화 과정으로 ATP로 바꾸는 세포 소기관이다. 바깥막과 안쪽막의 이중막으로 싸여 있고, 안쪽막이 안으로 여러 겹 접혀 들어간 주름을 크리스타라 한다. 보통 길이 2~6μm, 지름 약 0.5μm 크기이며, 한 세포에 들어 있는 수는 세포 종류에 따라 다르다. 핵과 별도로 자기만의 DNA를 지니는데, 수정 뒤 정자의 미토콘드리아가 없어지므로 거의 어머니 쪽으로만 물려받는다. 약 20억 년 전 독립 생활을 하던 세균이 다른 세포 안에 들어가 함께 살게 된 데서 비롯했다는 세포 내 공생설로 그 기원을 설명한다.","세포 호흡은 포도당 같은 유기물을 분해해 생명 활동에 쓸 에너지를 ATP로 얻는 과정이다. 첫 단계인 해당 과정은 세포질에서 일어나 포도당을 둘로 쪼갠다. 이어지는 시트르산 회로는 미토콘드리아 기질에서, 마지막 산화적 인산화는 미토콘드리아 안쪽막에서 진행되며, 세포가 얻는 ATP의 대부분이 이 마지막 단계에서 나온다. 산소가 충분하면 포도당 한 분자에서 약 30~32개의 ATP를 얻고, 전자를 마지막으로 받은 산소는 물이 된다. 유기물이 완전히 분해되면 이산화탄소와 물이 남는다. 산소가 없을 때 일어나는 발효는 포도당 한 분자당 ATP를 2개밖에 만들지 못한다.","엽록체는 식물과 조류의 세포에서 광합성을 맡는 세포 소기관이다. 종자식물에서는 지름 약 5μm의 원반 모양이다. 안에는 납작한 막 주머니인 틸라코이드가 동전을 쌓은 듯 겹친 그라나가 있고, 그 둘레를 스트로마라는 액체가 채운다. 빛에너지를 받아들이는 반응은 틸라코이드 막에서 일어난다. 색소인 엽록소는 주로 파란빛과 붉은빛을 흡수하고 초록빛을 반사하므로 잎이 초록색으로 보인다. 스트로마에는 핵과 별개인 자체 DNA가 들어 있으며, 먼 옛날 남세균이 다른 세포 안에 들어와 공생하면서 생겨났다고 여겨진다. 광합성 외에 아미노산과 지질 합성에도 관여한다.","리보솜은 전령 RNA(mRNA)의 유전 정보를 읽어 아미노산을 차례로 이어 붙이며 단백질을 합성하는 세포 소기관이다. 약 65%가 리보솜 RNA이고 나머지 35%가 단백질이며, 큰 단위체와 작은 단위체 두 부분으로 이루어진다. 막으로 싸여 있지 않으며, 세포질에 떠 있거나 소포체 표면에 붙어 있다. 원핵세포의 리보솜은 70S(50S와 30S), 진핵세포의 리보솜은 80S(60S와 40S)로 크기가 다르다. 1950년대 중반 조지 에밀 펄레이드가 전자 현미경으로 처음 관찰했으며, 그는 1974년 노벨 생리학·의학상을 받았다. 2009년에는 리보솜의 구조와 기능을 밝힌 세 연구자가 노벨 화학상을 받았다."
범고래 수컷 등지느러미 높이,"범고래는 참돌고래과에서 가장 큰 종으로, 검은 등과 흰 가슴, 눈 뒤의 흰 무늬로 쉽게 알아볼 수 있다. 수컷은 몸길이 6~8m에 몸무게가 최대 7톤이고, 암컷은 5~7m에 3~4톤 정도이다. 수컷의 등지느러미는 높이가 1.8m에 이르기도 한다. 연어나 청어 같은 물고기뿐 아니라 물범, 바다사자, 다른 고래까지 사냥하는 바다의 최상위 포식자이다. 어미를 중심으로 한 안정된 무리를 이루어 산다. 극지방부터 열대까지 전 세계 바다에 분포하며, 암컷은 평균 50년, 수컷은 평균 30년쯤 산다.","대왕고래는 흰긴수염고래라고도 부르며, 지구 역사를 통틀어 가장 큰 동물이다. 몸길이는 최대 약 30m, 몸무게는 190톤 안팎에 이른다. 이빨 대신 입천장에 검은 수염판 270~400장이 늘어서 있어, 바닷물을 머금었다가 내보내며 걸러 낸 크릴을 주로 먹는다. 작은 물고기나 오징어, 해파리를 먹기도 한다. 수명은 80~90년 이상으로 알려져 있다. 무분별한 포경으로 수가 크게 줄어 1966년 국제 협약으로 상업 포경이 금지되었으며, 지금은 국제자연보전연맹(IUCN) 적색 목록의 위기종이다.","향고래는 이빨고래 가운데 가장 큰 종으로, 다 자란 수컷은 몸길이 16~21m, 암컷은 평균 11m쯤 된다. 뇌 무게가 약 7.8kg으로, 지금까지 알려진 동물 가운데 가장 무거운 뇌를 지녔다. 수심 2,250m 안팎까지 잠수할 수 있고 90분 넘게 물속에 머물기도 한다. 깊은 바다의 오징어와 대왕오징어를 주로 먹는다. 커다란 머리에는 기름과 밀랍이 섞인 경뇌유가 든 기관이 있어 소리를 내고 되울림으로 위치를 찾는 데 쓰인다. 허먼 멜빌의 소설 『모비 딕』에 나오는 흰 고래가 이 종이다.","상괭이는 한국 서해와 남해 연안에 사는 쇠돌고래과의 작은 고래로, 학명은 Neophocaena sunameri이다. 몸길이는 1.5~1.9m이고 몸빛은 회백색이다. 등지느러미가 없고, 그 자리에 높이 약 1cm의 낮은 융기가 있다. 입가가 올라간 모습이 웃는 얼굴처럼 보여 '웃는 돌고래'라는 별명이 붙었다. 수심 50m 이내의 얕은 바다와 해안 가까이에 살며, 멸치, 전갱이, 정어리, 오징어 등을 먹는다. 해마다 수백 마리가 그물에 걸려 죽는 혼획이 큰 위협이다. 2016년 해양 보호 생물로 지정되었고, IUCN 적색 목록에서는 위기종으로 분류된다."
강화 고인돌 세계 유산 등재 연도,"강화도는 면적 약 302.6km²로 한국에서 네 번째로 큰 섬이며, 인천광역시 강화군에 속한다. 경기만에 자리하며 1970년 강화대교가 놓이면서 김포와 다리로 이어졌다. 고려는 몽골이 침입하자 도읍을 이곳으로 옮겨 맞섰다. 섬에는 청동기 시대의 고인돌이 100기 넘게 남아 있어, 2000년 고창·화순의 고인돌과 함께 유네스코 세계 유산에 올랐다. 높이 469m인 마니산의 꼭대기에는 참성단이 있다. 1866년 병인양요와 1871년 신미양요 때 외국 군대와 전투가 벌어진 곳이기도 하다.","제주도는 면적 약 1,846km²로 한국에서 가장 큰 섬이다. 동서로 약 73km, 남북으로 약 31km 뻗어 있으며, 화산 활동으로 만들어졌다. 섬 곳곳에 오름이라 부르는 작은 화산체가 360개 넘게 흩어져 있고, 용암 동굴과 주상절리, 현무암 들판도 발달했다. 옛 이름은 탐라이다. 돌과 바람과 여자가 많다 하여 삼다도라고도 불린다. 겨울에도 기온이 영하로 떨어지는 일이 드물 만큼 따뜻하다. 2002년 생물권 보전 지역, 2007년 세계 자연 유산, 2010년 세계 지질 공원으로 유네스코의 인증을 차례로 받았다. 행정 구역은 제주시와 서귀포시 두 곳이다.","울릉도는 동해 가운데 솟은 화산섬으로, 면적은 약 72.86km²이고 경상북도 울릉군에 속한다. 가장 높은 봉우리인 성인봉은 높이 984m이다. 섬 북쪽의 나리분지는 화산 분화구가 꺼져 생긴 칼데라로, 섬에서 유일한 평지이다. 옛날에는 우산국이라는 작은 나라가 있었으나, 512년 신라의 이사부가 정벌해 신라에 복속시켰다. 포항에서 약 217km 떨어져 있으며, 인구는 약 9,000명이다. 오징어와 호박엿이 특산물로 이름나 있다.","거제도는 면적 약 382km²로 제주도 다음으로 큰 한국의 섬이며, 경상남도 거제시에 속한다. 1971년 거제대교가 놓여 뭍과 이어졌고, 1999년 신거제대교, 2010년 부산과 잇는 거가대교가 차례로 개통했다. 1970~1980년대 대형 조선소가 들어서면서 조선업과 수산업이 크게 발달했다. 6·25 전쟁 때에는 국제 연합군의 포로수용소가 있었고, 임진왜란 때에는 주변 바다에서 큰 해전이 벌어졌다. 들쭉날쭉한 해안선의 길이가 약 443.8km에 이르며, 해금강과 외도가 이름난 관광지이다. 1995년 장승포시와 거제군이 합쳐 거제시가 되었다."
천연기념물로 가장 많이 지정된 나무 종류,"소나무는 한국을 대표하는 늘푸른 바늘잎나무로, 학명은 Pinus densiflora이다. 바늘잎이 두 개씩 한 묶음으로 난다. 높이는 20~35m까지 자라며, 줄기 윗부분의 껍질은 붉은 갈색이고 아래쪽은 회갈색을 띤다. 한국인이 가장 좋아하는 나무를 묻는 조사에서 꾸준히 첫손에 꼽히며, 애국가 가사에도 나온다. 천연기념물로 지정된 나무 가운데 소나무가 약 40건으로 가장 많은데, 보은 속리 정이품송(제103호)이 널리 알려져 있다. 금강송처럼 곧게 자란 좋은 목재는 예로부터 궁궐을 짓는 데 쓰였다. 근래에는 소나무재선충병이 큰 위협이 되고 있다.","1908년 하계 올림픽은 영국 런던에서 열렸다. 본래 이탈리아 로마가 개최할 예정이었으나 1906년 베수비오 화산이 분화하자 이탈리아가 복구에 힘을 쏟으려고 개최를 포기했다. 4월 27일부터 10월 31일까지 187일 동안 이어져 가장 오래 열린 하계 올림픽으로 남았고, 22개 나라에서 약 2,000명이 참가했다. 주 경기장은 새로 지은 화이트 시티 스타디움이었다. 마라톤 출발점을 윈저성으로 옮기고 결승선을 왕실 관람석 앞에 맞추면서, 오늘날의 마라톤 거리 42.195km가 이 대회에서 정해졌다.","흥보가는 박타령이라고도 부르는 판소리로, 마음씨 착한 동생 흥보와 욕심 많은 형 놀보의 이야기를 담았다. 가난한 흥보가 다리가 부러진 제비를 정성껏 고쳐 주자, 제비가 이듬해 박씨 하나를 물어다 준다. 그 씨앗에서 자란 박을 타자 금은보화가 쏟아져 흥보는 큰 부자가 된다. 이를 샘낸 놀보는 일부러 제비 다리를 부러뜨렸다가 박에서 나온 온갖 재앙을 만난다. 익살스러운 대목이 많고 민요 가락을 많이 끌어들인 점이 특징이다.","프란츠 슈베르트는 1797년 빈에서 태어난 작곡가로, 600곡이 넘는 가곡을 지어 '가곡의 왕'으로 불린다. 괴테의 시에 곡을 붙인 「마왕」과 「들장미」, 물고기를 노래한 「송어」가 널리 알려져 있다. 1823년 연가곡 「아름다운 물방앗간 아가씨」를, 1827년 「겨울 나그네」를 썼다. 두 악장만 완성된 교향곡은 「미완성」이라는 이름으로 불린다. 서른한 살이던 1828년 세상을 떠났으며, 생전에 우러르던 베토벤 가까이에 묻혔다."
화성 표면이 붉은색을 띠는 까닭,"화성은 태양에서 네 번째 행성으로, 표면을 덮은 산화철 먼지 때문에 붉게 보인다. 하루의 길이는 24시간 37분 22초로 지구와 비슷하지만, 태양을 한 바퀴 도는 데는 약 687일이 걸린다. 대기는 매우 얇고 약 96%가 이산화탄소이다. 태양계에서 가장 높은 화산인 올림푸스 산과, 길이 약 4,000km에 깊이가 최대 7km인 매리너스 협곡이 있다. 위성은 포보스와 데이모스 두 개이며, 1877년 아사프 홀이 발견했다. 2021년 2월에는 탐사 로버 퍼서비어런스가 표면에 내려앉았다.","화성은 태양에서 네 번째 행성으로, 표면을 덮은 산화철 먼지 때문에 붉게 보인다. 하루의 길이는 24시간 37분 22초로 지구와 비슷하지만, 태양을 한 바퀴 도는 데는 약 687일이 걸린다. 대기는 매우 얇고 약 96%가 이산화탄소이다. 태양계에서 가장 높은 화산인 올림푸스 산과, 길이 약 4,000km에 깊이가 최대 7km인 매리너스 협곡이 있다. 위성은 포보스와 데이모스 두 개이며, 1877년 아사프 홀이 발견했다. 2021년 2월에는 탐사 로버 퍼서비어런스가 표면에 내려앉았다.","금성은 태양에서 두 번째로 가까운 행성으로, 크기와 화학 조성이 지구와 비슷해 지구의 자매 행성이라 불린다. 질량은 지구의 약 81.5%이다. 지구와 반대로 동쪽에서 서쪽으로 자전하며, 한 번 자전하는 데 약 243일이 걸려 공전 주기인 224.7일보다 오히려 길다. 대기는 대부분 이산화탄소이고 표면 기압은 지구의 약 95배에 이른다. 두꺼운 대기가 열을 가두는 탓에 표면 온도가 약 460°C까지 올라간다. 하늘을 덮은 구름은 주로 황산 방울로 이루어져 있다. 1960~1970년대 소련의 베네라 계획 탐사선들이 표면에 내려앉아 자료를 보냈다.","목성은 태양계에서 가장 큰 행성으로, 적도 지름이 약 139,822km이다. 질량은 나머지 행성을 모두 합한 것의 약 2.5배에 이른다. 자전이 매우 빨라 하루가 약 10시간이고, 태양을 한 바퀴 도는 데는 약 11.86년이 걸린다. 표면에 보이는 대적점은 거대한 고기압성 폭풍으로, 1665년 무렵부터 관측된 것으로 알려져 있다. 1610년 갈릴레오 갈릴레이가 이오, 유로파, 가니메데, 칼리스토 네 위성을 찾아냈으며, 이들을 갈릴레이 위성이라 부른다. 탐사선 주노는 2016년 7월 목성 궤도에 도착했다."
제임스 웹 망원경은 우주 어디에 떠 있나,"제임스 웹 우주 망원경은 2021년 12월 25일 프랑스령 기아나의 기아나 우주 센터에서 아리안 5호 로켓에 실려 발사되었다. 미국 항공우주국(NASA), 유럽 우주국(ESA), 캐나다 우주국(CSA)이 함께 만들었다. 주거울은 금으로 코팅한 베릴륨 육각형 조각 18개를 이어 붙인 것으로, 지름이 6.5m이다. 주로 파장 약 0.6~28.3μm의 적외선을 관측하며, 여러 겹의 차양막이 햇빛을 가려 장비를 50K 아래로 차갑게 유지한다. 지구에서 약 150만 km 떨어진 태양-지구 라그랑주점 L2 부근에 머물며, 첫 공식 영상은 2022년에 공개되었다.","허블 우주 망원경은 1990년 4월 24일 우주왕복선 디스커버리호(STS-31)에 실려 발사되었다. 이름은 우주가 팽창한다는 사실을 밝힌 천문학자 에드윈 허블에게서 따왔다. 주거울 지름은 2.4m이며 지상 약 540km 높이의 궤도를 돈다. 발사 직후 주거울 가장자리가 설계보다 약 2,200nm 평평하게 깎인 구면 수차가 드러나 초기 영상이 흐릿했다. 1993년 12월 첫 수리 임무(STS-61)에서 우주비행사들이 보정 장치를 달아 이 결함을 바로잡았다.","찬드라 엑스선 관측선은 1999년 7월 23일 우주왕복선 컬럼비아호(STS-93)에 실려 궤도에 올랐다. 지구 대기가 우주에서 오는 엑스선을 대부분 막아 땅 위에서는 관측이 어렵기 때문에 우주에 띄운 것이다. 약 0.1~10keV 에너지 범위의 엑스선을 관측한다. 이름은 백색왜성이 가질 수 있는 질량의 한계를 밝힌 인도계 미국 물리학자 수브라마니안 찬드라세카르에게서 따왔다. 미국 항공우주국의 대형 관측선 계획에서 허블 우주 망원경, 콤프턴 감마선 관측선에 이어 세 번째로 발사되었다. 지구를 한 바퀴 도는 데 약 64.2시간이 걸린다.",
타이탄 대기는 어떤 기체로 되어 있나,"토성은 태양에서 여섯 번째 행성이자 목성 다음으로 큰 행성으로, 적도 지름이 약 120,536km로 지구의 9.4배쯤 된다. 평균 밀도가 약 0.69g/cm³로 물보다 낮아 태양계 행성 가운데 밀도가 가장 작다. 뚜렷한 고리는 대부분 얼음 알갱이로 이루어져 있으며, 알갱이 크기는 작은 입자부터 큰 덩어리까지 다양하다. 가장 큰 위성 타이탄은 지름이 약 5,150km이고 질소와 메테인으로 된 짙은 대기를 지녔다. 태양을 한 바퀴 도는 데 약 29.5년이 걸린다. 카시니-하위헌스 탐사선은 2004년부터 토성을 돌며 관측했다.","천왕성은 1781년 3월 13일 윌리엄 허셜이 발견한 행성으로, 망원경으로 찾아낸 첫 행성이다. 자전축이 약 98도 기울어져 있어 거의 옆으로 누운 채 태양을 돈다. 공전 주기는 약 84년이다. 대기의 메테인이 붉은빛을 흡수하고 푸른빛을 되돌려 보내 청록색으로 보인다. 행성 대기 가운데 가장 추워 최저 기온이 약 49K(-224°C)까지 내려간다. 고리는 1977년에 발견되었고 지금까지 13개가 알려져 있다. 1986년 1월 24일 보이저 2호가 약 81,500km 거리까지 다가가 관측했다.","해왕성은 태양에서 가장 먼 행성으로, 태양과의 평균 거리가 약 30.1AU이다. 맨눈으로 보이지 않아 관측보다 수학 계산으로 먼저 위치가 예측되었다. 위르뱅 르베리에가 계산한 자리를 바탕으로 1846년 9월 23일 요한 고트프리트 갈레가 망원경으로 찾아냈다. 공전 주기는 약 164.8년이다. 대기에서는 초속 600m 가까운 바람이 분다. 가장 큰 위성 트리톤은 행성의 자전과 반대 방향으로 공전한다. 1989년 8월 보이저 2호가 근접 통과하며 대흑점을 발견했는데, 이 폭풍은 1994년 관측에서 사라져 있었다.",
제임스 웹 주거울 지름과 조각 수,"제임스 웹 우주 망원경은 2021년 12월 25일 프랑스령 기아나의 기아나 우주 센터에서 아리안 5호 로켓에 실려 발사되었다. 미국 항공우주국(NASA), 유럽 우주국(ESA), 캐나다 우주국(CSA)이 함께 만들었다. 주거울은 금으로 코팅한 베릴륨 육각형 조각 18개를 이어 붙인 것으로, 지름이 6.5m이다. 주로 파장 약 0.6~28.3μm의 적외선을 관측하며, 여러 겹의 차양막이 햇빛을 가려 장비를 50K 아래로 차갑게 유지한다. 지구에서 약 150만 km 떨어진 태양-지구 라그랑주점 L2 부근에 머물며, 첫 공식 영상은 2022년에 공개되었다.","허블 우주 망원경은 1990년 4월 24일 우주왕복선 디스커버리호(STS-31)에 실려 발사되었다. 이름은 우주가 팽창한다는 사실을 밝힌 천문학자 에드윈 허블에게서 따왔다. 주거울 지름은 2.4m이며 지상 약 540km 높이의 궤도를 돈다. 발사 직후 주거울 가장자리가 설계보다 약 2,200nm 평평하게 깎인 구면 수차가 드러나 초기 영상이 흐릿했다. 1993년 12월 첫 수리 임무(STS-61)에서 우주비행사들이 보정 장치를 달아 이 결함을 바로잡았다.","케플러 우주 망원경은 지구와 비슷한 외계 행성을 찾으려고 2009년 3월 7일 발사된 미국 항공우주국의 망원경이다. 행성이 별 앞을 지나갈 때 별빛이 살짝 어두워지는 순간을 잡아내는 방식으로 행성을 찾았다. 주로 백조자리 방향에 있는 별 10만 개 이상을 한꺼번에 지켜보았다. 이름은 행성 운동 법칙을 세운 독일 천문학자 요하네스 케플러에게서 왔다. 자세를 잡아 주는 반작용 휠이 고장 난 뒤에는 K2라는 새 임무로 바꾸어 관측을 이어 갔으며, 2018년 10월 30일 은퇴가 발표되었다.","찬드라 엑스선 관측선은 1999년 7월 23일 우주왕복선 컬럼비아호(STS-93)에 실려 궤도에 올랐다. 지구 대기가 우주에서 오는 엑스선을 대부분 막아 땅 위에서는 관측이 어렵기 때문에 우주에 띄운 것이다. 약 0.1~10keV 에너지 범위의 엑스선을 관측한다. 이름은 백색왜성이 가질 수 있는 질량의 한계를 밝힌 인도계 미국 물리학자 수브라마니안 찬드라세카르에게서 따왔다. 미국 항공우주국의 대형 관측선 계획에서 허블 우주 망원경, 콤프턴 감마선 관측선에 이어 세 번째로 발사되었다. 지구를 한 바퀴 도는 데 약 64.2시간이 걸린다."
입춘대길 붙이는 절기는 양력 며칠쯤,"입춘은 24절기의 첫째로, 봄이 시작된다는 날이다. 태양이 황경 315도에 이를 때이며, 양력으로는 대개 2월 4일 무렵이다. 절기 차례로는 대한과 우수 사이에 든다. 이날 집집마다 대문이나 기둥에 '입춘대길' 같은 글귀를 써 붙여 한 해의 복을 빌었다. 농가에서는 보리 뿌리를 뽑아 보고 그해 농사를 점치기도 했다. 다만 실제 기온으로 따지는 기상학적 봄은 우리나라에서 대개 3월에 시작된다.","1950년 FIFA 월드컵은 제2차 세계 대전으로 중단되었다가 12년 만에 브라질에서 열린 대회다. 6월 24일부터 7월 16일까지 13개 나라가 참가했으며, 처음 출전한 잉글랜드가 미국에 0 대 1로 진 일이 큰 화제가 되었다. 결승전 없이 네 팀이 겨루는 결승 리그로 우승을 가렸는데, 마지막 경기에서 우루과이가 브라질을 2 대 1로 꺾고 정상에 올랐다. 20만 명 가까운 관중 앞에서 개최국이 진 이 경기는 마라카낭의 비극이라 불린다.","대류권은 지표면에서 시작하는 대기의 가장 아래층이다. 두께는 위도에 따라 달라 평균 약 11km이고, 열대 지방에서는 16~18km까지 올라가며 극지방에서는 10km가 안 되기도 한다. 높이 1km마다 기온이 약 6.4°C씩 내려가므로 데워진 공기가 위아래로 섞이는 대류가 활발하다. 전체 대기 질량의 약 75~90%가 이 층에 모여 있고 수증기도 대부분 여기에 있어, 구름과 비, 눈 같은 날씨 변화가 거의 모두 이 층에서 일어난다. 위쪽 경계인 대류권계면의 기온은 중위도에서 약 -52°C이다.","설날은 음력 1월 1일로, 한 해를 여는 명절이다. 아침에 조상에게 차례를 지내고 웃어른께 세배를 드리며, 새로 장만한 설빔을 입는다. 흰 떡을 썰어 끓인 떡국을 먹는데, 떡국을 먹어야 나이를 한 살 더 먹는다는 말이 있다. 한동안 양력설만 공식 명절로 대접받다가 1985년 '민속의 날'이라는 이름으로 하루 공휴일이 되었다. 1989년에 설날이라는 이름을 되찾으면서 전날과 다음 날을 더한 사흘 연휴가 되었다."
열화상 카메라가 감지하는 빛,"적외선은 가시광선의 빨간빛보다 파장이 길고 마이크로파보다는 짧은 전자기파로, 대략 780nm에서 1mm 사이에 해당한다. 1800년 천문학자 윌리엄 허셜이 프리즘으로 나눈 햇빛에 온도계를 대 보다가, 빨간색 바깥의 보이지 않는 곳에서 온도가 오르는 것을 보고 발견했다. 실온 근처 물체가 내는 열복사가 주로 이 영역에 있으며, 체온의 사람 몸은 파장 약 10μm의 빛을 가장 많이 낸다. 이런 성질을 이용해 열화상 카메라와 야간 투시경이 온도 차를 영상으로 보여 준다. 가전제품 리모컨의 신호에도 쓰인다.","툰드라는 여름이 짧고 추워 나무가 자라지 못하는 땅으로, 이름은 나무 없는 고지를 뜻하는 사미어에서 왔다. 땅속에는 일 년 내내 녹지 않는 영구 동토층이 있고 강수량이 적다. 가장 따뜻한 달의 평균 기온이 10°C보다 낮은 곳을 가리키며, 위도가 높은 곳뿐 아니라 높은 산 위에도 고산 툰드라가 나타난다. 짧은 여름에는 겉흙만 녹아 이끼, 지의류, 사초, 키 작은 관목이 자란다. 시베리아, 캐나다, 알래스카, 그린란드, 스칸디나비아 북부 등 약 1,160만 km²를 차지하며, 지구 온난화로 영구 동토가 녹으면서 면적이 줄고 있다.","토성은 태양에서 여섯 번째 행성이자 목성 다음으로 큰 행성으로, 적도 지름이 약 120,536km로 지구의 9.4배쯤 된다. 평균 밀도가 약 0.69g/cm³로 물보다 낮아 태양계 행성 가운데 밀도가 가장 작다. 뚜렷한 고리는 대부분 얼음 알갱이로 이루어져 있으며, 알갱이 크기는 작은 입자부터 큰 덩어리까지 다양하다. 가장 큰 위성 타이탄은 지름이 약 5,150km이고 질소와 메테인으로 된 짙은 대기를 지녔다. 태양을 한 바퀴 도는 데 약 29.5년이 걸린다. 카시니-하위헌스 탐사선은 2004년부터 토성을 돌며 관측했다.","홍차는 찻잎을 충분히 산화시켜 만든 차로, 우려낸 찻물이 붉어서 동아시아에서는 홍차라 부르고, 서양에서는 마른 잎의 검은 빛깔을 따라 블랙 티라고 한다. 딴 잎을 시들게 하는 위조, 비벼서 세포를 깨뜨리는 유념, 산화, 건조의 과정을 거쳐 만든다. 인도의 다르질링과 아삼, 스리랑카의 실론, 중국의 기문 등이 이름난 산지다. 세계에서 생산되는 차 가운데 가장 큰 비중을 차지하며, 서양의 차 시장에서 특히 많이 소비된다."
케플러 망원경의 외계 행성 탐색 방법,"케플러 우주 망원경은 지구와 비슷한 외계 행성을 찾으려고 2009년 3월 7일 발사된 미국 항공우주국의 망원경이다. 행성이 별 앞을 지나갈 때 별빛이 살짝 어두워지는 순간을 잡아내는 방식으로 행성을 찾았다. 주로 백조자리 방향에 있는 별 10만 개 이상을 한꺼번에 지켜보았다. 이름은 행성 운동 법칙을 세운 독일 천문학자 요하네스 케플러에게서 왔다. 자세를 잡아 주는 반작용 휠이 고장 난 뒤에는 K2라는 새 임무로 바꾸어 관측을 이어 갔으며, 2018년 10월 30일 은퇴가 발표되었다.","허블 우주 망원경은 1990년 4월 24일 우주왕복선 디스커버리호(STS-31)에 실려 발사되었다. 이름은 우주가 팽창한다는 사실을 밝힌 천문학자 에드윈 허블에게서 따왔다. 주거울 지름은 2.4m이며 지상 약 540km 높이의 궤도를 돈다. 발사 직후 주거울 가장자리가 설계보다 약 2,200nm 평평하게 깎인 구면 수차가 드러나 초기 영상이 흐릿했다. 1993년 12월 첫 수리 임무(STS-61)에서 우주비행사들이 보정 장치를 달아 이 결함을 바로잡았다.","제임스 웹 우주 망원경은 2021년 12월 25일 프랑스령 기아나의 기아나 우주 센터에서 아리안 5호 로켓에 실려 발사되었다. 미국 항공우주국(NASA), 유럽 우주국(ESA), 캐나다 우주국(CSA)이 함께 만들었다. 주거울은 금으로 코팅한 베릴륨 육각형 조각 18개를 이어 붙인 것으로, 지름이 6.5m이다. 주로 파장 약 0.6~28.3μm의 적외선을 관측하며, 여러 겹의 차양막이 햇빛을 가려 장비를 50K 아래로 차갑게 유지한다. 지구에서 약 150만 km 떨어진 태양-지구 라그랑주점 L2 부근에 머물며, 첫 공식 영상은 2022년에 공개되었다.","찬드라 엑스선 관측선은 1999년 7월 23일 우주왕복선 컬럼비아호(STS-93)에 실려 궤도에 올랐다. 지구 대기가 우주에서 오는 엑스선을 대부분 막아 땅 위에서는 관측이 어렵기 때문에 우주에 띄운 것이다. 약 0.1~10keV 에너지 범위의 엑스선을 관측한다. 이름은 백색왜성이 가질 수 있는 질량의 한계를 밝힌 인도계 미국 물리학자 수브라마니안 찬드라세카르에게서 따왔다. 미국 항공우주국의 대형 관측선 계획에서 허블 우주 망원경, 콤프턴 감마선 관측선에 이어 세 번째로 발사되었다. 지구를 한 바퀴 도는 데 약 64.2시간이 걸린다."
임진왜란 뒤 경복궁을 다시 지은 시기,"경복궁은 조선이 한양으로 도읍을 옮긴 뒤 처음 세운 법궁으로, 태조 4년인 1395년에 완공되었다. 궁의 이름은 정도전이 『시경』의 한 구절에서 골라 지었는데, 새 왕조가 큰 복을 누리라는 바람이 담겨 있다. 임금의 즉위식과 조회는 정전인 근정전에서 열렸고, 연못 위에 세운 경회루는 외국 사신을 맞는 잔치 장소로 쓰였다. 1592년 임진왜란 때 불탄 뒤 오래 빈터로 남아 있다가, 흥선대원군이 주도해 1865년부터 1868년까지 다시 지었다.",,,
아우내 장터 만세 시위를 이끈 여학생,"유관순은 1902년 충청남도 천안에서 태어난 독립운동가다. 서울 이화학당에 다니던 중 1919년 3·1 운동에 참여했고, 학교가 문을 닫자 고향으로 내려가 만세 시위를 준비했다. 양력 4월 1일 아우내 장터에서 많은 사람들과 함께 독립 만세를 외쳤는데, 이날 일본 헌병의 총격으로 부모를 모두 잃었다. 붙잡혀 서대문 감옥에 갇힌 뒤에도 만세를 부르다 모진 고문을 당했고, 1920년 9월 28일 열일곱 살의 나이로 옥중에서 숨졌다.","안중근은 1879년 황해도 해주에서 태어난 독립운동가로, 천주교 세례명은 토마스다. 교육으로 나라의 힘을 기르려고 삼흥학교를 세웠고, 1907년 나라 밖으로 나가 의병 활동에 뛰어들었다. 1909년 동지 11명과 함께 왼손 약지를 끊어 독립을 향한 뜻을 맹세했다. 같은 해 10월 26일 하얼빈역에서 한국 통감을 지낸 이토 히로부미를 저격했다. 뤼순 감옥에 갇혀 『동양평화론』을 쓰다가 1910년 3월 26일 사형되었다.","윤봉길은 1908년 충청남도 예산에서 태어난 독립운동가로, 호는 매헌이다. 고향에서 야학을 열어 농촌 계몽에 힘쓰다가 중국으로 건너가 김구가 이끄는 한인애국단에 들어갔다. 1932년 4월 29일 상하이 훙커우 공원에서 열린 일본군의 전승 축하 행사장에 물통 모양 폭탄을 던져, 상하이 파견군 사령관 시라카와 요시노리 등이 숨지고 여러 고관이 다쳤다. 현장에서 붙잡힌 뒤 일본 가나자와로 끌려가 그해 12월 19일 총살되었다.","이봉창은 1900년 서울 용산에서 태어난 독립운동가다. 일본에서 일하며 차별을 겪은 뒤 상하이로 건너가 한인애국단에 가입했다. 1932년 1월 8일 도쿄 사쿠라다몬 부근에서 관병식을 마치고 돌아가던 일왕 히로히토의 행렬을 향해 수류탄을 던졌다. 목표를 이루지는 못했으나 이 일은 한국 독립운동의 뜻을 널리 알리는 계기가 되었다. 그해 10월 10일 도쿄의 이치가야 형무소에서 사형되었고, 광복 뒤인 1946년 유해가 돌아와 효창공원에 묻혔다."
후지산이 마지막으로 분화한 해,"후지산은 일본 혼슈 중부의 시즈오카현과 야마나시현 경계에 솟은 산으로, 높이 3,776m로 일본에서 가장 높다. 수만 년 동안 분화가 거듭되며 쌓인 성층 화산이다. 마지막 분화는 1707년의 호에이 대분화이다. 기슭에는 후지 5호라 불리는 호수들이 있고, 맑은 날에는 도쿄에서도 보인다. 예로부터 신앙의 대상이자 예술의 소재였으며, 2013년 '후지산, 신앙의 대상이자 예술의 원천'이라는 이름으로 유네스코 세계 문화유산에 올랐다. 일반 등산은 주로 7~8월에 할 수 있다.","베수비오산은 이탈리아 캄파니아주 나폴리에서 약 6km 떨어진 성층 화산으로, 주봉의 높이는 1,281m이다. 서기 79년의 대분화로 로마 도시 폼페이와 헤르쿨라네움이 화산재와 부석에 묻혔는데, 소 플리니우스가 이 광경을 글로 남겼다. 이처럼 화산재와 가스를 높이 뿜어 올리는 격렬한 분화를 그의 이름을 따 플리니식 분화라 한다. 마지막 분화는 1944년이며 그 뒤로는 잠잠하지만 여전히 활화산으로 분류된다. 20세기에 유럽 본토에서 분화한 유일한 화산이다. 주변에 약 300만 명이 살아 세계에서 가장 위험한 화산 가운데 하나로 꼽힌다.","킬라우에아산은 미국 하와이주 하와이섬에 있는 순상 화산으로, 높이는 약 1,222m이다. 세계에서 가장 활발하게 분화하는 화산으로 꼽힌다. 1983년 시작된 분화가 오랫동안 이어지며 푸우오오 분화구를 만들고 넓은 용암 대지를 쌓았다. 2018년에는 규모 6.9의 지진과 함께 큰 분화가 일어나 주민 약 2,000명이 대피했다. 정상부의 할레마우마우 분화구는 하와이 전설 속 불의 여신 펠레가 사는 곳으로 전해진다. 폭발보다는 용암이 분수처럼 솟고 흘러내리는 하와이식 분화를 하며, 이웃한 마우나로아산과 함께 하와이 화산 국립공원에 속한다.","에트나산은 이탈리아 시칠리아섬 동부, 메시나와 카타니아 사이에 있는 성층 화산으로, 높이는 약 3,350m이다. 유럽에서 가장 높은 활화산이며, 알프스 남쪽 이탈리아에서도 가장 높은 산이다. 지금도 분화가 잦아 2020년 12월에는 용암이 100m 넘게 솟구치고 화산재가 상공 5km까지 올라갔다. 2013년 유네스코 세계 자연 유산으로 지정되었다. 그리스 신화에서는 제우스가 괴물 티폰을 이 산 밑에 가두었다고 하며, 대장장이 신 헤파이스토스의 대장간이 산속 깊은 곳에 있다고도 전한다."
극지방 빼고 가장 건조한 사막,"아타카마 사막은 남아메리카 태평양 연안, 칠레 북부를 중심으로 길이 약 1,600km, 평균 너비 약 100km로 길게 뻗은 사막이다. 면적은 약 105,000km²이다. 극지방을 빼면 지구에서 가장 메마른 곳으로 꼽히며, 미국 데스밸리보다 50배나 건조하다고 한다. 차가운 훔볼트 해류가 공기를 식히고 안데스산맥이 비구름을 막는 비그늘을 만들어, 약 2천만 년 동안 가뭄이 이어져 왔다. 19세기에는 초석, 그 뒤로는 구리를 캐는 광산이 발달했다. 맑고 건조한 하늘 덕분에 알마(ALMA) 같은 천문 관측 시설이 들어섰다. 드물게 비가 내리면 메마른 땅 위로 들꽃이 한꺼번에 피어난다.",,,
첫 근대 올림픽 참가국 수와 선수 수,"1896년 하계 올림픽은 4월 6일부터 15일까지 그리스 아테네에서 열린 첫 근대 올림픽이다. 14개 나라에서 남자 선수 241명이 참가해 9개 종목 43개 세부 경기를 치렀으며, 여자 선수는 나오지 않았다. 옛 경기장을 되살린 파나티나이코 경기장이 주 무대였다. 1위에게는 금메달이 아니라 은메달과 올리브 가지 관을 주었다. 그리스의 스피리돈 루이스가 마라톤에서 우승해 국민 영웅이 되었다. 예산이 모자라 수영 경기는 바다에서 치렀다.","1900년 하계 올림픽은 프랑스 파리에서 열린 두 번째 근대 올림픽으로, 같은 해 파리 만국 박람회의 일부로 치러졌다. 5월 14일부터 10월 28일까지 다섯 달 넘게 이어졌고, 따로 개회식과 폐회식을 열지 않았다. 24개 나라에서 997명이 참가했는데 그 가운데 프랑스 선수가 720명이었다. 이 대회에서 처음으로 여자 선수가 출전했으며, 영국의 샬럿 쿠퍼가 테니스 단식에서 우승해 첫 여성 올림픽 챔피언이 되었다. 축구도 이때 처음 올림픽 종목이 되었다.","1904년 하계 올림픽은 미국 미주리주 세인트루이스에서 열렸다. 유럽 밖에서 열린 첫 올림픽이자 미국에서 열린 첫 올림픽이다. 루이지애나 매입을 기념하는 박람회와 함께 7월 1일부터 11월 23일까지 다섯 달 가까이 이어졌다. 먼 거리 탓에 12개 나라만 참가했고, 선수 651명 대부분이 미국인이었다. 이 대회부터 1위, 2위, 3위에게 금메달, 은메달, 동메달을 나누어 주었으며, 권투와 10종 경기가 처음 열렸다.","1908년 하계 올림픽은 영국 런던에서 열렸다. 본래 이탈리아 로마가 개최할 예정이었으나 1906년 베수비오 화산이 분화하자 이탈리아가 복구에 힘을 쏟으려고 개최를 포기했다. 4월 27일부터 10월 31일까지 187일 동안 이어져 가장 오래 열린 하계 올림픽으로 남았고, 22개 나라에서 약 2,000명이 참가했다. 주 경기장은 새로 지은 화이트 시티 스타디움이었다. 마라톤 출발점을 윈저성으로 옮기고 결승선을 왕실 관람석 앞에 맞추면서, 오늘날의 마라톤 거리 42.195km가 이 대회에서 정해졌다."
송이영 혼천시계 소장처,"혼천의는 해와 달, 다섯 행성의 위치를 재던 천체 관측 기구로, 여러 겹의 둥근 고리로 적도와 황도 같은 하늘의 기준선을 나타낸다. 조선에서는 세종 때인 1433년 정초, 박연, 김진 등이 처음 만들었다. 1669년 현종 때 송이영은 추의 무게로 움직이는 시계 장치에 혼천의를 이어 붙인 혼천시계를 만들었는데, 가운데에는 작은 지구의가 들어 있다. 이 혼천시계는 고려대학교박물관이 소장하고 있으며 국보로 지정되어 있다.","측우기는 내린 비의 양을 재던 조선의 기구로, 세종 23년인 1441년에 처음 만들어졌다. 당시 세자였던 문종이 고안을 이끈 것으로 전하며, 이후 같은 규격의 기구를 각 고을에 나누어 비의 양을 보고하게 했다. 원통은 깊이가 약 32cm, 지름이 약 15cm였고, 돌로 깎은 받침대인 측우대 위에 올려 썼다. 유럽의 우량계보다 약 200년 앞선 것으로 평가된다. 지금 남아 있는 것은 1837년 공주의 충청감영에 두었던 금영측우기로, 국보로 지정되어 있다.","자격루는 흐르는 물의 힘으로 정해진 시각을 스스로 알리던 조선의 물시계다. 세종 16년인 1434년 장영실과 김조 등이 만들어 경회루 남쪽의 보루각에 설치했다. 위쪽 항아리에서 흘러내린 물이 아래 통에 차오르면 떠오르는 막대가 쇠구슬을 굴렸고, 이 구슬이 장치를 건드려 인형이 종과 북, 징을 울렸다. 지금 전하는 것은 1536년 중종 때 다시 만든 것의 일부인 청동 물항아리들로, 국립고궁박물관에 있으며 국보로 지정되어 있다.","앙부일구는 하늘을 향해 솥을 뒤집어 놓은 듯한 오목한 반구 모양의 해시계다. 세종 때 처음 만들어 한양의 혜정교와 종묘 앞에 두고 길 가는 백성도 시각을 볼 수 있게 했다. 안쪽에 비스듬히 세운 바늘의 그림자가 떨어지는 자리로 하루의 시각은 물론 24절기까지 읽을 수 있었다. 처음 만든 것들은 임진왜란 때 모두 사라졌고, 지금 남은 것은 조선 후기에 다시 만든 것들로 보물로 지정되어 있다."
해왕성은 어떤 과정을 거쳐 발견됐을까,"해왕성은 태양에서 가장 먼 행성으로, 태양과의 평균 거리가 약 30.1AU이다. 맨눈으로 보이지 않아 관측보다 수학 계산으로 먼저 위치가 예측되었다. 위르뱅 르베리에가 계산한 자리를 바탕으로 1846년 9월 23일 요한 고트프리트 갈레가 망원경으로 찾아냈다. 공전 주기는 약 164.8년이다. 대기에서는 초속 600m 가까운 바람이 분다. 가장 큰 위성 트리톤은 행성의 자전과 반대 방향으로 공전한다. 1989년 8월 보이저 2호가 근접 통과하며 대흑점을 발견했는데, 이 폭풍은 1994년 관측에서 사라져 있었다.","토성은 태양에서 여섯 번째 행성이자 목성 다음으로 큰 행성으로, 적도 지름이 약 120,536km로 지구의 9.4배쯤 된다. 평균 밀도가 약 0.69g/cm³로 물보다 낮아 태양계 행성 가운데 밀도가 가장 작다. 뚜렷한 고리는 대부분 얼음 알갱이로 이루어져 있으며, 알갱이 크기는 작은 입자부터 큰 덩어리까지 다양하다. 가장 큰 위성 타이탄은 지름이 약 5,150km이고 질소와 메테인으로 된 짙은 대기를 지녔다. 태양을 한 바퀴 도는 데 약 29.5년이 걸린다. 카시니-하위헌스 탐사선은 2004년부터 토성을 돌며 관측했다.","천왕성은 1781년 3월 13일 윌리엄 허셜이 발견한 행성으로, 망원경으로 찾아낸 첫 행성이다. 자전축이 약 98도 기울어져 있어 거의 옆으로 누운 채 태양을 돈다. 공전 주기는 약 84년이다. 대기의 메테인이 붉은빛을 흡수하고 푸른빛을 되돌려 보내 청록색으로 보인다. 행성 대기 가운데 가장 추워 최저 기온이 약 49K(-224°C)까지 내려간다. 고리는 1977년에 발견되었고 지금까지 13개가 알려져 있다. 1986년 1월 24일 보이저 2호가 약 81,500km 거리까지 다가가 관측했다.","명왕성은 1930년 2월 18일 클라이드 톰보가 발견한 천체로, 발견 뒤 오랫동안 아홉 번째 행성으로 불렸다. 2006년 8월 24일 국제천문연맹(IAU)이 행성의 정의를 새로 정하면서 왜행성으로 분류가 바뀌었다. 지름은 약 2,372km이고, 태양을 한 바퀴 도는 데 약 248년이 걸린다. 위성은 카론, 닉스, 히드라, 케르베로스, 스틱스 다섯 개이며, 가장 큰 카론은 1978년에 발견되었다. 2015년 7월 14일 뉴허라이즌스호가 가까이 지나가며 표면의 하트 모양 지형을 촬영했다."
한국에서 가장 큰 내륙 습지,"우포늪은 경상남도 창녕군 유어면, 이방면, 대합면, 대지면에 걸친 한국 최대의 내륙 습지로, 면적은 약 231만 m²이다. 약 1억 4천만 년 전에 생겨난 것으로 추정되며, 낙동강 지류인 토평천이 흘러든다. 식물 340여 종, 조류 62종, 어류 28종이 사는 것으로 조사되었고, 멸종 위기종인 가시연꽃도 자란다. 1998년 람사르 협약에 따른 국제 보호 습지로 등록되었으며, 2011년 1월 13일 천연기념물 제524호로 다시 지정되었다.","순천만은 전라남도 순천시 앞바다, 여자만 안쪽에 자리한 만으로, 남북 약 30km, 동서 약 22km에 걸쳐 있다. 약 5.4km²에 이르는 갈대 군락은 국내에서 가장 넓게 보전된 갈대밭으로 꼽히며, 염습지와 갯벌이 함께 펼쳐진다. 흑두루미, 저어새, 황새 등 140종이 넘는 새가 찾아온다. 2006년 한국의 네 번째 람사르 습지로 등록되었는데, 연안 습지로는 처음이었다. 2008년 국가 명승으로 지정되었고, S자로 굽이치는 물길 위의 해넘이 풍경이 이름나 있다. 2013년 국제 정원 박람회를 계기로 인근에 정원과 습지 시설이 들어섰다.","대암산 용늪은 강원특별자치도 인제군 대암산(1,304m) 꼭대기 가까이, 해발 약 1,280m에 자리한 산지 습지이다. 1997년 한국에서 처음으로 람사르 협약 습지로 등록되었다. 추운 날씨 탓에 죽은 식물이 다 썩지 못하고 쌓여 이탄층을 이루었으며, 이런 고층 습원은 국내에서 매우 드물다. 습지는 4,000~5,000년 전부터 만들어진 것으로 보이며 면적은 약 1.06km²이다. 끈끈이주걱, 비로용담, 삿갓사초 같은 희귀 식물이 군락을 이룬다. 하늘로 오르던 용이 쉬어 갔다는 전설에서 이름이 왔고, 보호를 위해 미리 예약한 사람만 정해진 철에 들어갈 수 있다.","한국의 갯벌은 2021년 7월 26일 제44차 세계 유산 위원회에서 유네스코 세계 자연 유산으로 등재되었다. 서천, 고창, 신안, 보성·순천의 갯벌 네 곳으로 이루어지며, 모두 합친 면적은 약 1,293km²이다. 제주 화산섬과 용암 동굴에 이어 한국의 두 번째 세계 자연 유산이다. 생물 다양성을 제자리에서 보전하는 데 중요한 서식지라는 기준을 인정받았다. 해마다 300종 가까운 철새 약 100만 마리가 머물다 가고, 150여 종의 바닥 생물이 산다. 시베리아로 향하는 도요물떼새가 쉬어 가는 중간 기착지로도 중요하다."
직녀성은 어느 별자리에 속하나,"베가는 거문고자리의 으뜸별로, 겉보기 등급 약 0.03으로 밤하늘에서 다섯 번째로 밝다. 지구에서 약 25광년 떨어져 있다. 알타이르, 데네브와 함께 여름철 대삼각형을 이루며, 동아시아에서는 직녀성이라 불러 칠석 설화에 등장한다. 1850년 7월 17일 태양이 아닌 별로는 처음으로 사진에 찍혔다. 1983년에는 둘레를 감싼 먼지 원반이 발견되었는데, 별 주위에서 먼지 원반을 찾은 첫 사례였다. 적도의 자전 속도가 초속 약 274km로 빨라 한 바퀴 도는 데 약 12.5시간이면 된다. 세차 운동 때문에 서기 14000년 무렵에는 북극성 자리에 오게 된다.","베가는 거문고자리의 으뜸별로, 겉보기 등급 약 0.03으로 밤하늘에서 다섯 번째로 밝다. 지구에서 약 25광년 떨어져 있다. 알타이르, 데네브와 함께 여름철 대삼각형을 이루며, 동아시아에서는 직녀성이라 불러 칠석 설화에 등장한다. 1850년 7월 17일 태양이 아닌 별로는 처음으로 사진에 찍혔다. 1983년에는 둘레를 감싼 먼지 원반이 발견되었는데, 별 주위에서 먼지 원반을 찾은 첫 사례였다. 적도의 자전 속도가 초속 약 274km로 빨라 한 바퀴 도는 데 약 12.5시간이면 된다. 세차 운동 때문에 서기 14000년 무렵에는 북극성 자리에 오게 된다고 알려져 있다.","시리우스는 큰개자리에서 가장 밝은 별로, 겉보기 등급이 -1.47이어서 태양을 빼면 밤하늘의 모든 별 가운데 가장 밝게 보인다. 지구에서 약 8.6광년(2.3파섹) 떨어져 있어 비교적 가까운 편이다. 밝은 주성 곁에는 백색왜성인 동반성 시리우스 B가 있으며, 이 동반성은 1862년 1월 31일에 처음 관측되었다. 고대 이집트 중왕국 사람들은 이 별을 나일강이 넘칠 시기를 알려 주는 별로 여겼다.","베텔게우스는 오리온자리에 있는 적색 초거성으로, 분광형은 M2Iab이다. 지구와의 거리는 약 640광년으로 추정되지만 오차가 크다. 반지름은 태양의 약 1,200배, 곧 약 5.5AU에 이른다. 밝기가 오르내리는 변광성이며, 2019년 12월부터 2020년 2월 사이에 평소보다 크게 어두워져 맨눈으로도 차이가 보였다가 그해 봄 무렵 원래 밝기를 되찾았다. 핵융합 연료가 바닥나 가는 단계로 여겨지며, 언젠가 II형 초신성으로 폭발할 것으로 예상된다. 이름은 아랍어 '야드 알 자우자'에서 왔는데, 중세 라틴어로 옮기는 과정에서 첫 글자가 잘못 적혀 지금의 형태가 되었다."
제비가 박씨를 물어다 준 판소리 작품,"흥보가는 박타령이라고도 부르는 판소리로, 마음씨 착한 동생 흥보와 욕심 많은 형 놀보의 이야기를 담았다. 가난한 흥보가 다리가 부러진 제비를 정성껏 고쳐 주자, 제비가 이듬해 박씨 하나를 물어다 준다. 그 씨앗에서 자란 박을 타자 금은보화가 쏟아져 흥보는 큰 부자가 된다. 이를 샘낸 놀보는 일부러 제비 다리를 부러뜨렸다가 박에서 나온 온갖 재앙을 만난다. 익살스러운 대목이 많고 민요 가락을 많이 끌어들인 점이 특징이다.","1950년 FIFA 월드컵은 제2차 세계 대전으로 중단되었다가 12년 만에 브라질에서 열린 대회다. 6월 24일부터 7월 16일까지 13개 나라가 참가했으며, 처음 출전한 잉글랜드가 미국에 0 대 1로 진 일이 큰 화제가 되었다. 결승전 없이 네 팀이 겨루는 결승 리그로 우승을 가렸는데, 마지막 경기에서 우루과이가 브라질을 2 대 1로 꺾고 정상에 올랐다. 20만 명 가까운 관중 앞에서 개최국이 진 이 경기는 마라카낭의 비극이라 불린다.","가야금은 가야의 가실왕이 만들고 악사 우륵에게 곡을 짓게 했다고 전하는 현악기다. 전통 가야금은 명주실을 꼬아 만든 줄 12개를 걸고, 줄마다 안족이라 부르는 기러기발 모양의 받침을 세운다. 연주자는 악기 머리 쪽을 오른쪽 무릎에 올려놓고 오른손으로 줄을 뜯으며, 왼손으로 줄을 눌러 소리를 꾸민다. 궁중 음악에 쓰는 정악 가야금과 몸체가 작아 빠른 가락에 알맞은 산조 가야금으로 나뉘며, 오늘날에는 줄을 25개까지 늘린 개량 가야금도 쓰인다.","1934년 FIFA 월드컵은 5월 27일부터 6월 10일까지 이탈리아에서 열렸다. 처음으로 지역 예선을 거쳐 16개 나라가 본선에 올랐고, 지면 곧바로 떨어지는 토너먼트로 모든 경기를 치렀다. 앞선 대회 우승국 우루과이는 참가하지 않았다. 결승에서 이탈리아가 체코슬로바키아를 연장전 끝에 2 대 1로 꺾고 처음 우승했다. 득점왕은 5골을 넣은 체코슬로바키아의 올드르지흐 네예들리였다."
에베레스트 정상에 처음 오른 사람들,"에베레스트산은 해발 8,848.86m로 세계에서 가장 높은 산이다. 히말라야산맥 가운데 네팔과 중국의 국경에 솟아 있다. 네팔에서는 사가르마타, 티베트에서는 초모룽마라 부르며, 영어 이름은 영국의 측량가 조지 에베레스트에게서 따왔다. 1953년 5월 29일 뉴질랜드의 에드먼드 힐러리와 셰르파인 텐징 노르게이가 처음으로 꼭대기를 밟았다. 한국인으로는 1977년 고상돈이 처음 정상에 섰다. 지각판이 움직이는 탓에 산이 해마다 조금씩 높아지는 것으로 알려져 있다.","텐징 노르게이(1914~1986)는 히말라야의 셰르파 출신 산악인이다. 젊은 시절부터 여러 차례 에베레스트 원정에 참여했다. 존 헌트가 이끈 1953년 영국 원정대의 일원으로, 그해 5월 29일 에드먼드 힐러리와 함께 세계 최고봉 정상에 사람으로서는 처음 발을 디뎠다. 같은 해 영국의 조지 메달과 네팔의 별 훈장을 받았고, 1959년에는 인도 정부가 파드마 부샨 훈장을 수여했다. 뒷날 인도 다르질링의 히말라야 등산 연구소에서 현장 훈련 책임자로 일하며 후배 산악인을 길렀고, 1978년에는 트레킹 여행을 안내하는 회사를 세웠다.","K2는 높이 8,611m로 에베레스트산 다음으로 높은 세계 제2봉이다. 카라코람산맥에 있으며 파키스탄과 중국의 국경에 걸쳐 있다. 1856년 영국 측량대가 카라코람의 봉우리에 차례로 번호를 매길 때 두 번째 봉우리로 기록되어 K2라는 이름이 붙었고, 초고리나 고드윈오스틴산이라고도 한다. 1954년 7월 31일 이탈리아 원정대의 아킬레 콤파뇨니와 리노 라체델리가 처음 올랐다. 2021년 1월 16일에는 10명의 등반대가 처음으로 겨울철 정상에 올랐다. 높이는 두 번째지만 오르기가 훨씬 까다롭고 사망률도 높은 산으로 이름나 있다.","킬리만자로산은 탄자니아 북동부에 있는 아프리카 최고봉으로, 높이는 5,895m이다. 키보, 마웬지, 시라 세 화산 봉우리로 이루어지며, 가장 높은 것이 키보이다. 마웬지는 5,254m, 시라는 3,778m이다. 1889년 10월 6일 독일의 지리학자 한스 마이어와 오스트리아의 산악인 루트비히 푸르트셸러가 유럽인으로는 처음 키보 정상에 올랐다. 적도에서 멀지 않은데도 꼭대기에 빙원이 있으나, 그 규모가 점점 줄고 있다. 각 대륙의 가장 높은 산을 이르는 7대륙 최고봉 가운데 하나이며, 국립공원으로 보호되고 유네스코 세계 유산에도 올라 있다."
월드컵 첫 2연속 우승 국가,"1938년 FIFA 월드컵은 6월 4일부터 19일까지 프랑스에서 열렸다. 개최국과 앞선 대회 우승국이 예선 없이 본선에 나간 첫 대회였다. 네덜란드령 동인도가 아시아 팀으로는 처음 본선에 나왔고, 오스트리아는 나치 독일에 병합되면서 빠졌다. 결승에서 이탈리아가 헝가리를 4 대 2로 이기며 처음으로 두 대회 연속 우승을 이루었다. 브라질의 레오니다스가 7골로 득점왕에 올랐다.","1930년 FIFA 월드컵은 7월 13일부터 30일까지 우루과이 몬테비데오에서 열린 첫 월드컵이다. 예선 없이 초청받은 13개 나라가 참가했는데, 배를 타고 먼 길을 건너야 했던 탓에 유럽에서는 4개 나라만 왔다. 우루과이 독립 100주년을 기념해 지은 에스타디오 센테나리오가 주 경기장이었다. 대회 첫 골은 프랑스의 뤼시앵 로랑이 넣었고, 결승에서 개최국 우루과이가 아르헨티나를 4 대 2로 이겨 첫 우승국이 되었다.","1934년 FIFA 월드컵은 5월 27일부터 6월 10일까지 이탈리아에서 열렸다. 처음으로 지역 예선을 거쳐 16개 나라가 본선에 올랐고, 지면 곧바로 떨어지는 토너먼트로 모든 경기를 치렀다. 앞선 대회 우승국 우루과이는 참가하지 않았다. 결승에서 이탈리아가 체코슬로바키아를 연장전 끝에 2 대 1로 꺾고 처음 우승했다. 득점왕은 5골을 넣은 체코슬로바키아의 올드르지흐 네예들리였다.","1950년 FIFA 월드컵은 제2차 세계 대전으로 중단되었다가 12년 만에 브라질에서 열린 대회다. 6월 24일부터 7월 16일까지 13개 나라가 참가했으며, 처음 출전한 잉글랜드가 미국에 0 대 1로 진 일이 큰 화제가 되었다. 결승전 없이 네 팀이 겨루는 결승 리그로 우승을 가렸는데, 마지막 경기에서 우루과이가 브라질을 2 대 1로 꺾고 정상에 올랐다. 20만 명 가까운 관중 앞에서 개최국이 진 이 경기는 마라카낭의 비극이라 불린다."
혈소판은 어떤 세포에서 떨어져 나오나,"혈소판은 피가 날 때 상처 부위에 모여 피를 멈추게 하는 혈액 성분이다. 골수의 큰 세포인 거핵구의 세포질이 잘게 떨어져 나온 조각이어서 핵이 없고, 크기는 약 0.5~2.5μm로 작다. 거핵구 하나에서 수백에서 수천 개가 만들어진다. 혈액 1L에 약 1,500억~3,700억 개가 있으며, 전체의 약 3분의 1은 지라에 머물러 있다. 섬유소 그물이 생기게 해 핏덩이를 이루도록 돕는다. 약 7~11일 동안 제 기능을 하고 나면 혈류에서 제거된다. 아스피린은 혈소판의 작용을 약하게 하고, 수가 비정상적으로 적은 상태는 혈소판 감소증이라 한다.","혈소판은 피가 날 때 상처 부위에 모여 피를 멈추게 하는 혈액 성분이다. 골수의 큰 세포인 거핵구의 세포질이 잘게 떨어져 나온 조각이어서 핵이 없고, 크기는 약 0.5~2.5μm로 작다. 거핵구 하나에서 수백에서 수천 개가 만들어진다. 혈액 1L에 약 1,500억~3,700억 개가 있으며, 전체의 약 3분의 1은 지라에 머물러 있다. 섬유소 그물이 생기게 해 핏덩이를 이루도록 돕는다. 약 7~11일 동안 제 기능을 하고 나면 혈류에서 제거된다. 아스피린은 혈소판의 작용을 약하게 하고, 수가 비정상적으로 적은 상태는 혈소판 감소증이라 한다.","적혈구는 혈액 속에서 산소를 나르는 세포로, 가운데가 오목한 원반 모양이다. 지름은 약 7~8μm, 두께는 평균 약 2.2μm이며, 이런 모양 덕분에 표면적이 넓고 가느다란 모세 혈관도 휘어지며 지나간다. 포유류의 적혈구는 자라는 과정에서 핵을 잃는다. 세포 하나에 헤모글로빈 분자가 약 2억 8천만 개 들어 있는데, 헤모글로빈에 든 철 때문에 피가 붉게 보인다. 골수에서 만들어지며 혈액 1mm³에 남성은 약 500만 개, 여성은 약 450만 개가 있다. 혈관을 도는 기간은 평균 120일이다. 1658년 네덜란드의 얀 스바메르담이 현미경으로 처음 관찰했다.","백혈구는 몸에 들어온 세균이나 이물질을 막아 내는 면역 세포이다. 적혈구와 달리 핵이 있고 크기가 더 크며, 빛깔이 없다. 건강한 어른의 혈액 1L에는 약 45억~110억 개가 들어 있다. 종류별로는 호중구가 약 62%로 가장 많고, 이어 림프구 약 30%, 단핵구 약 5.3%, 호산구 약 2.3%, 호염기구 약 0.4% 순이다. 호중구처럼 병원체를 삼켜 없애는 식세포 작용을 하는 것도 있고, 항체를 만드는 일에 관여하는 것도 있다. 골수와 지라, 림프샘 등에서 만들어진다."
김유신 화랑 된 나이,"김유신은 595년에 태어난 신라의 장군으로, 금관가야 왕족의 후손이다. 열다섯 살에 화랑이 되었고, 629년 낭비성 싸움에서 처음 크게 이름을 떨쳤다. 660년 황산벌에서 계백이 이끈 백제의 5천 결사대를 무너뜨려 백제 멸망의 길을 열었다. 누이 문명부인이 김춘추와 혼인하면서 왕실과 인척 관계를 맺었다. 673년에 세상을 떠났으며, 835년 흥덕왕 때 흥무대왕이라는 왕의 칭호를 받았다. 왕족이 아닌 사람이 죽은 뒤 대왕으로 높여진 드문 예다.","태종 무열왕은 신라 제29대 왕으로, 이름은 김춘추이며 654년에 즉위했다. 성골의 대가 끊긴 뒤 진골 신분으로서는 처음 왕위에 올랐다. 즉위하기 전인 648년 당나라에 직접 건너가 당 태종에게서 군사를 보내 주겠다는 약속을 받아 냈다. 왕이 된 뒤 당군과 힘을 합쳐 660년 백제의 수도 사비를 함락했고, 이듬해 세상을 떠났다. 경주 서악동에 능이 있으며, 능 앞 비석은 몸돌이 사라지고 거북 모양 받침돌과 머릿돌만 남아 국보로 지정되었다.","문무왕은 태종 무열왕의 맏아들 김법민으로, 661년에 즉위한 신라 제30대 왕이다. 668년 당나라 군대와 함께 평양성을 함락해 고구려를 무너뜨렸다. 그 뒤 한반도 전체를 차지하려는 당과 맞서 싸워, 675년 매소성과 676년 기벌포에서 당군을 크게 물리치고 삼국 통일을 마무리했다. 681년 세상을 떠나면서 죽어서 용이 되어 나라를 지키겠다는 뜻을 남겼다고 전하며, 유해는 경주 앞바다의 대왕암에 모셔졌다. 아들 신문왕이 그를 기리는 감은사를 완성했다.",
미륵사지 석탑 해체 보수 끝난 해,"익산 미륵사지 석탑은 백제 무왕 때 세운 미륵사 터에 남은 탑으로, 우리나라에 전하는 석탑 가운데 가장 오래되었다. 나무로 짓던 탑의 짜임새를 돌로 옮겨 놓은 모습이어서 석탑이 처음 생겨나던 무렵의 형태를 보여 준다. 본래 9층이었을 것으로 추정되지만 6층까지만 남아 있다. 일제강점기인 1915년 무너진 부분을 시멘트로 덧발랐으며, 2001년부터 2019년까지 해체와 보수를 거쳐 다시 세웠다. 2009년 해체 도중 나온 사리봉영기를 통해 639년에 세운 것이 밝혀졌다.","불국사 다보탑은 경주 불국사 대웅전 앞뜰 동쪽에 선 통일신라의 석탑이다. 751년 무렵 불국사를 크게 고쳐 지을 때 함께 세운 것으로 보며, 높이는 약 10.3m다. 십자 모양 기단 위에 팔각의 몸체를 올린 독특한 짜임새여서 몇 층 탑인지 헤아리기 어렵다. 기단 계단에는 본래 돌사자 네 마리가 있었으나 일제강점기인 1925년 무렵 수리 과정에서 세 마리가 사라져 지금은 한 마리만 남았다. 1966년부터 발행된 10원 동전에 그림으로 새겨졌다.","불국사 삼층석탑은 불국사 대웅전 앞뜰 서쪽에 선 통일신라의 탑으로, 석가탑이라고도 부른다. 두 단의 기단 위에 세 층의 몸돌을 올린 단정한 모습으로, 신라 석탑의 전형으로 꼽힌다. 높이는 약 10.75m다. 탑을 쌓던 백제 석공 아사달을 기다리던 아내가 연못에 탑 그림자가 비치지 않자 몸을 던졌다는 전설 때문에 무영탑이라는 이름도 붙었다. 1966년 보수를 위해 해체했을 때 2층 사리 공간에서 현존 최고의 목판 인쇄물로 꼽히는 무구정광대다라니경이 나왔다.",
산양이 바위 절벽을 잘 타는 까닭,"산양은 소과에 속하는 동물로, 한국에 사는 종의 학명은 Naemorhedus caudatus이다. 몸길이는 115~130cm, 꼬리는 11~15cm이다. 굵은 다리와 뾰족한 발굽을 지녀 가파른 바위 절벽을 잘 오르내린다. 해발 1,000m가 넘는 높은 산의 침엽수림과 바위 지대에 살며, 한국에서 사는 곳의 남쪽 끝은 울진 일대이다. 2~5마리가 무리를 지어 살고 주로 새벽과 해 질 녘에 움직이며, 지의류와 풀, 진달래 잎 등을 먹는다. 1968년 11월 20일 천연기념물 제217호로 지정되었고, 멸종위기 야생생물 Ⅰ급이다. 1960년대 큰 눈이 내렸을 때 먹이를 찾아 마을로 내려왔다가 많이 잡힌 일이 있다.","반달가슴곰은 온몸이 검은 털로 덮여 있고 가슴에 반달이나 V자 모양의 흰 털 무늬가 있는 곰이다. 몸길이는 130~190cm이며, 몸무게는 수컷이 110~150kg, 암컷이 65~90kg 정도이다. 풀과 나무 열매, 꿀 같은 먹이를 주로 먹고 겨울에는 겨울잠을 잔다. 냄새와 소리를 잘 알아차리며 한 번에 새끼를 보통 두 마리 낳는다. 한국에서는 1982년 11월 16일 천연기념물 제329호로 지정되었고, 멸종위기 야생생물 Ⅰ급으로 보호받는다. 2004년 지리산에서 개체를 풀어놓는 복원 사업이 시작되었고, 2009년부터는 야생에서 새끼가 태어나기 시작했다.","수달은 강과 하천에 사는 족제비과 동물로, 학명은 Lutra lutra이다. 몸길이는 90~110cm, 꼬리 길이는 37~46cm, 몸무게는 4~10kg이다. 몸은 물의 저항을 줄이는 유선형이고, 촘촘한 털이 물이 스며드는 것을 막아 주며, 발가락 사이에는 물갈퀴가 발달했다. 주로 물고기를 잡아먹고 개구리 같은 양서류나 게 같은 갑각류도 먹으며, 외래종인 배스와 블루길도 사냥한다. 물가의 굴이나 바위틈에 보금자리를 만든다. 한국에서는 1982년 11월 16일 천연기념물 제330호로 지정되었으며, 멸종위기 야생생물 Ⅰ급이다.","황새는 몸이 흰색이고 날개 끝이 검은 큰 물새로, 학명은 Ciconia boyciana이며 목과 윗가슴에 긴 깃털이 나 있다. 1968년 5월 31일 천연기념물 제199호로 지정되었고, 환경부 멸종위기 야생생물 Ⅰ급이며 국제자연보전연맹(IUCN)도 위기종으로 분류한다. 한국에서 번식하던 마지막 야생 황새 부부 가운데 수컷이 1971년 충청북도 음성에서 밀렵꾼의 총에 맞아 죽었고, 남은 암컷도 1994년 사육 시설에서 죽었다. 1996년 복원 연구가 시작되었으며, 2015년 충청남도 예산의 황새공원에서 처음으로 야생에 풀어 주었다. 예산군을 상징하는 새이기도 하다."
오존층이 자리한 대기층,"성층권은 대류권 바로 위에서 고도 약 50km까지 이어지는 대기층이다. 아래층과 달리 위로 올라갈수록 기온이 오르는데, 오존이 태양의 자외선을 흡수하면서 공기를 데우기 때문이다. 오존은 이 층 안의 고도 약 25km 부근에 가장 짙게 모여 오존층을 이루며, 생물에 해로운 자외선을 걸러 준다. 위가 따뜻하고 아래가 차가워 대류와 난류가 거의 생기지 않으므로 공기가 안정되어 있다. 위쪽 경계인 성층권계면 부근의 기온은 약 270K로 지표면과 비슷하다.","오존층은 오존 분자가 비교적 짙게 모인 대기의 한 부분으로, 대체로 지상 15~35km 높이에 퍼져 있어 두 번째 대기층인 성층권 안에 들어 있다. 1913년 프랑스 물리학자 샤를 파브리와 앙리 뷔송이 처음 확인했고, 영국 기상학자 G. M. B. 돕슨이 그 성질을 자세히 연구했다. 태양에서 오는 중파장 자외선의 97~99%를 흡수한다. 해수면 기압으로 눌러 모으면 두께가 몇 mm에 불과하다. 1985년 남극 상공의 오존이 크게 줄어든 현상이 알려졌고, 염화플루오린화탄소 같은 물질이 주된 원인으로 지목되었다. 국제 연합은 9월 16일을 오존층 보호의 날로 정했다.","대류권은 지표면에서 시작하는 대기의 가장 아래층이다. 두께는 위도에 따라 달라 평균 약 11km이고, 열대 지방에서는 16~18km까지 올라가며 극지방에서는 10km가 안 되기도 한다. 높이 1km마다 기온이 약 6.4°C씩 내려가므로 데워진 공기가 위아래로 섞이는 대류가 활발하다. 전체 대기 질량의 약 75~90%가 이 층에 모여 있고 수증기도 대부분 여기에 있어, 구름과 비, 눈 같은 날씨 변화가 거의 모두 이 층에서 일어난다. 위쪽 경계인 대류권계면의 기온은 중위도에서 약 -52°C이다.","중간권은 성층권 위, 고도 약 50~80km에 걸친 대기층이다. 이 층에서는 다시 높이 올라갈수록 기온이 떨어져 윗부분은 약 200K까지 내려간다. 우주에서 들어온 수많은 유성체가 이 층의 공기 입자와 부딪치며 타오르므로, 밤하늘의 별똥별은 주로 여기서 빛난다. 기상 관측 기구가 오르기에는 너무 높고 인공위성이 돌기에는 너무 낮아 직접 관측하기가 까다롭다. 성층권과 함께 중층 대기로 묶어 부르기도 하며, 위쪽 경계는 중간권계면이라 한다."
윔블던 첫 대회 남자 단식 우승자,"윔블던 선수권 대회는 1877년 영국 런던 윔블던의 올 잉글랜드 클럽에서 처음 열렸으며, 4대 메이저 대회 가운데 가장 먼저 시작되었다. 첫 대회 남자 단식 우승자는 스펜서 고어였다. 4대 메이저 가운데 유일하게 잔디 코트에서 경기하며, 해마다 6월 말부터 7월 초까지 열린다. 선수들은 흰색 옷을 입어야 하는 엄격한 복장 규정을 따르고, 관중이 딸기에 크림을 곁들여 먹는 전통이 있다. 2009년 센터 코트에 여닫는 지붕을 달아 비가 와도 경기를 이어 갈 수 있게 되었다.","US 오픈은 1881년 미국 로드아일랜드주 뉴포트에서 처음 열린 테니스 대회로, 해마다 8월 말부터 9월 초까지 열려 한 해의 마지막 메이저 대회가 된다. 지금은 뉴욕 퀸스의 플러싱 메도스에 있는 빌리 진 킹 국립 테니스 센터에서 열리며, 주 경기장은 1997년 문을 연 아서 애시 스타디움이다. 코트 바닥은 잔디와 클레이를 거쳐 1978년부터 하드 코트를 쓴다. 1970년에는 메이저 대회 가운데 처음으로 마지막 세트에도 타이브레이크를 적용했다.","호주 오픈은 1905년 오스트레일리아 멜버른에서 처음 열린 테니스 대회로, 해마다 1월에 열려 한 해를 여는 메이저 대회다. 처음 이름은 오스트랄라시아 선수권 대회였고, 1969년부터 지금의 이름을 썼다. 1987년까지는 잔디 코트에서 치렀으나 1988년 멜버른 파크로 자리를 옮기면서 하드 코트로 바꾸었다. 주 경기장은 여닫는 지붕을 갖춘 로드 레이버 아레나다.",
직지를 금속활자로 찍은 절 이름,"『백운화상초록불조직지심체요절』, 줄여서 직지는 고려 말 승려 백운화상이 부처와 옛 고승들의 가르침 가운데 요긴한 대목을 가려 엮은 책이다. 1377년 청주 흥덕사에서 금속활자로 찍어 냈으며, 금속활자로 인쇄한 책 가운데 지금 남아 있는 가장 오래된 것으로 인정받는다. 상권과 하권 가운데 하권만 전하고, 그마저 첫 장이 없다. 조선 말 서울에 머물던 프랑스 외교관 콜랭 드 플랑시가 수집해 가져간 뒤 경매를 거쳐 프랑스 국립도서관에 들어갔다. 2001년 유네스코 세계기록유산이 되었다.","청주 흥덕사지는 충청북도 청주시 운천동에 있는 옛 절터다. 1984년 택지 개발 공사 중에 드러났고, 이듬해 청주대학교가 발굴 조사를 벌이다 '흥덕사'라는 글자가 새겨진 청동 유물을 찾아내 절의 이름이 밝혀졌다. 고려 우왕 3년인 1377년, 바로 이 절에서 부처의 가르침을 가려 엮은 직지를 금속활자로 간행했다는 기록이 책 끝에 남아 있다. 절터는 1986년 사적으로 지정되었고, 그 곁에 청주고인쇄박물관이 세워졌다.","훈민정음 해례본은 세종 28년인 1446년에 새 문자를 널리 알리려고 펴낸 책으로, 글자를 만든 까닭과 원리를 풀이한 해례가 붙어 있다. 해례는 정인지, 신숙주, 성삼문, 최항, 박팽년, 강희안, 이개, 이선로 등 집현전 학자 여덟 명이 함께 지었다. 오랫동안 실물이 알려지지 않다가 1940년 경상북도 안동에서 발견되었고, 지금은 서울의 간송미술관이 소장한다. 1962년 국보로 지정되었으며 1997년 유네스코 세계기록유산이 되었다.","조선왕조실록은 태조부터 철종까지 25대 임금이 다스린 472년 동안의 일을 날짜 순서대로 적은 편년체 역사서다. 분량은 모두 1,894권 888책에 이른다. 임금이 세상을 떠나면 실록청을 열고 사관들이 남긴 사초와 관청 기록을 모아 편찬했으며, 사관의 기록은 임금도 함부로 볼 수 없었다. 화재와 전쟁에 대비해 여러 사고에 나누어 보관한 덕분에 정족산본과 태백산본 등이 오늘날까지 전한다. 1973년 국보로 지정되었고, 1997년 유네스코 세계기록유산에 올랐다."
진골 출신으로 처음 왕이 된 신라 임금,"태종 무열왕은 신라 제29대 왕으로, 이름은 김춘추이며 654년에 즉위했다. 성골의 대가 끊긴 뒤 진골 신분으로서는 처음 왕위에 올랐다. 즉위하기 전인 648년 당나라에 직접 건너가 당 태종에게서 군사를 보내 주겠다는 약속을 받아 냈다. 왕이 된 뒤 당군과 힘을 합쳐 660년 백제의 수도 사비를 함락했고, 이듬해 세상을 떠났다. 경주 서악동에 능이 있으며, 능 앞 비석은 몸돌이 사라지고 거북 모양 받침돌과 머릿돌만 남아 국보로 지정되었다.","김유신은 595년에 태어난 신라의 장군으로, 금관가야 왕족의 후손이다. 열다섯 살에 화랑이 되었고, 629년 낭비성 싸움에서 처음 크게 이름을 떨쳤다. 660년 황산벌에서 계백이 이끈 백제의 5천 결사대를 무너뜨려 백제 멸망의 길을 열었다. 누이 문명부인이 김춘추와 혼인하면서 왕실과 인척 관계를 맺었다. 673년에 세상을 떠났으며, 835년 흥덕왕 때 흥무대왕이라는 왕의 칭호를 받았다. 왕족이 아닌 사람이 죽은 뒤 대왕으로 높여진 드문 예다.","문무왕은 태종 무열왕의 맏아들 김법민으로, 661년에 즉위한 신라 제30대 왕이다. 668년 당나라 군대와 함께 평양성을 함락해 고구려를 무너뜨렸다. 그 뒤 한반도 전체를 차지하려는 당과 맞서 싸워, 675년 매소성과 676년 기벌포에서 당군을 크게 물리치고 삼국 통일을 마무리했다. 681년 세상을 떠나면서 죽어서 용이 되어 나라를 지키겠다는 뜻을 남겼다고 전하며, 유해는 경주 앞바다의 대왕암에 모셔졌다. 아들 신문왕이 그를 기리는 감은사를 완성했다.","선덕여왕은 진평왕의 딸 덕만으로, 632년에 즉위한 신라 제27대 왕이다. 우리 역사에서 처음으로 왕위에 오른 여성이다. 634년부터 인평이라는 연호를 썼고, 같은 해 분황사를 완공했다. 재위 중에 별을 관측한 시설로 알려진 첨성대를 세웠으며, 645년에는 황룡사 구층 목탑을 완성했다. 647년 상대등 비담이 반란을 일으킨 와중에 세상을 떠났고, 경주 낭산 자락에 묻혔다."
아시아 팀이 처음 월드컵 본선에 나간 해,"1938년 FIFA 월드컵은 6월 4일부터 19일까지 프랑스에서 열렸다. 개최국과 앞선 대회 우승국이 예선 없이 본선에 나간 첫 대회였다. 네덜란드령 동인도가 아시아 팀으로는 처음 본선에 나왔고, 오스트리아는 나치 독일에 병합되면서 빠졌다. 결승에서 이탈리아가 헝가리를 4 대 2로 이기며 처음으로 두 대회 연속 우승을 이루었다. 브라질의 레오니다스가 7골로 득점왕에 올랐다.","1930년 FIFA 월드컵은 7월 13일부터 30일까지 우루과이 몬테비데오에서 열린 첫 월드컵이다. 예선 없이 초청받은 13개 나라가 참가했는데, 배를 타고 먼 길을 건너야 했던 탓에 유럽에서는 4개 나라만 왔다. 우루과이 독립 100주년을 기념해 지은 에스타디오 센테나리오가 주 경기장이었다. 대회 첫 골은 프랑스의 뤼시앵 로랑이 넣었고, 결승에서 개최국 우루과이가 아르헨티나를 4 대 2로 이겨 첫 우승국이 되었다.","1934년 FIFA 월드컵은 5월 27일부터 6월 10일까지 이탈리아에서 열렸다. 처음으로 지역 예선을 거쳐 16개 나라가 본선에 올랐고, 지면 곧바로 떨어지는 토너먼트로 모든 경기를 치렀다. 앞선 대회 우승국 우루과이는 참가하지 않았다. 결승에서 이탈리아가 체코슬로바키아를 연장전 끝에 2 대 1로 꺾고 처음 우승했다. 득점왕은 5골을 넣은 체코슬로바키아의 올드르지흐 네예들리였다.","1950년 FIFA 월드컵은 제2차 세계 대전으로 중단되었다가 12년 만에 브라질에서 열린 대회다. 6월 24일부터 7월 16일까지 13개 나라가 참가했으며, 처음 출전한 잉글랜드가 미국에 0 대 1로 진 일이 큰 화제가 되었다. 결승전 없이 네 팀이 겨루는 결승 리그로 우승을 가렸는데, 마지막 경기에서 우루과이가 브라질을 2 대 1로 꺾고 정상에 올랐다. 20만 명 가까운 관중 앞에서 개최국이 진 이 경기는 마라카낭의 비극이라 불린다."
윈난의 차를 티베트로 나르던 옛길,"보이차는 중국 윈난성에서 나는 찻잎으로 만든 후발효차로, 흑차에 속한다. 옮기고 보관하기 쉽도록 찻잎을 눌러 둥근 떡 모양의 병차나 벽돌 모양의 전차로 굳힌 것이 많다. 자연스럽게 오래 묵히며 익히는 생차와, 1970년대에 도입된 방식으로 찻잎을 쌓아 빠르게 발효시킨 숙차로 나뉜다. 옛날에는 이 차를 말에 싣고 티베트와 네팔, 인도로 실어 날랐는데, 그 길을 차마고도라 부른다. 햇빛을 피해 바람이 잘 통하는 곳에 보관해야 곰팡이가 슬지 않는다.","차마고도는 중국 윈난성과 쓰촨성에서 시작해 티베트 고원을 넘어 네팔과 인도까지 이어졌던 옛 교역로다. 이름 그대로 중국의 차와 티베트의 말을 맞바꾸던 길로, 해발 4,000m가 넘는 험한 산길이 많았다. 마방이라 불린 상인들이 말과 야크 등에 윈난에서 난 둥근 찻덩이를 싣고 이 길을 오가며 물건과 문화를 함께 날랐다. 윈난 쪽 길은 다리와 리장을 지나 티베트로 들어갔고, 쓰촨 쪽 길은 야안과 캉딩을 거쳤다.","녹차는 찻잎을 발효시키지 않고 푸른빛이 남도록 말린 차다. 딴 잎을 곧바로 뜨거운 솥에 덖거나 증기로 쪄서 잎 속 효소가 작용하지 못하게 한다. 우리나라에서는 곡우 전에 딴 여린 잎으로 만든 차를 우전, 곡우 뒤에 딴 잎으로 만든 차를 세작이라 부른다. 신라 흥덕왕 때인 828년 김대렴이 당나라에서 차 씨앗을 가져와 지리산에 심었다는 기록이 『삼국사기』에 있다. 오늘날에는 보성, 하동, 제주 등이 주요 산지다. 끓는 물을 60~80℃로 식혀 우리는 것이 좋다.","홍차는 찻잎을 충분히 산화시켜 만든 차로, 우려낸 찻물이 붉어서 동아시아에서는 홍차라 부르고, 서양에서는 마른 잎의 검은 빛깔을 따라 블랙 티라고 한다. 딴 잎을 시들게 하는 위조, 비벼서 세포를 깨뜨리는 유념, 산화, 건조의 과정을 거쳐 만든다. 인도의 다르질링과 아삼, 스리랑카의 실론, 중국의 기문 등이 이름난 산지다. 세계에서 생산되는 차 가운데 가장 큰 비중을 차지하며, 서양의 차 시장에서 특히 많이 소비된다."
수달 천연기념물 지정 번호,"수달은 강과 하천에 사는 족제비과 동물로, 학명은 Lutra lutra이다. 몸길이는 90~110cm, 꼬리 길이는 37~46cm, 몸무게는 4~10kg이다. 몸은 물의 저항을 줄이는 유선형이고, 촘촘한 털이 물이 스며드는 것을 막아 주며, 발가락 사이에는 물갈퀴가 발달했다. 주로 물고기를 잡아먹고 개구리 같은 양서류나 게 같은 갑각류도 먹으며, 외래종인 배스와 블루길도 사냥한다. 물가의 굴이나 바위틈에 보금자리를 만든다. 한국에서는 1982년 11월 16일 천연기념물 제330호로 지정되었으며, 멸종위기 야생생물 Ⅰ급이다.","반달가슴곰은 온몸이 검은 털로 덮여 있고 가슴에 반달이나 V자 모양의 흰 털 무늬가 있는 곰이다. 몸길이는 130~190cm이며, 몸무게는 수컷이 110~150kg, 암컷이 65~90kg 정도이다. 풀과 나무 열매, 꿀 같은 먹이를 주로 먹고 겨울에는 겨울잠을 잔다. 냄새와 소리를 잘 알아차리며 한 번에 새끼를 보통 두 마리 낳는다. 한국에서는 1982년 11월 16일 천연기념물 제329호로 지정되었고, 멸종위기 야생생물 Ⅰ급으로 보호받는다. 2004년 지리산에서 개체를 풀어놓는 복원 사업이 시작되었고, 2009년부터는 야생에서 새끼가 태어나기 시작했다.","산양은 소과에 속하는 동물로, 한국에 사는 종의 학명은 Naemorhedus caudatus이다. 몸길이는 115~130cm, 꼬리는 11~15cm이다. 굵은 다리와 뾰족한 발굽을 지녀 가파른 바위 절벽을 잘 오르내린다. 해발 1,000m가 넘는 높은 산의 침엽수림과 바위 지대에 살며, 한국에서 사는 곳의 남쪽 끝은 울진 일대이다. 2~5마리가 무리를 지어 살고 주로 새벽과 해 질 녘에 움직이며, 지의류와 풀, 진달래 잎 등을 먹는다. 1968년 11월 20일 천연기념물 제217호로 지정되었고, 멸종위기 야생생물 Ⅰ급이다. 1960년대 큰 눈이 내렸을 때 먹이를 찾아 마을로 내려왔다가 많이 잡힌 일이 있다.","황새는 몸이 흰색이고 날개 끝이 검은 큰 물새로, 학명은 Ciconia boyciana이며 목과 윗가슴에 긴 깃털이 나 있다. 1968년 5월 31일 천연기념물 제199호로 지정되었고, 환경부 멸종위기 야생생물 Ⅰ급이며 국제자연보전연맹(IUCN)도 위기종으로 분류한다. 한국에서 번식하던 마지막 야생 황새 부부 가운데 수컷이 1971년 충청북도 음성에서 밀렵꾼의 총에 맞아 죽었고, 남은 암컷도 1994년 사육 시설에서 죽었다. 1996년 복원 연구가 시작되었으며, 2015년 충청남도 예산의 황새공원에서 처음으로 야생에 풀어 주었다. 예산군을 상징하는 새이기도 하다."
세계 유산 한국의 갯벌을 이루는 네 곳,"한국의 갯벌은 2021년 7월 26일 제44차 세계 유산 위원회에서 유네스코 세계 자연 유산으로 등재되었다. 서천, 고창, 신안, 보성·순천의 갯벌 네 곳으로 이루어지며, 모두 합친 면적은 약 1,293km²이다. 제주 화산섬과 용암 동굴에 이어 한국의 두 번째 세계 자연 유산이다. 생물 다양성을 제자리에서 보전하는 데 중요한 서식지라는 기준을 인정받았다. 해마다 300종 가까운 철새 약 100만 마리가 머물다 가고, 150여 종의 바닥 생물이 산다. 시베리아로 향하는 도요물떼새가 쉬어 가는 중간 기착지로도 중요하다.","순천만은 전라남도 순천시 앞바다, 여자만 안쪽에 자리한 만으로, 남북 약 30km, 동서 약 22km에 걸쳐 있다. 약 5.4km²에 이르는 갈대 군락은 국내에서 가장 넓게 보전된 갈대밭으로 꼽히며, 염습지와 갯벌이 함께 펼쳐진다. 흑두루미, 저어새, 황새 등 140종이 넘는 새가 찾아온다. 2006년 한국의 네 번째 람사르 습지로 등록되었는데, 연안 습지로는 처음이었다. 2008년 국가 명승으로 지정되었고, S자로 굽이치는 물길 위의 해넘이 풍경이 이름나 있다. 2013년 국제 정원 박람회를 계기로 인근에 정원과 습지 시설이 들어섰다.","우포늪은 경상남도 창녕군 유어면, 이방면, 대합면, 대지면에 걸친 한국 최대의 내륙 습지로, 면적은 약 231만 m²이다. 약 1억 4천만 년 전에 생겨난 것으로 추정되며, 낙동강 지류인 토평천이 흘러든다. 식물 340여 종, 조류 62종, 어류 28종이 사는 것으로 조사되었고, 멸종 위기종인 가시연꽃도 자란다. 1998년 람사르 협약에 따른 국제 보호 습지로 등록되었으며, 2011년 1월 13일 천연기념물 제524호로 다시 지정되었다.","대암산 용늪은 강원특별자치도 인제군 대암산(1,304m) 꼭대기 가까이, 해발 약 1,280m에 자리한 산지 습지이다. 1997년 한국에서 처음으로 람사르 협약 습지로 등록되었다. 추운 날씨 탓에 죽은 식물이 다 썩지 못하고 쌓여 이탄층을 이루었으며, 이런 고층 습원은 국내에서 매우 드물다. 습지는 4,000~5,000년 전부터 만들어진 것으로 보이며 면적은 약 1.06km²이다. 끈끈이주걱, 비로용담, 삿갓사초 같은 희귀 식물이 군락을 이룬다. 하늘로 오르던 용이 쉬어 갔다는 전설에서 이름이 왔고, 보호를 위해 미리 예약한 사람만 정해진 철에 들어갈 수 있다."
프랑스 오픈 경기장 이름은 누구를 기린 것,"프랑스 오픈은 1891년에 시작된 테니스 대회로, 처음에는 프랑스 선수만 나올 수 있었으나 1925년부터 외국 선수에게도 문을 열었다. 해마다 5월 말부터 6월 초까지 파리에서 열리며, 4대 메이저 가운데 유일하게 붉은 흙을 다진 클레이 코트를 쓴다. 공이 느리고 높게 튀어 긴 랠리가 자주 나온다. 1928년부터 대회장으로 쓰는 스타드 롤랑 가로스는 제1차 세계 대전 때 활약한 프랑스 비행사 롤랑 가로스의 이름을 딴 것이다.","롤랑 가로스는 1888년에 태어난 프랑스의 비행 개척자다. 1909년 무렵 비행을 시작했고, 1913년 비행기로 처음 지중해를 건너는 데 성공했다. 제1차 세계 대전이 일어나자 프랑스군에 들어가 초기 전투기 조종사로 활약했으며, 전쟁이 끝나기 한 달여 전인 1918년 10월 공중전에서 목숨을 잃었다. 1928년 파리에 새로 지은 테니스 경기장에 그를 기리는 뜻으로 이름이 붙었고, 프랑스 테니스 선수권이 이곳을 무대로 삼으면서 대회 자체도 흔히 그의 이름으로 불린다.","윔블던 선수권 대회는 1877년 영국 런던 윔블던의 올 잉글랜드 클럽에서 처음 열렸으며, 4대 메이저 대회 가운데 가장 먼저 시작되었다. 첫 대회 남자 단식 우승자는 스펜서 고어였다. 4대 메이저 가운데 유일하게 잔디 코트에서 경기하며, 해마다 6월 말부터 7월 초까지 열린다. 선수들은 흰색 옷을 입어야 하는 엄격한 복장 규정을 따르고, 관중이 딸기에 크림을 곁들여 먹는 전통이 있다. 2009년 센터 코트에 여닫는 지붕을 달아 비가 와도 경기를 이어 갈 수 있게 되었다.","US 오픈은 1881년 미국 로드아일랜드주 뉴포트에서 처음 열린 테니스 대회로, 해마다 8월 말부터 9월 초까지 열려 한 해의 마지막 메이저 대회가 된다. 지금은 뉴욕 퀸스의 플러싱 메도스에 있는 빌리 진 킹 국립 테니스 센터에서 열리며, 주 경기장은 1997년 문을 연 아서 애시 스타디움이다. 코트 바닥은 잔디와 클레이를 거쳐 1978년부터 하드 코트를 쓴다. 1970년에는 메이저 대회 가운데 처음으로 마지막 세트에도 타이브레이크를 적용했다."
결정이 굵어 맨눈으로 보이는 심성암,"화강암은 마그마가 대륙 지각 깊은 곳에서 천천히 식어 굳은 심성암이다. 오랜 시간에 걸쳐 식은 덕분에 결정이 맨눈으로 구별될 만큼 크며, 주로 석영, 정장석, 사장석에 흑운모나 백운모가 섞여 있다. 색은 밝은 회색이나 분홍빛을 띤다. 한반도에는 중생대 쥐라기의 대보 조산 운동과 백악기의 불국사 조산 운동 때 관입한 화강암이 널리 퍼져 있어, 서울과 부산, 대구 같은 도시도 화강암 지대 위에 자리 잡았다. 강도가 높고 오래 견디므로 건축 석재로 널리 쓰인다.","현무암은 용암이 땅 위로 흘러나와 빠르게 식어 생긴 화산암이다. 급히 굳어서 결정이 매우 작고, 색은 회색에서 검은색을 띤다. 이산화규소 함량이 약 45~52%로 낮은 편이며, 휘석과 사장석이 주된 광물이고 감람석이나 자철석이 들어 있기도 하다. 용암 속 기체가 빠져나간 자리에 구멍이 숭숭 남은 것도 흔하다. 두꺼운 용암이 식으며 수축하면 육각형 기둥이 늘어선 주상절리가 생긴다. 바다 밑 지각은 거의 전부 이 암석과 같은 성분이며, 한국에서는 제주도와 한탄강 일대에 넓게 분포한다.","석회암은 탄산칼슘이 주성분인 퇴적암으로, 가장 흔한 구성 광물은 방해석이다. 조개껍데기, 산호, 플랑크톤처럼 탄산칼슘으로 된 생물의 골격이 바다 밑에 쌓이거나, 물에 녹아 있던 탄산칼슘이 가라앉아 만들어진다. 산성 용액과 만나면 이산화탄소를 내며 녹기 때문에, 빗물과 지하수가 오랫동안 녹여 내면 움푹 꺼진 땅이나 석회 동굴 같은 카르스트 지형이 생긴다. 시멘트와 석회의 원료, 콘크리트 골재로 많이 쓰인다. 한국의 석회암은 대부분 고생대 지층에 있으며 삼척, 태백, 영월, 단양 등에 모여 있다.","대리암은 석회암이나 백운암이 높은 열과 압력을 받아 다시 결정화된 변성암이다. 주된 광물은 방해석이나 백운석이며, 결정 크기가 비교적 고르고 층을 이룬 줄무늬가 거의 없다. 순수하면 흰색이지만 섞인 불순물에 따라 회색, 검은색, 붉은색, 초록색을 띤다. 깎기 쉽고 갈면 윤이 나서 조각품과 건축 장식, 기념물에 오래전부터 쓰였다. 우리말 이름은 중국 윈난성의 다리(大理) 지역이 이름난 산지였던 데서 왔다. 산성비에 약해 표면이 녹을 수 있으므로 보존할 때 주의가 필요하다."
봄철 황사가 주로 날아오는 사막,"고비 사막은 몽골 남부와 중국 북부에 걸친 사막으로, 면적은 약 129만 5천 km²이며 아시아에서 가장 크다. 이름은 몽골어로 '거친 땅'을 뜻한다. 한랭 사막이어서 겨울에는 -40°C까지 떨어지고 여름에는 45°C까지 올라가며, 하루 사이에도 기온이 35°C나 오르내리기도 한다. 공룡 화석이 많이 나오는 곳으로 유명한데, 로이 채프먼 앤드루스가 이끈 탐사대가 '불타는 절벽'에서 공룡알 화석을 찾아냈다. 봄철 한반도로 날아오는 황사의 주요 발원지이며, 혹이 두 개인 쌍봉낙타가 산다.","사하라 사막은 아프리카 북부에 펼쳐진 사막으로, 면적은 약 940만 km²이다. 남극 다음으로 넓은 사막이자 더운 사막 가운데서는 가장 크다. 이름은 아랍어로 '사막'을 뜻하는 말에서 왔다. 이집트, 리비아, 알제리, 모로코, 튀니지, 말리, 모리타니, 니제르, 차드, 수단 등 10개 나라에 걸쳐 있다. 모래로 덮인 곳은 약 20%뿐이고 나머지는 풍화된 암석과 자갈로 된 땅이다. 가장 높은 곳은 티베스티산맥의 에미쿠시로 높이가 3,445m이다. 아득한 지질 시대에는 이 일대에 늪과 맹그로브, 열대 우림이 펼쳐져 있었다.","아타카마 사막은 남아메리카 태평양 연안, 칠레 북부를 중심으로 길이 약 1,600km, 평균 너비 약 100km로 길게 뻗은 사막이다. 면적은 약 105,000km²이다. 극지방을 빼면 지구에서 가장 메마른 곳으로 꼽히며, 미국 데스밸리보다 50배나 건조하다고 한다. 차가운 훔볼트 해류가 공기를 식히고 안데스산맥이 비구름을 막는 비그늘을 만들어, 약 2천만 년 동안 가뭄이 이어져 왔다. 19세기에는 초석, 그 뒤로는 구리를 캐는 광산이 발달했다. 맑고 건조한 하늘 덕분에 알마(ALMA) 같은 천문 관측 시설이 들어섰다. 드물게 비가 내리면 메마른 땅 위로 들꽃이 한꺼번에 피어난다.","나미브 사막은 아프리카 남서부 대서양 해안을 따라 앙골라, 나미비아, 남아프리카 공화국에 걸쳐 약 1,600km 뻗은 사막이다. 면적은 약 80,900km²이다. 5,500만~8,000만 년 전부터 건조하거나 반건조한 상태였던 것으로 보여, 세계에서 가장 오래된 사막으로 여겨진다. 차가운 벵겔라 해류 위로 따뜻한 공기가 지나며 짙은 안개가 한 해에 180일 넘게 낀다. 해안 쪽 기온은 한 해 내내 9~20°C로 고르지만 내륙은 기온 차가 크다. 높이 300m에 이르는 모래 언덕이 이어져 있으며, 나미브 모래 바다는 유네스코 세계 유산으로 지정되었다."
사바나 건기는 몇 달이나 계속되나,"사바나는 열대와 아열대 지역에서 건기와 우기가 뚜렷하게 갈리는 곳에 발달하는 초원이다. 풀밭 위에 나무가 드문드문 서 있어, 나무 윗부분의 잎들이 서로 닿지 않고 그 사이로 풀이 자란다. 연 강수량은 약 500~1,270mm인데 비가 한 철에 몰려 내리고, 해마다 5~7개월가량 건기가 이어진다. 아프리카, 오스트레일리아, 남아메리카, 인도 등의 따뜻한 지역에 분포한다. 아프리카 사바나에는 아카시아와 바오바브나무가 자라고 기린, 코끼리, 얼룩말, 영양 같은 큰 동물이 산다. 주기적으로 나는 불은 숲이 초원을 덮지 않게 하는 구실을 한다.","열대 우림은 적도를 중심으로 남북 약 10도 사이에 펼쳐진 숲으로, 아마존 유역, 콩고 분지, 동남아시아에 넓게 자리한다. 월평균 기온이 늘 18°C를 넘고, 연 강수량은 최소 1,680mm이며 보통 1,750~3,000mm에 이른다. 지구 생물 종의 40~75%가 이곳에 사는 것으로 추정될 만큼 생물 다양성이 크다. 숲은 우뚝 솟은 나무들의 돌출층, 나뭇잎이 빽빽한 수관층, 그 아래의 하층, 햇빛이 2% 정도밖에 닿지 않는 지표층으로 나뉜다. 비가 양분을 씻어 내 흙은 척박하고 산성이며, 철과 알루미늄 산화물이 많다.","툰드라는 여름이 짧고 추워 나무가 자라지 못하는 땅으로, 이름은 나무 없는 고지를 뜻하는 사미어에서 왔다. 땅속에는 일 년 내내 녹지 않는 영구 동토층이 있고 강수량이 적다. 가장 따뜻한 달의 평균 기온이 10°C보다 낮은 곳을 가리키며, 위도가 높은 곳뿐 아니라 높은 산 위에도 고산 툰드라가 나타난다. 짧은 여름에는 겉흙만 녹아 이끼, 지의류, 사초, 키 작은 관목이 자란다. 시베리아, 캐나다, 알래스카, 그린란드, 스칸디나비아 북부 등 약 1,160만 km²를 차지하며, 지구 온난화로 영구 동토가 녹으면서 면적이 줄고 있다.","타이가는 러시아어에서 온 이름으로, 북방림 또는 한대 침엽수림이라고도 한다. 전 세계 숲의 약 29%를 차지하는, 땅 위에서 가장 넓은 생물군계이다. 가문비나무, 전나무, 소나무, 잎갈나무 같은 바늘잎나무가 주로 자란다. 시베리아를 비롯한 러시아 전역과 캐나다, 알래스카, 스칸디나비아, 몽골 북부, 홋카이도 북부에 걸쳐 있다. 겨울이 길고 몹시 추우며 계절 사이 기온 차가 커서 연평균 기온이 -5~5°C 정도이다. 흙은 산성이고 양분이 적은 포드졸이다. 말코손바닥사슴, 순록, 불곰, 회색늑대, 스라소니 등이 산다."
싼샤 댐 발전 설비 용량,"양쯔강은 길이 약 6,300km로 아시아에서 가장 길고 세계에서 세 번째로 긴 강이다. 중국에서는 창장(長江)이라 부른다. 칭하이성의 티베트고원에 있는 탕구라산맥에서 발원해 중국 대륙을 가로지른 뒤 상하이 부근에서 동중국해로 들어간다. 유역은 중국 본토 면적의 약 5분의 1에 이르고, 중국 인구의 약 3분의 1이 이 유역에 산다. 후베이성 이창에는 1994년 착공해 2006년 본체가 완공된 싼샤 댐이 있는데, 설비 용량이 22,500MW에 이르러 2012년부터 세계 최대의 발전소가 되었다. 양쯔강돌고래 같은 고유종은 사라질 위기를 맞았다.","나일강은 길이 약 6,650km로 흔히 세계에서 가장 긴 강으로 꼽힌다. 에티오피아, 이집트, 남수단, 수단, 우간다, 콩고 민주 공화국, 탄자니아, 케냐, 르완다 등 아홉 나라에 걸쳐 흐른다. 빅토리아호에서 흘러나온 백나일과 에티오피아 고원의 타나호에서 시작한 청나일이 수단의 하르툼에서 만난다. 이집트를 지나 지중해로 들어가며, 하구에는 넓은 삼각주가 펼쳐진다. 고대 이집트에서는 해마다 강이 넘쳐 기름진 흙을 날라 왔고, 범람 뒤 땅을 다시 나누려고 측량술과 기하학이 발달했다. 1970년 아스완 하이 댐이 완공되면서 나세르호가 생기고 물 흐름이 안정되었다.","아마존강은 남아메리카 대륙을 가로지르는 강으로, 흐르는 물의 양이 세계에서 가장 많다. 평균 유량이 초당 약 20만 m³를 넘어 전 세계 강이 바다로 내보내는 물의 약 20%를 차지한다. 유역 면적도 약 705만 km²로 세계 최대이며 남아메리카 면적의 약 40%에 해당한다. 페루 안데스산맥의 네바도 미스미(5,170m)에서 시작해 대서양으로 흘러든다. 강의 너비 전체를 건너는 다리는 하나도 없다. 1541년 프란시스코 데 오레야나가 유럽인으로는 처음 상류에서 하구까지 배를 타고 내려갔으며, 이때 원정대를 공격한 원주민 여성 전사들을 그리스 신화의 아마존에 빗댄 데서 강 이름이 왔다.","미시시피강은 미국 미네소타주 북부의 이타스카호에서 시작해 남쪽으로 흘러 멕시코만에 이르는 강으로, 길이는 약 3,734km이다. 미네소타, 위스콘신, 아이오와, 일리노이, 미주리, 켄터키, 테네시, 아칸소, 미시시피, 루이지애나 등 10개 주를 지나거나 그 경계를 이룬다. 가장 긴 지류인 미주리강(약 3,767km)과 이어지는 미시시피-미주리 수계는 약 6,270km로 세계에서 네 번째로 긴 하천 계통이다. 이름은 원주민 오지브웨족의 말로 '큰 강'이라는 뜻이다. 해마다 약 5억 톤의 퇴적물을 날라 뉴올리언스 남동쪽에 거대한 삼각주를 만들었다. 미니애폴리스까지 배가 오갈 수 있다."
천둥 치는 연기라는 뜻의 폭포,"빅토리아 폭포는 아프리카 남부의 잠베지강이 잠비아와 짐바브웨의 국경에서 떨어지며 만든 폭포로, 너비는 약 1.7km, 높이는 약 108m이다. 세계에서 손꼽히게 큰 폭포이다. 현지에서는 '천둥 치는 연기'라는 뜻의 모시오아툰야라는 이름으로 부른다. 영어 이름은 스코틀랜드의 탐험가 데이비드 리빙스턴이 영국의 빅토리아 여왕을 기려 붙였다. 1989년 자연 경관과 지질학적 가치를 인정받아 유네스코 세계 자연 유산으로 지정되었으며, 세계 유산 목록에는 두 이름이 함께 올라 있다.","이구아수 폭포는 이구아수강이 아르헨티나와 브라질의 국경을 지나며 만든 폭포로, 너비 약 2.7km에 걸쳐 약 270개의 크고 작은 폭포가 늘어서 있다. 대부분 높이가 64m 안팎이고 가장 높은 곳은 82m이다. 가장 이름난 곳은 '악마의 목구멍'이라 불리는 곳이다. 이름은 원주민 과라니족의 말로 '큰 물'을 뜻한다. 폭포를 둘러싼 국립공원은 아르헨티나 쪽이 1984년, 브라질 쪽이 1986년에 각각 유네스코 세계 유산으로 지정되었다. 세계 7대 자연 경관 가운데 하나로도 뽑혔으며, 걷는 길이나 배, 헬리콥터로 둘러볼 수 있다.","나이아가라 폭포는 미국 뉴욕주와 캐나다 온타리오주의 국경에 있으며, 캐나다 쪽의 호스슈 폭포와 미국 쪽의 아메리칸 폭포, 브라이덜베일 폭포 세 개로 이루어진다. 이리호의 물이 온타리오호로 흘러가는 길목에 있다. 캐나다 쪽 폭포는 높이가 약 53.6m이며, 세 폭포를 합쳐 1분에 약 168,000m³의 물이 떨어진다. 약 1만 년 전 빙하가 녹으면서 생겨났고, 처음에는 지금보다 약 11km 하류의 루이스턴 부근에 있었으나 침식으로 조금씩 상류 쪽으로 물러났다. 1961년 들어선 수력 발전소는 발전기 13대로 약 219만 kW를 만든다. 해마다 약 2천만 명이 찾는다.","앙헬 폭포는 베네수엘라 볼리바르주의 카나이마 국립공원 안에 있으며, 전체 높이 979m로 세계에서 가장 높은 폭포이다. 끊김 없이 한 번에 떨어지는 구간만 807m에 이르고, 너비는 약 150m이다. 거의 수직으로 떨어지는데, 물이 적은 철에는 바닥에 닿기 전에 안개처럼 흩어져 버리기도 한다. 1910년 베네수엘라 탐험가 에르네스토 산체스 라 크루스가 처음 보았다고 전하며, 1933년 11월 18일 광물을 찾아 비행하던 조종사 지미 에인절이 다시 발견해 세상에 널리 알렸다. 폭포 이름도 그의 성에서 왔다."
바게트 유네스코 등재 연도,"바게트는 막대기를 뜻하는 이름처럼 길쭉한 모양의 프랑스 빵이다. 프랑스 규정에 따르면 전통 바게트에는 밀가루, 물, 소금, 효모 네 가지만 넣을 수 있다. 굽기 전에 반죽 겉면에 비스듬히 칼집을 내고 물을 뿌리는데, 칼집은 반죽이 제멋대로 부풀어 터지는 것을 막고 물은 껍질을 바삭하게 만든다. 굵기와 길이에 따라 짧고 통통한 바타르, 가늘고 짧은 피셀 같은 여러 변형이 있다. 2022년 바게트를 만드는 장인의 기술과 문화가 유네스코 인류무형문화유산에 올랐다.","크루아상은 초승달을 뜻하는 프랑스어 이름처럼 반달 모양으로 휘어진 빵이다. 효모를 넣은 반죽 사이에 버터를 넣고 여러 번 접어 밀어 얇은 켜를 겹겹이 만들기 때문에, 구우면 결이 바삭하게 부풀어 오른다. 오스트리아의 초승달 모양 빵 킵펠에서 영향을 받았으며, 1838년 무렵 오스트리아 출신 아우구스트 창이 파리에 빈 식 빵집을 연 뒤 프랑스에 널리 퍼졌다. 19세기 후반에는 프랑스의 아침 식탁에 빠지지 않는 빵이 되었다.","베이글은 가운데에 구멍이 뚫린 고리 모양의 빵이다. 밀가루, 효모, 물, 소금으로 반죽해 모양을 잡은 뒤 끓는 물에 잠깐 데쳤다가 오븐에 굽기 때문에 속이 쫄깃하고 겉이 매끈하다. 기름에 튀기지 않아 도넛보다 지방이 적다. 17세기 초 폴란드 크라쿠프의 유대인 공동체에서 기록이 나타나며, 유대인 이민자들을 따라 뉴욕과 몬트리올 같은 북아메리카 도시로 퍼졌다. 반으로 갈라 크림치즈를 발라 먹는 경우가 많다.","프레첼은 팔짱을 낀 듯 가운데가 꼬인 매듭 모양의 빵으로, 독일어로는 브레첼이라 부른다. 반죽을 굽기 전에 묽은 가성 소다 용액에 잠깐 담갔다 꺼내는데, 이 덕분에 구우면 겉이 짙은 갈색으로 윤이 나고 독특한 풍미가 생긴다. 겉에 굵은 소금을 뿌려 먹는 경우가 많다. 수도사가 기도문을 잘 외운 아이에게 상으로 주었다는 기원 이야기가 전하며, 독일어권에서는 이 매듭 모양이 빵집 간판의 상징으로 쓰인다."
영산강이라는 이름의 유래,"영산강은 전라남도 담양군 병풍산 일대에서 시작해 장성, 광주광역시, 나주를 지나 목포에서 황해로 흘러드는 강이다. 길이는 약 139km, 유역 면적은 약 3,371km²이다. 가장 큰 지류는 황룡강이며, 지석천과 함평천 등도 흘러든다. 강 이름은 나주의 영산포에서 왔는데, 고려 때 이곳에 거두어들인 세곡을 모아 두었다가 뱃길로 도읍까지 실어 날랐다. 담양에서 하구의 둑까지 이르는 본류 구간은 국가 하천으로 관리된다.","한강은 한반도 중부를 흐르는 강으로, 길이는 약 494km, 유역 면적은 약 35,770km²이다. 태백산맥 금대봉 북쪽 비탈의 검룡소에서 시작하는 남한강과, 북쪽에서 내려오는 북한강이 경기도 양평의 양수리(두물머리)에서 만나 하나의 물줄기를 이룬다. 이후 서울을 가로질러 황해로 흘러든다. 서울 구간에만 다리가 32개 놓여 있다. 평균 유량은 초당 약 613m³이다. 삼국 시대에 고구려는 이 강을 아리수, 백제는 욱리하라고 불렀고, 신라는 상류를 이하, 하류를 왕봉하라 했다.","낙동강은 길이 약 510km로 남한에서 가장 긴 강이며, 한반도 전체에서는 압록강과 두만강 다음으로 길다. 유역 면적은 약 23,384km²이다. 강원특별자치도 태백시에서 시작되는데, 예로부터 황지연못이 발원지로 알려져 왔다. 영남 지방을 남북으로 가로질러 부산광역시 사하구 을숙도 부근에서 바다로 나가며, 하구에는 1987년 하굿둑이 완공되었다. 이름은 상주의 옛 이름인 낙양의 동쪽을 흐르는 강이라는 뜻에서 왔다고 한다. 금호강, 남강, 황강, 밀양강 등이 흘러들며, 달성습지와 우포늪 같은 철새 도래지를 끼고 있다.","금강은 길이 약 398km로 한강, 낙동강에 이어 남한에서 세 번째로 큰 강이다. 유역 면적은 약 9,912km²이다. 전북특별자치도 장수군 신무산의 뜬봉샘에서 시작해 공주와 부여를 지나고, 군산과 서천 사이에서 황해로 들어간다. 하구에는 1990년 하굿둑이 완공되었다. 하류 구간은 충청남도와 전북특별자치도의 경계를 이룬다. 공주 부근 구간은 웅진강, 부여 부근 구간은 백마강이라는 이름으로도 불려 왔으며, 곰강이라는 옛 이름은 곰에 얽힌 전설과 관련이 있다."
지구와 반대 방향으로 자전하는 행성,"금성은 태양에서 두 번째로 가까운 행성으로, 크기와 화학 조성이 지구와 비슷해 지구의 자매 행성이라 불린다. 질량은 지구의 약 81.5%이다. 지구와 반대로 동쪽에서 서쪽으로 자전하며, 한 번 자전하는 데 약 243일이 걸려 공전 주기인 224.7일보다 오히려 길다. 대기는 대부분 이산화탄소이고 표면 기압은 지구의 약 95배에 이른다. 두꺼운 대기가 열을 가두는 탓에 표면 온도가 약 460°C까지 올라간다. 하늘을 덮은 구름은 주로 황산 방울로 이루어져 있다. 1960~1970년대 소련의 베네라 계획 탐사선들이 표면에 내려앉아 자료를 보냈다.","수성은 태양에 가장 가까운 행성으로, 태양과의 평균 거리는 약 5,800만 km(0.387AU)이다. 반지름이 약 2,440km로 태양계 행성 가운데 가장 작으며, 목성의 위성 가니메데나 토성의 위성 타이탄보다도 작다. 평균 밀도는 약 5.43g/cm³로 지구 다음으로 높다. 태양을 한 바퀴 도는 데 88일, 한 번 자전하는 데 약 58.6일이 걸린다. 대기가 거의 없어 표면 온도가 약 100K에서 700K 사이로 크게 오르내린다. 거느린 위성은 없다. 1974~1975년 매리너 10호가 처음 가까이 지나며 관측했고, 2004년 발사된 메신저호는 2015년까지 활동했다.","화성은 태양에서 네 번째 행성으로, 표면을 덮은 산화철 먼지 때문에 붉게 보인다. 하루의 길이는 24시간 37분 22초로 지구와 비슷하지만, 태양을 한 바퀴 도는 데는 약 687일이 걸린다. 대기는 매우 얇고 약 96%가 이산화탄소이다. 태양계에서 가장 높은 화산인 올림푸스 산과, 길이 약 4,000km에 깊이가 최대 7km인 매리너스 협곡이 있다. 위성은 포보스와 데이모스 두 개이며, 1877년 아사프 홀이 발견했다. 2021년 2월에는 탐사 로버 퍼서비어런스가 표면에 내려앉았다.","목성은 태양계에서 가장 큰 행성으로, 적도 지름이 약 139,822km이다. 질량은 나머지 행성을 모두 합한 것의 약 2.5배에 이른다. 자전이 매우 빨라 하루가 약 10시간이고, 태양을 한 바퀴 도는 데는 약 11.86년이 걸린다. 표면에 보이는 대적점은 거대한 고기압성 폭풍으로, 1665년 무렵부터 관측된 것으로 알려져 있다. 1610년 갈릴레오 갈릴레이가 이오, 유로파, 가니메데, 칼리스토 네 위성을 찾아냈으며, 이들을 갈릴레이 위성이라 부른다. 탐사선 주노는 2016년 7월 목성 궤도에 도착했다."
미토콘드리아 DNA가 엄마에게서만 오는 이유,"미토콘드리아는 진핵세포 안에서 영양소에 저장된 에너지를 산화적 인산화 과정으로 ATP로 바꾸는 세포 소기관이다. 바깥막과 안쪽막의 이중막으로 싸여 있고, 안쪽막이 안으로 여러 겹 접혀 들어간 주름을 크리스타라 한다. 보통 길이 2~6μm, 지름 약 0.5μm 크기이며, 한 세포에 들어 있는 수는 세포 종류에 따라 다르다. 핵과 별도로 자기만의 DNA를 지니는데, 수정 뒤 정자의 미토콘드리아가 없어지므로 거의 어머니 쪽으로만 물려받는다. 약 20억 년 전 독립 생활을 하던 세균이 다른 세포 안에 들어가 함께 살게 된 데서 비롯했다는 세포 내 공생설로 그 기원을 설명한다.",,,
이구아수 폭포는 폭포 몇 개로 이루어졌나,"이구아수 폭포는 이구아수강이 아르헨티나와 브라질의 국경을 지나며 만든 폭포로, 너비 약 2.7km에 걸쳐 약 270개의 크고 작은 폭포가 늘어서 있다. 대부분 높이가 64m 안팎이고 가장 높은 곳은 82m이다. 가장 이름난 곳은 '악마의 목구멍'이라 불리는 곳이다. 이름은 원주민 과라니족의 말로 '큰 물'을 뜻한다. 폭포를 둘러싼 국립공원은 아르헨티나 쪽이 1984년, 브라질 쪽이 1986년에 각각 유네스코 세계 유산으로 지정되었다. 세계 7대 자연 경관 가운데 하나로도 뽑혔으며, 걷는 길이나 배, 헬리콥터로 둘러볼 수 있다.","엑스선은 파장이 약 0.01~10nm로 자외선보다 훨씬 짧은 전자기파이다. 1895년 11월 8일 독일 물리학자 빌헬름 콘라트 뢴트겐이 음극선관 실험을 하다가 발견했으며, 정체를 알 수 없다는 뜻에서 수학의 미지수 기호 X를 붙였다. 뢴트겐은 이 발견으로 1901년 첫 노벨 물리학상을 받았고, 발견에 특허를 내지 않았다. 같은 해 12월에는 반지를 낀 아내의 손뼈를 찍은 사진을 남겼다. 파장이 짧아 물체를 잘 뚫고 지나가므로 의료용 방사선 촬영과 CT, 공항 보안 검색, 결정 구조 분석 등에 쓰인다.","명왕성은 1930년 2월 18일 클라이드 톰보가 발견한 천체로, 발견 뒤 오랫동안 아홉 번째 행성으로 불렸다. 2006년 8월 24일 국제천문연맹(IAU)이 행성의 정의를 새로 정하면서 왜행성으로 분류가 바뀌었다. 지름은 약 2,372km이고, 태양을 한 바퀴 도는 데 약 248년이 걸린다. 위성은 카론, 닉스, 히드라, 케르베로스, 스틱스 다섯 개이며, 가장 큰 카론은 1978년에 발견되었다. 2015년 7월 14일 뉴허라이즌스호가 가까이 지나가며 표면의 하트 모양 지형을 촬영했다.","산드로 보티첼리는 1445년 무렵 피렌체에서 태어난 초기 르네상스 화가로, 본명은 알레산드로 디 마리아노 필리페피다. 수도사 화가 필리포 리피에게서 그림을 배웠고 메디치 가문의 후원을 받았다. 1482년 무렵 「봄」을, 1486년 무렵 「비너스의 탄생」을 그렸는데, 둘 다 그리스 신화를 소재로 한 작품으로 지금 피렌체 우피치 미술관에 있다. 1482년에는 로마로 불려 가 시스티나 성당 벽면 그림 작업에 참여했다. 말년에는 수도사 사보나롤라의 영향으로 종교화에 몰두했으며 1510년 세상을 떠났다."
지리산 반달가슴곰 복원 사업은 언제 시작했나,"반달가슴곰은 온몸이 검은 털로 덮여 있고 가슴에 반달이나 V자 모양의 흰 털 무늬가 있는 곰이다. 몸길이는 130~190cm이며, 몸무게는 수컷이 110~150kg, 암컷이 65~90kg 정도이다. 풀과 나무 열매, 꿀 같은 먹이를 주로 먹고 겨울에는 겨울잠을 잔다. 냄새와 소리를 잘 알아차리며 한 번에 새끼를 보통 두 마리 낳는다. 한국에서는 1982년 11월 16일 천연기념물 제329호로 지정되었고, 멸종위기 야생생물 Ⅰ급으로 보호받는다. 2004년 지리산에서 개체를 풀어놓는 복원 사업이 시작되었고, 2009년부터는 야생에서 새끼가 태어나기 시작했다.","수달은 강과 하천에 사는 족제비과 동물로, 학명은 Lutra lutra이다. 몸길이는 90~110cm, 꼬리 길이는 37~46cm, 몸무게는 4~10kg이다. 몸은 물의 저항을 줄이는 유선형이고, 촘촘한 털이 물이 스며드는 것을 막아 주며, 발가락 사이에는 물갈퀴가 발달했다. 주로 물고기를 잡아먹고 개구리 같은 양서류나 게 같은 갑각류도 먹으며, 외래종인 배스와 블루길도 사냥한다. 물가의 굴이나 바위틈에 보금자리를 만든다. 한국에서는 1982년 11월 16일 천연기념물 제330호로 지정되었으며, 멸종위기 야생생물 Ⅰ급이다.","산양은 소과에 속하는 동물로, 한국에 사는 종의 학명은 Naemorhedus caudatus이다. 몸길이는 115~130cm, 꼬리는 11~15cm이다. 굵은 다리와 뾰족한 발굽을 지녀 가파른 바위 절벽을 잘 오르내린다. 해발 1,000m가 넘는 높은 산의 침엽수림과 바위 지대에 살며, 한국에서 사는 곳의 남쪽 끝은 울진 일대이다. 2~5마리가 무리를 지어 살고 주로 새벽과 해 질 녘에 움직이며, 지의류와 풀, 진달래 잎 등을 먹는다. 1968년 11월 20일 천연기념물 제217호로 지정되었고, 멸종위기 야생생물 Ⅰ급이다. 1960년대 큰 눈이 내렸을 때 먹이를 찾아 마을로 내려왔다가 많이 잡힌 일이 있다.","황새는 몸이 흰색이고 날개 끝이 검은 큰 물새로, 학명은 Ciconia boyciana이며 목과 윗가슴에 긴 깃털이 나 있다. 1968년 5월 31일 천연기념물 제199호로 지정되었고, 환경부 멸종위기 야생생물 Ⅰ급이며 국제자연보전연맹(IUCN)도 위기종으로 분류한다. 한국에서 번식하던 마지막 야생 황새 부부 가운데 수컷이 1971년 충청북도 음성에서 밀렵꾼의 총에 맞아 죽었고, 남은 암컷도 1994년 사육 시설에서 죽었다. 1996년 복원 연구가 시작되었으며, 2015년 충청남도 예산의 황새공원에서 처음으로 야생에 풀어 주었다. 예산군을 상징하는 새이기도 하다."
럭비 트라이는 몇 점,"럭비 유니언은 한 팀 15명이 타원형 공을 들고 달리거나 차면서 상대 진영 끝 선 너머에 공을 찍어 점수를 내는 경기로, 잉글랜드의 럭비 스쿨에서 비롯되었다. 공을 손으로 앞쪽에 던져 패스할 수 없어 옆이나 뒤로만 넘겨야 한다. 공을 찍는 트라이는 5점, 그 뒤에 차 넣는 컨버전은 2점, 페널티 골과 드롭 골은 각 3점이다. 1900년부터 1924년까지 올림픽에서 열렸다가 빠졌고, 2016년 7인제 경기로 다시 올림픽 종목이 되었다. 4년마다 럭비 월드컵이 열린다.",,,
우리나라 제1호 국립공원은 어디,"지리산 국립공원은 1967년 12월 29일 한국에서 처음으로 지정된 국립공원이다. 면적은 약 483km²이며, 하동, 함양, 산청, 구례, 남원의 다섯 시군에 걸쳐 있다. 최고봉 천왕봉은 높이 1,916.77m로 남한에서 한라산 다음으로 높다. 반야봉(1,732m)과 노고단(1,507m) 같은 봉우리, 칠선계곡, 한신계곡, 뱀사골, 피아골 등 20개 안팎의 계곡이 있다. 화엄사, 쌍계사, 실상사 같은 이름난 절도 품고 있다. 산 이름은 어리석은 사람도 머물면 지혜로워진다는 뜻으로 풀이되기도 한다. 반달가슴곰 보전 사업이 이곳에서 이루어지고 있다.","한국의 국립공원은 1967년 제정된 자연공원법에 따라 지정하고 관리한다. 법이 생긴 그해 12월 29일 지리산이 제1호 국립공원이 되면서 제도가 첫발을 뗐다. 1987년 7월 1일에는 국립공원만 전담해 관리하는 기관이 세워졌는데, 오늘날의 국립공원공단이다. 공원은 산을 중심으로 한 곳이 가장 많고, 다도해해상, 한려해상, 태안해안, 변산반도처럼 바다와 해안을 끼고 있는 곳, 역사 유적을 중심으로 한 곳도 있다. 국립공원을 모두 합한 면적은 국토의 약 6.7%에 해당한다. 2025년 10월 31일에는 부산의 금정산이 새로 국립공원으로 지정되었다.","설악산 국립공원은 1970년 3월 24일 국립공원으로 지정되었으며, 강원특별자치도 속초시, 양양군, 인제군, 고성군에 걸쳐 있다. 최고봉 대청봉은 높이 1,708m로, 설악산은 한라산과 지리산 다음으로 남한에서 세 번째로 높은 산이다. 대청봉을 기준으로 서북쪽 인제 방면을 내설악, 동쪽 속초 방면을 외설악, 남쪽 양양 방면을 남설악이라 부른다. 외설악에는 울산바위, 비선대, 공룡능선이 있다. 1965년 천연기념물로 지정되었고, 1982년에는 유네스코 생물권 보전 지역이 되었다. 추석 무렵 내린 눈이 여름까지 남는다 하여 설악이라는 이름이 붙었다고 한다.","한라산 국립공원은 제주도 한가운데 솟은 한라산 일대를 보호하려고 1970년에 지정되었다. 한라산은 높이 약 1,947m로 남한에서 가장 높은 산이며, 정상에는 화산 분화구에 물이 고인 백록담이 있다. 산자락에서 꼭대기로 오르는 동안 아열대 식물에서 고산 식물까지 기후대에 따라 식생이 층층이 바뀐다. 산 둘레에는 작은 화산체가 약 360개 흩어져 있다. 2002년 유네스코 생물권 보전 지역으로 지정되었고, 2007년 6월 27일에는 '제주 화산섬과 용암 동굴'의 일부로 세계 자연 유산에 올랐다. 유네스코 세계 지질 공원에도 포함되어 있다."
툰드라 지역에 숲이 없는 까닭,"툰드라는 여름이 짧고 추워 나무가 자라지 못하는 땅으로, 이름은 나무 없는 고지를 뜻하는 사미어에서 왔다. 땅속에는 일 년 내내 녹지 않는 영구 동토층이 있고 강수량이 적다. 가장 따뜻한 달의 평균 기온이 10°C보다 낮은 곳을 가리키며, 위도가 높은 곳뿐 아니라 높은 산 위에도 고산 툰드라가 나타난다. 짧은 여름에는 겉흙만 녹아 이끼, 지의류, 사초, 키 작은 관목이 자란다. 시베리아, 캐나다, 알래스카, 그린란드, 스칸디나비아 북부 등 약 1,160만 km²를 차지하며, 지구 온난화로 영구 동토가 녹으면서 면적이 줄고 있다.","열대 우림은 적도를 중심으로 남북 약 10도 사이에 펼쳐진 숲으로, 아마존 유역, 콩고 분지, 동남아시아에 넓게 자리한다. 월평균 기온이 늘 18°C를 넘고, 연 강수량은 최소 1,680mm이며 보통 1,750~3,000mm에 이른다. 지구 생물 종의 40~75%가 이곳에 사는 것으로 추정될 만큼 생물 다양성이 크다. 숲은 우뚝 솟은 나무들의 돌출층, 나뭇잎이 빽빽한 수관층, 그 아래의 하층, 햇빛이 2% 정도밖에 닿지 않는 지표층으로 나뉜다. 비가 양분을 씻어 내 흙은 척박하고 산성이며, 철과 알루미늄 산화물이 많다.","사바나는 열대와 아열대 지역에서 건기와 우기가 뚜렷하게 갈리는 곳에 발달하는 초원이다. 풀밭 위에 나무가 드문드문 서 있어, 나무 윗부분의 잎들이 서로 닿지 않고 그 사이로 풀이 자란다. 연 강수량은 약 500~1,270mm인데 비가 한 철에 몰려 내리고, 해마다 5~7개월가량 건기가 이어진다. 아프리카, 오스트레일리아, 남아메리카, 인도 등의 따뜻한 지역에 분포한다. 아프리카 사바나에는 아카시아와 바오바브나무가 자라고 기린, 코끼리, 얼룩말, 영양 같은 큰 동물이 산다. 주기적으로 나는 불은 숲이 초원을 덮지 않게 하는 구실을 한다.","타이가는 러시아어에서 온 이름으로, 북방림 또는 한대 침엽수림이라고도 한다. 전 세계 숲의 약 29%를 차지하는, 땅 위에서 가장 넓은 생물군계이다. 가문비나무, 전나무, 소나무, 잎갈나무 같은 바늘잎나무가 주로 자란다. 시베리아를 비롯한 러시아 전역과 캐나다, 알래스카, 스칸디나비아, 몽골 북부, 홋카이도 북부에 걸쳐 있다. 겨울이 길고 몹시 추우며 계절 사이 기온 차가 커서 연평균 기온이 -5~5°C 정도이다. 흙은 산성이고 양분이 적은 포드졸이다. 말코손바닥사슴, 순록, 불곰, 회색늑대, 스라소니 등이 산다."
단지동맹에 함께한 동지는 몇 명,"안중근은 1879년 황해도 해주에서 태어난 독립운동가로, 천주교 세례명은 토마스다. 교육으로 나라의 힘을 기르려고 삼흥학교를 세웠고, 1907년 나라 밖으로 나가 의병 활동에 뛰어들었다. 1909년 동지 11명과 함께 왼손 약지를 끊어 독립을 향한 뜻을 맹세했다. 같은 해 10월 26일 하얼빈역에서 한국 통감을 지낸 이토 히로부미를 저격했다. 뤼순 감옥에 갇혀 『동양평화론』을 쓰다가 1910년 3월 26일 사형되었다.","윤봉길은 1908년 충청남도 예산에서 태어난 독립운동가로, 호는 매헌이다. 고향에서 야학을 열어 농촌 계몽에 힘쓰다가 중국으로 건너가 김구가 이끄는 한인애국단에 들어갔다. 1932년 4월 29일 상하이 훙커우 공원에서 열린 일본군의 전승 축하 행사장에 물통 모양 폭탄을 던져, 상하이 파견군 사령관 시라카와 요시노리 등이 숨지고 여러 고관이 다쳤다. 현장에서 붙잡힌 뒤 일본 가나자와로 끌려가 그해 12월 19일 총살되었다.","이봉창은 1900년 서울 용산에서 태어난 독립운동가다. 일본에서 일하며 차별을 겪은 뒤 상하이로 건너가 한인애국단에 가입했다. 1932년 1월 8일 도쿄 사쿠라다몬 부근에서 관병식을 마치고 돌아가던 일왕 히로히토의 행렬을 향해 수류탄을 던졌다. 목표를 이루지는 못했으나 이 일은 한국 독립운동의 뜻을 널리 알리는 계기가 되었다. 그해 10월 10일 도쿄의 이치가야 형무소에서 사형되었고, 광복 뒤인 1946년 유해가 돌아와 효창공원에 묻혔다.",
조의제문 때문에 일어난 사화,"무오사화는 연산군 4년인 1498년에 일어난 조선의 첫 사화다. 『성종실록』을 편찬하던 중, 사관 김일손이 사초에 스승 김종직이 지은 「조의제문」을 실어 둔 사실이 드러난 것이 발단이었다. 유자광과 이극돈 등 훈구 세력은 이 글이 세조가 단종의 왕위를 빼앗은 일을 빗대어 비판했다고 몰아세웠다. 그 결과 김일손은 처형되고, 이미 세상을 떠난 김종직은 무덤이 파헤쳐지는 부관참시를 당했으며, 그의 문집도 불태워졌다.","갑자사화는 1504년 연산군이 생모 폐비 윤씨의 죽음에 관련된 신하들을 벌하면서 벌어진 사화다. 윤씨는 성종 때인 1482년 사약을 받고 죽었는데, 연산군이 즉위한 뒤 그 경위를 알게 되면서 보복이 시작되었다. 윤필상, 이극균 등 여러 대신이 목숨을 잃었고, 이미 죽은 한명회와 정창손 등은 무덤에서 시신이 끌려 나왔다. 화를 입은 사람들 대부분은 1506년 중종반정으로 연산군이 쫓겨난 뒤 명예를 되찾았다.","기묘사화는 중종 14년인 1519년에 조광조를 비롯한 신진 사림이 한꺼번에 조정에서 밀려난 사건이다. 조광조는 추천으로 인재를 뽑는 현량과를 실시하고, 반정 공신 가운데 공이 부풀려진 이들의 공훈을 깎아야 한다고 주장해 훈구 세력의 반발을 샀다. 남곤, 심정, 홍경주 등은 나뭇잎에 '주초위왕'이라는 글자가 새겨졌다는 이야기를 퍼뜨려 조광조가 왕위를 노린다고 모함했다. 조광조는 능주로 귀양을 갔다가 곧 사약을 받았다.","을사사화는 명종이 즉위한 1545년에 일어난 사화다. 어린 명종을 대신해 어머니 문정왕후가 수렴청정을 하자, 그 동생 윤원형이 이끈 소윤이 인종의 외숙 윤임이 이끈 대윤을 몰아냈다. 윤임과 그를 따르던 관료, 선비들이 죽거나 귀양을 갔다. 1547년 양재역 벽서 사건을 빌미로 숙청이 다시 이어졌고, 몇 해에 걸쳐 화를 입은 사람이 100명 가까이에 이르렀다."
열대 우림 흙이 척박한 까닭,"열대 우림은 적도를 중심으로 남북 약 10도 사이에 펼쳐진 숲으로, 아마존 유역, 콩고 분지, 동남아시아에 넓게 자리한다. 월평균 기온이 늘 18°C를 넘고, 연 강수량은 최소 1,680mm이며 보통 1,750~3,000mm에 이른다. 지구 생물 종의 40~75%가 이곳에 사는 것으로 추정될 만큼 생물 다양성이 크다. 숲은 우뚝 솟은 나무들의 돌출층, 나뭇잎이 빽빽한 수관층, 그 아래의 하층, 햇빛이 2% 정도밖에 닿지 않는 지표층으로 나뉜다. 비가 양분을 씻어 내 흙은 척박하고 산성이며, 철과 알루미늄 산화물이 많다.","툰드라는 여름이 짧고 추워 나무가 자라지 못하는 땅으로, 이름은 나무 없는 고지를 뜻하는 사미어에서 왔다. 땅속에는 일 년 내내 녹지 않는 영구 동토층이 있고 강수량이 적다. 가장 따뜻한 달의 평균 기온이 10°C보다 낮은 곳을 가리키며, 위도가 높은 곳뿐 아니라 높은 산 위에도 고산 툰드라가 나타난다. 짧은 여름에는 겉흙만 녹아 이끼, 지의류, 사초, 키 작은 관목이 자란다. 시베리아, 캐나다, 알래스카, 그린란드, 스칸디나비아 북부 등 약 1,160만 km²를 차지하며, 지구 온난화로 영구 동토가 녹으면서 면적이 줄고 있다.","타이가는 러시아어에서 온 이름으로, 북방림 또는 한대 침엽수림이라고도 한다. 전 세계 숲의 약 29%를 차지하는, 땅 위에서 가장 넓은 생물군계이다. 가문비나무, 전나무, 소나무, 잎갈나무 같은 바늘잎나무가 주로 자란다. 시베리아를 비롯한 러시아 전역과 캐나다, 알래스카, 스칸디나비아, 몽골 북부, 홋카이도 북부에 걸쳐 있다. 겨울이 길고 몹시 추우며 계절 사이 기온 차가 커서 연평균 기온이 -5~5°C 정도이다. 흙은 산성이고 양분이 적은 포드졸이다. 말코손바닥사슴, 순록, 불곰, 회색늑대, 스라소니 등이 산다.",
불의 여신 펠레가 산다는 분화구,"킬라우에아산은 미국 하와이주 하와이섬에 있는 순상 화산으로, 높이는 약 1,222m이다. 세계에서 가장 활발하게 분화하는 화산으로 꼽힌다. 1983년 시작된 분화가 오랫동안 이어지며 푸우오오 분화구를 만들고 넓은 용암 대지를 쌓았다. 2018년에는 규모 6.9의 지진과 함께 큰 분화가 일어나 주민 약 2,000명이 대피했다. 정상부의 할레마우마우 분화구는 하와이 전설 속 불의 여신 펠레가 사는 곳으로 전해진다. 폭발보다는 용암이 분수처럼 솟고 흘러내리는 하와이식 분화를 하며, 이웃한 마우나로아산과 함께 하와이 화산 국립공원에 속한다.","후지산은 일본 혼슈 중부의 시즈오카현과 야마나시현 경계에 솟은 산으로, 높이 3,776m로 일본에서 가장 높다. 수만 년 동안 분화가 거듭되며 쌓인 성층 화산이다. 마지막 분화는 1707년의 호에이 대분화이다. 기슭에는 후지 5호라 불리는 호수들이 있고, 맑은 날에는 도쿄에서도 보인다. 예로부터 신앙의 대상이자 예술의 소재였으며, 2013년 '후지산, 신앙의 대상이자 예술의 원천'이라는 이름으로 유네스코 세계 문화유산에 올랐다. 일반 등산은 주로 7~8월에 할 수 있다.","베수비오산은 이탈리아 캄파니아주 나폴리에서 약 6km 떨어진 성층 화산으로, 주봉의 높이는 1,281m이다. 서기 79년의 대분화로 로마 도시 폼페이와 헤르쿨라네움이 화산재와 부석에 묻혔는데, 소 플리니우스가 이 광경을 글로 남겼다. 이처럼 화산재와 가스를 높이 뿜어 올리는 격렬한 분화를 그의 이름을 따 플리니식 분화라 한다. 마지막 분화는 1944년이며 그 뒤로는 잠잠하지만 여전히 활화산으로 분류된다. 20세기에 유럽 본토에서 분화한 유일한 화산이다. 주변에 약 300만 명이 살아 세계에서 가장 위험한 화산 가운데 하나로 꼽힌다.","에트나산은 이탈리아 시칠리아섬 동부, 메시나와 카타니아 사이에 있는 성층 화산으로, 높이는 약 3,350m이다. 유럽에서 가장 높은 활화산이며, 알프스 남쪽 이탈리아에서도 가장 높은 산이다. 지금도 분화가 잦아 2020년 12월에는 용암이 100m 넘게 솟구치고 화산재가 상공 5km까지 올라갔다. 2013년 유네스코 세계 자연 유산으로 지정되었다. 그리스 신화에서는 제우스가 괴물 티폰을 이 산 밑에 가두었다고 하며, 대장장이 신 헤파이스토스의 대장간이 산속 깊은 곳에 있다고도 전한다."
구식 군인들이 밀린 급료 때문에 일으킨 변란,"임오군란은 1882년 한양에서 구식 군대의 군인들이 일으킨 변란이다. 신식 군대인 별기군에 밀려 차별을 받던 구식 군인들은 13개월이나 밀린 급료로 겨와 모래가 섞인 쌀을 받자 분노해 들고일어났다. 이들은 고관들의 집과 일본 공사관을 공격했고, 명성황후는 궁을 빠져나가 지방으로 몸을 피했다. 흥선대원군이 잠시 권력을 되찾았으나, 조선에 들어온 청나라 군대가 그를 붙잡아 톈진으로 데려갔다. 일본과는 제물포 조약을 맺어 배상금을 물고 일본군의 공사관 경비 주둔을 받아들였다.","갑신정변은 1884년 음력 10월 17일 김옥균, 박영효, 서광범, 홍영식, 서재필 등 급진 개화파가 일으킨 정변이다. 우정총국의 개국을 축하하는 잔치가 열린 틈을 타 반대파 대신들을 없애고 새 정부를 꾸렸다. 이들은 청에 대한 사대 관계를 끊고 문벌을 폐지하는 등의 내용을 담은 14개 조 정강을 내놓았다. 그러나 청나라 군대가 개입하고 도움을 약속했던 일본군이 물러나면서 사흘 만에 무너져 삼일천하라 불린다. 주도한 이들 가운데 다수는 일본으로 망명했다.","동학 농민 운동은 1894년 전라도 고부에서 시작된 농민 봉기다. 고부 군수 조병갑이 만석보라는 보를 새로 쌓고 물세를 거두는 등 가혹하게 수탈하자 전봉준이 농민을 이끌고 일어섰다. 농민군은 황토현에서 관군을 처음 크게 이기고 음력 4월 27일 전주성에 들어갔으며, 정부와 전주 화약을 맺은 뒤 전라도 고을마다 집강소를 두어 잘못된 정치를 바로잡으려 했다. 가을에 다시 일어났으나 공주 우금치에서 일본군과 관군에게 크게 졌고, 전봉준은 이듬해 처형되었다.","을미사변은 1895년 양력 10월 8일 일본 공사 미우라 고로가 꾸민 계획에 따라 일본 군인과 낭인들이 경복궁에 들어가 명성황후를 시해한 사건이다. 황후는 궁궐 깊숙한 곳의 건청궁에서 변을 당했다. 사건 뒤 친일 내각이 단발령 같은 개혁을 밀어붙이자, 이에 반발한 유생과 농민이 곳곳에서 을미의병을 일으켰다. 신변에 위협을 느낀 고종은 1896년 2월 러시아 공사관으로 거처를 옮겼다. 일본은 가담자들을 히로시마에서 재판에 넘겼으나 모두 풀어 주었다."
항암제 택솔 원료가 되는 나무,"주목은 늘푸른 바늘잎나무로, 학명은 Taxus cuspidata이다. 이름은 나무껍질과 속살이 붉은빛을 띠어 '붉은 나무'라는 뜻에서 왔다. 매우 느리게 자라고 오래 버텨 '살아 천년, 죽어 천년'이라는 말이 붙었다. 한국 곳곳에 자라지만 특히 해발 700m가 넘는 높은 산에 많아 설악산, 지리산, 제주도, 울릉도 등지에서 볼 수 있다. 8~9월에 익는 열매는 컵처럼 한쪽이 트인 붉은 헛씨껍질이 씨를 감싼 모양이다. 나무에는 탁신이라는 독성 물질이 있어 가축에게 해롭지만, 줄기에서는 항암제 원료인 택솔(파클리탁셀)을 얻는다. 높이는 20m 안팎까지 자란다.","소나무는 한국을 대표하는 늘푸른 바늘잎나무로, 학명은 Pinus densiflora이다. 바늘잎이 두 개씩 한 묶음으로 난다. 높이는 20~35m까지 자라며, 줄기 윗부분의 껍질은 붉은 갈색이고 아래쪽은 회갈색을 띤다. 한국인이 가장 좋아하는 나무를 묻는 조사에서 꾸준히 첫손에 꼽히며, 애국가 가사에도 나온다. 천연기념물로 지정된 나무 가운데 소나무가 약 40건으로 가장 많은데, 보은 속리 정이품송(제103호)이 널리 알려져 있다. 금강송처럼 곧게 자란 좋은 목재는 예로부터 궁궐을 짓는 데 쓰였다. 근래에는 소나무재선충병이 큰 위협이 되고 있다.","은행나무는 은행나무문에서 오늘날까지 살아남은 유일한 종으로, 학명은 Ginkgo biloba이다. 에오세에 번성했던 무리의 후손이어서 살아 있는 화석이라 불린다. 잎은 가운데가 갈라진 부채꼴 모양이다. 암나무와 수나무가 따로 있는 암수딴그루여서 씨앗은 암나무에만 열리며, 씨의 겉껍질에서 고약한 냄새가 난다. 씨에는 독성 물질도 들어 있다. 경기도 양평의 용문사 은행나무는 천연기념물 제30호로, 높이 약 38.8m, 둘레 약 11m에 이르러 국내 은행나무 가운데 가장 높다. 원산지는 중국, 한국, 일본 등 동아시아이다.","느티나무는 느릅나무과의 갈잎큰키나무로, 학명은 Zelkova serrata이다. 높이 20~40m까지 자라고, 다 자란 줄기의 지름은 약 2m에 이른다. 나무껍질은 회백색이며 나이가 들수록 비늘처럼 벗겨진다. 잎은 길이 5~11cm의 달걀꼴이다. 꽃잎이 없는 초록색 꽃이 피고 바람이 꽃가루를 옮긴다. 가지가 넓게 퍼져 그늘이 넓으므로 예로부터 마을 어귀의 정자나무로 많이 심었고, 마을을 지키는 나무로 여겨지기도 했다. 목재는 가구와 목조 건축에 쓰이며, 오래된 나무 여러 그루가 천연기념물로 보호받는다."
표면적이 가장 넓은 민물 호수,"슈피리어호는 북아메리카 오대호 가운데 가장 크며, 면적은 약 82,400km²로 표면적 기준 세계 최대의 민물 호수이다. 북쪽은 캐나다 온타리오주, 남쪽과 서쪽은 미국 미네소타주, 위스콘신주, 미시간주와 맞닿아 있다. 가장 깊은 곳은 406m이고, 담긴 물의 양은 세계 호수 가운데 세 번째로 많다. 오대호 가운데 가장 위쪽에 있어 '위쪽의'라는 뜻의 이름이 붙었다. 호수의 물은 세인트메리스강을 거쳐 휴런호로 빠져나간다. 1975년 폭풍 속에서 화물선 에드먼드 피츠제럴드호가 이 호수에 가라앉았다.","바이칼호는 러시아 시베리아 남부, 이르쿠츠크주와 부랴티야 공화국 사이에 있는 호수이다. 가장 깊은 곳이 1,642m로 세계에서 가장 깊은 호수이다. 물의 양은 약 23,000km³로 지구 전체 민물의 약 20%를 담고 있다. 2,500만~3,000만 년 전에 생겨 지구에서 가장 오래된 호수 가운데 하나로 꼽힌다. 길이는 636km, 너비는 20~80km이다. 셀렝가강을 비롯한 여러 강이 흘러들지만 빠져나가는 물길은 앙가라강이다. 바이칼물범을 비롯해 1,550종이 넘는 동물이 살며, 그 가운데 60% 이상이 이곳에만 사는 고유종이다. 1996년 유네스코 세계 자연 유산으로 지정되었다.","카스피해는 면적 약 371,000km²로 세계에서 가장 넓은 호수이다. 이름에 바다가 붙을 만큼 넓어 흔히 바다처럼 여겨진다. 러시아, 카자흐스탄, 투르크메니스탄, 이란, 아제르바이잔 다섯 나라에 둘러싸여 있다. 수면은 해수면보다 약 28m 낮다. 물에는 소금기가 있지만 염분은 약 1.2%로 보통 바닷물의 3분의 1 정도이다. 유럽에서 가장 긴 강인 볼가강이 얕은 북쪽으로 흘러든다. 가장 깊은 곳은 1,025m이다. 캐비아를 얻는 철갑상어와 풍부한 석유·천연가스 자원으로 이름나 있다.","티티카카호는 남아메리카 안데스산맥의 알티플라노 고원에서 페루와 볼리비아의 국경에 걸친 호수이다. 수면이 해발 약 3,812m에 있어, 큰 배가 다닐 수 있는 호수 가운데 세계에서 가장 높은 곳에 있다고 흔히 일컬어진다. 면적은 약 8,372km², 가장 깊은 곳은 284m, 평균 깊이는 약 135m이다. 물의 양으로는 남아메리카에서 가장 큰 호수이다. 호수에는 섬이 41개 있으며, 원주민이 토토라 갈대를 엮어 만든 떠 있는 인공 섬 우로스가 이름나 있다. 태양의 섬과 달의 섬은 잉카의 창조 신화에 등장한다."
모나리자는 어느 박물관에 있나,"레오나르도 다 빈치는 1452년 피렌체 근처의 작은 마을 빈치에서 태어난 이탈리아 르네상스의 화가이자 과학자다. 피렌체에서 안드레아 델 베로키오의 공방에 들어가 그림을 배웠다. 1495년부터 1498년까지 밀라노의 한 수도원 식당 벽에 「최후의 만찬」을 그렸고, 1503년 무렵부터 「모나리자」를 그리기 시작했는데 이 초상화는 지금 파리 루브르 박물관에 걸려 있다. 사람의 몸, 물의 흐름, 하늘을 나는 기계 등을 연구한 노트를 많이 남겼다. 말년에 프랑스 왕 프랑수아 1세의 초청으로 앙부아즈에 머물다 1519년 세상을 떠났다.","「모나리자」는 피렌체 상인 프란체스코 델 조콘도의 아내 리사 게라르디니를 그린 것으로 알려진 초상화로, 이탈리아에서는 라 조콘다라고 부른다. 포플러 나무판에 유화 물감으로 그렸으며, 윤곽을 연기처럼 부드럽게 흐리는 스푸마토 기법이 두드러진다. 1911년 박물관에서 일하던 이탈리아인이 몰래 들고 나갔다가 2년여 만에 되찾은 사건으로 더욱 유명해졌다. 1797년부터 프랑스 파리의 루브르에서 관람객을 맞고 있으며, 해마다 수많은 사람이 이 그림 앞에 모인다.","미켈란젤로 부오나로티는 1475년 이탈리아 카프레세에서 태어난 조각가이자 화가, 건축가다. 로마 성 베드로 대성전에 있는 「피에타」는 그가 서명을 남긴 유일한 작품으로 알려져 있다. 1501년부터 1504년까지 피렌체에서 높이 5m가 넘는 대리석상 「다비드」를 조각했다. 교황의 주문으로 1508년부터 1512년까지 시스티나 성당의 천장에 천지 창조 이야기를 그렸고, 1535년부터 1541년까지는 같은 성당 제단 벽에 「최후의 심판」을 그렸다. 1564년 로마에서 세상을 떠났다.","라파엘로 산치오는 1483년 이탈리아 우르비노에서 태어난 화가로, 궁정 화가였던 아버지와 페루지노에게서 그림을 배웠다. 교황 율리오 2세의 부름을 받아 바티칸 궁전의 여러 방을 벽화로 꾸몄으며, 그 가운데 1509년부터 1511년 사이에 그린 「아테네 학당」에는 플라톤과 아리스토텔레스를 비롯한 옛 철학자들이 한자리에 모여 있다. 부드럽고 조화로운 성모자 그림으로도 이름났다. 1520년 서른일곱 번째 생일에 세상을 떠나 로마의 판테온에 묻혔다."
볏짚의 고초균으로 띄우는 장,"청국장은 삶은 콩을 볏짚과 함께 따뜻한 곳에 두어 2~3일 만에 띄운 장이다. 볏짚에 붙어 사는 고초균이 콩을 발효시켜 끈적한 실과 특유의 냄새를 만든다. 몇 달씩 익히는 다른 장과 달리 짧은 기간에 만들 수 있는 것이 특징이다. 1715년 무렵 엮인 『산림경제』에 전국장이라는 이름으로 담그는 법이 나온다. 김치, 두부, 돼지고기 등을 넣고 끓인 찌개로 흔히 먹는다. 일본의 낫토와 비슷하지만 낫토는 정해진 한 가지 균으로 발효시킨다.","간장은 콩으로 쑨 메주를 소금물에 담가 우려낸 검붉은 액체 양념이다. 메주를 담가 둔 소금물이 충분히 우러나면 건더기를 건져 내고 남은 물을 달여 만든다. 발효하는 동안 콩 단백질이 분해되며 생기는 물질 때문에 짙은 갈색을 띠며, 소금 농도는 대개 18~20% 정도다. 전통 방식으로 담근 한식간장은 빛깔이 옅고 짠맛이 강해 국간장이라고도 하며, 주로 국의 간을 맞출 때 쓴다. 공장에서 미생물로 발효시킨 양조간장과 산으로 콩을 분해한 산분해간장 등 개량간장도 널리 쓰인다.","된장은 메주를 소금물에 담가 장물을 떠내고 남은 건더기를 따로 모아 다시 숙성시킨 장이다. 한 항아리에서 간장과 된장을 함께 얻는 것이 우리 전통 장 담그기의 특징이다. 『삼국사기』에도 장에 관한 기록이 남아 있어 아주 오래전부터 먹어 온 것으로 본다. 국과 찌개의 맛을 내는 데 주로 쓰이며, 고추장과 양념을 더해 쌈장을 만들기도 한다. 메주를 곱게 빻아 짧은 기간에 익힌 막장처럼 지역마다 담그는 방식이 조금씩 다르다.","고추장은 고춧가루에 찹쌀가루나 멥쌀가루, 엿기름, 메줏가루, 소금 등을 섞어 발효시킨 붉은 장이다. 고추가 들어온 뒤에 생겨난 장으로, 1766년에 나온 『증보산림경제』에 담그는 법이 실려 있다. 엿기름이 곡물의 녹말을 당으로 바꾸어 매운맛 속에 단맛이 어우러진다. 순창은 전통 고추장 산지로 이름이 높다. 비빔밥과 떡볶이, 여러 볶음 요리에 두루 쓰이며, 2010년에는 매운 정도를 다섯 단계로 나누는 기준이 마련되었다."
혈장과 혈청의 차이점,"혈장은 혈액에서 세포 성분을 뺀 액체 부분으로, 혈액 부피의 약 55%를 차지한다. 약 92%가 물이고 약 8%가 단백질이며, 그 밖에 포도당, 무기 염류, 호르몬 등이 녹아 있다. 단백질 가운데 가장 많은 것은 알부민이고, 면역에 관여하는 글로불린과 혈액 응고에 쓰이는 피브리노겐도 들어 있다. 적혈구가 깨질 때 생기는 빌리루빈 때문에 옅은 노란빛을 띤다. 혈장에서 피브리노겐 같은 응고 인자를 뺀 것을 혈청이라 한다. 영양분과 호르몬을 온몸으로 나르며, 얼려 보관한 신선 동결 혈장은 수혈에 쓰인다.","적혈구는 혈액 속에서 산소를 나르는 세포로, 가운데가 오목한 원반 모양이다. 지름은 약 7~8μm, 두께는 평균 약 2.2μm이며, 이런 모양 덕분에 표면적이 넓고 가느다란 모세 혈관도 휘어지며 지나간다. 포유류의 적혈구는 자라는 과정에서 핵을 잃는다. 세포 하나에 헤모글로빈 분자가 약 2억 8천만 개 들어 있는데, 헤모글로빈에 든 철 때문에 피가 붉게 보인다. 골수에서 만들어지며 혈액 1mm³에 남성은 약 500만 개, 여성은 약 450만 개가 있다. 혈관을 도는 기간은 평균 120일이다. 1658년 네덜란드의 얀 스바메르담이 현미경으로 처음 관찰했다.","백혈구는 몸에 들어온 세균이나 이물질을 막아 내는 면역 세포이다. 적혈구와 달리 핵이 있고 크기가 더 크며, 빛깔이 없다. 건강한 어른의 혈액 1L에는 약 45억~110억 개가 들어 있다. 종류별로는 호중구가 약 62%로 가장 많고, 이어 림프구 약 30%, 단핵구 약 5.3%, 호산구 약 2.3%, 호염기구 약 0.4% 순이다. 호중구처럼 병원체를 삼켜 없애는 식세포 작용을 하는 것도 있고, 항체를 만드는 일에 관여하는 것도 있다. 골수와 지라, 림프샘 등에서 만들어진다.","혈소판은 피가 날 때 상처 부위에 모여 피를 멈추게 하는 혈액 성분이다. 골수의 큰 세포인 거핵구의 세포질이 잘게 떨어져 나온 조각이어서 핵이 없고, 크기는 약 0.5~2.5μm로 작다. 거핵구 하나에서 수백에서 수천 개가 만들어진다. 혈액 1L에 약 1,500억~3,700억 개가 있으며, 전체의 약 3분의 1은 지라에 머물러 있다. 섬유소 그물이 생기게 해 핏덩이를 이루도록 돕는다. 약 7~11일 동안 제 기능을 하고 나면 혈류에서 제거된다. 아스피린은 혈소판의 작용을 약하게 하고, 수가 비정상적으로 적은 상태는 혈소판 감소증이라 한다."
10원짜리 동전에 새겨진 탑,"불국사 다보탑은 경주 불국사 대웅전 앞뜰 동쪽에 선 통일신라의 석탑이다. 751년 무렵 불국사를 크게 고쳐 지을 때 함께 세운 것으로 보며, 높이는 약 10.3m다. 십자 모양 기단 위에 팔각의 몸체를 올린 독특한 짜임새여서 몇 층 탑인지 헤아리기 어렵다. 기단 계단에는 본래 돌사자 네 마리가 있었으나 일제강점기인 1925년 무렵 수리 과정에서 세 마리가 사라져 지금은 한 마리만 남았다. 1966년부터 발행된 10원 동전에 그림으로 새겨졌다.","불국사 삼층석탑은 불국사 대웅전 앞뜰 서쪽에 선 통일신라의 탑으로, 석가탑이라고도 부른다. 두 단의 기단 위에 세 층의 몸돌을 올린 단정한 모습으로, 신라 석탑의 전형으로 꼽힌다. 높이는 약 10.75m다. 탑을 쌓던 백제 석공 아사달을 기다리던 아내가 연못에 탑 그림자가 비치지 않자 몸을 던졌다는 전설 때문에 무영탑이라는 이름도 붙었다. 1966년 보수를 위해 해체했을 때 2층 사리 공간에서 현존 최고의 목판 인쇄물로 꼽히는 무구정광대다라니경이 나왔다.","익산 미륵사지 석탑은 백제 무왕 때 세운 미륵사 터에 남은 탑으로, 우리나라에 전하는 석탑 가운데 가장 오래되었다. 나무로 짓던 탑의 짜임새를 돌로 옮겨 놓은 모습이어서 석탑이 처음 생겨나던 무렵의 형태를 보여 준다. 본래 9층이었을 것으로 추정되지만 6층까지만 남아 있다. 일제강점기인 1915년 무너진 부분을 시멘트로 덧발랐으며, 2001년부터 2019년까지 해체와 보수를 거쳐 다시 세웠다. 2009년 해체 도중 나온 사리봉영기를 통해 639년에 세운 것이 밝혀졌다.","부여 정림사지 오층석탑은 백제의 마지막 도읍 사비, 곧 지금의 부여에 있는 정림사 터에 남은 탑이다. 백제 때 세운 석탑 가운데 오늘날까지 전하는 두 기 중 하나로, 높이는 약 8.3m다. 폭이 좁고 긴 몸돌과 얇게 뻗은 지붕돌이 어울려 단아한 느낌을 준다. 660년 백제를 무너뜨린 당나라 장수 소정방이 맨 아래층 몸돌에 자신의 공적을 기리는 글을 새겨, 한때 평제탑이라는 잘못된 이름으로 불렸다. 1962년 국보로 지정되었다."
